week,gameId,teamId,unit,playerName,snaps,unit_snaps,is_qb1,season
0,2024001,2120,offense,Shaq Mason,0,48,False,2024
0,2024001,2120,offense,Stefon Diggs,0,48,False,2024
0,2024001,2120,offense,Laremy Tunsil,0,48,False,2024
0,2024001,2120,offense,Joe Mixon,0,48,False,2024
0,2024001,2120,offense,Dalton Schultz,0,48,False,2024
0,2024001,2120,offense,Tytus Howard,0,48,False,2024
0,2024001,2120,offense,Nico Collins,0,48,False,2024
0,2024001,2120,offense,Kenyon Green,24,48,False,2024
0,2024001,2120,offense,C.J. Stroud,0,48,True,2024
0,2024001,2120,offense,Juice Scruggs,24,48,False,2024
0,2024001,2120,offense,Tank Dell,0,48,False,2024
0,2024001,0810,defense,Kevin Byard,0,48,False,2024
0,2024001,0810,defense,Andrew Billings,0,48,False,2024
0,2024001,0810,defense,DeMarcus Walker,0,48,False,2024
0,2024001,0810,defense,Tremaine Edmunds,0,48,False,2024
0,2024001,0810,defense,Montez Sweat,0,48,False,2024
0,2024001,0810,defense,T.J. Edwards,0,48,False,2024
0,2024001,0810,defense,Jaylon Johnson,0,48,False,2024
0,2024001,0810,defense,Kyler Gordon,0,48,False,2024
0,2024001,0810,defense,Jaquan Brisker,0,48,False,2024
0,2024001,0810,defense,Gervon Dexter Sr.,0,48,False,2024
0,2024001,0810,defense,Terell Smith,13,48,False,2024
0,2024001,0810,offense,Keenan Allen,0,35,False,2024
0,2024001,0810,offense,Gerald Everett,0,35,False,2024
0,2024001,0810,offense,DJ Moore,0,35,False,2024
0,2024001,0810,offense,Coleman Shelton,0,35,False,2024
0,2024001,0810,offense,Nate Davis,0,35,False,2024
0,2024001,0810,offense,D'Andre Swift,0,35,False,2024
0,2024001,0810,offense,Cole Kmet,0,35,False,2024
0,2024001,0810,offense,Teven Jenkins,0,35,False,2024
0,2024001,0810,offense,Braxton Jones,0,35,False,2024
0,2024001,0810,offense,Darnell Wright,0,35,False,2024
0,2024001,0810,offense,Caleb Williams,0,35,True,2024
0,2024001,2120,defense,Jimmie Ward,0,35,False,2024
0,2024001,2120,defense,Mario Edwards,0,35,False,2024
0,2024001,2120,defense,Danielle Hunter,0,35,False,2024
0,2024001,2120,defense,Eric Murray,0,35,False,2024
0,2024001,2120,defense,Foley Fatukasi,0,35,False,2024
0,2024001,2120,defense,Azeez Al-Shaair,0,35,False,2024
0,2024001,2120,defense,Derek Stingley Jr.,0,35,False,2024
0,2024001,2120,defense,Jalen Pitre,0,35,False,2024
0,2024001,2120,defense,Will Anderson Jr.,0,35,False,2024
0,2024001,2120,defense,Henry To'oTo'o,0,35,False,2024
0,2024001,2120,defense,Kamari Lassiter,0,35,False,2024
1,2024002,0750,offense,Adam Thielen,0,47,False,2024
1,2024002,0750,offense,Taylor Moton,0,47,False,2024
1,2024002,0750,offense,Austin Corbett,0,47,False,2024
1,2024002,0750,offense,Diontae Johnson,0,47,False,2024
1,2024002,0750,offense,Robert Hunt,0,47,False,2024
1,2024002,0750,offense,Damien Lewis,0,47,False,2024
1,2024002,0750,offense,Chuba Hubbard,0,47,False,2024
1,2024002,0750,offense,Ikem Ekwonu,0,47,False,2024
1,2024002,0750,offense,Bryce Young,0,47,True,2024
1,2024002,0750,offense,Jonathan Mingo,9,47,False,2024
1,2024002,0750,offense,Ja'Tavion Sanders,19,47,False,2024
1,2024002,3200,defense,Jonathan Jones,0,47,False,2024
1,2024002,3200,defense,Jabrill Peppers,0,47,False,2024
1,2024002,3200,defense,Davon Godchaux,0,47,False,2024
1,2024002,3200,defense,Ja'Whaun Bentley,0,47,False,2024
1,2024002,3200,defense,Daniel Ekuale,7,47,False,2024
1,2024002,3200,defense,Jahlani Tavai,2,47,False,2024
1,2024002,3200,defense,Kyle Dugger,5,47,False,2024
1,2024002,3200,defense,Anfernee Jennings,7,47,False,2024
1,2024002,3200,defense,Marcus Jones,0,47,False,2024
1,2024002,3200,defense,Christian Gonzalez,5,47,False,2024
1,2024002,3200,defense,Keion White,2,47,False,2024
1,2024002,3200,offense,David Andrews,10,62,False,2024
1,2024002,3200,offense,Hunter Henry,0,62,False,2024
1,2024002,3200,offense,Jacoby Brissett,4,62,True,2024
1,2024002,3200,offense,Chukwuma Okorafor,10,62,False,2024
1,2024002,3200,offense,Mike Jordan,33,62,False,2024
1,2024002,3200,offense,K.J. Osborn,4,62,False,2024
1,2024002,3200,offense,Mike Onwenu,10,62,False,2024
1,2024002,3200,offense,Rhamondre Stevenson,4,62,False,2024
1,2024002,3200,offense,Tyquan Thornton,7,62,False,2024
1,2024002,3200,offense,Demario Douglas,0,62,False,2024
1,2024002,3200,offense,Layden Robinson,43,62,False,2024
1,2024002,0750,defense,Jadeveon Clowney,0,62,False,2024
1,2024002,0750,defense,Shaq Thompson,0,62,False,2024
1,2024002,0750,defense,Troy Hill,0,62,False,2024
1,2024002,0750,defense,A'Shawn Robinson,0,62,False,2024
1,2024002,0750,defense,Xavier Woods,0,62,False,2024
1,2024002,0750,defense,Josey Jewell,0,62,False,2024
1,2024002,0750,defense,Mike Jackson,0,62,False,2024
1,2024002,0750,defense,Shy Tuttle,0,62,False,2024
1,2024002,0750,defense,Derrick Brown,0,62,False,2024
1,2024002,0750,defense,Jordan Fuller,0,62,False,2024
1,2024002,0750,defense,Jaycee Horn,0,62,False,2024
1,2024003,3410,offense,Greg Van Roten,0,50,False,2024
1,2024003,3410,offense,Chris Manhertz,6,50,False,2024
1,2024003,3410,offense,Jermaine Eluemunor,0,50,False,2024
1,2024003,3410,offense,Daniel Jones,0,50,True,2024
1,2024003,3410,offense,Devin Singletary,0,50,False,2024
1,2024003,3410,offense,Andrew Thomas,0,50,False,2024
1,2024003,3410,offense,Jon Runyan,0,50,False,2024
1,2024003,3410,offense,Daniel Bellinger,9,50,False,2024
1,2024003,3410,offense,John Michael Schmitz,0,50,False,2024
1,2024003,3410,offense,Malik Nabers,10,50,False,2024
1,2024003,3410,offense,Theo Johnson,10,50,False,2024
1,2024003,1540,defense,Kyle Peko,0,50,False,2024
1,2024003,1540,defense,Alex Anzalone,0,50,False,2024
1,2024003,1540,defense,Carlton Davis,0,50,False,2024
1,2024003,1540,defense,Levi Onwuzurike,0,50,False,2024
1,2024003,1540,defense,Alim McNeill,0,50,False,2024
1,2024003,1540,defense,Derrick Barnes,0,50,False,2024
1,2024003,1540,defense,Aidan Hutchinson,0,50,False,2024
1,2024003,1540,defense,Kerby Joseph,0,50,False,2024
1,2024003,1540,defense,Jack Campbell,0,50,False,2024
1,2024003,1540,defense,Brian Branch,0,50,False,2024
1,2024003,1540,defense,Terrion Arnold,11,50,False,2024
1,2024003,1540,offense,Kevin Zeitler,0,62,False,2024
1,2024003,1540,offense,Jared Goff,0,62,True,2024
1,2024003,1540,offense,Taylor Decker,0,62,False,2024
1,2024003,1540,offense,Graham Glasgow,0,62,False,2024
1,2024003,1540,offense,Frank Ragnow,0,62,False,2024
1,2024003,1540,offense,David Montgomery,0,62,False,2024
1,2024003,1540,offense,Penei Sewell,0,62,False,2024
1,2024003,1540,offense,Amon-Ra St. Brown,0,62,False,2024
1,2024003,1540,offense,Brock Wright,0,62,False,2024
1,2024003,1540,offense,Jameson Williams,0,62,False,2024
1,2024003,1540,offense,Sam LaPorta,0,62,False,2024
1,2024003,3410,defense,Rakeem Nunez-Roches,0,62,False,2024
1,2024003,3410,defense,Brian Burns,0,62,False,2024
1,2024003,3410,defense,Dexter Lawrence,0,62,False,2024
1,2024003,3410,defense,Bobby Okereke,0,62,False,2024
1,2024003,3410,defense,Jason Pinnock,0,62,False,2024
1,2024003,3410,defense,Nick McCloud,0,62,False,2024
1,2024003,3410,defense,Kayvon Thibodeaux,0,62,False,2024
1,2024003,3410,defense,Deonte Banks,11,62,False,2024
1,2024003,3410,defense,Tyler Nubin,17,62,False,2024
1,2024003,3410,defense,Darius Muasau,30,62,False,2024
1,2024003,3410,defense,Elijah Chatman,32,62,False,2024
1,2024004,0200,offense,Kirk Cousins,0,70,True,2024
1,2024004,0200,offense,Jake Matthews,0,70,False,2024
1,2024004,0200,offense,Chris Lindstrom,0,70,False,2024
1,2024004,0200,offense,Kaleb McGary,0,70,False,2024
1,2024004,0200,offense,Darnell Mooney,0,70,False,2024
1,2024004,0200,offense,Charlie Woerner,0,70,False,2024
1,2024004,0200,offense,Kyle Pitts,0,70,False,2024
1,2024004,0200,offense,Drew Dalman,0,70,False,2024
1,2024004,0200,offense,Drake London,0,70,False,2024
1,2024004,0200,offense,Bijan Robinson,0,70,False,2024
1,2024004,0200,offense,Matthew Bergeron,0,70,False,2024
1,2024004,2700,defense,Calais Campbell,0,70,False,2024
1,2024004,2700,defense,Jordan Poyer,0,70,False,2024
1,2024004,2700,defense,Jalen Ramsey,0,70,False,2024
1,2024004,2700,defense,Emmanuel Ogbah,0,70,False,2024
1,2024004,2700,defense,Kendall Fuller,0,70,False,2024
1,2024004,2700,defense,Zach Sieler,0,70,False,2024
1,2024004,2700,defense,David Long,0,70,False,2024
1,2024004,2700,defense,Jordyn Brooks,0,70,False,2024
1,2024004,2700,defense,Jaelan Phillips,0,70,False,2024
1,2024004,2700,defense,Jevon Holland,0,70,False,2024
1,2024004,2700,defense,Kader Kohou,0,70,False,2024
1,2024004,2700,offense,Terron Armstead,0,67,False,2024
1,2024004,2700,offense,Raheem Mostert,0,67,False,2024
1,2024004,2700,offense,Tyreek Hill,0,67,False,2024
1,2024004,2700,offense,Durham Smythe,0,67,False,2024
1,2024004,2700,offense,Tua Tagovailoa,0,67,True,2024
1,2024004,2700,offense,Austin Jackson,0,67,False,2024
1,2024004,2700,offense,Aaron Brewer,0,67,False,2024
1,2024004,2700,offense,Jaylen Waddle,0,67,False,2024
1,2024004,2700,offense,Liam Eichenberg,0,67,False,2024
1,2024004,2700,offense,Robert Jones,0,67,False,2024
1,2024004,2700,offense,Julian Hill,0,67,False,2024
1,2024004,0200,defense,Eddie Goldman,8,67,False,2024
1,2024004,0200,defense,Grady Jarrett,0,67,False,2024
1,2024004,0200,defense,Justin Simmons,0,67,False,2024
1,2024004,0200,defense,David Onyemata,0,67,False,2024
1,2024004,0200,defense,Matthew Judon,0,67,False,2024
1,2024004,0200,defense,Mike Hughes,0,67,False,2024
1,2024004,0200,defense,Jessie Bates,0,67,False,2024
1,2024004,0200,defense,Lorenzo Carter,8,67,False,2024
1,2024004,0200,defense,Kaden Elliss,0,67,False,2024
1,2024004,0200,defense,A.J. Terrell,0,67,False,2024
1,2024004,0200,defense,Nate Landman,0,67,False,2024
1,2024005,3900,offense,MyCole Pruitt,16,53,False,2024
1,2024005,3900,offense,James Daniels,8,53,False,2024
1,2024005,3900,offense,Van Jefferson,13,53,False,2024
1,2024005,3900,offense,Justin Fields,15,53,True,2024
1,2024005,3900,offense,Najee Harris,9,53,False,2024
1,2024005,3900,offense,Dan Moore Jr.,6,53,False,2024
1,2024005,3900,offense,George Pickens,13,53,False,2024
1,2024005,3900,offense,Broderick Jones,39,53,False,2024
1,2024005,3900,offense,Darnell Washington,18,53,False,2024
1,2024005,3900,offense,Spencer Anderson,39,53,False,2024
1,2024005,3900,offense,Zach Frazier,36,53,False,2024
1,2024005,2120,defense,Jimmie Ward,8,53,False,2024
1,2024005,2120,defense,Mario Edwards,14,53,False,2024
1,2024005,2120,defense,Danielle Hunter,6,53,False,2024
1,2024005,2120,defense,Eric Murray,19,53,False,2024
1,2024005,2120,defense,Foley Fatukasi,13,53,False,2024
1,2024005,2120,defense,Azeez Al-Shaair,8,53,False,2024
1,2024005,2120,defense,Derek Stingley Jr.,8,53,False,2024
1,2024005,2120,defense,Jalen Pitre,8,53,False,2024
1,2024005,2120,defense,Will Anderson Jr.,0,53,False,2024
1,2024005,2120,defense,Henry To'oTo'o,8,53,False,2024
1,2024005,2120,defense,Kamari Lassiter,0,53,False,2024
1,2024005,2120,offense,Shaq Mason,0,58,False,2024
1,2024005,2120,offense,Stefon Diggs,6,58,False,2024
1,2024005,2120,offense,Laremy Tunsil,0,58,False,2024
1,2024005,2120,offense,Joe Mixon,0,58,False,2024
1,2024005,2120,offense,Dalton Schultz,9,58,False,2024
1,2024005,2120,offense,Tytus Howard,0,58,False,2024
1,2024005,2120,offense,Nico Collins,6,58,False,2024
1,2024005,2120,offense,Kenyon Green,12,58,False,2024
1,2024005,2120,offense,C.J. Stroud,6,58,True,2024
1,2024005,2120,offense,Juice Scruggs,9,58,False,2024
1,2024005,2120,offense,Tank Dell,4,58,False,2024
1,2024005,3900,defense,Cameron Heyward,0,58,False,2024
1,2024005,3900,defense,Elandon Roberts,9,58,False,2024
1,2024005,3900,defense,T.J. Watt,0,58,False,2024
1,2024005,3900,defense,Larry Ogunjobi,9,58,False,2024
1,2024005,3900,defense,Minkah Fitzpatrick,0,58,False,2024
1,2024005,3900,defense,Donte Jackson,3,58,False,2024
1,2024005,3900,defense,DeShon Elliott,9,58,False,2024
1,2024005,3900,defense,Patrick Queen,0,58,False,2024
1,2024005,3900,defense,Alex Highsmith,0,58,False,2024
1,2024005,3900,defense,Joey Porter Jr.,9,58,False,2024
1,2024005,3900,defense,Keeanu Benton,7,58,False,2024
1,2024006,3700,offense,Lane Johnson,0,76,False,2024
1,2024006,3700,offense,Saquon Barkley,0,76,False,2024
1,2024006,3700,offense,Dallas Goedert,0,76,False,2024
1,2024006,3700,offense,Jordan Mailata,0,76,False,2024
1,2024006,3700,offense,A.J. Brown,0,76,False,2024
1,2024006,3700,offense,Mekhi Becton,8,76,False,2024
1,2024006,3700,offense,Jalen Hurts,0,76,True,2024
1,2024006,3700,offense,DeVonta Smith,0,76,False,2024
1,2024006,3700,offense,Landon Dickerson,0,76,False,2024
1,2024006,3700,offense,Cam Jurgens,0,76,False,2024
1,2024006,3700,offense,Grant Calcaterra,18,76,False,2024
1,2024006,0325,defense,Kyle Van Noy,0,76,False,2024
1,2024006,0325,defense,Marlon Humphrey,0,76,False,2024
1,2024006,0325,defense,Marcus Williams,0,76,False,2024
1,2024006,0325,defense,Roquan Smith,0,76,False,2024
1,2024006,0325,defense,Nnamdi Madubuike,0,76,False,2024
1,2024006,0325,defense,Odafe Oweh,0,76,False,2024
1,2024006,0325,defense,Brandon Stephens,0,76,False,2024
1,2024006,0325,defense,Kyle Hamilton,0,76,False,2024
1,2024006,0325,defense,Travis Jones,16,76,False,2024
1,2024006,0325,defense,Jalyn Armour-Davis,40,76,False,2024
1,2024006,0325,defense,Trenton Simpson,58,76,False,2024
1,2024006,0325,offense,Ronnie Stanley,0,45,False,2024
1,2024006,0325,offense,Derrick Henry,0,45,False,2024
1,2024006,0325,offense,Lamar Jackson,0,45,True,2024
1,2024006,0325,offense,Mark Andrews,0,45,False,2024
1,2024006,0325,offense,Patrick Mekari,10,45,False,2024
1,2024006,0325,offense,Rashod Bateman,0,45,False,2024
1,2024006,0325,offense,Tyler Linderbaum,0,45,False,2024
1,2024006,0325,offense,Daniel Faalele,28,45,False,2024
1,2024006,0325,offense,Isaiah Likely,0,45,False,2024
1,2024006,0325,offense,Zay Flowers,0,45,False,2024
1,2024006,0325,offense,Andrew Vorhees,28,45,False,2024
1,2024006,3700,defense,Darius Slay,0,45,False,2024
1,2024006,3700,defense,Josh Sweat,0,45,False,2024
1,2024006,3700,defense,C.J. Gardner-Johnson,0,45,False,2024
1,2024006,3700,defense,Zack Baun,14,45,False,2024
1,2024006,3700,defense,Bryce Huff,5,45,False,2024
1,2024006,3700,defense,Milton Williams,4,45,False,2024
1,2024006,3700,defense,Jordan Davis,4,45,False,2024
1,2024006,3700,defense,Nakobe Dean,16,45,False,2024
1,2024006,3700,defense,Reed Blankenship,5,45,False,2024
1,2024006,3700,defense,Jalen Carter,5,45,False,2024
1,2024006,3700,defense,Quinyon Mitchell,22,45,False,2024
1,2024007,5110,offense,Zach Ertz,0,66,False,2024
1,2024007,5110,offense,Cornelius Lucas,0,66,False,2024
1,2024007,5110,offense,Andrew Wylie,0,66,False,2024
1,2024007,5110,offense,Terry McLaurin,11,66,False,2024
1,2024007,5110,offense,Nick Allegretti,14,66,False,2024
1,2024007,5110,offense,Olamide Zaccheaus,9,66,False,2024
1,2024007,5110,offense,Tyler Biadasz,14,66,False,2024
1,2024007,5110,offense,Sam Cosmi,11,66,False,2024
1,2024007,5110,offense,John Bates,11,66,False,2024
1,2024007,5110,offense,Brian Robinson,6,66,False,2024
1,2024007,5110,offense,Jayden Daniels,11,66,True,2024
1,2024007,3430,defense,C.J. Mosley,0,66,False,2024
1,2024007,3430,defense,Chuck Clark,0,66,False,2024
1,2024007,3430,defense,D.J. Reed,0,66,False,2024
1,2024007,3430,defense,Quinnen Williams,0,66,False,2024
1,2024007,3430,defense,Quincy Williams,0,66,False,2024
1,2024007,3430,defense,Javon Kinlaw,0,66,False,2024
1,2024007,3430,defense,Jamien Sherwood,0,66,False,2024
1,2024007,3430,defense,Sauce Gardner,0,66,False,2024
1,2024007,3430,defense,Jermaine Johnson II,0,66,False,2024
1,2024007,3430,defense,Micheal Clemons,17,66,False,2024
1,2024007,3430,defense,Tony Adams,0,66,False,2024
1,2024007,3430,offense,Aaron Rodgers,0,52,True,2024
1,2024007,3430,offense,Tyron Smith,0,52,False,2024
1,2024007,3430,offense,Morgan Moses,0,52,False,2024
1,2024007,3430,offense,Tyler Conklin,0,52,False,2024
1,2024007,3430,offense,Allen Lazard,0,52,False,2024
1,2024007,3430,offense,John Simpson,0,52,False,2024
1,2024007,3430,offense,Alijah Vera-Tucker,0,52,False,2024
1,2024007,3430,offense,Garrett Wilson,0,52,False,2024
1,2024007,3430,offense,Breece Hall,0,52,False,2024
1,2024007,3430,offense,Jeremy Ruckert,0,52,False,2024
1,2024007,3430,offense,Joe Tippmann,5,52,False,2024
1,2024007,5110,defense,Bobby Wagner,0,52,False,2024
1,2024007,5110,defense,Jonathan Allen,0,52,False,2024
1,2024007,5110,defense,Daron Payne,0,52,False,2024
1,2024007,5110,defense,Dorance Armstrong,3,52,False,2024
1,2024007,5110,defense,Frankie Luvu,3,52,False,2024
1,2024007,5110,defense,Clelin Ferrell,3,52,False,2024
1,2024007,5110,defense,Jeremy Chinn,5,52,False,2024
1,2024007,5110,defense,Benjamin St-Juste,12,52,False,2024
1,2024007,5110,defense,Emmanuel Forbes,12,52,False,2024
1,2024007,5110,defense,Quan Martin,12,52,False,2024
1,2024007,5110,defense,Mike Sainristil,5,52,False,2024
1,2024008,0810,offense,Keenan Allen,15,51,False,2024
1,2024008,0810,offense,Gerald Everett,12,51,False,2024
1,2024008,0810,offense,DJ Moore,15,51,False,2024
1,2024008,0810,offense,Coleman Shelton,18,51,False,2024
1,2024008,0810,offense,Nate Davis,0,51,False,2024
1,2024008,0810,offense,D'Andre Swift,2,51,False,2024
1,2024008,0810,offense,Cole Kmet,11,51,False,2024
1,2024008,0810,offense,Teven Jenkins,18,51,False,2024
1,2024008,0810,offense,Braxton Jones,18,51,False,2024
1,2024008,0810,offense,Darnell Wright,18,51,False,2024
1,2024008,0810,offense,Caleb Williams,18,51,True,2024
1,2024008,0610,defense,DaQuan Jones,0,51,False,2024
1,2024008,0610,defense,Rasul Douglas,7,51,False,2024
1,2024008,0610,defense,Taron Johnson,7,51,False,2024
1,2024008,0610,defense,Ed Oliver,1,51,False,2024
1,2024008,0610,defense,Taylor Rapp,7,51,False,2024
1,2024008,0610,defense,A.J. Epenesa,15,51,False,2024
1,2024008,0610,defense,Greg Rousseau,5,51,False,2024
1,2024008,0610,defense,Damar Hamlin,18,51,False,2024
1,2024008,0610,defense,Terrel Bernard,7,51,False,2024
1,2024008,0610,defense,Christian Benford,7,51,False,2024
1,2024008,0610,defense,Dorian Williams,27,51,False,2024
1,2024008,0610,offense,Dion Dawkins,20,56,False,2024
1,2024008,0610,offense,Josh Allen,8,56,True,2024
1,2024008,0610,offense,Connor McGovern,20,56,False,2024
1,2024008,0610,offense,Dawson Knox,9,56,False,2024
1,2024008,0610,offense,David Edwards,20,56,False,2024
1,2024008,0610,offense,Spencer Brown,20,56,False,2024
1,2024008,0610,offense,James Cook,12,56,False,2024
1,2024008,0610,offense,Khalil Shakir,7,56,False,2024
1,2024008,0610,offense,Dalton Kincaid,8,56,False,2024
1,2024008,0610,offense,O'Cyrus Torrence,20,56,False,2024
1,2024008,0610,offense,Keon Coleman,20,56,False,2024
1,2024008,0810,defense,Kevin Byard,20,56,False,2024
1,2024008,0810,defense,Andrew Billings,15,56,False,2024
1,2024008,0810,defense,DeMarcus Walker,16,56,False,2024
1,2024008,0810,defense,Tremaine Edmunds,20,56,False,2024
1,2024008,0810,defense,Montez Sweat,0,56,False,2024
1,2024008,0810,defense,T.J. Edwards,20,56,False,2024
1,2024008,0810,defense,Jaylon Johnson,20,56,False,2024
1,2024008,0810,defense,Kyler Gordon,0,56,False,2024
1,2024008,0810,defense,Jaquan Brisker,0,56,False,2024
1,2024008,0810,defense,Gervon Dexter Sr.,17,56,False,2024
1,2024008,0810,defense,Terell Smith,0,56,False,2024
1,2024009,3000,offense,C.J. Ham,6,61,False,2024
1,2024009,3000,offense,Aaron Jones,0,61,False,2024
1,2024009,3000,offense,Sam Darnold,12,61,True,2024
1,2024009,3000,offense,Brian O'Neill,12,61,False,2024
1,2024009,3000,offense,Garrett Bradbury,12,61,False,2024
1,2024009,3000,offense,Josh Oliver,12,61,False,2024
1,2024009,3000,offense,Justin Jefferson,0,61,False,2024
1,2024009,3000,offense,Blake Brandel,12,61,False,2024
1,2024009,3000,offense,Christian Darrisaw,12,61,False,2024
1,2024009,3000,offense,Ed Ingram,18,61,False,2024
1,2024009,3000,offense,Jordan Addison,12,61,False,2024
1,2024009,2520,defense,John Jenkins,8,61,False,2024
1,2024009,2520,defense,Adam Butler,16,61,False,2024
1,2024009,2520,defense,Robert Spillane,18,61,False,2024
1,2024009,2520,defense,Christian Wilkins,12,61,False,2024
1,2024009,2520,defense,Maxx Crosby,12,61,False,2024
1,2024009,2520,defense,Marcus Epps,15,61,False,2024
1,2024009,2520,defense,Tre'von Moehrig,15,61,False,2024
1,2024009,2520,defense,Divine Deablo,18,61,False,2024
1,2024009,2520,defense,Nate Hobbs,15,61,False,2024
1,2024009,2520,defense,Charles Snowden,15,61,False,2024
1,2024009,2520,defense,Jack Jones,18,61,False,2024
1,2024009,2520,offense,Davante Adams,0,61,False,2024
1,2024009,2520,offense,Cody Whitehair,13,61,False,2024
1,2024009,2520,offense,Kolton Miller,0,61,False,2024
1,2024009,2520,offense,Gardner Minshew,21,61,True,2024
1,2024009,2520,offense,Jakobi Meyers,12,61,False,2024
1,2024009,2520,offense,Andre James,13,61,False,2024
1,2024009,2520,offense,Dylan Parham,34,61,False,2024
1,2024009,2520,offense,Zamir White,13,61,False,2024
1,2024009,2520,offense,Thayer Munford Jr.,34,61,False,2024
1,2024009,2520,offense,Michael Mayer,12,61,False,2024
1,2024009,2520,offense,Tre Tucker,32,61,False,2024
1,2024009,3000,defense,Stephon Gilmore,0,61,False,2024
1,2024009,3000,defense,Harrison Smith,0,61,False,2024
1,2024009,3000,defense,Jonathan Bullard,11,61,False,2024
1,2024009,3000,defense,Harrison Phillips,11,61,False,2024
1,2024009,3000,defense,Jerry Tillery,0,61,False,2024
1,2024009,3000,defense,Byron Murphy,13,61,False,2024
1,2024009,3000,defense,Andrew Van Ginkel,0,61,False,2024
1,2024009,3000,defense,Blake Cashman,13,61,False,2024
1,2024009,3000,defense,Jonathan Greenard,0,61,False,2024
1,2024009,3000,defense,Camryn Bynum,13,61,False,2024
1,2024009,3000,defense,Ivan Pace Jr.,19,61,False,2024
1,2024010,1800,offense,Josh Jacobs,3,62,False,2024
1,2024010,1800,offense,Elgton Jenkins,3,62,False,2024
1,2024010,1800,offense,Jordan Love,3,62,True,2024
1,2024010,1800,offense,Josh Myers,3,62,False,2024
1,2024010,1800,offense,Christian Watson,2,62,False,2024
1,2024010,1800,offense,Sean Rhyan,46,62,False,2024
1,2024010,1800,offense,Romeo Doubs,3,62,False,2024
1,2024010,1800,offense,Zach Tom,0,62,False,2024
1,2024010,1800,offense,Rasheed Walker,3,62,False,2024
1,2024010,1800,offense,Luke Musgrave,6,62,False,2024
1,2024010,1800,offense,Tucker Kraft,0,62,False,2024
1,2024010,1050,defense,Jordan Hicks,0,62,False,2024
1,2024010,1050,defense,Za'Darius Smith,0,62,False,2024
1,2024010,1050,defense,Myles Garrett,0,62,False,2024
1,2024010,1050,defense,Dalvin Tomlinson,0,62,False,2024
1,2024010,1050,defense,Denzel Ward,0,62,False,2024
1,2024010,1050,defense,Maurice Hurst,5,62,False,2024
1,2024010,1050,defense,Juan Thornhill,0,62,False,2024
1,2024010,1050,defense,Grant Delpit,9,62,False,2024
1,2024010,1050,defense,Greg Newsome II,0,62,False,2024
1,2024010,1050,defense,Jeremiah Owusu-Koramoah,0,62,False,2024
1,2024010,1050,defense,Martin Emerson,9,62,False,2024
1,2024010,1050,offense,Joel Bitonio,0,53,False,2024
1,2024010,1050,offense,Amari Cooper,0,53,False,2024
1,2024010,1050,offense,Deshaun Watson,0,53,True,2024
1,2024010,1050,offense,David Njoku,0,53,False,2024
1,2024010,1050,offense,Ethan Pocic,7,53,False,2024
1,2024010,1050,offense,Wyatt Teller,7,53,False,2024
1,2024010,1050,offense,Jerry Jeudy,0,53,False,2024
1,2024010,1050,offense,Elijah Moore,0,53,False,2024
1,2024010,1050,offense,James Hudson,7,53,False,2024
1,2024010,1050,offense,Jerome Ford,7,53,False,2024
1,2024010,1050,offense,Dawand Jones,7,53,False,2024
1,2024010,1800,defense,Preston Smith,4,53,False,2024
1,2024010,1800,defense,Kenny Clark,4,53,False,2024
1,2024010,1800,defense,Eric Wilson,20,53,False,2024
1,2024010,1800,defense,Jaire Alexander,0,53,False,2024
1,2024010,1800,defense,Rashan Gary,4,53,False,2024
1,2024010,1800,defense,Xavier McKinney,7,53,False,2024
1,2024010,1800,defense,Eric Stokes,10,53,False,2024
1,2024010,1800,defense,Tedarrell Slaton,11,53,False,2024
1,2024010,1800,defense,Isaiah McDuffie,22,53,False,2024
1,2024010,1800,defense,Quay Walker,7,53,False,2024
1,2024010,1800,defense,Javon Bullard,18,53,False,2024
1,2024011,0920,offense,Trent Brown,0,49,False,2024
1,2024011,0920,offense,Ted Karras,12,49,False,2024
1,2024011,0920,offense,Orlando Brown,12,49,False,2024
1,2024011,0920,offense,Alex Cappa,12,49,False,2024
1,2024011,0920,offense,Drew Sample,7,49,False,2024
1,2024011,0920,offense,Trenton Irwin,10,49,False,2024
1,2024011,0920,offense,Joe Burrow,12,49,True,2024
1,2024011,0920,offense,Zack Moss,0,49,False,2024
1,2024011,0920,offense,Ja'Marr Chase,0,49,False,2024
1,2024011,0920,offense,Cordell Volson,12,49,False,2024
1,2024011,0920,offense,Andrei Iosivas,11,49,False,2024
1,2024011,4900,defense,Lavonte David,0,49,False,2024
1,2024011,4900,defense,William Gholston,9,49,False,2024
1,2024011,4900,defense,Vita Vea,0,49,False,2024
1,2024011,4900,defense,Jordan Whitehead,0,49,False,2024
1,2024011,4900,defense,Jamel Dean,0,49,False,2024
1,2024011,4900,defense,Greg Gaines,12,49,False,2024
1,2024011,4900,defense,Antoine Winfield Jr.,0,49,False,2024
1,2024011,4900,defense,Joe Tryon-Shoyinka,0,49,False,2024
1,2024011,4900,defense,K.J. Britt,12,49,False,2024
1,2024011,4900,defense,Zyon McCollum,0,49,False,2024
1,2024011,4900,defense,Yaya Diaby,0,49,False,2024
1,2024011,4900,offense,Mike Evans,0,69,False,2024
1,2024011,4900,offense,Chris Godwin,0,69,False,2024
1,2024011,4900,offense,Baker Mayfield,0,69,True,2024
1,2024011,4900,offense,Tristan Wirfs,0,69,False,2024
1,2024011,4900,offense,Ben Bredeson,11,69,False,2024
1,2024011,4900,offense,Luke Goedeke,0,69,False,2024
1,2024011,4900,offense,Rachaad White,0,69,False,2024
1,2024011,4900,offense,Cade Otton,0,69,False,2024
1,2024011,4900,offense,Cody Mauch,11,69,False,2024
1,2024011,4900,offense,Graham Barton,17,69,False,2024
1,2024011,4900,offense,Jalen McMillan,10,69,False,2024
1,2024011,0920,defense,Sheldon Rankins,0,69,False,2024
1,2024011,0920,defense,Vonn Bell,3,69,False,2024
1,2024011,0920,defense,Mike Hilton,2,69,False,2024
1,2024011,0920,defense,Trey Hendrickson,0,69,False,2024
1,2024011,0920,defense,B.J. Hill,0,69,False,2024
1,2024011,0920,defense,Sam Hubbard,0,69,False,2024
1,2024011,0920,defense,Germaine Pratt,2,69,False,2024
1,2024011,0920,defense,Logan Wilson,3,69,False,2024
1,2024011,0920,defense,Geno Stone,3,69,False,2024
1,2024011,0920,defense,Daxton Hill,30,69,False,2024
1,2024011,0920,defense,Cam Taylor-Britt,3,69,False,2024
1,2024012,2310,offense,Travis Kelce,6,54,False,2024
1,2024012,2310,offense,Joe Thuney,0,54,False,2024
1,2024012,2310,offense,Patrick Mahomes,6,54,True,2024
1,2024012,2310,offense,JuJu Smith-Schuster,0,54,False,2024
1,2024012,2310,offense,Jawaan Taylor,6,54,False,2024
1,2024012,2310,offense,Creed Humphrey,6,54,False,2024
1,2024012,2310,offense,Trey Smith,6,54,False,2024
1,2024012,2310,offense,Isiah Pacheco,6,54,False,2024
1,2024012,2310,offense,Rashee Rice,6,54,False,2024
1,2024012,2310,offense,Xavier Worthy,5,54,False,2024
1,2024012,2310,offense,Kingsley Suamataia,6,54,False,2024
1,2024012,2250,defense,Ronald Darby,6,54,False,2024
1,2024012,2250,defense,Roy Robertson-Harris,16,54,False,2024
1,2024012,2250,defense,Foye Oluokun,6,54,False,2024
1,2024012,2250,defense,Josh Hines-Allen,5,54,False,2024
1,2024012,2250,defense,Darnell Savage,0,54,False,2024
1,2024012,2250,defense,DaVon Hamilton,5,54,False,2024
1,2024012,2250,defense,Tyson Campbell,0,54,False,2024
1,2024012,2250,defense,Andre Cisco,9,54,False,2024
1,2024012,2250,defense,Travon Walker,5,54,False,2024
1,2024012,2250,defense,Devin Lloyd,9,54,False,2024
1,2024012,2250,defense,Antonio Johnson,25,54,False,2024
1,2024012,2250,offense,Brandon Scherff,8,54,False,2024
1,2024012,2250,offense,Mitch Morse,8,54,False,2024
1,2024012,2250,offense,Evan Engram,5,54,False,2024
1,2024012,2250,offense,Cam Robinson,8,54,False,2024
1,2024012,2250,offense,Christian Kirk,6,54,False,2024
1,2024012,2250,offense,Ezra Cleveland,0,54,False,2024
1,2024012,2250,offense,Gabe Davis,8,54,False,2024
1,2024012,2250,offense,Trevor Lawrence,8,54,True,2024
1,2024012,2250,offense,Travis Etienne,8,54,False,2024
1,2024012,2250,offense,Anton Harrison,0,54,False,2024
1,2024012,2250,offense,Brian Thomas Jr.,12,54,False,2024
1,2024012,2310,defense,Mike Pennel,11,54,False,2024
1,2024012,2310,defense,Chris Jones,0,54,False,2024
1,2024012,2310,defense,Justin Reid,0,54,False,2024
1,2024012,2310,defense,Drue Tranquill,8,54,False,2024
1,2024012,2310,defense,Michael Danna,8,54,False,2024
1,2024012,2310,defense,Nick Bolton,0,54,False,2024
1,2024012,2310,defense,Trent McDuffie,8,54,False,2024
1,2024012,2310,defense,George Karlaftis,8,54,False,2024
1,2024012,2310,defense,Bryan Cook,8,54,False,2024
1,2024012,2310,defense,Leo Chenal,7,54,False,2024
1,2024012,2310,defense,Jaylen Watson,0,54,False,2024
1,2024013,4500,offense,Trent Williams,0,51,False,2024
1,2024013,4500,offense,Kyle Juszczyk,0,51,False,2024
1,2024013,4500,offense,Jake Brendel,0,51,False,2024
1,2024013,4500,offense,George Kittle,0,51,False,2024
1,2024013,4500,offense,Deebo Samuel Sr.,0,51,False,2024
1,2024013,4500,offense,Brandon Aiyuk,0,51,False,2024
1,2024013,4500,offense,Colton McKivitz,11,51,False,2024
1,2024013,4500,offense,Aaron Banks,11,51,False,2024
1,2024013,4500,offense,Brock Purdy,0,51,True,2024
1,2024013,4500,offense,Jordan Mason,11,51,False,2024
1,2024013,4500,offense,Dominick Puni,24,51,False,2024
1,2024013,2100,defense,Quandre Diggs,0,51,False,2024
1,2024013,2100,defense,Chidobe Awuzie,0,51,False,2024
1,2024013,2100,defense,Harold Landry,0,51,False,2024
1,2024013,2100,defense,Arden Key,10,51,False,2024
1,2024013,2100,defense,Sebastian Joseph-Day,11,51,False,2024
1,2024013,2100,defense,Jeffery Simmons,0,51,False,2024
1,2024013,2100,defense,Amani Hooker,11,51,False,2024
1,2024013,2100,defense,"Kenneth Murray, Jr.",11,51,False,2024
1,2024013,2100,defense,L'Jarius Sneed,0,51,False,2024
1,2024013,2100,defense,Jack Gibbens,11,51,False,2024
1,2024013,2100,defense,T'Vondre Sweat,12,51,False,2024
1,2024013,2100,offense,DeAndre Hopkins,0,67,False,2024
1,2024013,2100,offense,Tyler Boyd,11,67,False,2024
1,2024013,2100,offense,Calvin Ridley,9,67,False,2024
1,2024013,2100,offense,Tony Pollard,8,67,False,2024
1,2024013,2100,offense,Lloyd Cushenberry III,14,67,False,2024
1,2024013,2100,offense,Dillon Radunz,14,67,False,2024
1,2024013,2100,offense,Nicholas Petit-Frere,14,67,False,2024
1,2024013,2100,offense,Chig Okonkwo,8,67,False,2024
1,2024013,2100,offense,Peter Skoronski,14,67,False,2024
1,2024013,2100,offense,Will Levis,14,67,True,2024
1,2024013,2100,offense,JC Latham,14,67,False,2024
1,2024013,4500,defense,Leonard Floyd,0,67,False,2024
1,2024013,4500,defense,Maliek Collins,0,67,False,2024
1,2024013,4500,defense,Javon Hargrave,0,67,False,2024
1,2024013,4500,defense,De'Vondre Campbell,0,67,False,2024
1,2024013,4500,defense,Fred Warner,0,67,False,2024
1,2024013,4500,defense,George Odum,14,67,False,2024
1,2024013,4500,defense,Charvarius Ward,0,67,False,2024
1,2024013,4500,defense,Nick Bosa,0,67,False,2024
1,2024013,4500,defense,Demetrius Flannigan-Fowles,0,67,False,2024
1,2024013,4500,defense,Deommodore Lenoir,0,67,False,2024
1,2024013,4500,defense,Ji'Ayir Brown,14,67,False,2024
1,2024014,4400,offense,Will Dissly,5,49,False,2024
1,2024014,4400,offense,Bradley Bozeman,0,49,False,2024
1,2024014,4400,offense,Gus Edwards,0,49,False,2024
1,2024014,4400,offense,Trey Pipkins,6,49,False,2024
1,2024014,4400,offense,Justin Herbert,0,49,True,2024
1,2024014,4400,offense,Rashawn Slater,6,49,False,2024
1,2024014,4400,offense,Josh Palmer,0,49,False,2024
1,2024014,4400,offense,Zion Johnson,6,49,False,2024
1,2024014,4400,offense,Scott Matlock,0,49,False,2024
1,2024014,4400,offense,Joe Alt,19,49,False,2024
1,2024014,4400,offense,Ladd McConkey,0,49,False,2024
1,2024014,4600,defense,Johnathan Hankins,3,49,False,2024
1,2024014,4600,defense,Leonard Williams,6,49,False,2024
1,2024014,4600,defense,Jarran Reed,6,49,False,2024
1,2024014,4600,defense,Rayshawn Jenkins,6,49,False,2024
1,2024014,4600,defense,Jerome Baker,0,49,False,2024
1,2024014,4600,defense,Dre'Mont Jones,0,49,False,2024
1,2024014,4600,defense,Julian Love,6,49,False,2024
1,2024014,4600,defense,Tyrel Dodson,6,49,False,2024
1,2024014,4600,defense,Boye Mafe,17,49,False,2024
1,2024014,4600,defense,Riq Woolen,6,49,False,2024
1,2024014,4600,defense,Devon Witherspoon,6,49,False,2024
1,2024014,4600,offense,Geno Smith,0,76,True,2024
1,2024014,4600,offense,Laken Tomlinson,20,76,False,2024
1,2024014,4600,offense,George Fant,0,76,False,2024
1,2024014,4600,offense,Connor Williams,0,76,False,2024
1,2024014,4600,offense,Noah Fant,0,76,False,2024
1,2024014,4600,offense,DK Metcalf,0,76,False,2024
1,2024014,4600,offense,Laviska Shenault Jr.,17,76,False,2024
1,2024014,4600,offense,Charles Cross,0,76,False,2024
1,2024014,4600,offense,Kenneth Walker III,0,76,False,2024
1,2024014,4600,offense,Jaxon Smith-Njigba,21,76,False,2024
1,2024014,4600,offense,Anthony Bradford,23,76,False,2024
1,2024014,4400,defense,Khalil Mack,0,76,False,2024
1,2024014,4400,defense,Denzel Perryman,0,76,False,2024
1,2024014,4400,defense,Joey Bosa,0,76,False,2024
1,2024014,4400,defense,Derwin James,0,76,False,2024
1,2024014,4400,defense,Poona Ford,5,76,False,2024
1,2024014,4400,defense,Kristian Fulton,6,76,False,2024
1,2024014,4400,defense,Alohi Gilman,6,76,False,2024
1,2024014,4400,defense,Asante Samuel Jr.,6,76,False,2024
1,2024014,4400,defense,Otito Ogbonnia,16,76,False,2024
1,2024014,4400,defense,Ja'Sir Taylor,30,76,False,2024
1,2024014,4400,defense,Daiyan Henley,20,76,False,2024
1,2024015,3300,offense,Derek Carr,9,65,True,2024
1,2024015,3300,offense,Lucas Patrick,22,65,False,2024
1,2024015,3300,offense,Alvin Kamara,6,65,False,2024
1,2024015,3300,offense,Taysom Hill,6,65,False,2024
1,2024015,3300,offense,Erik McCoy,9,65,False,2024
1,2024015,3300,offense,Foster Moreau,9,65,False,2024
1,2024015,3300,offense,Cesar Ruiz,9,65,False,2024
1,2024015,3300,offense,Chris Olave,8,65,False,2024
1,2024015,3300,offense,Trevor Penning,22,65,False,2024
1,2024015,3300,offense,Rashid Shaheed,0,65,False,2024
1,2024015,3300,offense,Taliese Fuaga,22,65,False,2024
1,2024015,3800,defense,Budda Baker,0,65,False,2024
1,2024015,3800,defense,Justin Jones,0,65,False,2024
1,2024015,3800,defense,Kyzir White,0,65,False,2024
1,2024015,3800,defense,L.J. Collier,9,65,False,2024
1,2024015,3800,defense,Sean Murphy-Bunting,0,65,False,2024
1,2024015,3800,defense,Mack Wilson,0,65,False,2024
1,2024015,3800,defense,Jalen Thompson,0,65,False,2024
1,2024015,3800,defense,Zaven Collins,0,65,False,2024
1,2024015,3800,defense,Roy Lopez,14,65,False,2024
1,2024015,3800,defense,Garrett Williams,0,65,False,2024
1,2024015,3800,defense,Starling Thomas V,22,65,False,2024
1,2024015,3800,offense,James Conner,0,64,False,2024
1,2024015,3800,offense,Will Hernandez,0,64,False,2024
1,2024015,3800,offense,Evan Brown,0,64,False,2024
1,2024015,3800,offense,Kyler Murray,0,64,True,2024
1,2024015,3800,offense,Jonah Williams,0,64,False,2024
1,2024015,3800,offense,Hjalte Froholdt,0,64,False,2024
1,2024015,3800,offense,Greg Dortch,0,64,False,2024
1,2024015,3800,offense,Trey McBride,0,64,False,2024
1,2024015,3800,offense,Paris Johnson Jr.,0,64,False,2024
1,2024015,3800,offense,Michael Wilson,0,64,False,2024
1,2024015,3800,offense,Marvin Harrison Jr.,2,64,False,2024
1,2024015,3300,defense,Cameron Jordan,5,64,False,2024
1,2024015,3300,defense,Demario Davis,0,64,False,2024
1,2024015,3300,defense,Tyrann Mathieu,8,64,False,2024
1,2024015,3300,defense,Marshon Lattimore,0,64,False,2024
1,2024015,3300,defense,Nathan Shepherd,7,64,False,2024
1,2024015,3300,defense,Will Harris,26,64,False,2024
1,2024015,3300,defense,Carl Granderson,7,64,False,2024
1,2024015,3300,defense,Pete Werner,0,64,False,2024
1,2024015,3300,defense,Paulson Adebo,0,64,False,2024
1,2024015,3300,defense,Alontae Taylor,8,64,False,2024
1,2024015,3300,defense,Bryan Bresee,21,64,False,2024
1,2024016,2200,offense,Ryan Kelly,7,48,False,2024
1,2024016,2200,offense,Mo Alie-Cox,3,48,False,2024
1,2024016,2200,offense,Quenton Nelson,7,48,False,2024
1,2024016,2200,offense,Braden Smith,7,48,False,2024
1,2024016,2200,offense,Michael Pittman,7,48,False,2024
1,2024016,2200,offense,Jonathan Taylor,7,48,False,2024
1,2024016,2200,offense,Will Fries,7,48,False,2024
1,2024016,2200,offense,Alec Pierce,13,48,False,2024
1,2024016,2200,offense,Bernhard Raimann,7,48,False,2024
1,2024016,2200,offense,Anthony Richardson,7,48,True,2024
1,2024016,2200,offense,Adonai Mitchell,11,48,False,2024
1,2024016,1400,defense,Alex Singleton,19,48,False,2024
1,2024016,1400,defense,D.J. Jones,14,48,False,2024
1,2024016,1400,defense,Zach Allen,0,48,False,2024
1,2024016,1400,defense,Cody Barton,19,48,False,2024
1,2024016,1400,defense,P.J. Locke,19,48,False,2024
1,2024016,1400,defense,Brandon Jones,0,48,False,2024
1,2024016,1400,defense,Pat Surtain II,0,48,False,2024
1,2024016,1400,defense,Baron Browning,11,48,False,2024
1,2024016,1400,defense,Jonathon Cooper,16,48,False,2024
1,2024016,1400,defense,Ja'Quan McMillian,16,48,False,2024
1,2024016,1400,defense,Riley Moss,19,48,False,2024
1,2024016,1400,offense,Garett Bolles,20,78,False,2024
1,2024016,1400,offense,Mike McGlinchey,20,78,False,2024
1,2024016,1400,offense,Ben Powers,20,78,False,2024
1,2024016,1400,offense,Adam Trautman,11,78,False,2024
1,2024016,1400,offense,Javonte Williams,8,78,False,2024
1,2024016,1400,offense,Quinn Meinerz,20,78,False,2024
1,2024016,1400,offense,Greg Dulcich,9,78,False,2024
1,2024016,1400,offense,Luke Wattenberg,20,78,False,2024
1,2024016,1400,offense,Marvin Mims Jr.,17,78,False,2024
1,2024016,1400,offense,Nate Adkins,24,78,False,2024
1,2024016,1400,offense,Bo Nix,37,78,True,2024
1,2024016,2200,defense,DeForest Buckner,0,78,False,2024
1,2024016,2200,defense,Grover Stewart,9,78,False,2024
1,2024016,2200,defense,Kenny Moore II,10,78,False,2024
1,2024016,2200,defense,Tyquan Lewis,10,78,False,2024
1,2024016,2200,defense,Zaire Franklin,10,78,False,2024
1,2024016,2200,defense,E.J. Speed,10,78,False,2024
1,2024016,2200,defense,Julian Blackmon,10,78,False,2024
1,2024016,2200,defense,Kwity Paye,10,78,False,2024
1,2024016,2200,defense,Nick Cross,30,78,False,2024
1,2024016,2200,defense,Julius Brents,0,78,False,2024
1,2024016,2200,defense,Jaylon Jones,10,78,False,2024
1,2024017,2510,offense,Matthew Stafford,0,62,True,2024
1,2024017,2510,offense,Demarcus Robinson,0,62,False,2024
1,2024017,2510,offense,Cooper Kupp,0,62,False,2024
1,2024017,2510,offense,Joe Noteboom,0,62,False,2024
1,2024017,2510,offense,Jonah Jackson,0,62,False,2024
1,2024017,2510,offense,Colby Parkinson,0,62,False,2024
1,2024017,2510,offense,Kevin Dotson,0,62,False,2024
1,2024017,2510,offense,Kyren Williams,0,62,False,2024
1,2024017,2510,offense,Steve Avila,0,62,False,2024
1,2024017,2510,offense,Warren McClendon Jr.,43,62,False,2024
1,2024017,2510,offense,Puka Nacua,0,62,False,2024
1,2024017,1200,defense,Demarcus Lawrence,0,62,False,2024
1,2024017,1200,defense,Eric Kendricks,0,62,False,2024
1,2024017,1200,defense,Malik Hooker,0,62,False,2024
1,2024017,1200,defense,Jourdan Lewis,0,62,False,2024
1,2024017,1200,defense,Donovan Wilson,0,62,False,2024
1,2024017,1200,defense,Trevon Diggs,0,62,False,2024
1,2024017,1200,defense,Micah Parsons,0,62,False,2024
1,2024017,1200,defense,Osa Odighizuwa,0,62,False,2024
1,2024017,1200,defense,Mazi Smith,19,62,False,2024
1,2024017,1200,defense,DeMarvion Overshown,11,62,False,2024
1,2024017,1200,defense,Caelen Carson,36,62,False,2024
1,2024017,1200,offense,Zack Martin,0,67,False,2024
1,2024017,1200,offense,Brandin Cooks,0,67,False,2024
1,2024017,1200,offense,Ezekiel Elliott,0,67,False,2024
1,2024017,1200,offense,Dak Prescott,0,67,True,2024
1,2024017,1200,offense,CeeDee Lamb,0,67,False,2024
1,2024017,1200,offense,Terence Steele,0,67,False,2024
1,2024017,1200,offense,Tyler Smith,0,67,False,2024
1,2024017,1200,offense,Jalen Tolbert,0,67,False,2024
1,2024017,1200,offense,Jake Ferguson,0,67,False,2024
1,2024017,1200,offense,Tyler Guyton,20,67,False,2024
1,2024017,1200,offense,Cooper Beebe,51,67,False,2024
1,2024017,2510,defense,Tre'Davious White,0,67,False,2024
1,2024017,2510,defense,Troy Reeder,0,67,False,2024
1,2024017,2510,defense,Kamren Curl,0,67,False,2024
1,2024017,2510,defense,Christian Rozeboom,0,67,False,2024
1,2024017,2510,defense,Bobby Brown III,0,67,False,2024
1,2024017,2510,defense,Cobie Durant,0,67,False,2024
1,2024017,2510,defense,Quentin Lake,0,67,False,2024
1,2024017,2510,defense,Byron Young,0,67,False,2024
1,2024017,2510,defense,Kobie Turner,0,67,False,2024
1,2024017,2510,defense,Jared Verse,0,67,False,2024
1,2024017,2510,defense,Braden Fiske,0,67,False,2024
2,2024018,3200,offense,David Andrews,14,51,False,2024
2,2024018,3200,offense,Hunter Henry,0,51,False,2024
2,2024018,3200,offense,Jacoby Brissett,14,51,True,2024
2,2024018,3200,offense,Chukwuma Okorafor,21,51,False,2024
2,2024018,3200,offense,Mike Jordan,19,51,False,2024
2,2024018,3200,offense,K.J. Osborn,12,51,False,2024
2,2024018,3200,offense,Mike Onwenu,21,51,False,2024
2,2024018,3200,offense,Rhamondre Stevenson,10,51,False,2024
2,2024018,3200,offense,Tyquan Thornton,8,51,False,2024
2,2024018,3200,offense,Demario Douglas,9,51,False,2024
2,2024018,3200,offense,Layden Robinson,21,51,False,2024
2,2024018,3700,defense,Darius Slay,0,51,False,2024
2,2024018,3700,defense,Josh Sweat,0,51,False,2024
2,2024018,3700,defense,C.J. Gardner-Johnson,0,51,False,2024
2,2024018,3700,defense,Zack Baun,14,51,False,2024
2,2024018,3700,defense,Bryce Huff,10,51,False,2024
2,2024018,3700,defense,Milton Williams,0,51,False,2024
2,2024018,3700,defense,Jordan Davis,0,51,False,2024
2,2024018,3700,defense,Nakobe Dean,25,51,False,2024
2,2024018,3700,defense,Reed Blankenship,0,51,False,2024
2,2024018,3700,defense,Jalen Carter,0,51,False,2024
2,2024018,3700,defense,Quinyon Mitchell,28,51,False,2024
2,2024018,3700,offense,Lane Johnson,0,62,False,2024
2,2024018,3700,offense,Saquon Barkley,0,62,False,2024
2,2024018,3700,offense,Dallas Goedert,0,62,False,2024
2,2024018,3700,offense,Jordan Mailata,0,62,False,2024
2,2024018,3700,offense,A.J. Brown,0,62,False,2024
2,2024018,3700,offense,Mekhi Becton,0,62,False,2024
2,2024018,3700,offense,Jalen Hurts,0,62,True,2024
2,2024018,3700,offense,DeVonta Smith,0,62,False,2024
2,2024018,3700,offense,Landon Dickerson,0,62,False,2024
2,2024018,3700,offense,Cam Jurgens,0,62,False,2024
2,2024018,3700,offense,Grant Calcaterra,0,62,False,2024
2,2024018,3200,defense,Jonathan Jones,0,62,False,2024
2,2024018,3200,defense,Jabrill Peppers,0,62,False,2024
2,2024018,3200,defense,Davon Godchaux,0,62,False,2024
2,2024018,3200,defense,Ja'Whaun Bentley,0,62,False,2024
2,2024018,3200,defense,Daniel Ekuale,12,62,False,2024
2,2024018,3200,defense,Jahlani Tavai,10,62,False,2024
2,2024018,3200,defense,Kyle Dugger,0,62,False,2024
2,2024018,3200,defense,Anfernee Jennings,9,62,False,2024
2,2024018,3200,defense,Marcus Jones,0,62,False,2024
2,2024018,3200,defense,Christian Gonzalez,10,62,False,2024
2,2024018,3200,defense,Keion White,17,62,False,2024
2,2024019,0325,offense,Ronnie Stanley,0,55,False,2024
2,2024019,0325,offense,Derrick Henry,0,55,False,2024
2,2024019,0325,offense,Lamar Jackson,0,55,True,2024
2,2024019,0325,offense,Mark Andrews,0,55,False,2024
2,2024019,0325,offense,Patrick Mekari,7,55,False,2024
2,2024019,0325,offense,Rashod Bateman,0,55,False,2024
2,2024019,0325,offense,Tyler Linderbaum,0,55,False,2024
2,2024019,0325,offense,Daniel Faalele,41,55,False,2024
2,2024019,0325,offense,Isaiah Likely,0,55,False,2024
2,2024019,0325,offense,Zay Flowers,0,55,False,2024
2,2024019,0325,offense,Andrew Vorhees,32,55,False,2024
2,2024019,0200,defense,Eddie Goldman,0,55,False,2024
2,2024019,0200,defense,Grady Jarrett,0,55,False,2024
2,2024019,0200,defense,Justin Simmons,0,55,False,2024
2,2024019,0200,defense,David Onyemata,0,55,False,2024
2,2024019,0200,defense,Matthew Judon,0,55,False,2024
2,2024019,0200,defense,Mike Hughes,0,55,False,2024
2,2024019,0200,defense,Jessie Bates,0,55,False,2024
2,2024019,0200,defense,Lorenzo Carter,0,55,False,2024
2,2024019,0200,defense,Kaden Elliss,0,55,False,2024
2,2024019,0200,defense,A.J. Terrell,0,55,False,2024
2,2024019,0200,defense,Nate Landman,0,55,False,2024
2,2024019,0200,offense,Kirk Cousins,0,63,True,2024
2,2024019,0200,offense,Jake Matthews,0,63,False,2024
2,2024019,0200,offense,Chris Lindstrom,0,63,False,2024
2,2024019,0200,offense,Kaleb McGary,0,63,False,2024
2,2024019,0200,offense,Darnell Mooney,0,63,False,2024
2,2024019,0200,offense,Charlie Woerner,0,63,False,2024
2,2024019,0200,offense,Kyle Pitts,0,63,False,2024
2,2024019,0200,offense,Drew Dalman,0,63,False,2024
2,2024019,0200,offense,Drake London,0,63,False,2024
2,2024019,0200,offense,Bijan Robinson,0,63,False,2024
2,2024019,0200,offense,Matthew Bergeron,0,63,False,2024
2,2024019,0325,defense,Kyle Van Noy,0,63,False,2024
2,2024019,0325,defense,Marlon Humphrey,0,63,False,2024
2,2024019,0325,defense,Marcus Williams,0,63,False,2024
2,2024019,0325,defense,Roquan Smith,0,63,False,2024
2,2024019,0325,defense,Nnamdi Madubuike,0,63,False,2024
2,2024019,0325,defense,Odafe Oweh,0,63,False,2024
2,2024019,0325,defense,Brandon Stephens,0,63,False,2024
2,2024019,0325,defense,Kyle Hamilton,0,63,False,2024
2,2024019,0325,defense,Travis Jones,3,63,False,2024
2,2024019,0325,defense,Jalyn Armour-Davis,14,63,False,2024
2,2024019,0325,defense,Trenton Simpson,25,63,False,2024
2,2024020,0810,offense,Keenan Allen,8,49,False,2024
2,2024020,0810,offense,Gerald Everett,14,49,False,2024
2,2024020,0810,offense,DJ Moore,9,49,False,2024
2,2024020,0810,offense,Coleman Shelton,20,49,False,2024
2,2024020,0810,offense,Nate Davis,20,49,False,2024
2,2024020,0810,offense,D'Andre Swift,0,49,False,2024
2,2024020,0810,offense,Cole Kmet,6,49,False,2024
2,2024020,0810,offense,Teven Jenkins,20,49,False,2024
2,2024020,0810,offense,Braxton Jones,20,49,False,2024
2,2024020,0810,offense,Darnell Wright,20,49,False,2024
2,2024020,0810,offense,Caleb Williams,20,49,True,2024
2,2024020,0920,defense,Sheldon Rankins,0,49,False,2024
2,2024020,0920,defense,Vonn Bell,0,49,False,2024
2,2024020,0920,defense,Mike Hilton,0,49,False,2024
2,2024020,0920,defense,Trey Hendrickson,0,49,False,2024
2,2024020,0920,defense,B.J. Hill,0,49,False,2024
2,2024020,0920,defense,Sam Hubbard,0,49,False,2024
2,2024020,0920,defense,Germaine Pratt,0,49,False,2024
2,2024020,0920,defense,Logan Wilson,0,49,False,2024
2,2024020,0920,defense,Geno Stone,0,49,False,2024
2,2024020,0920,defense,Daxton Hill,6,49,False,2024
2,2024020,0920,defense,Cam Taylor-Britt,0,49,False,2024
2,2024020,0920,offense,Trent Brown,0,56,False,2024
2,2024020,0920,offense,Ted Karras,0,56,False,2024
2,2024020,0920,offense,Orlando Brown,0,56,False,2024
2,2024020,0920,offense,Alex Cappa,0,56,False,2024
2,2024020,0920,offense,Drew Sample,0,56,False,2024
2,2024020,0920,offense,Trenton Irwin,0,56,False,2024
2,2024020,0920,offense,Joe Burrow,0,56,True,2024
2,2024020,0920,offense,Zack Moss,0,56,False,2024
2,2024020,0920,offense,Ja'Marr Chase,0,56,False,2024
2,2024020,0920,offense,Cordell Volson,0,56,False,2024
2,2024020,0920,offense,Andrei Iosivas,0,56,False,2024
2,2024020,0810,defense,Kevin Byard,0,56,False,2024
2,2024020,0810,defense,Andrew Billings,9,56,False,2024
2,2024020,0810,defense,DeMarcus Walker,11,56,False,2024
2,2024020,0810,defense,Tremaine Edmunds,11,56,False,2024
2,2024020,0810,defense,Montez Sweat,11,56,False,2024
2,2024020,0810,defense,T.J. Edwards,11,56,False,2024
2,2024020,0810,defense,Jaylon Johnson,10,56,False,2024
2,2024020,0810,defense,Kyler Gordon,19,56,False,2024
2,2024020,0810,defense,Jaquan Brisker,0,56,False,2024
2,2024020,0810,defense,Gervon Dexter Sr.,11,56,False,2024
2,2024020,0810,defense,Terell Smith,22,56,False,2024
2,2024021,3410,offense,Greg Van Roten,28,57,False,2024
2,2024021,3410,offense,Chris Manhertz,11,57,False,2024
2,2024021,3410,offense,Jermaine Eluemunor,28,57,False,2024
2,2024021,3410,offense,Daniel Jones,28,57,True,2024
2,2024021,3410,offense,Devin Singletary,25,57,False,2024
2,2024021,3410,offense,Andrew Thomas,28,57,False,2024
2,2024021,3410,offense,Jon Runyan,0,57,False,2024
2,2024021,3410,offense,Daniel Bellinger,12,57,False,2024
2,2024021,3410,offense,John Michael Schmitz,10,57,False,2024
2,2024021,3410,offense,Malik Nabers,25,57,False,2024
2,2024021,3410,offense,Theo Johnson,16,57,False,2024
2,2024021,2120,defense,Jimmie Ward,7,57,False,2024
2,2024021,2120,defense,Mario Edwards,18,57,False,2024
2,2024021,2120,defense,Danielle Hunter,0,57,False,2024
2,2024021,2120,defense,Eric Murray,19,57,False,2024
2,2024021,2120,defense,Foley Fatukasi,12,57,False,2024
2,2024021,2120,defense,Azeez Al-Shaair,10,57,False,2024
2,2024021,2120,defense,Derek Stingley Jr.,10,57,False,2024
2,2024021,2120,defense,Jalen Pitre,10,57,False,2024
2,2024021,2120,defense,Will Anderson Jr.,0,57,False,2024
2,2024021,2120,defense,Henry To'oTo'o,10,57,False,2024
2,2024021,2120,defense,Kamari Lassiter,10,57,False,2024
2,2024021,2120,offense,Shaq Mason,15,70,False,2024
2,2024021,2120,offense,Stefon Diggs,11,70,False,2024
2,2024021,2120,offense,Laremy Tunsil,0,70,False,2024
2,2024021,2120,offense,Joe Mixon,0,70,False,2024
2,2024021,2120,offense,Dalton Schultz,11,70,False,2024
2,2024021,2120,offense,Tytus Howard,15,70,False,2024
2,2024021,2120,offense,Nico Collins,13,70,False,2024
2,2024021,2120,offense,Kenyon Green,15,70,False,2024
2,2024021,2120,offense,C.J. Stroud,15,70,True,2024
2,2024021,2120,offense,Juice Scruggs,15,70,False,2024
2,2024021,2120,offense,Tank Dell,8,70,False,2024
2,2024021,3410,defense,Rakeem Nunez-Roches,12,70,False,2024
2,2024021,3410,defense,Brian Burns,17,70,False,2024
2,2024021,3410,defense,Dexter Lawrence,14,70,False,2024
2,2024021,3410,defense,Bobby Okereke,29,70,False,2024
2,2024021,3410,defense,Jason Pinnock,17,70,False,2024
2,2024021,3410,defense,Nick McCloud,17,70,False,2024
2,2024021,3410,defense,Kayvon Thibodeaux,17,70,False,2024
2,2024021,3410,defense,Deonte Banks,17,70,False,2024
2,2024021,3410,defense,Tyler Nubin,17,70,False,2024
2,2024021,3410,defense,Darius Muasau,13,70,False,2024
2,2024021,3410,defense,Elijah Chatman,33,70,False,2024
2,2024022,2310,offense,Travis Kelce,13,53,False,2024
2,2024022,2310,offense,Joe Thuney,0,53,False,2024
2,2024022,2310,offense,Patrick Mahomes,18,53,True,2024
2,2024022,2310,offense,JuJu Smith-Schuster,0,53,False,2024
2,2024022,2310,offense,Jawaan Taylor,0,53,False,2024
2,2024022,2310,offense,Creed Humphrey,18,53,False,2024
2,2024022,2310,offense,Trey Smith,21,53,False,2024
2,2024022,2310,offense,Isiah Pacheco,7,53,False,2024
2,2024022,2310,offense,Rashee Rice,17,53,False,2024
2,2024022,2310,offense,Xavier Worthy,18,53,False,2024
2,2024022,2310,offense,Kingsley Suamataia,24,53,False,2024
2,2024022,1540,defense,Kyle Peko,0,53,False,2024
2,2024022,1540,defense,Alex Anzalone,0,53,False,2024
2,2024022,1540,defense,Carlton Davis,0,53,False,2024
2,2024022,1540,defense,Levi Onwuzurike,0,53,False,2024
2,2024022,1540,defense,Alim McNeill,0,53,False,2024
2,2024022,1540,defense,Derrick Barnes,0,53,False,2024
2,2024022,1540,defense,Aidan Hutchinson,0,53,False,2024
2,2024022,1540,defense,Kerby Joseph,0,53,False,2024
2,2024022,1540,defense,Jack Campbell,0,53,False,2024
2,2024022,1540,defense,Brian Branch,0,53,False,2024
2,2024022,1540,defense,Terrion Arnold,0,53,False,2024
2,2024022,1540,offense,Kevin Zeitler,0,72,False,2024
2,2024022,1540,offense,Jared Goff,0,72,True,2024
2,2024022,1540,offense,Taylor Decker,0,72,False,2024
2,2024022,1540,offense,Graham Glasgow,0,72,False,2024
2,2024022,1540,offense,Frank Ragnow,0,72,False,2024
2,2024022,1540,offense,David Montgomery,0,72,False,2024
2,2024022,1540,offense,Penei Sewell,0,72,False,2024
2,2024022,1540,offense,Amon-Ra St. Brown,0,72,False,2024
2,2024022,1540,offense,Brock Wright,0,72,False,2024
2,2024022,1540,offense,Jameson Williams,0,72,False,2024
2,2024022,1540,offense,Sam LaPorta,0,72,False,2024
2,2024022,2310,defense,Mike Pennel,14,72,False,2024
2,2024022,2310,defense,Chris Jones,0,72,False,2024
2,2024022,2310,defense,Justin Reid,0,72,False,2024
2,2024022,2310,defense,Drue Tranquill,7,72,False,2024
2,2024022,2310,defense,Michael Danna,7,72,False,2024
2,2024022,2310,defense,Nick Bolton,0,72,False,2024
2,2024022,2310,defense,Trent McDuffie,7,72,False,2024
2,2024022,2310,defense,George Karlaftis,7,72,False,2024
2,2024022,2310,defense,Bryan Cook,13,72,False,2024
2,2024022,2310,defense,Leo Chenal,12,72,False,2024
2,2024022,2310,defense,Jaylen Watson,0,72,False,2024
2,2024023,3000,offense,C.J. Ham,0,52,False,2024
2,2024023,3000,offense,Aaron Jones,0,52,False,2024
2,2024023,3000,offense,Sam Darnold,0,52,True,2024
2,2024023,3000,offense,Brian O'Neill,0,52,False,2024
2,2024023,3000,offense,Garrett Bradbury,0,52,False,2024
2,2024023,3000,offense,Josh Oliver,0,52,False,2024
2,2024023,3000,offense,Justin Jefferson,0,52,False,2024
2,2024023,3000,offense,Blake Brandel,0,52,False,2024
2,2024023,3000,offense,Christian Darrisaw,0,52,False,2024
2,2024023,3000,offense,Ed Ingram,19,52,False,2024
2,2024023,3000,offense,Jordan Addison,0,52,False,2024
2,2024023,1050,defense,Jordan Hicks,0,52,False,2024
2,2024023,1050,defense,Za'Darius Smith,0,52,False,2024
2,2024023,1050,defense,Myles Garrett,0,52,False,2024
2,2024023,1050,defense,Dalvin Tomlinson,0,52,False,2024
2,2024023,1050,defense,Denzel Ward,0,52,False,2024
2,2024023,1050,defense,Maurice Hurst,0,52,False,2024
2,2024023,1050,defense,Juan Thornhill,0,52,False,2024
2,2024023,1050,defense,Grant Delpit,0,52,False,2024
2,2024023,1050,defense,Greg Newsome II,0,52,False,2024
2,2024023,1050,defense,Jeremiah Owusu-Koramoah,0,52,False,2024
2,2024023,1050,defense,Martin Emerson,0,52,False,2024
2,2024023,1050,offense,Joel Bitonio,0,57,False,2024
2,2024023,1050,offense,Amari Cooper,0,57,False,2024
2,2024023,1050,offense,Deshaun Watson,0,57,True,2024
2,2024023,1050,offense,David Njoku,0,57,False,2024
2,2024023,1050,offense,Ethan Pocic,0,57,False,2024
2,2024023,1050,offense,Wyatt Teller,0,57,False,2024
2,2024023,1050,offense,Jerry Jeudy,0,57,False,2024
2,2024023,1050,offense,Elijah Moore,0,57,False,2024
2,2024023,1050,offense,James Hudson,18,57,False,2024
2,2024023,1050,offense,Jerome Ford,0,57,False,2024
2,2024023,1050,offense,Dawand Jones,0,57,False,2024
2,2024023,3000,defense,Stephon Gilmore,0,57,False,2024
2,2024023,3000,defense,Harrison Smith,0,57,False,2024
2,2024023,3000,defense,Jonathan Bullard,0,57,False,2024
2,2024023,3000,defense,Harrison Phillips,0,57,False,2024
2,2024023,3000,defense,Jerry Tillery,0,57,False,2024
2,2024023,3000,defense,Byron Murphy,0,57,False,2024
2,2024023,3000,defense,Andrew Van Ginkel,0,57,False,2024
2,2024023,3000,defense,Blake Cashman,0,57,False,2024
2,2024023,3000,defense,Jonathan Greenard,0,57,False,2024
2,2024023,3000,defense,Camryn Bynum,0,57,False,2024
2,2024023,3000,defense,Ivan Pace Jr.,0,57,False,2024
2,2024024,0750,offense,Adam Thielen,0,46,False,2024
2,2024024,0750,offense,Taylor Moton,0,46,False,2024
2,2024024,0750,offense,Austin Corbett,0,46,False,2024
2,2024024,0750,offense,Diontae Johnson,0,46,False,2024
2,2024024,0750,offense,Robert Hunt,0,46,False,2024
2,2024024,0750,offense,Damien Lewis,0,46,False,2024
2,2024024,0750,offense,Chuba Hubbard,0,46,False,2024
2,2024024,0750,offense,Ikem Ekwonu,0,46,False,2024
2,2024024,0750,offense,Bryce Young,0,46,True,2024
2,2024024,0750,offense,Jonathan Mingo,11,46,False,2024
2,2024024,0750,offense,Ja'Tavion Sanders,15,46,False,2024
2,2024024,3430,defense,C.J. Mosley,0,46,False,2024
2,2024024,3430,defense,Chuck Clark,0,46,False,2024
2,2024024,3430,defense,D.J. Reed,0,46,False,2024
2,2024024,3430,defense,Quinnen Williams,0,46,False,2024
2,2024024,3430,defense,Quincy Williams,0,46,False,2024
2,2024024,3430,defense,Javon Kinlaw,0,46,False,2024
2,2024024,3430,defense,Jamien Sherwood,0,46,False,2024
2,2024024,3430,defense,Sauce Gardner,0,46,False,2024
2,2024024,3430,defense,Jermaine Johnson II,0,46,False,2024
2,2024024,3430,defense,Micheal Clemons,10,46,False,2024
2,2024024,3430,defense,Tony Adams,0,46,False,2024
2,2024024,3430,offense,Aaron Rodgers,0,55,True,2024
2,2024024,3430,offense,Tyron Smith,0,55,False,2024
2,2024024,3430,offense,Morgan Moses,0,55,False,2024
2,2024024,3430,offense,Tyler Conklin,0,55,False,2024
2,2024024,3430,offense,Allen Lazard,0,55,False,2024
2,2024024,3430,offense,John Simpson,0,55,False,2024
2,2024024,3430,offense,Alijah Vera-Tucker,0,55,False,2024
2,2024024,3430,offense,Garrett Wilson,0,55,False,2024
2,2024024,3430,offense,Breece Hall,0,55,False,2024
2,2024024,3430,offense,Jeremy Ruckert,0,55,False,2024
2,2024024,3430,offense,Joe Tippmann,0,55,False,2024
2,2024024,0750,defense,Jadeveon Clowney,0,55,False,2024
2,2024024,0750,defense,Shaq Thompson,0,55,False,2024
2,2024024,0750,defense,Troy Hill,0,55,False,2024
2,2024024,0750,defense,A'Shawn Robinson,0,55,False,2024
2,2024024,0750,defense,Xavier Woods,0,55,False,2024
2,2024024,0750,defense,Josey Jewell,0,55,False,2024
2,2024024,0750,defense,Mike Jackson,0,55,False,2024
2,2024024,0750,defense,Shy Tuttle,0,55,False,2024
2,2024024,0750,defense,Derrick Brown,0,55,False,2024
2,2024024,0750,defense,Jordan Fuller,0,55,False,2024
2,2024024,0750,defense,Jaycee Horn,0,55,False,2024
2,2024025,3800,offense,James Conner,0,46,False,2024
2,2024025,3800,offense,Will Hernandez,0,46,False,2024
2,2024025,3800,offense,Evan Brown,0,46,False,2024
2,2024025,3800,offense,Kyler Murray,0,46,True,2024
2,2024025,3800,offense,Jonah Williams,0,46,False,2024
2,2024025,3800,offense,Hjalte Froholdt,0,46,False,2024
2,2024025,3800,offense,Greg Dortch,0,46,False,2024
2,2024025,3800,offense,Trey McBride,0,46,False,2024
2,2024025,3800,offense,Paris Johnson Jr.,0,46,False,2024
2,2024025,3800,offense,Michael Wilson,0,46,False,2024
2,2024025,3800,offense,Marvin Harrison Jr.,0,46,False,2024
2,2024025,2200,defense,DeForest Buckner,0,46,False,2024
2,2024025,2200,defense,Grover Stewart,0,46,False,2024
2,2024025,2200,defense,Kenny Moore II,0,46,False,2024
2,2024025,2200,defense,Tyquan Lewis,0,46,False,2024
2,2024025,2200,defense,Zaire Franklin,0,46,False,2024
2,2024025,2200,defense,E.J. Speed,0,46,False,2024
2,2024025,2200,defense,Julian Blackmon,0,46,False,2024
2,2024025,2200,defense,Kwity Paye,0,46,False,2024
2,2024025,2200,defense,Nick Cross,17,46,False,2024
2,2024025,2200,defense,Julius Brents,9,46,False,2024
2,2024025,2200,defense,Jaylon Jones,0,46,False,2024
2,2024025,2200,offense,Ryan Kelly,0,63,False,2024
2,2024025,2200,offense,Mo Alie-Cox,0,63,False,2024
2,2024025,2200,offense,Quenton Nelson,0,63,False,2024
2,2024025,2200,offense,Braden Smith,0,63,False,2024
2,2024025,2200,offense,Michael Pittman,0,63,False,2024
2,2024025,2200,offense,Jonathan Taylor,0,63,False,2024
2,2024025,2200,offense,Will Fries,0,63,False,2024
2,2024025,2200,offense,Alec Pierce,0,63,False,2024
2,2024025,2200,offense,Bernhard Raimann,0,63,False,2024
2,2024025,2200,offense,Anthony Richardson,0,63,True,2024
2,2024025,2200,offense,Adonai Mitchell,0,63,False,2024
2,2024025,3800,defense,Budda Baker,0,63,False,2024
2,2024025,3800,defense,Justin Jones,0,63,False,2024
2,2024025,3800,defense,Kyzir White,0,63,False,2024
2,2024025,3800,defense,L.J. Collier,10,63,False,2024
2,2024025,3800,defense,Sean Murphy-Bunting,0,63,False,2024
2,2024025,3800,defense,Mack Wilson,0,63,False,2024
2,2024025,3800,defense,Jalen Thompson,0,63,False,2024
2,2024025,3800,defense,Zaven Collins,0,63,False,2024
2,2024025,3800,defense,Roy Lopez,0,63,False,2024
2,2024025,3800,defense,Garrett Williams,0,63,False,2024
2,2024025,3800,defense,Starling Thomas V,11,63,False,2024
2,2024026,5110,offense,Zach Ertz,0,69,False,2024
2,2024026,5110,offense,Cornelius Lucas,21,69,False,2024
2,2024026,5110,offense,Andrew Wylie,17,69,False,2024
2,2024026,5110,offense,Terry McLaurin,17,69,False,2024
2,2024026,5110,offense,Nick Allegretti,17,69,False,2024
2,2024026,5110,offense,Olamide Zaccheaus,14,69,False,2024
2,2024026,5110,offense,Tyler Biadasz,17,69,False,2024
2,2024026,5110,offense,Sam Cosmi,17,69,False,2024
2,2024026,5110,offense,John Bates,17,69,False,2024
2,2024026,5110,offense,Brian Robinson,10,69,False,2024
2,2024026,5110,offense,Jayden Daniels,17,69,True,2024
2,2024026,2700,defense,Calais Campbell,7,69,False,2024
2,2024026,2700,defense,Jordan Poyer,0,69,False,2024
2,2024026,2700,defense,Jalen Ramsey,0,69,False,2024
2,2024026,2700,defense,Emmanuel Ogbah,6,69,False,2024
2,2024026,2700,defense,Kendall Fuller,17,69,False,2024
2,2024026,2700,defense,Zach Sieler,7,69,False,2024
2,2024026,2700,defense,David Long,11,69,False,2024
2,2024026,2700,defense,Jordyn Brooks,17,69,False,2024
2,2024026,2700,defense,Jaelan Phillips,0,69,False,2024
2,2024026,2700,defense,Jevon Holland,0,69,False,2024
2,2024026,2700,defense,Kader Kohou,28,69,False,2024
2,2024026,2700,offense,Terron Armstead,0,58,False,2024
2,2024026,2700,offense,Raheem Mostert,9,58,False,2024
2,2024026,2700,offense,Tyreek Hill,0,58,False,2024
2,2024026,2700,offense,Durham Smythe,12,58,False,2024
2,2024026,2700,offense,Tua Tagovailoa,11,58,True,2024
2,2024026,2700,offense,Austin Jackson,11,58,False,2024
2,2024026,2700,offense,Aaron Brewer,0,58,False,2024
2,2024026,2700,offense,Jaylen Waddle,0,58,False,2024
2,2024026,2700,offense,Liam Eichenberg,11,58,False,2024
2,2024026,2700,offense,Robert Jones,11,58,False,2024
2,2024026,2700,offense,Julian Hill,12,58,False,2024
2,2024026,5110,defense,Bobby Wagner,0,58,False,2024
2,2024026,5110,defense,Jonathan Allen,0,58,False,2024
2,2024026,5110,defense,Daron Payne,0,58,False,2024
2,2024026,5110,defense,Dorance Armstrong,11,58,False,2024
2,2024026,5110,defense,Frankie Luvu,11,58,False,2024
2,2024026,5110,defense,Clelin Ferrell,0,58,False,2024
2,2024026,5110,defense,Jeremy Chinn,14,58,False,2024
2,2024026,5110,defense,Benjamin St-Juste,11,58,False,2024
2,2024026,5110,defense,Emmanuel Forbes,14,58,False,2024
2,2024026,5110,defense,Quan Martin,14,58,False,2024
2,2024026,5110,defense,Mike Sainristil,14,58,False,2024
2,2024027,3900,offense,MyCole Pruitt,19,54,False,2024
2,2024027,3900,offense,James Daniels,11,54,False,2024
2,2024027,3900,offense,Van Jefferson,16,54,False,2024
2,2024027,3900,offense,Justin Fields,37,54,True,2024
2,2024027,3900,offense,Najee Harris,9,54,False,2024
2,2024027,3900,offense,Dan Moore Jr.,17,54,False,2024
2,2024027,3900,offense,George Pickens,14,54,False,2024
2,2024027,3900,offense,Broderick Jones,26,54,False,2024
2,2024027,3900,offense,Darnell Washington,19,54,False,2024
2,2024027,3900,offense,Spencer Anderson,32,54,False,2024
2,2024027,3900,offense,Zach Frazier,40,54,False,2024
2,2024027,0610,defense,DaQuan Jones,8,54,False,2024
2,2024027,0610,defense,Rasul Douglas,11,54,False,2024
2,2024027,0610,defense,Taron Johnson,8,54,False,2024
2,2024027,0610,defense,Ed Oliver,8,54,False,2024
2,2024027,0610,defense,Taylor Rapp,11,54,False,2024
2,2024027,0610,defense,A.J. Epenesa,14,54,False,2024
2,2024027,0610,defense,Greg Rousseau,8,54,False,2024
2,2024027,0610,defense,Damar Hamlin,0,54,False,2024
2,2024027,0610,defense,Terrel Bernard,0,54,False,2024
2,2024027,0610,defense,Christian Benford,11,54,False,2024
2,2024027,0610,defense,Dorian Williams,20,54,False,2024
2,2024027,0610,offense,Dion Dawkins,14,51,False,2024
2,2024027,0610,offense,Josh Allen,0,51,True,2024
2,2024027,0610,offense,Connor McGovern,14,51,False,2024
2,2024027,0610,offense,Dawson Knox,5,51,False,2024
2,2024027,0610,offense,David Edwards,14,51,False,2024
2,2024027,0610,offense,Spencer Brown,14,51,False,2024
2,2024027,0610,offense,James Cook,13,51,False,2024
2,2024027,0610,offense,Khalil Shakir,9,51,False,2024
2,2024027,0610,offense,Dalton Kincaid,2,51,False,2024
2,2024027,0610,offense,O'Cyrus Torrence,14,51,False,2024
2,2024027,0610,offense,Keon Coleman,27,51,False,2024
2,2024027,3900,defense,Cameron Heyward,0,51,False,2024
2,2024027,3900,defense,Elandon Roberts,4,51,False,2024
2,2024027,3900,defense,T.J. Watt,0,51,False,2024
2,2024027,3900,defense,Larry Ogunjobi,12,51,False,2024
2,2024027,3900,defense,Minkah Fitzpatrick,8,51,False,2024
2,2024027,3900,defense,Donte Jackson,8,51,False,2024
2,2024027,3900,defense,DeShon Elliott,12,51,False,2024
2,2024027,3900,defense,Patrick Queen,13,51,False,2024
2,2024027,3900,defense,Alex Highsmith,0,51,False,2024
2,2024027,3900,defense,Joey Porter Jr.,13,51,False,2024
2,2024027,3900,defense,Keeanu Benton,13,51,False,2024
2,2024028,4600,offense,Geno Smith,0,40,True,2024
2,2024028,4600,offense,Laken Tomlinson,0,40,False,2024
2,2024028,4600,offense,George Fant,0,40,False,2024
2,2024028,4600,offense,Connor Williams,0,40,False,2024
2,2024028,4600,offense,Noah Fant,0,40,False,2024
2,2024028,4600,offense,DK Metcalf,0,40,False,2024
2,2024028,4600,offense,Laviska Shenault Jr.,18,40,False,2024
2,2024028,4600,offense,Charles Cross,0,40,False,2024
2,2024028,4600,offense,Kenneth Walker III,0,40,False,2024
2,2024028,4600,offense,Jaxon Smith-Njigba,0,40,False,2024
2,2024028,4600,offense,Anthony Bradford,26,40,False,2024
2,2024028,2100,defense,Quandre Diggs,0,40,False,2024
2,2024028,2100,defense,Chidobe Awuzie,0,40,False,2024
2,2024028,2100,defense,Harold Landry,0,40,False,2024
2,2024028,2100,defense,Arden Key,0,40,False,2024
2,2024028,2100,defense,Sebastian Joseph-Day,0,40,False,2024
2,2024028,2100,defense,Jeffery Simmons,0,40,False,2024
2,2024028,2100,defense,Amani Hooker,0,40,False,2024
2,2024028,2100,defense,"Kenneth Murray, Jr.",0,40,False,2024
2,2024028,2100,defense,L'Jarius Sneed,0,40,False,2024
2,2024028,2100,defense,Jack Gibbens,0,40,False,2024
2,2024028,2100,defense,T'Vondre Sweat,0,40,False,2024
2,2024028,2100,offense,DeAndre Hopkins,0,65,False,2024
2,2024028,2100,offense,Tyler Boyd,0,65,False,2024
2,2024028,2100,offense,Calvin Ridley,0,65,False,2024
2,2024028,2100,offense,Tony Pollard,0,65,False,2024
2,2024028,2100,offense,Lloyd Cushenberry III,0,65,False,2024
2,2024028,2100,offense,Dillon Radunz,0,65,False,2024
2,2024028,2100,offense,Nicholas Petit-Frere,0,65,False,2024
2,2024028,2100,offense,Chig Okonkwo,0,65,False,2024
2,2024028,2100,offense,Peter Skoronski,0,65,False,2024
2,2024028,2100,offense,Will Levis,0,65,True,2024
2,2024028,2100,offense,JC Latham,0,65,False,2024
2,2024028,4600,defense,Johnathan Hankins,0,65,False,2024
2,2024028,4600,defense,Leonard Williams,0,65,False,2024
2,2024028,4600,defense,Jarran Reed,0,65,False,2024
2,2024028,4600,defense,Rayshawn Jenkins,0,65,False,2024
2,2024028,4600,defense,Jerome Baker,0,65,False,2024
2,2024028,4600,defense,Dre'Mont Jones,0,65,False,2024
2,2024028,4600,defense,Julian Love,0,65,False,2024
2,2024028,4600,defense,Tyrel Dodson,0,65,False,2024
2,2024028,4600,defense,Boye Mafe,6,65,False,2024
2,2024028,4600,defense,Riq Woolen,0,65,False,2024
2,2024028,4600,defense,Devon Witherspoon,0,65,False,2024
2,2024029,2510,offense,Matthew Stafford,0,60,True,2024
2,2024029,2510,offense,Demarcus Robinson,0,60,False,2024
2,2024029,2510,offense,Cooper Kupp,0,60,False,2024
2,2024029,2510,offense,Joe Noteboom,0,60,False,2024
2,2024029,2510,offense,Jonah Jackson,0,60,False,2024
2,2024029,2510,offense,Colby Parkinson,0,60,False,2024
2,2024029,2510,offense,Kevin Dotson,0,60,False,2024
2,2024029,2510,offense,Kyren Williams,0,60,False,2024
2,2024029,2510,offense,Steve Avila,0,60,False,2024
2,2024029,2510,offense,Warren McClendon Jr.,32,60,False,2024
2,2024029,2510,offense,Puka Nacua,0,60,False,2024
2,2024029,4400,defense,Khalil Mack,0,60,False,2024
2,2024029,4400,defense,Denzel Perryman,10,60,False,2024
2,2024029,4400,defense,Joey Bosa,0,60,False,2024
2,2024029,4400,defense,Derwin James,0,60,False,2024
2,2024029,4400,defense,Poona Ford,7,60,False,2024
2,2024029,4400,defense,Kristian Fulton,10,60,False,2024
2,2024029,4400,defense,Alohi Gilman,10,60,False,2024
2,2024029,4400,defense,Asante Samuel Jr.,10,60,False,2024
2,2024029,4400,defense,Otito Ogbonnia,20,60,False,2024
2,2024029,4400,defense,Ja'Sir Taylor,17,60,False,2024
2,2024029,4400,defense,Daiyan Henley,24,60,False,2024
2,2024029,4400,offense,Will Dissly,8,59,False,2024
2,2024029,4400,offense,Bradley Bozeman,0,59,False,2024
2,2024029,4400,offense,Gus Edwards,0,59,False,2024
2,2024029,4400,offense,Trey Pipkins,10,59,False,2024
2,2024029,4400,offense,Justin Herbert,0,59,True,2024
2,2024029,4400,offense,Rashawn Slater,10,59,False,2024
2,2024029,4400,offense,Josh Palmer,8,59,False,2024
2,2024029,4400,offense,Zion Johnson,10,59,False,2024
2,2024029,4400,offense,Scott Matlock,1,59,False,2024
2,2024029,4400,offense,Joe Alt,30,59,False,2024
2,2024029,4400,offense,Ladd McConkey,15,59,False,2024
2,2024029,2510,defense,Tre'Davious White,0,59,False,2024
2,2024029,2510,defense,Troy Reeder,0,59,False,2024
2,2024029,2510,defense,Kamren Curl,0,59,False,2024
2,2024029,2510,defense,Christian Rozeboom,0,59,False,2024
2,2024029,2510,defense,Bobby Brown III,0,59,False,2024
2,2024029,2510,defense,Cobie Durant,0,59,False,2024
2,2024029,2510,defense,Quentin Lake,0,59,False,2024
2,2024029,2510,defense,Byron Young,0,59,False,2024
2,2024029,2510,defense,Kobie Turner,0,59,False,2024
2,2024029,2510,defense,Jared Verse,0,59,False,2024
2,2024029,2510,defense,Braden Fiske,0,59,False,2024
2,2024030,4900,offense,Mike Evans,0,49,False,2024
2,2024030,4900,offense,Chris Godwin,0,49,False,2024
2,2024030,4900,offense,Baker Mayfield,0,49,True,2024
2,2024030,4900,offense,Tristan Wirfs,0,49,False,2024
2,2024030,4900,offense,Ben Bredeson,12,49,False,2024
2,2024030,4900,offense,Luke Goedeke,0,49,False,2024
2,2024030,4900,offense,Rachaad White,0,49,False,2024
2,2024030,4900,offense,Cade Otton,0,49,False,2024
2,2024030,4900,offense,Cody Mauch,12,49,False,2024
2,2024030,4900,offense,Graham Barton,14,49,False,2024
2,2024030,4900,offense,Jalen McMillan,12,49,False,2024
2,2024030,2250,defense,Ronald Darby,0,49,False,2024
2,2024030,2250,defense,Roy Robertson-Harris,8,49,False,2024
2,2024030,2250,defense,Foye Oluokun,0,49,False,2024
2,2024030,2250,defense,Josh Hines-Allen,0,49,False,2024
2,2024030,2250,defense,Darnell Savage,0,49,False,2024
2,2024030,2250,defense,DaVon Hamilton,0,49,False,2024
2,2024030,2250,defense,Tyson Campbell,0,49,False,2024
2,2024030,2250,defense,Andre Cisco,0,49,False,2024
2,2024030,2250,defense,Travon Walker,0,49,False,2024
2,2024030,2250,defense,Devin Lloyd,0,49,False,2024
2,2024030,2250,defense,Antonio Johnson,13,49,False,2024
2,2024030,2250,offense,Brandon Scherff,0,68,False,2024
2,2024030,2250,offense,Mitch Morse,0,68,False,2024
2,2024030,2250,offense,Evan Engram,0,68,False,2024
2,2024030,2250,offense,Cam Robinson,0,68,False,2024
2,2024030,2250,offense,Christian Kirk,0,68,False,2024
2,2024030,2250,offense,Ezra Cleveland,10,68,False,2024
2,2024030,2250,offense,Gabe Davis,0,68,False,2024
2,2024030,2250,offense,Trevor Lawrence,0,68,True,2024
2,2024030,2250,offense,Travis Etienne,0,68,False,2024
2,2024030,2250,offense,Anton Harrison,10,68,False,2024
2,2024030,2250,offense,Brian Thomas Jr.,19,68,False,2024
2,2024030,4900,defense,Lavonte David,0,68,False,2024
2,2024030,4900,defense,William Gholston,12,68,False,2024
2,2024030,4900,defense,Vita Vea,0,68,False,2024
2,2024030,4900,defense,Jordan Whitehead,0,68,False,2024
2,2024030,4900,defense,Jamel Dean,0,68,False,2024
2,2024030,4900,defense,Greg Gaines,20,68,False,2024
2,2024030,4900,defense,Antoine Winfield Jr.,0,68,False,2024
2,2024030,4900,defense,Joe Tryon-Shoyinka,0,68,False,2024
2,2024030,4900,defense,K.J. Britt,25,68,False,2024
2,2024030,4900,defense,Zyon McCollum,0,68,False,2024
2,2024030,4900,defense,Yaya Diaby,0,68,False,2024
2,2024031,2520,offense,Davante Adams,0,70,False,2024
2,2024031,2520,offense,Cody Whitehair,20,70,False,2024
2,2024031,2520,offense,Kolton Miller,0,70,False,2024
2,2024031,2520,offense,Gardner Minshew,27,70,True,2024
2,2024031,2520,offense,Jakobi Meyers,10,70,False,2024
2,2024031,2520,offense,Andre James,20,70,False,2024
2,2024031,2520,offense,Dylan Parham,54,70,False,2024
2,2024031,2520,offense,Zamir White,17,70,False,2024
2,2024031,2520,offense,Thayer Munford Jr.,54,70,False,2024
2,2024031,2520,offense,Michael Mayer,18,70,False,2024
2,2024031,2520,offense,Tre Tucker,30,70,False,2024
2,2024031,1200,defense,Demarcus Lawrence,0,70,False,2024
2,2024031,1200,defense,Eric Kendricks,0,70,False,2024
2,2024031,1200,defense,Malik Hooker,0,70,False,2024
2,2024031,1200,defense,Jourdan Lewis,0,70,False,2024
2,2024031,1200,defense,Donovan Wilson,0,70,False,2024
2,2024031,1200,defense,Trevon Diggs,0,70,False,2024
2,2024031,1200,defense,Micah Parsons,0,70,False,2024
2,2024031,1200,defense,Osa Odighizuwa,0,70,False,2024
2,2024031,1200,defense,Mazi Smith,0,70,False,2024
2,2024031,1200,defense,DeMarvion Overshown,0,70,False,2024
2,2024031,1200,defense,Caelen Carson,0,70,False,2024
2,2024031,1200,offense,Zack Martin,0,57,False,2024
2,2024031,1200,offense,Brandin Cooks,0,57,False,2024
2,2024031,1200,offense,Ezekiel Elliott,0,57,False,2024
2,2024031,1200,offense,Dak Prescott,0,57,True,2024
2,2024031,1200,offense,CeeDee Lamb,0,57,False,2024
2,2024031,1200,offense,Terence Steele,0,57,False,2024
2,2024031,1200,offense,Tyler Smith,0,57,False,2024
2,2024031,1200,offense,Jalen Tolbert,8,57,False,2024
2,2024031,1200,offense,Jake Ferguson,0,57,False,2024
2,2024031,1200,offense,Tyler Guyton,34,57,False,2024
2,2024031,1200,offense,Cooper Beebe,21,57,False,2024
2,2024031,2520,defense,John Jenkins,8,57,False,2024
2,2024031,2520,defense,Adam Butler,17,57,False,2024
2,2024031,2520,defense,Robert Spillane,34,57,False,2024
2,2024031,2520,defense,Christian Wilkins,13,57,False,2024
2,2024031,2520,defense,Maxx Crosby,13,57,False,2024
2,2024031,2520,defense,Marcus Epps,34,57,False,2024
2,2024031,2520,defense,Tre'von Moehrig,34,57,False,2024
2,2024031,2520,defense,Divine Deablo,32,57,False,2024
2,2024031,2520,defense,Nate Hobbs,13,57,False,2024
2,2024031,2520,defense,Charles Snowden,16,57,False,2024
2,2024031,2520,defense,Jack Jones,34,57,False,2024
2,2024032,1800,offense,Josh Jacobs,0,51,False,2024
2,2024032,1800,offense,Elgton Jenkins,0,51,False,2024
2,2024032,1800,offense,Jordan Love,0,51,True,2024
2,2024032,1800,offense,Josh Myers,0,51,False,2024
2,2024032,1800,offense,Christian Watson,0,51,False,2024
2,2024032,1800,offense,Sean Rhyan,24,51,False,2024
2,2024032,1800,offense,Romeo Doubs,0,51,False,2024
2,2024032,1800,offense,Zach Tom,0,51,False,2024
2,2024032,1800,offense,Rasheed Walker,0,51,False,2024
2,2024032,1800,offense,Luke Musgrave,0,51,False,2024
2,2024032,1800,offense,Tucker Kraft,0,51,False,2024
2,2024032,1400,defense,Alex Singleton,11,51,False,2024
2,2024032,1400,defense,D.J. Jones,6,51,False,2024
2,2024032,1400,defense,Zach Allen,11,51,False,2024
2,2024032,1400,defense,Cody Barton,11,51,False,2024
2,2024032,1400,defense,P.J. Locke,11,51,False,2024
2,2024032,1400,defense,Brandon Jones,0,51,False,2024
2,2024032,1400,defense,Pat Surtain II,11,51,False,2024
2,2024032,1400,defense,Baron Browning,11,51,False,2024
2,2024032,1400,defense,Jonathon Cooper,11,51,False,2024
2,2024032,1400,defense,Ja'Quan McMillian,8,51,False,2024
2,2024032,1400,defense,Riley Moss,11,51,False,2024
2,2024032,1400,offense,Garett Bolles,19,52,False,2024
2,2024032,1400,offense,Mike McGlinchey,19,52,False,2024
2,2024032,1400,offense,Ben Powers,0,52,False,2024
2,2024032,1400,offense,Adam Trautman,14,52,False,2024
2,2024032,1400,offense,Javonte Williams,8,52,False,2024
2,2024032,1400,offense,Quinn Meinerz,19,52,False,2024
2,2024032,1400,offense,Greg Dulcich,9,52,False,2024
2,2024032,1400,offense,Luke Wattenberg,19,52,False,2024
2,2024032,1400,offense,Marvin Mims Jr.,10,52,False,2024
2,2024032,1400,offense,Nate Adkins,15,52,False,2024
2,2024032,1400,offense,Bo Nix,19,52,True,2024
2,2024032,1800,defense,Preston Smith,0,52,False,2024
2,2024032,1800,defense,Kenny Clark,0,52,False,2024
2,2024032,1800,defense,Eric Wilson,19,52,False,2024
2,2024032,1800,defense,Jaire Alexander,0,52,False,2024
2,2024032,1800,defense,Rashan Gary,0,52,False,2024
2,2024032,1800,defense,Xavier McKinney,0,52,False,2024
2,2024032,1800,defense,Eric Stokes,0,52,False,2024
2,2024032,1800,defense,Tedarrell Slaton,0,52,False,2024
2,2024032,1800,defense,Isaiah McDuffie,0,52,False,2024
2,2024032,1800,defense,Quay Walker,0,52,False,2024
2,2024032,1800,defense,Javon Bullard,8,52,False,2024
2,2024033,4500,offense,Trent Williams,0,64,False,2024
2,2024033,4500,offense,Kyle Juszczyk,0,64,False,2024
2,2024033,4500,offense,Jake Brendel,10,64,False,2024
2,2024033,4500,offense,George Kittle,0,64,False,2024
2,2024033,4500,offense,Deebo Samuel Sr.,0,64,False,2024
2,2024033,4500,offense,Brandon Aiyuk,0,64,False,2024
2,2024033,4500,offense,Colton McKivitz,37,64,False,2024
2,2024033,4500,offense,Aaron Banks,0,64,False,2024
2,2024033,4500,offense,Brock Purdy,10,64,True,2024
2,2024033,4500,offense,Jordan Mason,0,64,False,2024
2,2024033,4500,offense,Dominick Puni,37,64,False,2024
2,2024033,3300,defense,Cameron Jordan,13,64,False,2024
2,2024033,3300,defense,Demario Davis,0,64,False,2024
2,2024033,3300,defense,Tyrann Mathieu,14,64,False,2024
2,2024033,3300,defense,Marshon Lattimore,0,64,False,2024
2,2024033,3300,defense,Nathan Shepherd,18,64,False,2024
2,2024033,3300,defense,Will Harris,17,64,False,2024
2,2024033,3300,defense,Carl Granderson,11,64,False,2024
2,2024033,3300,defense,Pete Werner,0,64,False,2024
2,2024033,3300,defense,Paulson Adebo,0,64,False,2024
2,2024033,3300,defense,Alontae Taylor,17,64,False,2024
2,2024033,3300,defense,Bryan Bresee,27,64,False,2024
2,2024033,3300,offense,Derek Carr,22,63,True,2024
2,2024033,3300,offense,Lucas Patrick,31,63,False,2024
2,2024033,3300,offense,Alvin Kamara,0,63,False,2024
2,2024033,3300,offense,Taysom Hill,14,63,False,2024
2,2024033,3300,offense,Erik McCoy,22,63,False,2024
2,2024033,3300,offense,Foster Moreau,22,63,False,2024
2,2024033,3300,offense,Cesar Ruiz,22,63,False,2024
2,2024033,3300,offense,Chris Olave,21,63,False,2024
2,2024033,3300,offense,Trevor Penning,31,63,False,2024
2,2024033,3300,offense,Rashid Shaheed,0,63,False,2024
2,2024033,3300,offense,Taliese Fuaga,0,63,False,2024
2,2024033,4500,defense,Leonard Floyd,0,63,False,2024
2,2024033,4500,defense,Maliek Collins,0,63,False,2024
2,2024033,4500,defense,Javon Hargrave,0,63,False,2024
2,2024033,4500,defense,De'Vondre Campbell,13,63,False,2024
2,2024033,4500,defense,Fred Warner,0,63,False,2024
2,2024033,4500,defense,George Odum,6,63,False,2024
2,2024033,4500,defense,Charvarius Ward,0,63,False,2024
2,2024033,4500,defense,Nick Bosa,0,63,False,2024
2,2024033,4500,defense,Demetrius Flannigan-Fowles,31,63,False,2024
2,2024033,4500,defense,Deommodore Lenoir,0,63,False,2024
2,2024033,4500,defense,Ji'Ayir Brown,6,63,False,2024
3,2024034,0920,offense,Trent Brown,0,40,False,2024
3,2024034,0920,offense,Ted Karras,0,40,False,2024
3,2024034,0920,offense,Orlando Brown,0,40,False,2024
3,2024034,0920,offense,Alex Cappa,0,40,False,2024
3,2024034,0920,offense,Drew Sample,0,40,False,2024
3,2024034,0920,offense,Trenton Irwin,0,40,False,2024
3,2024034,0920,offense,Joe Burrow,0,40,True,2024
3,2024034,0920,offense,Zack Moss,0,40,False,2024
3,2024034,0920,offense,Ja'Marr Chase,0,40,False,2024
3,2024034,0920,offense,Cordell Volson,0,40,False,2024
3,2024034,0920,offense,Andrei Iosivas,0,40,False,2024
3,2024034,2200,defense,DeForest Buckner,9,40,False,2024
3,2024034,2200,defense,Grover Stewart,7,40,False,2024
3,2024034,2200,defense,Kenny Moore II,11,40,False,2024
3,2024034,2200,defense,Tyquan Lewis,9,40,False,2024
3,2024034,2200,defense,Zaire Franklin,11,40,False,2024
3,2024034,2200,defense,E.J. Speed,11,40,False,2024
3,2024034,2200,defense,Julian Blackmon,11,40,False,2024
3,2024034,2200,defense,Kwity Paye,12,40,False,2024
3,2024034,2200,defense,Nick Cross,14,40,False,2024
3,2024034,2200,defense,Julius Brents,0,40,False,2024
3,2024034,2200,defense,Jaylon Jones,11,40,False,2024
3,2024034,2200,offense,Ryan Kelly,23,73,False,2024
3,2024034,2200,offense,Mo Alie-Cox,9,73,False,2024
3,2024034,2200,offense,Quenton Nelson,23,73,False,2024
3,2024034,2200,offense,Braden Smith,23,73,False,2024
3,2024034,2200,offense,Michael Pittman,22,73,False,2024
3,2024034,2200,offense,Jonathan Taylor,12,73,False,2024
3,2024034,2200,offense,Will Fries,23,73,False,2024
3,2024034,2200,offense,Alec Pierce,20,73,False,2024
3,2024034,2200,offense,Bernhard Raimann,23,73,False,2024
3,2024034,2200,offense,Anthony Richardson,23,73,True,2024
3,2024034,2200,offense,Adonai Mitchell,22,73,False,2024
3,2024034,0920,defense,Sheldon Rankins,0,73,False,2024
3,2024034,0920,defense,Vonn Bell,0,73,False,2024
3,2024034,0920,defense,Mike Hilton,0,73,False,2024
3,2024034,0920,defense,Trey Hendrickson,0,73,False,2024
3,2024034,0920,defense,B.J. Hill,0,73,False,2024
3,2024034,0920,defense,Sam Hubbard,0,73,False,2024
3,2024034,0920,defense,Germaine Pratt,0,73,False,2024
3,2024034,0920,defense,Logan Wilson,0,73,False,2024
3,2024034,0920,defense,Geno Stone,0,73,False,2024
3,2024034,0920,defense,Daxton Hill,0,73,False,2024
3,2024034,0920,defense,Cam Taylor-Britt,0,73,False,2024
3,2024035,0810,offense,Keenan Allen,0,61,False,2024
3,2024035,0810,offense,Gerald Everett,0,61,False,2024
3,2024035,0810,offense,DJ Moore,0,61,False,2024
3,2024035,0810,offense,Coleman Shelton,0,61,False,2024
3,2024035,0810,offense,Nate Davis,0,61,False,2024
3,2024035,0810,offense,D'Andre Swift,0,61,False,2024
3,2024035,0810,offense,Cole Kmet,0,61,False,2024
3,2024035,0810,offense,Teven Jenkins,0,61,False,2024
3,2024035,0810,offense,Braxton Jones,0,61,False,2024
3,2024035,0810,offense,Darnell Wright,0,61,False,2024
3,2024035,0810,offense,Caleb Williams,0,61,True,2024
3,2024035,2310,defense,Mike Pennel,0,61,False,2024
3,2024035,2310,defense,Chris Jones,0,61,False,2024
3,2024035,2310,defense,Justin Reid,0,61,False,2024
3,2024035,2310,defense,Drue Tranquill,0,61,False,2024
3,2024035,2310,defense,Michael Danna,0,61,False,2024
3,2024035,2310,defense,Nick Bolton,0,61,False,2024
3,2024035,2310,defense,Trent McDuffie,0,61,False,2024
3,2024035,2310,defense,George Karlaftis,0,61,False,2024
3,2024035,2310,defense,Bryan Cook,0,61,False,2024
3,2024035,2310,defense,Leo Chenal,0,61,False,2024
3,2024035,2310,defense,Jaylen Watson,48,61,False,2024
3,2024035,2310,offense,Travis Kelce,0,50,False,2024
3,2024035,2310,offense,Joe Thuney,0,50,False,2024
3,2024035,2310,offense,Patrick Mahomes,0,50,True,2024
3,2024035,2310,offense,JuJu Smith-Schuster,0,50,False,2024
3,2024035,2310,offense,Jawaan Taylor,0,50,False,2024
3,2024035,2310,offense,Creed Humphrey,0,50,False,2024
3,2024035,2310,offense,Trey Smith,0,50,False,2024
3,2024035,2310,offense,Isiah Pacheco,0,50,False,2024
3,2024035,2310,offense,Rashee Rice,0,50,False,2024
3,2024035,2310,offense,Xavier Worthy,0,50,False,2024
3,2024035,2310,offense,Kingsley Suamataia,0,50,False,2024
3,2024035,0810,defense,Kevin Byard,0,50,False,2024
3,2024035,0810,defense,Andrew Billings,0,50,False,2024
3,2024035,0810,defense,DeMarcus Walker,0,50,False,2024
3,2024035,0810,defense,Tremaine Edmunds,0,50,False,2024
3,2024035,0810,defense,Montez Sweat,0,50,False,2024
3,2024035,0810,defense,T.J. Edwards,0,50,False,2024
3,2024035,0810,defense,Jaylon Johnson,0,50,False,2024
3,2024035,0810,defense,Kyler Gordon,0,50,False,2024
3,2024035,0810,defense,Jaquan Brisker,0,50,False,2024
3,2024035,0810,defense,Gervon Dexter Sr.,0,50,False,2024
3,2024035,0810,defense,Terell Smith,17,50,False,2024
3,2024036,0200,offense,Kirk Cousins,0,43,True,2024
3,2024036,0200,offense,Jake Matthews,0,43,False,2024
3,2024036,0200,offense,Chris Lindstrom,0,43,False,2024
3,2024036,0200,offense,Kaleb McGary,0,43,False,2024
3,2024036,0200,offense,Darnell Mooney,0,43,False,2024
3,2024036,0200,offense,Charlie Woerner,0,43,False,2024
3,2024036,0200,offense,Kyle Pitts,0,43,False,2024
3,2024036,0200,offense,Drew Dalman,0,43,False,2024
3,2024036,0200,offense,Drake London,0,43,False,2024
3,2024036,0200,offense,Bijan Robinson,0,43,False,2024
3,2024036,0200,offense,Matthew Bergeron,0,43,False,2024
3,2024036,2250,defense,Ronald Darby,25,43,False,2024
3,2024036,2250,defense,Roy Robertson-Harris,16,43,False,2024
3,2024036,2250,defense,Foye Oluokun,0,43,False,2024
3,2024036,2250,defense,Josh Hines-Allen,20,43,False,2024
3,2024036,2250,defense,Darnell Savage,19,43,False,2024
3,2024036,2250,defense,DaVon Hamilton,15,43,False,2024
3,2024036,2250,defense,Tyson Campbell,25,43,False,2024
3,2024036,2250,defense,Andre Cisco,25,43,False,2024
3,2024036,2250,defense,Travon Walker,20,43,False,2024
3,2024036,2250,defense,Devin Lloyd,25,43,False,2024
3,2024036,2250,defense,Antonio Johnson,25,43,False,2024
3,2024036,2250,offense,Brandon Scherff,22,74,False,2024
3,2024036,2250,offense,Mitch Morse,22,74,False,2024
3,2024036,2250,offense,Evan Engram,16,74,False,2024
3,2024036,2250,offense,Cam Robinson,22,74,False,2024
3,2024036,2250,offense,Christian Kirk,0,74,False,2024
3,2024036,2250,offense,Ezra Cleveland,22,74,False,2024
3,2024036,2250,offense,Gabe Davis,22,74,False,2024
3,2024036,2250,offense,Trevor Lawrence,22,74,True,2024
3,2024036,2250,offense,Travis Etienne,16,74,False,2024
3,2024036,2250,offense,Anton Harrison,22,74,False,2024
3,2024036,2250,offense,Brian Thomas Jr.,18,74,False,2024
3,2024036,0200,defense,Eddie Goldman,0,74,False,2024
3,2024036,0200,defense,Grady Jarrett,0,74,False,2024
3,2024036,0200,defense,Justin Simmons,0,74,False,2024
3,2024036,0200,defense,David Onyemata,0,74,False,2024
3,2024036,0200,defense,Matthew Judon,0,74,False,2024
3,2024036,0200,defense,Mike Hughes,0,74,False,2024
3,2024036,0200,defense,Jessie Bates,0,74,False,2024
3,2024036,0200,defense,Lorenzo Carter,0,74,False,2024
3,2024036,0200,defense,Kaden Elliss,0,74,False,2024
3,2024036,0200,defense,A.J. Terrell,0,74,False,2024
3,2024036,0200,defense,Nate Landman,0,74,False,2024
3,2024037,4900,offense,Mike Evans,0,53,False,2024
3,2024037,4900,offense,Chris Godwin,7,53,False,2024
3,2024037,4900,offense,Baker Mayfield,7,53,True,2024
3,2024037,4900,offense,Tristan Wirfs,7,53,False,2024
3,2024037,4900,offense,Ben Bredeson,7,53,False,2024
3,2024037,4900,offense,Luke Goedeke,7,53,False,2024
3,2024037,4900,offense,Rachaad White,7,53,False,2024
3,2024037,4900,offense,Cade Otton,7,53,False,2024
3,2024037,4900,offense,Cody Mauch,7,53,False,2024
3,2024037,4900,offense,Graham Barton,7,53,False,2024
3,2024037,4900,offense,Jalen McMillan,7,53,False,2024
3,2024037,2700,defense,Calais Campbell,0,53,False,2024
3,2024037,2700,defense,Jordan Poyer,0,53,False,2024
3,2024037,2700,defense,Jalen Ramsey,0,53,False,2024
3,2024037,2700,defense,Emmanuel Ogbah,0,53,False,2024
3,2024037,2700,defense,Kendall Fuller,0,53,False,2024
3,2024037,2700,defense,Zach Sieler,0,53,False,2024
3,2024037,2700,defense,David Long,0,53,False,2024
3,2024037,2700,defense,Jordyn Brooks,0,53,False,2024
3,2024037,2700,defense,Jaelan Phillips,0,53,False,2024
3,2024037,2700,defense,Jevon Holland,0,53,False,2024
3,2024037,2700,defense,Kader Kohou,0,53,False,2024
3,2024037,2700,offense,Terron Armstead,0,56,False,2024
3,2024037,2700,offense,Raheem Mostert,0,56,False,2024
3,2024037,2700,offense,Tyreek Hill,0,56,False,2024
3,2024037,2700,offense,Durham Smythe,0,56,False,2024
3,2024037,2700,offense,Tua Tagovailoa,0,56,True,2024
3,2024037,2700,offense,Austin Jackson,0,56,False,2024
3,2024037,2700,offense,Aaron Brewer,0,56,False,2024
3,2024037,2700,offense,Jaylen Waddle,0,56,False,2024
3,2024037,2700,offense,Liam Eichenberg,0,56,False,2024
3,2024037,2700,offense,Robert Jones,11,56,False,2024
3,2024037,2700,offense,Julian Hill,0,56,False,2024
3,2024037,4900,defense,Lavonte David,0,56,False,2024
3,2024037,4900,defense,William Gholston,13,56,False,2024
3,2024037,4900,defense,Vita Vea,3,56,False,2024
3,2024037,4900,defense,Jordan Whitehead,0,56,False,2024
3,2024037,4900,defense,Jamel Dean,3,56,False,2024
3,2024037,4900,defense,Greg Gaines,3,56,False,2024
3,2024037,4900,defense,Antoine Winfield Jr.,3,56,False,2024
3,2024037,4900,defense,Joe Tryon-Shoyinka,0,56,False,2024
3,2024037,4900,defense,K.J. Britt,3,56,False,2024
3,2024037,4900,defense,Zyon McCollum,3,56,False,2024
3,2024037,4900,defense,Yaya Diaby,0,56,False,2024
3,2024038,4500,offense,Trent Williams,0,70,False,2024
3,2024038,4500,offense,Kyle Juszczyk,0,70,False,2024
3,2024038,4500,offense,Jake Brendel,22,70,False,2024
3,2024038,4500,offense,George Kittle,20,70,False,2024
3,2024038,4500,offense,Deebo Samuel Sr.,19,70,False,2024
3,2024038,4500,offense,Brandon Aiyuk,0,70,False,2024
3,2024038,4500,offense,Colton McKivitz,22,70,False,2024
3,2024038,4500,offense,Aaron Banks,0,70,False,2024
3,2024038,4500,offense,Brock Purdy,22,70,True,2024
3,2024038,4500,offense,Jordan Mason,19,70,False,2024
3,2024038,4500,offense,Dominick Puni,22,70,False,2024
3,2024038,2520,defense,John Jenkins,0,70,False,2024
3,2024038,2520,defense,Adam Butler,0,70,False,2024
3,2024038,2520,defense,Robert Spillane,0,70,False,2024
3,2024038,2520,defense,Christian Wilkins,0,70,False,2024
3,2024038,2520,defense,Maxx Crosby,0,70,False,2024
3,2024038,2520,defense,Marcus Epps,0,70,False,2024
3,2024038,2520,defense,Tre'von Moehrig,0,70,False,2024
3,2024038,2520,defense,Divine Deablo,0,70,False,2024
3,2024038,2520,defense,Nate Hobbs,0,70,False,2024
3,2024038,2520,defense,Charles Snowden,28,70,False,2024
3,2024038,2520,defense,Jack Jones,0,70,False,2024
3,2024038,2520,offense,Davante Adams,0,54,False,2024
3,2024038,2520,offense,Cody Whitehair,0,54,False,2024
3,2024038,2520,offense,Kolton Miller,0,54,False,2024
3,2024038,2520,offense,Gardner Minshew,0,54,True,2024
3,2024038,2520,offense,Jakobi Meyers,0,54,False,2024
3,2024038,2520,offense,Andre James,0,54,False,2024
3,2024038,2520,offense,Dylan Parham,0,54,False,2024
3,2024038,2520,offense,Zamir White,0,54,False,2024
3,2024038,2520,offense,Thayer Munford Jr.,0,54,False,2024
3,2024038,2520,offense,Michael Mayer,0,54,False,2024
3,2024038,2520,offense,Tre Tucker,0,54,False,2024
3,2024038,4500,defense,Leonard Floyd,6,54,False,2024
3,2024038,4500,defense,Maliek Collins,7,54,False,2024
3,2024038,4500,defense,Javon Hargrave,7,54,False,2024
3,2024038,4500,defense,De'Vondre Campbell,12,54,False,2024
3,2024038,4500,defense,Fred Warner,0,54,False,2024
3,2024038,4500,defense,George Odum,0,54,False,2024
3,2024038,4500,defense,Charvarius Ward,0,54,False,2024
3,2024038,4500,defense,Nick Bosa,0,54,False,2024
3,2024038,4500,defense,Demetrius Flannigan-Fowles,26,54,False,2024
3,2024038,4500,defense,Deommodore Lenoir,10,54,False,2024
3,2024038,4500,defense,Ji'Ayir Brown,16,54,False,2024
3,2024039,0750,offense,Adam Thielen,11,63,False,2024
3,2024039,0750,offense,Taylor Moton,11,63,False,2024
3,2024039,0750,offense,Austin Corbett,0,63,False,2024
3,2024039,0750,offense,Diontae Johnson,11,63,False,2024
3,2024039,0750,offense,Robert Hunt,11,63,False,2024
3,2024039,0750,offense,Damien Lewis,0,63,False,2024
3,2024039,0750,offense,Chuba Hubbard,9,63,False,2024
3,2024039,0750,offense,Ikem Ekwonu,11,63,False,2024
3,2024039,0750,offense,Bryce Young,11,63,True,2024
3,2024039,0750,offense,Jonathan Mingo,15,63,False,2024
3,2024039,0750,offense,Ja'Tavion Sanders,9,63,False,2024
3,2024039,0610,defense,DaQuan Jones,0,63,False,2024
3,2024039,0610,defense,Rasul Douglas,0,63,False,2024
3,2024039,0610,defense,Taron Johnson,0,63,False,2024
3,2024039,0610,defense,Ed Oliver,0,63,False,2024
3,2024039,0610,defense,Taylor Rapp,0,63,False,2024
3,2024039,0610,defense,A.J. Epenesa,0,63,False,2024
3,2024039,0610,defense,Greg Rousseau,0,63,False,2024
3,2024039,0610,defense,Damar Hamlin,0,63,False,2024
3,2024039,0610,defense,Terrel Bernard,0,63,False,2024
3,2024039,0610,defense,Christian Benford,0,63,False,2024
3,2024039,0610,defense,Dorian Williams,0,63,False,2024
3,2024039,0610,offense,Dion Dawkins,0,54,False,2024
3,2024039,0610,offense,Josh Allen,0,54,True,2024
3,2024039,0610,offense,Connor McGovern,0,54,False,2024
3,2024039,0610,offense,Dawson Knox,0,54,False,2024
3,2024039,0610,offense,David Edwards,0,54,False,2024
3,2024039,0610,offense,Spencer Brown,0,54,False,2024
3,2024039,0610,offense,James Cook,0,54,False,2024
3,2024039,0610,offense,Khalil Shakir,0,54,False,2024
3,2024039,0610,offense,Dalton Kincaid,0,54,False,2024
3,2024039,0610,offense,O'Cyrus Torrence,0,54,False,2024
3,2024039,0610,offense,Keon Coleman,0,54,False,2024
3,2024039,0750,defense,Jadeveon Clowney,0,54,False,2024
3,2024039,0750,defense,Shaq Thompson,15,54,False,2024
3,2024039,0750,defense,Troy Hill,9,54,False,2024
3,2024039,0750,defense,A'Shawn Robinson,9,54,False,2024
3,2024039,0750,defense,Xavier Woods,0,54,False,2024
3,2024039,0750,defense,Josey Jewell,15,54,False,2024
3,2024039,0750,defense,Mike Jackson,0,54,False,2024
3,2024039,0750,defense,Shy Tuttle,10,54,False,2024
3,2024039,0750,defense,Derrick Brown,13,54,False,2024
3,2024039,0750,defense,Jordan Fuller,15,54,False,2024
3,2024039,0750,defense,Jaycee Horn,0,54,False,2024
3,2024040,3900,offense,MyCole Pruitt,7,40,False,2024
3,2024040,3900,offense,James Daniels,14,40,False,2024
3,2024040,3900,offense,Van Jefferson,13,40,False,2024
3,2024040,3900,offense,Justin Fields,13,40,True,2024
3,2024040,3900,offense,Najee Harris,3,40,False,2024
3,2024040,3900,offense,Dan Moore Jr.,14,40,False,2024
3,2024040,3900,offense,George Pickens,5,40,False,2024
3,2024040,3900,offense,Broderick Jones,18,40,False,2024
3,2024040,3900,offense,Darnell Washington,13,40,False,2024
3,2024040,3900,offense,Spencer Anderson,11,40,False,2024
3,2024040,3900,offense,Zach Frazier,18,40,False,2024
3,2024040,1540,defense,Kyle Peko,0,40,False,2024
3,2024040,1540,defense,Alex Anzalone,0,40,False,2024
3,2024040,1540,defense,Carlton Davis,0,40,False,2024
3,2024040,1540,defense,Levi Onwuzurike,0,40,False,2024
3,2024040,1540,defense,Alim McNeill,0,40,False,2024
3,2024040,1540,defense,Derrick Barnes,0,40,False,2024
3,2024040,1540,defense,Aidan Hutchinson,0,40,False,2024
3,2024040,1540,defense,Kerby Joseph,0,40,False,2024
3,2024040,1540,defense,Jack Campbell,0,40,False,2024
3,2024040,1540,defense,Brian Branch,0,40,False,2024
3,2024040,1540,defense,Terrion Arnold,0,40,False,2024
3,2024040,1540,offense,Kevin Zeitler,0,68,False,2024
3,2024040,1540,offense,Jared Goff,0,68,True,2024
3,2024040,1540,offense,Taylor Decker,0,68,False,2024
3,2024040,1540,offense,Graham Glasgow,0,68,False,2024
3,2024040,1540,offense,Frank Ragnow,0,68,False,2024
3,2024040,1540,offense,David Montgomery,0,68,False,2024
3,2024040,1540,offense,Penei Sewell,0,68,False,2024
3,2024040,1540,offense,Amon-Ra St. Brown,0,68,False,2024
3,2024040,1540,offense,Brock Wright,0,68,False,2024
3,2024040,1540,offense,Jameson Williams,0,68,False,2024
3,2024040,1540,offense,Sam LaPorta,0,68,False,2024
3,2024040,3900,defense,Cameron Heyward,0,68,False,2024
3,2024040,3900,defense,Elandon Roberts,7,68,False,2024
3,2024040,3900,defense,T.J. Watt,0,68,False,2024
3,2024040,3900,defense,Larry Ogunjobi,3,68,False,2024
3,2024040,3900,defense,Minkah Fitzpatrick,3,68,False,2024
3,2024040,3900,defense,Donte Jackson,6,68,False,2024
3,2024040,3900,defense,DeShon Elliott,5,68,False,2024
3,2024040,3900,defense,Patrick Queen,3,68,False,2024
3,2024040,3900,defense,Alex Highsmith,0,68,False,2024
3,2024040,3900,defense,Joey Porter Jr.,0,68,False,2024
3,2024040,3900,defense,Keeanu Benton,3,68,False,2024
3,2024041,1800,offense,Josh Jacobs,0,64,False,2024
3,2024041,1800,offense,Elgton Jenkins,0,64,False,2024
3,2024041,1800,offense,Jordan Love,0,64,True,2024
3,2024041,1800,offense,Josh Myers,0,64,False,2024
3,2024041,1800,offense,Christian Watson,0,64,False,2024
3,2024041,1800,offense,Sean Rhyan,0,64,False,2024
3,2024041,1800,offense,Romeo Doubs,0,64,False,2024
3,2024041,1800,offense,Zach Tom,0,64,False,2024
3,2024041,1800,offense,Rasheed Walker,0,64,False,2024
3,2024041,1800,offense,Luke Musgrave,0,64,False,2024
3,2024041,1800,offense,Tucker Kraft,0,64,False,2024
3,2024041,0325,defense,Kyle Van Noy,0,64,False,2024
3,2024041,0325,defense,Marlon Humphrey,0,64,False,2024
3,2024041,0325,defense,Marcus Williams,0,64,False,2024
3,2024041,0325,defense,Roquan Smith,0,64,False,2024
3,2024041,0325,defense,Nnamdi Madubuike,0,64,False,2024
3,2024041,0325,defense,Odafe Oweh,0,64,False,2024
3,2024041,0325,defense,Brandon Stephens,0,64,False,2024
3,2024041,0325,defense,Kyle Hamilton,0,64,False,2024
3,2024041,0325,defense,Travis Jones,0,64,False,2024
3,2024041,0325,defense,Jalyn Armour-Davis,27,64,False,2024
3,2024041,0325,defense,Trenton Simpson,53,64,False,2024
3,2024041,0325,offense,Ronnie Stanley,0,48,False,2024
3,2024041,0325,offense,Derrick Henry,0,48,False,2024
3,2024041,0325,offense,Lamar Jackson,0,48,True,2024
3,2024041,0325,offense,Mark Andrews,0,48,False,2024
3,2024041,0325,offense,Patrick Mekari,0,48,False,2024
3,2024041,0325,offense,Rashod Bateman,0,48,False,2024
3,2024041,0325,offense,Tyler Linderbaum,0,48,False,2024
3,2024041,0325,offense,Daniel Faalele,13,48,False,2024
3,2024041,0325,offense,Isaiah Likely,0,48,False,2024
3,2024041,0325,offense,Zay Flowers,0,48,False,2024
3,2024041,0325,offense,Andrew Vorhees,13,48,False,2024
3,2024041,1800,defense,Preston Smith,0,48,False,2024
3,2024041,1800,defense,Kenny Clark,0,48,False,2024
3,2024041,1800,defense,Eric Wilson,0,48,False,2024
3,2024041,1800,defense,Jaire Alexander,0,48,False,2024
3,2024041,1800,defense,Rashan Gary,0,48,False,2024
3,2024041,1800,defense,Xavier McKinney,0,48,False,2024
3,2024041,1800,defense,Eric Stokes,0,48,False,2024
3,2024041,1800,defense,Tedarrell Slaton,0,48,False,2024
3,2024041,1800,defense,Isaiah McDuffie,0,48,False,2024
3,2024041,1800,defense,Quay Walker,0,48,False,2024
3,2024041,1800,defense,Javon Bullard,0,48,False,2024
3,2024042,2510,offense,Matthew Stafford,0,50,True,2024
3,2024042,2510,offense,Demarcus Robinson,0,50,False,2024
3,2024042,2510,offense,Cooper Kupp,0,50,False,2024
3,2024042,2510,offense,Joe Noteboom,0,50,False,2024
3,2024042,2510,offense,Jonah Jackson,0,50,False,2024
3,2024042,2510,offense,Colby Parkinson,0,50,False,2024
3,2024042,2510,offense,Kevin Dotson,0,50,False,2024
3,2024042,2510,offense,Kyren Williams,0,50,False,2024
3,2024042,2510,offense,Steve Avila,0,50,False,2024
3,2024042,2510,offense,Warren McClendon Jr.,0,50,False,2024
3,2024042,2510,offense,Puka Nacua,0,50,False,2024
3,2024042,2120,defense,Jimmie Ward,0,50,False,2024
3,2024042,2120,defense,Mario Edwards,0,50,False,2024
3,2024042,2120,defense,Danielle Hunter,0,50,False,2024
3,2024042,2120,defense,Eric Murray,0,50,False,2024
3,2024042,2120,defense,Foley Fatukasi,0,50,False,2024
3,2024042,2120,defense,Azeez Al-Shaair,0,50,False,2024
3,2024042,2120,defense,Derek Stingley Jr.,0,50,False,2024
3,2024042,2120,defense,Jalen Pitre,0,50,False,2024
3,2024042,2120,defense,Will Anderson Jr.,0,50,False,2024
3,2024042,2120,defense,Henry To'oTo'o,0,50,False,2024
3,2024042,2120,defense,Kamari Lassiter,0,50,False,2024
3,2024042,2120,offense,Shaq Mason,0,63,False,2024
3,2024042,2120,offense,Stefon Diggs,0,63,False,2024
3,2024042,2120,offense,Laremy Tunsil,0,63,False,2024
3,2024042,2120,offense,Joe Mixon,0,63,False,2024
3,2024042,2120,offense,Dalton Schultz,0,63,False,2024
3,2024042,2120,offense,Tytus Howard,0,63,False,2024
3,2024042,2120,offense,Nico Collins,0,63,False,2024
3,2024042,2120,offense,Kenyon Green,0,63,False,2024
3,2024042,2120,offense,C.J. Stroud,0,63,True,2024
3,2024042,2120,offense,Juice Scruggs,0,63,False,2024
3,2024042,2120,offense,Tank Dell,0,63,False,2024
3,2024042,2510,defense,Tre'Davious White,0,63,False,2024
3,2024042,2510,defense,Troy Reeder,0,63,False,2024
3,2024042,2510,defense,Kamren Curl,0,63,False,2024
3,2024042,2510,defense,Christian Rozeboom,0,63,False,2024
3,2024042,2510,defense,Bobby Brown III,0,63,False,2024
3,2024042,2510,defense,Cobie Durant,0,63,False,2024
3,2024042,2510,defense,Quentin Lake,0,63,False,2024
3,2024042,2510,defense,Byron Young,0,63,False,2024
3,2024042,2510,defense,Kobie Turner,0,63,False,2024
3,2024042,2510,defense,Jared Verse,0,63,False,2024
3,2024042,2510,defense,Braden Fiske,0,63,False,2024
3,2024043,3000,offense,C.J. Ham,0,64,False,2024
3,2024043,3000,offense,Aaron Jones,0,64,False,2024
3,2024043,3000,offense,Sam Darnold,0,64,True,2024
3,2024043,3000,offense,Brian O'Neill,0,64,False,2024
3,2024043,3000,offense,Garrett Bradbury,0,64,False,2024
3,2024043,3000,offense,Josh Oliver,0,64,False,2024
3,2024043,3000,offense,Justin Jefferson,0,64,False,2024
3,2024043,3000,offense,Blake Brandel,0,64,False,2024
3,2024043,3000,offense,Christian Darrisaw,0,64,False,2024
3,2024043,3000,offense,Ed Ingram,0,64,False,2024
3,2024043,3000,offense,Jordan Addison,0,64,False,2024
3,2024043,3700,defense,Darius Slay,0,64,False,2024
3,2024043,3700,defense,Josh Sweat,0,64,False,2024
3,2024043,3700,defense,C.J. Gardner-Johnson,0,64,False,2024
3,2024043,3700,defense,Zack Baun,0,64,False,2024
3,2024043,3700,defense,Bryce Huff,0,64,False,2024
3,2024043,3700,defense,Milton Williams,0,64,False,2024
3,2024043,3700,defense,Jordan Davis,0,64,False,2024
3,2024043,3700,defense,Nakobe Dean,0,64,False,2024
3,2024043,3700,defense,Reed Blankenship,0,64,False,2024
3,2024043,3700,defense,Jalen Carter,0,64,False,2024
3,2024043,3700,defense,Quinyon Mitchell,0,64,False,2024
3,2024043,3700,offense,Lane Johnson,0,57,False,2024
3,2024043,3700,offense,Saquon Barkley,0,57,False,2024
3,2024043,3700,offense,Dallas Goedert,0,57,False,2024
3,2024043,3700,offense,Jordan Mailata,0,57,False,2024
3,2024043,3700,offense,A.J. Brown,0,57,False,2024
3,2024043,3700,offense,Mekhi Becton,0,57,False,2024
3,2024043,3700,offense,Jalen Hurts,0,57,True,2024
3,2024043,3700,offense,DeVonta Smith,0,57,False,2024
3,2024043,3700,offense,Landon Dickerson,0,57,False,2024
3,2024043,3700,offense,Cam Jurgens,0,57,False,2024
3,2024043,3700,offense,Grant Calcaterra,0,57,False,2024
3,2024043,3000,defense,Stephon Gilmore,0,57,False,2024
3,2024043,3000,defense,Harrison Smith,0,57,False,2024
3,2024043,3000,defense,Jonathan Bullard,0,57,False,2024
3,2024043,3000,defense,Harrison Phillips,0,57,False,2024
3,2024043,3000,defense,Jerry Tillery,0,57,False,2024
3,2024043,3000,defense,Byron Murphy,0,57,False,2024
3,2024043,3000,defense,Andrew Van Ginkel,0,57,False,2024
3,2024043,3000,defense,Blake Cashman,0,57,False,2024
3,2024043,3000,defense,Jonathan Greenard,0,57,False,2024
3,2024043,3000,defense,Camryn Bynum,0,57,False,2024
3,2024043,3000,defense,Ivan Pace Jr.,0,57,False,2024
3,2024044,1200,offense,Zack Martin,0,85,False,2024
3,2024044,1200,offense,Brandin Cooks,0,85,False,2024
3,2024044,1200,offense,Ezekiel Elliott,0,85,False,2024
3,2024044,1200,offense,Dak Prescott,0,85,True,2024
3,2024044,1200,offense,CeeDee Lamb,0,85,False,2024
3,2024044,1200,offense,Terence Steele,0,85,False,2024
3,2024044,1200,offense,Tyler Smith,0,85,False,2024
3,2024044,1200,offense,Jalen Tolbert,0,85,False,2024
3,2024044,1200,offense,Jake Ferguson,0,85,False,2024
3,2024044,1200,offense,Tyler Guyton,0,85,False,2024
3,2024044,1200,offense,Cooper Beebe,0,85,False,2024
3,2024044,4400,defense,Khalil Mack,0,85,False,2024
3,2024044,4400,defense,Denzel Perryman,0,85,False,2024
3,2024044,4400,defense,Joey Bosa,0,85,False,2024
3,2024044,4400,defense,Derwin James,0,85,False,2024
3,2024044,4400,defense,Poona Ford,0,85,False,2024
3,2024044,4400,defense,Kristian Fulton,0,85,False,2024
3,2024044,4400,defense,Alohi Gilman,0,85,False,2024
3,2024044,4400,defense,Asante Samuel Jr.,0,85,False,2024
3,2024044,4400,defense,Otito Ogbonnia,0,85,False,2024
3,2024044,4400,defense,Ja'Sir Taylor,0,85,False,2024
3,2024044,4400,defense,Daiyan Henley,0,85,False,2024
3,2024044,4400,offense,Will Dissly,0,46,False,2024
3,2024044,4400,offense,Bradley Bozeman,0,46,False,2024
3,2024044,4400,offense,Gus Edwards,0,46,False,2024
3,2024044,4400,offense,Trey Pipkins,0,46,False,2024
3,2024044,4400,offense,Justin Herbert,0,46,True,2024
3,2024044,4400,offense,Rashawn Slater,0,46,False,2024
3,2024044,4400,offense,Josh Palmer,0,46,False,2024
3,2024044,4400,offense,Zion Johnson,0,46,False,2024
3,2024044,4400,offense,Scott Matlock,4,46,False,2024
3,2024044,4400,offense,Joe Alt,0,46,False,2024
3,2024044,4400,offense,Ladd McConkey,0,46,False,2024
3,2024044,1200,defense,Demarcus Lawrence,0,46,False,2024
3,2024044,1200,defense,Eric Kendricks,0,46,False,2024
3,2024044,1200,defense,Malik Hooker,0,46,False,2024
3,2024044,1200,defense,Jourdan Lewis,0,46,False,2024
3,2024044,1200,defense,Donovan Wilson,0,46,False,2024
3,2024044,1200,defense,Trevon Diggs,0,46,False,2024
3,2024044,1200,defense,Micah Parsons,0,46,False,2024
3,2024044,1200,defense,Osa Odighizuwa,0,46,False,2024
3,2024044,1200,defense,Mazi Smith,0,46,False,2024
3,2024044,1200,defense,DeMarvion Overshown,0,46,False,2024
3,2024044,1200,defense,Caelen Carson,0,46,False,2024
3,2024045,3430,offense,Aaron Rodgers,0,63,True,2024
3,2024045,3430,offense,Tyron Smith,0,63,False,2024
3,2024045,3430,offense,Morgan Moses,0,63,False,2024
3,2024045,3430,offense,Tyler Conklin,0,63,False,2024
3,2024045,3430,offense,Allen Lazard,0,63,False,2024
3,2024045,3430,offense,John Simpson,0,63,False,2024
3,2024045,3430,offense,Alijah Vera-Tucker,0,63,False,2024
3,2024045,3430,offense,Garrett Wilson,0,63,False,2024
3,2024045,3430,offense,Breece Hall,0,63,False,2024
3,2024045,3430,offense,Jeremy Ruckert,0,63,False,2024
3,2024045,3430,offense,Joe Tippmann,0,63,False,2024
3,2024045,3410,defense,Rakeem Nunez-Roches,0,63,False,2024
3,2024045,3410,defense,Brian Burns,0,63,False,2024
3,2024045,3410,defense,Dexter Lawrence,0,63,False,2024
3,2024045,3410,defense,Bobby Okereke,0,63,False,2024
3,2024045,3410,defense,Jason Pinnock,0,63,False,2024
3,2024045,3410,defense,Nick McCloud,0,63,False,2024
3,2024045,3410,defense,Kayvon Thibodeaux,0,63,False,2024
3,2024045,3410,defense,Deonte Banks,0,63,False,2024
3,2024045,3410,defense,Tyler Nubin,0,63,False,2024
3,2024045,3410,defense,Darius Muasau,0,63,False,2024
3,2024045,3410,defense,Elijah Chatman,0,63,False,2024
3,2024045,3410,offense,Greg Van Roten,0,55,False,2024
3,2024045,3410,offense,Chris Manhertz,0,55,False,2024
3,2024045,3410,offense,Jermaine Eluemunor,0,55,False,2024
3,2024045,3410,offense,Daniel Jones,0,55,True,2024
3,2024045,3410,offense,Devin Singletary,0,55,False,2024
3,2024045,3410,offense,Andrew Thomas,0,55,False,2024
3,2024045,3410,offense,Jon Runyan,0,55,False,2024
3,2024045,3410,offense,Daniel Bellinger,0,55,False,2024
3,2024045,3410,offense,John Michael Schmitz,11,55,False,2024
3,2024045,3410,offense,Malik Nabers,0,55,False,2024
3,2024045,3410,offense,Theo Johnson,0,55,False,2024
3,2024045,3430,defense,C.J. Mosley,0,55,False,2024
3,2024045,3430,defense,Chuck Clark,0,55,False,2024
3,2024045,3430,defense,D.J. Reed,0,55,False,2024
3,2024045,3430,defense,Quinnen Williams,0,55,False,2024
3,2024045,3430,defense,Quincy Williams,0,55,False,2024
3,2024045,3430,defense,Javon Kinlaw,0,55,False,2024
3,2024045,3430,defense,Jamien Sherwood,0,55,False,2024
3,2024045,3430,defense,Sauce Gardner,0,55,False,2024
3,2024045,3430,defense,Jermaine Johnson II,0,55,False,2024
3,2024045,3430,defense,Micheal Clemons,0,55,False,2024
3,2024045,3430,defense,Tony Adams,0,55,False,2024
3,2024046,1050,offense,Joel Bitonio,0,72,False,2024
3,2024046,1050,offense,Amari Cooper,0,72,False,2024
3,2024046,1050,offense,Deshaun Watson,0,72,True,2024
3,2024046,1050,offense,David Njoku,0,72,False,2024
3,2024046,1050,offense,Ethan Pocic,14,72,False,2024
3,2024046,1050,offense,Wyatt Teller,14,72,False,2024
3,2024046,1050,offense,Jerry Jeudy,0,72,False,2024
3,2024046,1050,offense,Elijah Moore,14,72,False,2024
3,2024046,1050,offense,James Hudson,0,72,False,2024
3,2024046,1050,offense,Jerome Ford,7,72,False,2024
3,2024046,1050,offense,Dawand Jones,23,72,False,2024
3,2024046,4600,defense,Johnathan Hankins,1,72,False,2024
3,2024046,4600,defense,Leonard Williams,3,72,False,2024
3,2024046,4600,defense,Jarran Reed,3,72,False,2024
3,2024046,4600,defense,Rayshawn Jenkins,0,72,False,2024
3,2024046,4600,defense,Jerome Baker,0,72,False,2024
3,2024046,4600,defense,Dre'Mont Jones,0,72,False,2024
3,2024046,4600,defense,Julian Love,4,72,False,2024
3,2024046,4600,defense,Tyrel Dodson,4,72,False,2024
3,2024046,4600,defense,Boye Mafe,4,72,False,2024
3,2024046,4600,defense,Riq Woolen,4,72,False,2024
3,2024046,4600,defense,Devon Witherspoon,4,72,False,2024
3,2024046,4600,offense,Geno Smith,5,43,True,2024
3,2024046,4600,offense,Laken Tomlinson,5,43,False,2024
3,2024046,4600,offense,George Fant,5,43,False,2024
3,2024046,4600,offense,Connor Williams,0,43,False,2024
3,2024046,4600,offense,Noah Fant,0,43,False,2024
3,2024046,4600,offense,DK Metcalf,5,43,False,2024
3,2024046,4600,offense,Laviska Shenault Jr.,8,43,False,2024
3,2024046,4600,offense,Charles Cross,5,43,False,2024
3,2024046,4600,offense,Kenneth Walker III,0,43,False,2024
3,2024046,4600,offense,Jaxon Smith-Njigba,5,43,False,2024
3,2024046,4600,offense,Anthony Bradford,17,43,False,2024
3,2024046,1050,defense,Jordan Hicks,0,43,False,2024
3,2024046,1050,defense,Za'Darius Smith,7,43,False,2024
3,2024046,1050,defense,Myles Garrett,0,43,False,2024
3,2024046,1050,defense,Dalvin Tomlinson,0,43,False,2024
3,2024046,1050,defense,Denzel Ward,0,43,False,2024
3,2024046,1050,defense,Maurice Hurst,0,43,False,2024
3,2024046,1050,defense,Juan Thornhill,7,43,False,2024
3,2024046,1050,defense,Grant Delpit,7,43,False,2024
3,2024046,1050,defense,Greg Newsome II,0,43,False,2024
3,2024046,1050,defense,Jeremiah Owusu-Koramoah,0,43,False,2024
3,2024046,1050,defense,Martin Emerson,0,43,False,2024
3,2024047,3300,offense,Derek Carr,0,54,True,2024
3,2024047,3300,offense,Lucas Patrick,0,54,False,2024
3,2024047,3300,offense,Alvin Kamara,0,54,False,2024
3,2024047,3300,offense,Taysom Hill,0,54,False,2024
3,2024047,3300,offense,Erik McCoy,0,54,False,2024
3,2024047,3300,offense,Foster Moreau,0,54,False,2024
3,2024047,3300,offense,Cesar Ruiz,0,54,False,2024
3,2024047,3300,offense,Chris Olave,0,54,False,2024
3,2024047,3300,offense,Trevor Penning,20,54,False,2024
3,2024047,3300,offense,Rashid Shaheed,0,54,False,2024
3,2024047,3300,offense,Taliese Fuaga,11,54,False,2024
3,2024047,2100,defense,Quandre Diggs,11,54,False,2024
3,2024047,2100,defense,Chidobe Awuzie,0,54,False,2024
3,2024047,2100,defense,Harold Landry,0,54,False,2024
3,2024047,2100,defense,Arden Key,0,54,False,2024
3,2024047,2100,defense,Sebastian Joseph-Day,11,54,False,2024
3,2024047,2100,defense,Jeffery Simmons,0,54,False,2024
3,2024047,2100,defense,Amani Hooker,11,54,False,2024
3,2024047,2100,defense,"Kenneth Murray, Jr.",11,54,False,2024
3,2024047,2100,defense,L'Jarius Sneed,0,54,False,2024
3,2024047,2100,defense,Jack Gibbens,11,54,False,2024
3,2024047,2100,defense,T'Vondre Sweat,11,54,False,2024
3,2024047,2100,offense,DeAndre Hopkins,0,66,False,2024
3,2024047,2100,offense,Tyler Boyd,9,66,False,2024
3,2024047,2100,offense,Calvin Ridley,13,66,False,2024
3,2024047,2100,offense,Tony Pollard,10,66,False,2024
3,2024047,2100,offense,Lloyd Cushenberry III,35,66,False,2024
3,2024047,2100,offense,Dillon Radunz,35,66,False,2024
3,2024047,2100,offense,Nicholas Petit-Frere,35,66,False,2024
3,2024047,2100,offense,Chig Okonkwo,12,66,False,2024
3,2024047,2100,offense,Peter Skoronski,35,66,False,2024
3,2024047,2100,offense,Will Levis,17,66,True,2024
3,2024047,2100,offense,JC Latham,35,66,False,2024
3,2024047,3300,defense,Cameron Jordan,0,66,False,2024
3,2024047,3300,defense,Demario Davis,0,66,False,2024
3,2024047,3300,defense,Tyrann Mathieu,0,66,False,2024
3,2024047,3300,defense,Marshon Lattimore,0,66,False,2024
3,2024047,3300,defense,Nathan Shepherd,0,66,False,2024
3,2024047,3300,defense,Will Harris,15,66,False,2024
3,2024047,3300,defense,Carl Granderson,0,66,False,2024
3,2024047,3300,defense,Pete Werner,0,66,False,2024
3,2024047,3300,defense,Paulson Adebo,0,66,False,2024
3,2024047,3300,defense,Alontae Taylor,0,66,False,2024
3,2024047,3300,defense,Bryan Bresee,0,66,False,2024
3,2024048,3800,offense,James Conner,0,62,False,2024
3,2024048,3800,offense,Will Hernandez,0,62,False,2024
3,2024048,3800,offense,Evan Brown,0,62,False,2024
3,2024048,3800,offense,Kyler Murray,0,62,True,2024
3,2024048,3800,offense,Jonah Williams,0,62,False,2024
3,2024048,3800,offense,Hjalte Froholdt,0,62,False,2024
3,2024048,3800,offense,Greg Dortch,0,62,False,2024
3,2024048,3800,offense,Trey McBride,0,62,False,2024
3,2024048,3800,offense,Paris Johnson Jr.,0,62,False,2024
3,2024048,3800,offense,Michael Wilson,0,62,False,2024
3,2024048,3800,offense,Marvin Harrison Jr.,0,62,False,2024
3,2024048,1400,defense,Alex Singleton,0,62,False,2024
3,2024048,1400,defense,D.J. Jones,0,62,False,2024
3,2024048,1400,defense,Zach Allen,0,62,False,2024
3,2024048,1400,defense,Cody Barton,12,62,False,2024
3,2024048,1400,defense,P.J. Locke,0,62,False,2024
3,2024048,1400,defense,Brandon Jones,0,62,False,2024
3,2024048,1400,defense,Pat Surtain II,0,62,False,2024
3,2024048,1400,defense,Baron Browning,0,62,False,2024
3,2024048,1400,defense,Jonathon Cooper,0,62,False,2024
3,2024048,1400,defense,Ja'Quan McMillian,0,62,False,2024
3,2024048,1400,defense,Riley Moss,0,62,False,2024
3,2024048,1400,offense,Garett Bolles,0,58,False,2024
3,2024048,1400,offense,Mike McGlinchey,0,58,False,2024
3,2024048,1400,offense,Ben Powers,0,58,False,2024
3,2024048,1400,offense,Adam Trautman,0,58,False,2024
3,2024048,1400,offense,Javonte Williams,0,58,False,2024
3,2024048,1400,offense,Quinn Meinerz,0,58,False,2024
3,2024048,1400,offense,Greg Dulcich,0,58,False,2024
3,2024048,1400,offense,Luke Wattenberg,0,58,False,2024
3,2024048,1400,offense,Marvin Mims Jr.,0,58,False,2024
3,2024048,1400,offense,Nate Adkins,21,58,False,2024
3,2024048,1400,offense,Bo Nix,0,58,True,2024
3,2024048,3800,defense,Budda Baker,0,58,False,2024
3,2024048,3800,defense,Justin Jones,0,58,False,2024
3,2024048,3800,defense,Kyzir White,0,58,False,2024
3,2024048,3800,defense,L.J. Collier,0,58,False,2024
3,2024048,3800,defense,Sean Murphy-Bunting,0,58,False,2024
3,2024048,3800,defense,Mack Wilson,0,58,False,2024
3,2024048,3800,defense,Jalen Thompson,0,58,False,2024
3,2024048,3800,defense,Zaven Collins,0,58,False,2024
3,2024048,3800,defense,Roy Lopez,0,58,False,2024
3,2024048,3800,defense,Garrett Williams,0,58,False,2024
3,2024048,3800,defense,Starling Thomas V,0,58,False,2024
3,2024049,3200,offense,David Andrews,0,69,False,2024
3,2024049,3200,offense,Hunter Henry,0,69,False,2024
3,2024049,3200,offense,Jacoby Brissett,7,69,True,2024
3,2024049,3200,offense,Chukwuma Okorafor,35,69,False,2024
3,2024049,3200,offense,Mike Jordan,17,69,False,2024
3,2024049,3200,offense,K.J. Osborn,25,69,False,2024
3,2024049,3200,offense,Mike Onwenu,35,69,False,2024
3,2024049,3200,offense,Rhamondre Stevenson,0,69,False,2024
3,2024049,3200,offense,Tyquan Thornton,23,69,False,2024
3,2024049,3200,offense,Demario Douglas,16,69,False,2024
3,2024049,3200,offense,Layden Robinson,35,69,False,2024
3,2024049,5110,defense,Bobby Wagner,0,69,False,2024
3,2024049,5110,defense,Jonathan Allen,0,69,False,2024
3,2024049,5110,defense,Daron Payne,0,69,False,2024
3,2024049,5110,defense,Dorance Armstrong,0,69,False,2024
3,2024049,5110,defense,Frankie Luvu,0,69,False,2024
3,2024049,5110,defense,Clelin Ferrell,0,69,False,2024
3,2024049,5110,defense,Jeremy Chinn,0,69,False,2024
3,2024049,5110,defense,Benjamin St-Juste,0,69,False,2024
3,2024049,5110,defense,Emmanuel Forbes,0,69,False,2024
3,2024049,5110,defense,Quan Martin,0,69,False,2024
3,2024049,5110,defense,Mike Sainristil,0,69,False,2024
3,2024049,5110,offense,Zach Ertz,0,66,False,2024
3,2024049,5110,offense,Cornelius Lucas,0,66,False,2024
3,2024049,5110,offense,Andrew Wylie,0,66,False,2024
3,2024049,5110,offense,Terry McLaurin,0,66,False,2024
3,2024049,5110,offense,Nick Allegretti,0,66,False,2024
3,2024049,5110,offense,Olamide Zaccheaus,0,66,False,2024
3,2024049,5110,offense,Tyler Biadasz,0,66,False,2024
3,2024049,5110,offense,Sam Cosmi,0,66,False,2024
3,2024049,5110,offense,John Bates,0,66,False,2024
3,2024049,5110,offense,Brian Robinson,0,66,False,2024
3,2024049,5110,offense,Jayden Daniels,0,66,True,2024
3,2024049,3200,defense,Jonathan Jones,0,66,False,2024
3,2024049,3200,defense,Jabrill Peppers,0,66,False,2024
3,2024049,3200,defense,Davon Godchaux,0,66,False,2024
3,2024049,3200,defense,Ja'Whaun Bentley,0,66,False,2024
3,2024049,3200,defense,Daniel Ekuale,9,66,False,2024
3,2024049,3200,defense,Jahlani Tavai,11,66,False,2024
3,2024049,3200,defense,Kyle Dugger,0,66,False,2024
3,2024049,3200,defense,Anfernee Jennings,11,66,False,2024
3,2024049,3200,defense,Marcus Jones,6,66,False,2024
3,2024049,3200,defense,Christian Gonzalez,9,66,False,2024
3,2024049,3200,defense,Keion White,10,66,False,2024
0,2025001,4400,offense,Keenan Allen,0,58,False,2025
0,2025001,4400,offense,Tyler Conklin,0,58,False,2025
0,2025001,4400,offense,Bradley Bozeman,0,58,False,2025
0,2025001,4400,offense,Trey Pipkins,11,58,False,2025
0,2025001,4400,offense,Justin Herbert,0,58,True,2025
0,2025001,4400,offense,Mekhi Becton,0,58,False,2025
0,2025001,4400,offense,Zion Johnson,11,58,False,2025
0,2025001,4400,offense,Quentin Johnston,0,58,False,2025
0,2025001,4400,offense,Joe Alt,0,58,False,2025
0,2025001,4400,offense,Ladd McConkey,0,58,False,2025
0,2025001,4400,offense,Omarion Hampton,5,58,False,2025
0,2025001,1540,defense,DJ Reader,0,58,False,2025
0,2025001,1540,defense,Alex Anzalone,0,58,False,2025
0,2025001,1540,defense,Marcus Davenport,0,58,False,2025
0,2025001,1540,defense,D.J. Reed,0,58,False,2025
0,2025001,1540,defense,Derrick Barnes,0,58,False,2025
0,2025001,1540,defense,Aidan Hutchinson,0,58,False,2025
0,2025001,1540,defense,Kerby Joseph,0,58,False,2025
0,2025001,1540,defense,Jack Campbell,0,58,False,2025
0,2025001,1540,defense,Brian Branch,0,58,False,2025
0,2025001,1540,defense,Terrion Arnold,0,58,False,2025
0,2025001,1540,defense,Tyleik Williams,0,58,False,2025
0,2025001,1540,offense,Jared Goff,0,45,True,2025
0,2025001,1540,offense,Taylor Decker,0,45,False,2025
0,2025001,1540,offense,Graham Glasgow,0,45,False,2025
0,2025001,1540,offense,Penei Sewell,0,45,False,2025
0,2025001,1540,offense,Amon-Ra St. Brown,0,45,False,2025
0,2025001,1540,offense,Brock Wright,0,45,False,2025
0,2025001,1540,offense,Jameson Williams,0,45,False,2025
0,2025001,1540,offense,Jahmyr Gibbs,0,45,False,2025
0,2025001,1540,offense,Sam LaPorta,0,45,False,2025
0,2025001,1540,offense,Christian Mahogany,0,45,False,2025
0,2025001,1540,offense,Tate Ratledge,0,45,False,2025
0,2025001,4400,defense,Khalil Mack,0,45,False,2025
0,2025001,4400,defense,Denzel Perryman,0,45,False,2025
0,2025001,4400,defense,Derwin James,0,45,False,2025
0,2025001,4400,defense,Donte Jackson,0,45,False,2025
0,2025001,4400,defense,Da'Shawn Hand,4,45,False,2025
0,2025001,4400,defense,Alohi Gilman,0,45,False,2025
0,2025001,4400,defense,Teair Tart,0,45,False,2025
0,2025001,4400,defense,Elijah Molden,0,45,False,2025
0,2025001,4400,defense,Tuli Tuipulotu,0,45,False,2025
0,2025001,4400,defense,Daiyan Henley,0,45,False,2025
0,2025001,4400,defense,Tarheeb Still,0,45,False,2025
1,2025002,0325,offense,Ronnie Stanley,0,56,False,2025
1,2025002,0325,offense,Derrick Henry,0,56,False,2025
1,2025002,0325,offense,Lamar Jackson,0,56,True,2025
1,2025002,0325,offense,Mark Andrews,0,56,False,2025
1,2025002,0325,offense,Rashod Bateman,0,56,False,2025
1,2025002,0325,offense,Tyler Linderbaum,0,56,False,2025
1,2025002,0325,offense,Daniel Faalele,10,56,False,2025
1,2025002,0325,offense,Charlie Kolar,9,56,False,2025
1,2025002,0325,offense,Zay Flowers,0,56,False,2025
1,2025002,0325,offense,Andrew Vorhees,10,56,False,2025
1,2025002,0325,offense,Roger Rosengarten,10,56,False,2025
1,2025002,2200,defense,DeForest Buckner,0,56,False,2025
1,2025002,2200,defense,Xavien Howard,0,56,False,2025
1,2025002,2200,defense,Grover Stewart,0,56,False,2025
1,2025002,2200,defense,Kenny Moore II,0,56,False,2025
1,2025002,2200,defense,Zaire Franklin,0,56,False,2025
1,2025002,2200,defense,Charvarius Ward,0,56,False,2025
1,2025002,2200,defense,Joe Bachie,19,56,False,2025
1,2025002,2200,defense,Kwity Paye,1,56,False,2025
1,2025002,2200,defense,Camryn Bynum,0,56,False,2025
1,2025002,2200,defense,Nick Cross,0,56,False,2025
1,2025002,2200,defense,Laiatu Latu,1,56,False,2025
1,2025002,2200,offense,Mo Alie-Cox,0,75,False,2025
1,2025002,2200,offense,Quenton Nelson,0,75,False,2025
1,2025002,2200,offense,Braden Smith,0,75,False,2025
1,2025002,2200,offense,Daniel Jones,29,75,True,2025
1,2025002,2200,offense,Michael Pittman,0,75,False,2025
1,2025002,2200,offense,Jonathan Taylor,0,75,False,2025
1,2025002,2200,offense,Alec Pierce,0,75,False,2025
1,2025002,2200,offense,Bernhard Raimann,0,75,False,2025
1,2025002,2200,offense,Matt Goncalves,34,75,False,2025
1,2025002,2200,offense,Tanor Bortolini,34,75,False,2025
1,2025002,2200,offense,Tyler Warren,17,75,False,2025
1,2025002,0325,defense,Kyle Van Noy,0,75,False,2025
1,2025002,0325,defense,Marlon Humphrey,0,75,False,2025
1,2025002,0325,defense,Chidobe Awuzie,0,75,False,2025
1,2025002,0325,defense,Roquan Smith,0,75,False,2025
1,2025002,0325,defense,Nnamdi Madubuike,0,75,False,2025
1,2025002,0325,defense,Kyle Hamilton,0,75,False,2025
1,2025002,0325,defense,Travis Jones,0,75,False,2025
1,2025002,0325,defense,Trenton Simpson,31,75,False,2025
1,2025002,0325,defense,Tavius Robinson,0,75,False,2025
1,2025002,0325,defense,Nate Wiggins,0,75,False,2025
1,2025002,0325,defense,Malaki Starks,9,75,False,2025
1,2025003,0920,offense,Ted Karras,15,58,False,2025
1,2025003,0920,offense,Lucas Patrick,15,58,False,2025
1,2025003,0920,offense,Orlando Brown,15,58,False,2025
1,2025003,0920,offense,Noah Fant,0,58,False,2025
1,2025003,0920,offense,Drew Sample,12,58,False,2025
1,2025003,0920,offense,Joe Burrow,15,58,True,2025
1,2025003,0920,offense,Tee Higgins,11,58,False,2025
1,2025003,0920,offense,Ja'Marr Chase,15,58,False,2025
1,2025003,0920,offense,Chase Brown,11,58,False,2025
1,2025003,0920,offense,Amarius Mims,15,58,False,2025
1,2025003,0920,offense,Dylan Fairchild,15,58,False,2025
1,2025003,3700,defense,Adoree' Jackson,21,58,False,2025
1,2025003,3700,defense,Zack Baun,0,58,False,2025
1,2025003,3700,defense,Jordan Davis,0,58,False,2025
1,2025003,3700,defense,Reed Blankenship,0,58,False,2025
1,2025003,3700,defense,Nolan Smith,0,58,False,2025
1,2025003,3700,defense,Moro Ojomo,0,58,False,2025
1,2025003,3700,defense,Quinyon Mitchell,0,58,False,2025
1,2025003,3700,defense,Cooper DeJean,0,58,False,2025
1,2025003,3700,defense,Jalyx Hunt,0,58,False,2025
1,2025003,3700,defense,Jihaad Campbell,13,58,False,2025
1,2025003,3700,defense,Andrew Mukuba,0,58,False,2025
1,2025003,3700,offense,Lane Johnson,0,70,False,2025
1,2025003,3700,offense,Saquon Barkley,0,70,False,2025
1,2025003,3700,offense,Dallas Goedert,0,70,False,2025
1,2025003,3700,offense,Jordan Mailata,0,70,False,2025
1,2025003,3700,offense,A.J. Brown,0,70,False,2025
1,2025003,3700,offense,Jalen Hurts,0,70,True,2025
1,2025003,3700,offense,DeVonta Smith,0,70,False,2025
1,2025003,3700,offense,Landon Dickerson,0,70,False,2025
1,2025003,3700,offense,Jahan Dotson,9,70,False,2025
1,2025003,3700,offense,Cam Jurgens,0,70,False,2025
1,2025003,3700,offense,Tyler Steen,9,70,False,2025
1,2025003,0920,defense,Trey Hendrickson,0,70,False,2025
1,2025003,0920,defense,B.J. Hill,0,70,False,2025
1,2025003,0920,defense,Logan Wilson,14,70,False,2025
1,2025003,0920,defense,Geno Stone,4,70,False,2025
1,2025003,0920,defense,Joseph Ossai,14,70,False,2025
1,2025003,0920,defense,Tedarrell Slaton,13,70,False,2025
1,2025003,0920,defense,Daxton Hill,0,70,False,2025
1,2025003,0920,defense,Cam Taylor-Britt,0,70,False,2025
1,2025003,0920,defense,Jordan Battle,14,70,False,2025
1,2025003,0920,defense,Josh Newton,14,70,False,2025
1,2025003,0920,defense,Demetrius Knight Jr.,14,70,False,2025
1,2025004,2520,offense,Geno Smith,4,64,True,2025
1,2025004,2520,offense,Kolton Miller,4,64,False,2025
1,2025004,2520,offense,Jakobi Meyers,4,64,False,2025
1,2025004,2520,offense,Jordan Meredith,35,64,False,2025
1,2025004,2520,offense,Dylan Parham,4,64,False,2025
1,2025004,2520,offense,Michael Mayer,8,64,False,2025
1,2025004,2520,offense,Tre Tucker,4,64,False,2025
1,2025004,2520,offense,Brock Bowers,1,64,False,2025
1,2025004,2520,offense,Jackson Powers-Johnson,35,64,False,2025
1,2025004,2520,offense,DJ Glaze,10,64,False,2025
1,2025004,2520,offense,Ashton Jeanty,8,64,False,2025
1,2025004,4600,defense,DeMarcus Lawrence,0,64,False,2025
1,2025004,4600,defense,Leonard Williams,0,64,False,2025
1,2025004,4600,defense,Jarran Reed,0,64,False,2025
1,2025004,4600,defense,Julian Love,0,64,False,2025
1,2025004,4600,defense,Ernest Jones,0,64,False,2025
1,2025004,4600,defense,Boye Mafe,0,64,False,2025
1,2025004,4600,defense,Coby Bryant,0,64,False,2025
1,2025004,4600,defense,Riq Woolen,0,64,False,2025
1,2025004,4600,defense,Devon Witherspoon,0,64,False,2025
1,2025004,4600,defense,Byron Murphy II,0,64,False,2025
1,2025004,4600,defense,Tyrice Knight,0,64,False,2025
1,2025004,4600,offense,Cooper Kupp,0,63,False,2025
1,2025004,4600,offense,Sam Darnold,0,63,True,2025
1,2025004,4600,offense,Charles Cross,0,63,False,2025
1,2025004,4600,offense,Kenneth Walker III,0,63,False,2025
1,2025004,4600,offense,Abraham Lucas,18,63,False,2025
1,2025004,4600,offense,Jaxon Smith-Njigba,0,63,False,2025
1,2025004,4600,offense,Anthony Bradford,18,63,False,2025
1,2025004,4600,offense,AJ Barner,0,63,False,2025
1,2025004,4600,offense,Jalen Sundell,37,63,False,2025
1,2025004,4600,offense,Grey Zabel,18,63,False,2025
1,2025004,4600,offense,Robbie Ouzts,7,63,False,2025
1,2025004,2520,defense,Elandon Roberts,4,63,False,2025
1,2025004,2520,defense,Adam Butler,8,63,False,2025
1,2025004,2520,defense,Devin White,8,63,False,2025
1,2025004,2520,defense,Germaine Pratt,8,63,False,2025
1,2025004,2520,defense,Maxx Crosby,8,63,False,2025
1,2025004,2520,defense,Jeremy Chinn,8,63,False,2025
1,2025004,2520,defense,Eric Stokes,18,63,False,2025
1,2025004,2520,defense,Thomas Booker,11,63,False,2025
1,2025004,2520,defense,Isaiah Pola-Mao,37,63,False,2025
1,2025004,2520,defense,Kyu Kelly,16,63,False,2025
1,2025004,2520,defense,Jonah Laulu,26,63,False,2025
1,2025005,0200,offense,Jake Matthews,0,34,False,2025
1,2025005,0200,offense,Elijah Wilkinson,32,34,False,2025
1,2025005,0200,offense,Chris Lindstrom,0,34,False,2025
1,2025005,0200,offense,Kyle Pitts,0,34,False,2025
1,2025005,0200,offense,Ryan Neuzil,0,34,False,2025
1,2025005,0200,offense,Drake London,0,34,False,2025
1,2025005,0200,offense,Tyler Allgeier,0,34,False,2025
1,2025005,0200,offense,Bijan Robinson,0,34,False,2025
1,2025005,0200,offense,Matthew Bergeron,0,34,False,2025
1,2025005,0200,offense,Michael Penix Jr.,0,34,True,2025
1,2025005,0200,offense,Casey Washington,11,34,False,2025
1,2025005,1540,defense,DJ Reader,0,34,False,2025
1,2025005,1540,defense,Alex Anzalone,0,34,False,2025
1,2025005,1540,defense,Marcus Davenport,0,34,False,2025
1,2025005,1540,defense,D.J. Reed,0,34,False,2025
1,2025005,1540,defense,Derrick Barnes,0,34,False,2025
1,2025005,1540,defense,Aidan Hutchinson,0,34,False,2025
1,2025005,1540,defense,Kerby Joseph,0,34,False,2025
1,2025005,1540,defense,Jack Campbell,0,34,False,2025
1,2025005,1540,defense,Brian Branch,0,34,False,2025
1,2025005,1540,defense,Terrion Arnold,0,34,False,2025
1,2025005,1540,defense,Tyleik Williams,14,34,False,2025
1,2025005,1540,offense,Jared Goff,0,43,True,2025
1,2025005,1540,offense,Taylor Decker,0,43,False,2025
1,2025005,1540,offense,Graham Glasgow,0,43,False,2025
1,2025005,1540,offense,Penei Sewell,0,43,False,2025
1,2025005,1540,offense,Amon-Ra St. Brown,0,43,False,2025
1,2025005,1540,offense,Brock Wright,0,43,False,2025
1,2025005,1540,offense,Jameson Williams,0,43,False,2025
1,2025005,1540,offense,Jahmyr Gibbs,0,43,False,2025
1,2025005,1540,offense,Sam LaPorta,0,43,False,2025
1,2025005,1540,offense,Christian Mahogany,0,43,False,2025
1,2025005,1540,offense,Tate Ratledge,22,43,False,2025
1,2025005,0200,defense,Leonard Floyd,0,43,False,2025
1,2025005,0200,defense,David Onyemata,0,43,False,2025
1,2025005,0200,defense,Mike Hughes,0,43,False,2025
1,2025005,0200,defense,Jessie Bates,0,43,False,2025
1,2025005,0200,defense,Kaden Elliss,0,43,False,2025
1,2025005,0200,defense,A.J. Terrell,0,43,False,2025
1,2025005,0200,defense,Jordan Fuller,21,43,False,2025
1,2025005,0200,defense,Divine Deablo,0,43,False,2025
1,2025005,0200,defense,Zach Harrison,14,43,False,2025
1,2025005,0200,defense,Brandon Dorlus,12,43,False,2025
1,2025005,0200,defense,Xavier Watts,18,43,False,2025
1,2025006,1050,offense,Joe Flacco,0,63,True,2025
1,2025006,1050,offense,Joel Bitonio,0,63,False,2025
1,2025006,1050,offense,Jack Conklin,0,63,False,2025
1,2025006,1050,offense,David Njoku,0,63,False,2025
1,2025006,1050,offense,Ethan Pocic,0,63,False,2025
1,2025006,1050,offense,Wyatt Teller,0,63,False,2025
1,2025006,1050,offense,Jerry Jeudy,0,63,False,2025
1,2025006,1050,offense,Cedric Tillman,0,63,False,2025
1,2025006,1050,offense,Dawand Jones,0,63,False,2025
1,2025006,1050,offense,Harold Fannin Jr.,6,63,False,2025
1,2025006,1050,offense,Dylan Sampson,8,63,False,2025
1,2025006,0750,defense,A'Shawn Robinson,9,63,False,2025
1,2025006,0750,defense,Mike Jackson,11,63,False,2025
1,2025006,0750,defense,Nick Scott,26,63,False,2025
1,2025006,0750,defense,Derrick Brown,0,63,False,2025
1,2025006,0750,defense,Tershawn Wharton,11,63,False,2025
1,2025006,0750,defense,Christian Rozeboom,11,63,False,2025
1,2025006,0750,defense,Jaycee Horn,0,63,False,2025
1,2025006,0750,defense,Tre'von Moehrig,11,63,False,2025
1,2025006,0750,defense,Patrick Jones II,11,63,False,2025
1,2025006,0750,defense,Trevin Wallace,9,63,False,2025
1,2025006,0750,defense,Chau Smith-Wade,11,63,False,2025
1,2025006,0750,offense,Taylor Moton,11,48,False,2025
1,2025006,0750,offense,Austin Corbett,11,48,False,2025
1,2025006,0750,offense,Yosh Nijman,35,48,False,2025
1,2025006,0750,offense,Robert Hunt,11,48,False,2025
1,2025006,0750,offense,Damien Lewis,0,48,False,2025
1,2025006,0750,offense,Tommy Tremble,0,48,False,2025
1,2025006,0750,offense,Chuba Hubbard,6,48,False,2025
1,2025006,0750,offense,Bryce Young,11,48,True,2025
1,2025006,0750,offense,Xavier Legette,5,48,False,2025
1,2025006,0750,offense,Ja'Tavion Sanders,8,48,False,2025
1,2025006,0750,offense,Tetairoa McMillan,24,48,False,2025
1,2025006,1050,defense,Maliek Collins,0,48,False,2025
1,2025006,1050,defense,Myles Garrett,0,48,False,2025
1,2025006,1050,defense,Denzel Ward,0,48,False,2025
1,2025006,1050,defense,Jerome Baker,11,48,False,2025
1,2025006,1050,defense,Devin Bush,11,48,False,2025
1,2025006,1050,defense,Grant Delpit,0,48,False,2025
1,2025006,1050,defense,Greg Newsome II,0,48,False,2025
1,2025006,1050,defense,Isaiah McGuire,8,48,False,2025
1,2025006,1050,defense,Ronnie Hickman Jr.,11,48,False,2025
1,2025006,1050,defense,Mason Graham,11,48,False,2025
1,2025006,1050,defense,Carson Schwesinger,11,48,False,2025
1,2025007,5110,offense,Zach Ertz,0,65,False,2025
1,2025007,5110,offense,Laremy Tunsil,0,65,False,2025
1,2025007,5110,offense,Noah Brown,8,65,False,2025
1,2025007,5110,offense,Austin Ekeler,0,65,False,2025
1,2025007,5110,offense,Terry McLaurin,0,65,False,2025
1,2025007,5110,offense,Nick Allegretti,0,65,False,2025
1,2025007,5110,offense,Tyler Biadasz,0,65,False,2025
1,2025007,5110,offense,John Bates,0,65,False,2025
1,2025007,5110,offense,Jayden Daniels,0,65,True,2025
1,2025007,5110,offense,Brandon Coleman,0,65,False,2025
1,2025007,5110,offense,Josh Conerly Jr.,20,65,False,2025
1,2025007,3200,defense,Harold Landry III,0,65,False,2025
1,2025007,3200,defense,Carlton Davis III,0,65,False,2025
1,2025007,3200,defense,Robert Spillane,17,65,False,2025
1,2025007,3200,defense,K'Lavon Chaisson,0,65,False,2025
1,2025007,3200,defense,Kyle Dugger,17,65,False,2025
1,2025007,3200,defense,Jaylinn Hawkins,26,65,False,2025
1,2025007,3200,defense,Christian Barmore,0,65,False,2025
1,2025007,3200,defense,Milton Williams,12,65,False,2025
1,2025007,3200,defense,Christian Elliss,16,65,False,2025
1,2025007,3200,defense,Alex Austin,28,65,False,2025
1,2025007,3200,defense,Craig Woodson,26,65,False,2025
1,2025007,3200,offense,Morgan Moses,0,59,False,2025
1,2025007,3200,offense,Stefon Diggs,0,59,False,2025
1,2025007,3200,offense,Hunter Henry,5,59,False,2025
1,2025007,3200,offense,Mack Hollins,11,59,False,2025
1,2025007,3200,offense,Garrett Bradbury,12,59,False,2025
1,2025007,3200,offense,Mike Onwenu,13,59,False,2025
1,2025007,3200,offense,Rhamondre Stevenson,10,59,False,2025
1,2025007,3200,offense,Kayshon Boutte,10,59,False,2025
1,2025007,3200,offense,Drake Maye,13,59,True,2025
1,2025007,3200,offense,Will Campbell,13,59,False,2025
1,2025007,3200,offense,Jared Wilson,13,59,False,2025
1,2025007,5110,defense,Bobby Wagner,0,59,False,2025
1,2025007,5110,defense,Eddie Goldman,21,59,False,2025
1,2025007,5110,defense,Marshon Lattimore,0,59,False,2025
1,2025007,5110,defense,Deatrich Wise,0,59,False,2025
1,2025007,5110,defense,Daron Payne,0,59,False,2025
1,2025007,5110,defense,Jacob Martin,13,59,False,2025
1,2025007,5110,defense,Frankie Luvu,0,59,False,2025
1,2025007,5110,defense,Will Harris,0,59,False,2025
1,2025007,5110,defense,Javon Kinlaw,0,59,False,2025
1,2025007,5110,defense,Quan Martin,0,59,False,2025
1,2025007,5110,defense,Mike Sainristil,0,59,False,2025
1,2025008,3410,offense,Russell Wilson,11,76,True,2025
1,2025008,3410,offense,Greg Van Roten,11,76,False,2025
1,2025008,3410,offense,Chris Manhertz,7,76,False,2025
1,2025008,3410,offense,Jermaine Eluemunor,11,76,False,2025
1,2025008,3410,offense,Darius Slayton,0,76,False,2025
1,2025008,3410,offense,Jon Runyan,11,76,False,2025
1,2025008,3410,offense,James Hudson,11,76,False,2025
1,2025008,3410,offense,John Michael Schmitz,11,76,False,2025
1,2025008,3410,offense,Malik Nabers,0,76,False,2025
1,2025008,3410,offense,Theo Johnson,8,76,False,2025
1,2025008,3410,offense,Tyrone Tracy Jr.,5,76,False,2025
1,2025008,0610,defense,DaQuan Jones,11,76,False,2025
1,2025008,0610,defense,Joey Bosa,10,76,False,2025
1,2025008,0610,defense,Matt Milano,17,76,False,2025
1,2025008,0610,defense,Ed Oliver,11,76,False,2025
1,2025008,0610,defense,Taylor Rapp,0,76,False,2025
1,2025008,0610,defense,Greg Rousseau,10,76,False,2025
1,2025008,0610,defense,Terrel Bernard,0,76,False,2025
1,2025008,0610,defense,Christian Benford,17,76,False,2025
1,2025008,0610,defense,Dorian Williams,0,76,False,2025
1,2025008,0610,defense,Cole Bishop,0,76,False,2025
1,2025008,0610,defense,Dorian Strong,54,76,False,2025
1,2025008,0610,offense,Dion Dawkins,14,53,False,2025
1,2025008,0610,offense,Josh Allen,0,53,True,2025
1,2025008,0610,offense,Connor McGovern,14,53,False,2025
1,2025008,0610,offense,Dawson Knox,8,53,False,2025
1,2025008,0610,offense,David Edwards,14,53,False,2025
1,2025008,0610,offense,Josh Palmer,14,53,False,2025
1,2025008,0610,offense,Spencer Brown,0,53,False,2025
1,2025008,0610,offense,James Cook,0,53,False,2025
1,2025008,0610,offense,Dalton Kincaid,4,53,False,2025
1,2025008,0610,offense,O'Cyrus Torrence,14,53,False,2025
1,2025008,0610,offense,Keon Coleman,14,53,False,2025
1,2025008,3410,defense,Roy Robertson-Harris,8,53,False,2025
1,2025008,3410,defense,Brian Burns,5,53,False,2025
1,2025008,3410,defense,Dexter Lawrence,0,53,False,2025
1,2025008,3410,defense,Bobby Okereke,8,53,False,2025
1,2025008,3410,defense,Jevon Holland,8,53,False,2025
1,2025008,3410,defense,Paulson Adebo,8,53,False,2025
1,2025008,3410,defense,Kayvon Thibodeaux,6,53,False,2025
1,2025008,3410,defense,Cordale Flott,0,53,False,2025
1,2025008,3410,defense,Micah McFadden,7,53,False,2025
1,2025008,3410,defense,Tyler Nubin,8,53,False,2025
1,2025008,3410,defense,Andru Phillips,3,53,False,2025
1,2025009,3000,offense,Ryan Kelly,12,62,False,2025
1,2025009,3000,offense,Aaron Jones,0,62,False,2025
1,2025009,3000,offense,Brian O'Neill,12,62,False,2025
1,2025009,3000,offense,T.J. Hockenson,8,62,False,2025
1,2025009,3000,offense,Josh Oliver,8,62,False,2025
1,2025009,3000,offense,Justin Skule,12,62,False,2025
1,2025009,3000,offense,Justin Jefferson,0,62,False,2025
1,2025009,3000,offense,Will Fries,12,62,False,2025
1,2025009,3000,offense,Jalen Nailor,23,62,False,2025
1,2025009,3000,offense,J.J. McCarthy,12,62,True,2025
1,2025009,3000,offense,Donovan Jackson,12,62,False,2025
1,2025009,2120,defense,Danielle Hunter,0,62,False,2025
1,2025009,2120,defense,Sheldon Rankins,0,62,False,2025
1,2025009,2120,defense,Tim Settle,13,62,False,2025
1,2025009,2120,defense,C.J. Gardner-Johnson,0,62,False,2025
1,2025009,2120,defense,Azeez Al-Shaair,0,62,False,2025
1,2025009,2120,defense,Derek Stingley Jr.,0,62,False,2025
1,2025009,2120,defense,Jalen Pitre,0,62,False,2025
1,2025009,2120,defense,Will Anderson Jr.,0,62,False,2025
1,2025009,2120,defense,Henry To'oTo'o,0,62,False,2025
1,2025009,2120,defense,Kamari Lassiter,0,62,False,2025
1,2025009,2120,defense,Calen Bullock,0,62,False,2025
1,2025009,2120,offense,Laken Tomlinson,0,48,False,2025
1,2025009,2120,offense,Cam Robinson,0,48,False,2025
1,2025009,2120,offense,Nick Chubb,0,48,False,2025
1,2025009,2120,offense,Dalton Schultz,0,48,False,2025
1,2025009,2120,offense,Justin Watson,27,48,False,2025
1,2025009,2120,offense,Tytus Howard,0,48,False,2025
1,2025009,2120,offense,Nico Collins,0,48,False,2025
1,2025009,2120,offense,C.J. Stroud,0,48,True,2025
1,2025009,2120,offense,Jake Andrews,10,48,False,2025
1,2025009,2120,offense,Xavier Hutchinson,15,48,False,2025
1,2025009,2120,offense,Aireontae Ersery,10,48,False,2025
1,2025009,3000,defense,Javon Hargrave,0,48,False,2025
1,2025009,3000,defense,Jonathan Allen,0,48,False,2025
1,2025009,3000,defense,Byron Murphy,0,48,False,2025
1,2025009,3000,defense,Andrew Van Ginkel,0,48,False,2025
1,2025009,3000,defense,Blake Cashman,0,48,False,2025
1,2025009,3000,defense,Jonathan Greenard,0,48,False,2025
1,2025009,3000,defense,Josh Metellus,0,48,False,2025
1,2025009,3000,defense,Isaiah Rodgers,10,48,False,2025
1,2025009,3000,defense,Theo Jackson,12,48,False,2025
1,2025009,3000,defense,Jalen Redmond,21,48,False,2025
1,2025009,3000,defense,Ivan Pace Jr.,10,48,False,2025
1,2025010,2250,offense,Patrick Mekari,0,61,False,2025
1,2025010,2250,offense,Ezra Cleveland,11,61,False,2025
1,2025010,2250,offense,Trevor Lawrence,11,61,True,2025
1,2025010,2250,offense,Travis Etienne,11,61,False,2025
1,2025010,2250,offense,Walker Little,11,61,False,2025
1,2025010,2250,offense,Dyami Brown,9,61,False,2025
1,2025010,2250,offense,Robert Hainsey,11,61,False,2025
1,2025010,2250,offense,Anton Harrison,11,61,False,2025
1,2025010,2250,offense,Brenton Strange,9,61,False,2025
1,2025010,2250,offense,Brian Thomas Jr.,11,61,False,2025
1,2025010,2250,offense,Travis Hunter,10,61,False,2025
1,2025010,3900,defense,Cameron Heyward,0,61,False,2025
1,2025010,3900,defense,Darius Slay,0,61,False,2025
1,2025010,3900,defense,Jalen Ramsey,0,61,False,2025
1,2025010,3900,defense,T.J. Watt,0,61,False,2025
1,2025010,3900,defense,DeShon Elliott,0,61,False,2025
1,2025010,3900,defense,Patrick Queen,0,61,False,2025
1,2025010,3900,defense,Alex Highsmith,0,61,False,2025
1,2025010,3900,defense,Isaiahh Loudermilk,26,61,False,2025
1,2025010,3900,defense,Joey Porter Jr.,0,61,False,2025
1,2025010,3900,defense,Keeanu Benton,8,61,False,2025
1,2025010,3900,defense,Payton Wilson,11,61,False,2025
1,2025010,3900,offense,Aaron Rodgers,0,63,True,2025
1,2025010,3900,offense,Isaac Seumalo,0,63,False,2025
1,2025010,3900,offense,DK Metcalf,0,63,False,2025
1,2025010,3900,offense,Pat Freiermuth,0,63,False,2025
1,2025010,3900,offense,Kenneth Gainwell,4,63,False,2025
1,2025010,3900,offense,Calvin Austin III,0,63,False,2025
1,2025010,3900,offense,Broderick Jones,13,63,False,2025
1,2025010,3900,offense,Troy Fautanu,13,63,False,2025
1,2025010,3900,offense,Zach Frazier,13,63,False,2025
1,2025010,3900,offense,Roman Wilson,8,63,False,2025
1,2025010,3900,offense,Mason McCormick,13,63,False,2025
1,2025010,2250,defense,Arik Armstead,0,63,False,2025
1,2025010,2250,defense,Eric Murray,9,63,False,2025
1,2025010,2250,defense,Jourdan Lewis,9,63,False,2025
1,2025010,2250,defense,Foye Oluokun,9,63,False,2025
1,2025010,2250,defense,Dennis Gardeck,0,63,False,2025
1,2025010,2250,defense,Josh Hines-Allen,8,63,False,2025
1,2025010,2250,defense,Andrew Wingard,13,63,False,2025
1,2025010,2250,defense,DaVon Hamilton,7,63,False,2025
1,2025010,2250,defense,Tyson Campbell,9,63,False,2025
1,2025010,2250,defense,Travon Walker,7,63,False,2025
1,2025010,2250,defense,Devin Lloyd,12,63,False,2025
1,2025011,2510,offense,Matthew Stafford,0,61,True,2025
1,2025011,2510,offense,Davante Adams,0,61,False,2025
1,2025011,2510,offense,Rob Havenstein,0,61,False,2025
1,2025011,2510,offense,Tyler Higbee,0,61,False,2025
1,2025011,2510,offense,Coleman Shelton,0,61,False,2025
1,2025011,2510,offense,Kevin Dotson,0,61,False,2025
1,2025011,2510,offense,Tutu Atwell,0,61,False,2025
1,2025011,2510,offense,Alaric Jackson,0,61,False,2025
1,2025011,2510,offense,Kyren Williams,0,61,False,2025
1,2025011,2510,offense,Steve Avila,0,61,False,2025
1,2025011,2510,offense,Puka Nacua,0,61,False,2025
1,2025011,1200,defense,Dante Fowler Jr.,0,61,False,2025
1,2025011,1200,defense,Kenny Clark,0,61,False,2025
1,2025011,1200,defense,Malik Hooker,0,61,False,2025
1,2025011,1200,defense,Donovan Wilson,0,61,False,2025
1,2025011,1200,defense,"Kenneth Murray, Jr.",0,61,False,2025
1,2025011,1200,defense,Osa Odighizuwa,0,61,False,2025
1,2025011,1200,defense,Kaiir Elam,0,61,False,2025
1,2025011,1200,defense,Sam Williams,0,61,False,2025
1,2025011,1200,defense,DaRon Bland,0,61,False,2025
1,2025011,1200,defense,Damone Clark,11,61,False,2025
1,2025011,1200,defense,Jack Sanborn,0,61,False,2025
1,2025011,1200,offense,Dak Prescott,0,58,True,2025
1,2025011,1200,offense,CeeDee Lamb,0,58,False,2025
1,2025011,1200,offense,Terence Steele,0,58,False,2025
1,2025011,1200,offense,Javonte Williams,0,58,False,2025
1,2025011,1200,offense,Tyler Smith,0,58,False,2025
1,2025011,1200,offense,George Pickens,0,58,False,2025
1,2025011,1200,offense,Jalen Tolbert,13,58,False,2025
1,2025011,1200,offense,Jake Ferguson,0,58,False,2025
1,2025011,1200,offense,Tyler Guyton,0,58,False,2025
1,2025011,1200,offense,Cooper Beebe,0,58,False,2025
1,2025011,1200,offense,Tyler Booker,0,58,False,2025
1,2025011,2510,defense,Ahkello Witherspoon,0,58,False,2025
1,2025011,2510,defense,Kam Curl,0,58,False,2025
1,2025011,2510,defense,Quentin Lake,0,58,False,2025
1,2025011,2510,defense,Nate Landman,0,58,False,2025
1,2025011,2510,defense,Emmanuel Forbes,0,58,False,2025
1,2025011,2510,defense,Byron Young,0,58,False,2025
1,2025011,2510,defense,Kobie Turner,0,58,False,2025
1,2025011,2510,defense,Jared Verse,0,58,False,2025
1,2025011,2510,defense,Braden Fiske,0,58,False,2025
1,2025011,2510,defense,Kamren Kinchens,0,58,False,2025
1,2025011,2510,defense,Omar Speights,0,58,False,2025
1,2025012,4900,offense,Mike Evans,0,66,False,2025
1,2025012,4900,offense,Baker Mayfield,0,66,True,2025
1,2025012,4900,offense,Mike Jordan,41,66,False,2025
1,2025012,4900,offense,Ben Bredeson,0,66,False,2025
1,2025012,4900,offense,Luke Goedeke,0,66,False,2025
1,2025012,4900,offense,Cade Otton,0,66,False,2025
1,2025012,4900,offense,Cody Mauch,0,66,False,2025
1,2025012,4900,offense,Payne Durham,23,66,False,2025
1,2025012,4900,offense,Graham Barton,0,66,False,2025
1,2025012,4900,offense,Bucky Irving,0,66,False,2025
1,2025012,4900,offense,Emeka Egbuka,10,66,False,2025
1,2025012,2100,defense,Xavier Woods,6,66,False,2025
1,2025012,2100,defense,Sebastian Joseph-Day,6,66,False,2025
1,2025012,2100,defense,Jeffery Simmons,0,66,False,2025
1,2025012,2100,defense,Dre'Mont Jones,4,66,False,2025
1,2025012,2100,defense,Cody Barton,6,66,False,2025
1,2025012,2100,defense,Amani Hooker,6,66,False,2025
1,2025012,2100,defense,L'Jarius Sneed,0,66,False,2025
1,2025012,2100,defense,T'Vondre Sweat,0,66,False,2025
1,2025012,2100,defense,Cedric Gray,42,66,False,2025
1,2025012,2100,defense,Jarvis Brownlee Jr.,6,66,False,2025
1,2025012,2100,defense,Oluwafemi Oladejo,19,66,False,2025
1,2025012,2100,offense,Kevin Zeitler,0,51,False,2025
1,2025012,2100,offense,Calvin Ridley,10,51,False,2025
1,2025012,2100,offense,Tony Pollard,11,51,False,2025
1,2025012,2100,offense,Lloyd Cushenberry III,0,51,False,2025
1,2025012,2100,offense,Dan Moore Jr.,14,51,False,2025
1,2025012,2100,offense,Chig Okonkwo,14,51,False,2025
1,2025012,2100,offense,Peter Skoronski,14,51,False,2025
1,2025012,2100,offense,JC Latham,14,51,False,2025
1,2025012,2100,offense,Cam Ward,0,51,True,2025
1,2025012,2100,offense,Gunnar Helm,19,51,False,2025
1,2025012,2100,offense,Elic Ayomanor,22,51,False,2025
1,2025012,4900,defense,Lavonte David,0,51,False,2025
1,2025012,4900,defense,Haason Reddick,0,51,False,2025
1,2025012,4900,defense,Vita Vea,0,51,False,2025
1,2025012,4900,defense,Jamel Dean,0,51,False,2025
1,2025012,4900,defense,Antoine Winfield Jr.,0,51,False,2025
1,2025012,4900,defense,Logan Hall,0,51,False,2025
1,2025012,4900,defense,Zyon McCollum,0,51,False,2025
1,2025012,4900,defense,Calijah Kancey,0,51,False,2025
1,2025012,4900,defense,Yaya Diaby,0,51,False,2025
1,2025012,4900,defense,SirVocea Dennis,14,51,False,2025
1,2025012,4900,defense,Tykee Smith,0,51,False,2025
1,2025013,2310,offense,Travis Kelce,2,59,False,2025
1,2025013,2310,offense,Patrick Mahomes,2,59,True,2025
1,2025013,2310,offense,JuJu Smith-Schuster,2,59,False,2025
1,2025013,2310,offense,Marquise Brown,0,59,False,2025
1,2025013,2310,offense,Jawaan Taylor,2,59,False,2025
1,2025013,2310,offense,Creed Humphrey,10,59,False,2025
1,2025013,2310,offense,Trey Smith,10,59,False,2025
1,2025013,2310,offense,Isiah Pacheco,2,59,False,2025
1,2025013,2310,offense,Xavier Worthy,4,59,False,2025
1,2025013,2310,offense,Kingsley Suamataia,10,59,False,2025
1,2025013,2310,offense,Josh Simmons,10,59,False,2025
1,2025013,3800,defense,Calais Campbell,0,59,False,2025
1,2025013,3800,defense,Budda Baker,10,59,False,2025
1,2025013,3800,defense,Dalvin Tomlinson,5,59,False,2025
1,2025013,3800,defense,Josh Sweat,0,59,False,2025
1,2025013,3800,defense,Mack Wilson,10,59,False,2025
1,2025013,3800,defense,Jalen Thompson,10,59,False,2025
1,2025013,3800,defense,Akeem Davis-Gaither,19,59,False,2025
1,2025013,3800,defense,Baron Browning,10,59,False,2025
1,2025013,3800,defense,Garrett Williams,10,59,False,2025
1,2025013,3800,defense,Darius Robinson,8,59,False,2025
1,2025013,3800,defense,Max Melton,19,59,False,2025
1,2025013,3800,offense,James Conner,7,58,False,2025
1,2025013,3800,offense,Evan Brown,16,58,False,2025
1,2025013,3800,offense,Kyler Murray,16,58,True,2025
1,2025013,3800,offense,Jonah Williams,16,58,False,2025
1,2025013,3800,offense,Hjalte Froholdt,16,58,False,2025
1,2025013,3800,offense,Trey McBride,8,58,False,2025
1,2025013,3800,offense,Paris Johnson Jr.,16,58,False,2025
1,2025013,3800,offense,Elijah Higgins,24,58,False,2025
1,2025013,3800,offense,Marvin Harrison Jr.,16,58,False,2025
1,2025013,3800,offense,Isaiah Adams,16,58,False,2025
1,2025013,3800,offense,Tip Reiman,13,58,False,2025
1,2025013,2310,defense,Chris Jones,3,58,False,2025
1,2025013,2310,defense,Jerry Tillery,28,58,False,2025
1,2025013,2310,defense,Drue Tranquill,0,58,False,2025
1,2025013,2310,defense,Michael Danna,5,58,False,2025
1,2025013,2310,defense,Nick Bolton,7,58,False,2025
1,2025013,2310,defense,Trent McDuffie,7,58,False,2025
1,2025013,2310,defense,Bryan Cook,19,58,False,2025
1,2025013,2310,defense,Leo Chenal,7,58,False,2025
1,2025013,2310,defense,Jaylen Watson,14,58,False,2025
1,2025013,2310,defense,Chamarri Conner,7,58,False,2025
1,2025013,2310,defense,Jaden Hicks,19,58,False,2025
1,2025014,1800,offense,Josh Jacobs,1,43,False,2025
1,2025014,1800,offense,Elgton Jenkins,10,43,False,2025
1,2025014,1800,offense,Jordan Love,10,43,True,2025
1,2025014,1800,offense,Aaron Banks,10,43,False,2025
1,2025014,1800,offense,Sean Rhyan,27,43,False,2025
1,2025014,1800,offense,Romeo Doubs,10,43,False,2025
1,2025014,1800,offense,Zach Tom,10,43,False,2025
1,2025014,1800,offense,Rasheed Walker,0,43,False,2025
1,2025014,1800,offense,Luke Musgrave,9,43,False,2025
1,2025014,1800,offense,Tucker Kraft,8,43,False,2025
1,2025014,1800,offense,Matthew Golden,10,43,False,2025
1,2025014,3430,defense,Harrison Phillips,0,43,False,2025
1,2025014,3430,defense,Quinnen Williams,0,43,False,2025
1,2025014,3430,defense,Quincy Williams,10,43,False,2025
1,2025014,3430,defense,Andre Cisco,10,43,False,2025
1,2025014,3430,defense,Brandon Stephens,10,43,False,2025
1,2025014,3430,defense,Jamien Sherwood,10,43,False,2025
1,2025014,3430,defense,Michael Carter II,7,43,False,2025
1,2025014,3430,defense,Sauce Gardner,10,43,False,2025
1,2025014,3430,defense,Jermaine Johnson II,0,43,False,2025
1,2025014,3430,defense,Tony Adams,13,43,False,2025
1,2025014,3430,defense,Will McDonald IV,8,43,False,2025
1,2025014,3430,offense,Josh Reynolds,9,68,False,2025
1,2025014,3430,offense,John Simpson,0,68,False,2025
1,2025014,3430,offense,Justin Fields,10,68,True,2025
1,2025014,3430,offense,Josh Myers,22,68,False,2025
1,2025014,3430,offense,Garrett Wilson,10,68,False,2025
1,2025014,3430,offense,Breece Hall,5,68,False,2025
1,2025014,3430,offense,Jeremy Ruckert,22,68,False,2025
1,2025014,3430,offense,Joe Tippmann,10,68,False,2025
1,2025014,3430,offense,Olumuyiwa Fashanu,10,68,False,2025
1,2025014,3430,offense,Armand Membou,22,68,False,2025
1,2025014,3430,offense,Mason Taylor,0,68,False,2025
1,2025014,1800,defense,Rashan Gary,8,68,False,2025
1,2025014,1800,defense,Keisean Nixon,10,68,False,2025
1,2025014,1800,defense,Xavier McKinney,0,68,False,2025
1,2025014,1800,defense,Isaiah McDuffie,10,68,False,2025
1,2025014,1800,defense,Quay Walker,0,68,False,2025
1,2025014,1800,defense,Devonte Wyatt,9,68,False,2025
1,2025014,1800,defense,Lukas Van Ness,9,68,False,2025
1,2025014,1800,defense,Colby Wooden,25,68,False,2025
1,2025014,1800,defense,Carrington Valentine,10,68,False,2025
1,2025014,1800,defense,Edgerrin Cooper,10,68,False,2025
1,2025014,1800,defense,Javon Bullard,10,68,False,2025
1,2025015,4500,offense,Trent Williams,0,47,False,2025
1,2025015,4500,offense,Kyle Juszczyk,0,47,False,2025
1,2025015,4500,offense,Jake Brendel,0,47,False,2025
1,2025015,4500,offense,Christian McCaffrey,0,47,False,2025
1,2025015,4500,offense,George Kittle,0,47,False,2025
1,2025015,4500,offense,Ben Bartch,12,47,False,2025
1,2025015,4500,offense,Colton McKivitz,0,47,False,2025
1,2025015,4500,offense,Jauan Jennings,0,47,False,2025
1,2025015,4500,offense,Brock Purdy,0,47,True,2025
1,2025015,4500,offense,Ricky Pearsall,0,47,False,2025
1,2025015,4500,offense,Dominick Puni,0,47,False,2025
1,2025015,1400,defense,Alex Singleton,0,47,False,2025
1,2025015,1400,defense,D.J. Jones,7,47,False,2025
1,2025015,1400,defense,John Franklin-Myers,5,47,False,2025
1,2025015,1400,defense,Zach Allen,7,47,False,2025
1,2025015,1400,defense,Brandon Jones,10,47,False,2025
1,2025015,1400,defense,Justin Strnad,14,47,False,2025
1,2025015,1400,defense,Pat Surtain II,10,47,False,2025
1,2025015,1400,defense,Talanoa Hufanga,10,47,False,2025
1,2025015,1400,defense,Jonathon Cooper,10,47,False,2025
1,2025015,1400,defense,Nik Bonitto,10,47,False,2025
1,2025015,1400,defense,Riley Moss,10,47,False,2025
1,2025015,1400,offense,Garett Bolles,18,70,False,2025
1,2025015,1400,offense,Mike McGlinchey,18,70,False,2025
1,2025015,1400,offense,Courtland Sutton,16,70,False,2025
1,2025015,1400,offense,Ben Powers,18,70,False,2025
1,2025015,1400,offense,J.K. Dobbins,6,70,False,2025
1,2025015,1400,offense,Adam Trautman,9,70,False,2025
1,2025015,1400,offense,Quinn Meinerz,18,70,False,2025
1,2025015,1400,offense,Luke Wattenberg,18,70,False,2025
1,2025015,1400,offense,Lucas Krull,27,70,False,2025
1,2025015,1400,offense,Bo Nix,18,70,True,2025
1,2025015,1400,offense,Troy Franklin,23,70,False,2025
1,2025015,4500,defense,Fred Warner,0,70,False,2025
1,2025015,4500,defense,Nick Bosa,0,70,False,2025
1,2025015,4500,defense,Luke Gifford,10,70,False,2025
1,2025015,4500,defense,Jordan Elliott,0,70,False,2025
1,2025015,4500,defense,Deommodore Lenoir,0,70,False,2025
1,2025015,4500,defense,Jason Pinnock,10,70,False,2025
1,2025015,4500,defense,Kalia Davis,17,70,False,2025
1,2025015,4500,defense,Dee Winters,10,70,False,2025
1,2025015,4500,defense,Renardo Green,0,70,False,2025
1,2025015,4500,defense,Mykel Williams,0,70,False,2025
1,2025015,4500,defense,Marques Sigle,30,70,False,2025
1,2025016,0810,offense,Joe Thuney,0,62,False,2025
1,2025016,0810,offense,DJ Moore,0,62,False,2025
1,2025016,0810,offense,Olamide Zaccheaus,0,62,False,2025
1,2025016,0810,offense,D'Andre Swift,0,62,False,2025
1,2025016,0810,offense,Cole Kmet,0,62,False,2025
1,2025016,0810,offense,Jonah Jackson,0,62,False,2025
1,2025016,0810,offense,Drew Dalman,0,62,False,2025
1,2025016,0810,offense,Braxton Jones,20,62,False,2025
1,2025016,0810,offense,Darnell Wright,0,62,False,2025
1,2025016,0810,offense,Caleb Williams,0,62,True,2025
1,2025016,0810,offense,Rome Odunze,0,62,False,2025
1,2025016,2700,defense,Bradley Chubb,2,62,False,2025
1,2025016,2700,defense,Minkah Fitzpatrick,2,62,False,2025
1,2025016,2700,defense,Zach Sieler,2,62,False,2025
1,2025016,2700,defense,Tyrel Dodson,2,62,False,2025
1,2025016,2700,defense,Jordyn Brooks,2,62,False,2025
1,2025016,2700,defense,Benito Jones,3,62,False,2025
1,2025016,2700,defense,Jaelan Phillips,0,62,False,2025
1,2025016,2700,defense,Ifeatu Melifonwu,19,62,False,2025
1,2025016,2700,defense,Jack Jones,18,62,False,2025
1,2025016,2700,defense,Storm Duck,17,62,False,2025
1,2025016,2700,defense,Kenneth Grant,20,62,False,2025
1,2025016,2700,offense,Tyreek Hill,0,59,False,2025
1,2025016,2700,offense,James Daniels,15,59,False,2025
1,2025016,2700,offense,Alec Ingold,0,59,False,2025
1,2025016,2700,offense,Tua Tagovailoa,15,59,True,2025
1,2025016,2700,offense,Austin Jackson,0,59,False,2025
1,2025016,2700,offense,Aaron Brewer,15,59,False,2025
1,2025016,2700,offense,Jaylen Waddle,0,59,False,2025
1,2025016,2700,offense,De'Von Achane,8,59,False,2025
1,2025016,2700,offense,Julian Hill,20,59,False,2025
1,2025016,2700,offense,Patrick Paul,22,59,False,2025
1,2025016,2700,offense,Jonah Savaiinaea,30,59,False,2025
1,2025016,0810,defense,Grady Jarrett,0,59,False,2025
1,2025016,0810,defense,Kevin Byard,0,59,False,2025
1,2025016,0810,defense,Tremaine Edmunds,0,59,False,2025
1,2025016,0810,defense,Montez Sweat,0,59,False,2025
1,2025016,0810,defense,Dayo Odeyingbo,0,59,False,2025
1,2025016,0810,defense,Nahshon Wright,15,59,False,2025
1,2025016,0810,defense,Nick McCloud,0,59,False,2025
1,2025016,0810,defense,Jaquan Brisker,0,59,False,2025
1,2025016,0810,defense,Gervon Dexter Sr.,0,59,False,2025
1,2025016,0810,defense,Tyrique Stevenson,15,59,False,2025
1,2025016,0810,defense,Noah Sewell,28,59,False,2025
1,2025017,4400,offense,Keenan Allen,0,54,False,2025
1,2025017,4400,offense,Tyler Conklin,2,54,False,2025
1,2025017,4400,offense,Bradley Bozeman,0,54,False,2025
1,2025017,4400,offense,Trey Pipkins,0,54,False,2025
1,2025017,4400,offense,Justin Herbert,0,54,True,2025
1,2025017,4400,offense,Mekhi Becton,0,54,False,2025
1,2025017,4400,offense,Zion Johnson,10,54,False,2025
1,2025017,4400,offense,Quentin Johnston,0,54,False,2025
1,2025017,4400,offense,Joe Alt,0,54,False,2025
1,2025017,4400,offense,Ladd McConkey,0,54,False,2025
1,2025017,4400,offense,Omarion Hampton,0,54,False,2025
1,2025017,3300,defense,Cameron Jordan,0,54,False,2025
1,2025017,3300,defense,Demario Davis,0,54,False,2025
1,2025017,3300,defense,Davon Godchaux,0,54,False,2025
1,2025017,3300,defense,Justin Reid,0,54,False,2025
1,2025017,3300,defense,Nathan Shepherd,6,54,False,2025
1,2025017,3300,defense,Isaac Yiadom,13,54,False,2025
1,2025017,3300,defense,Carl Granderson,0,54,False,2025
1,2025017,3300,defense,Julian Blackmon,8,54,False,2025
1,2025017,3300,defense,Pete Werner,0,54,False,2025
1,2025017,3300,defense,Bryan Bresee,8,54,False,2025
1,2025017,3300,defense,Kool-Aid McKinstry,8,54,False,2025
1,2025017,3300,offense,Alvin Kamara,0,59,False,2025
1,2025017,3300,offense,Erik McCoy,0,59,False,2025
1,2025017,3300,offense,Cesar Ruiz,8,59,False,2025
1,2025017,3300,offense,Juwan Johnson,8,59,False,2025
1,2025017,3300,offense,Dillon Radunz,46,59,False,2025
1,2025017,3300,offense,Jack Stoll,17,59,False,2025
1,2025017,3300,offense,Chris Olave,0,59,False,2025
1,2025017,3300,offense,Rashid Shaheed,0,59,False,2025
1,2025017,3300,offense,Taliese Fuaga,8,59,False,2025
1,2025017,3300,offense,Spencer Rattler,25,59,True,2025
1,2025017,3300,offense,Kelvin Banks Jr.,17,59,False,2025
1,2025017,4400,defense,Khalil Mack,0,59,False,2025
1,2025017,4400,defense,Denzel Perryman,0,59,False,2025
1,2025017,4400,defense,Derwin James,0,59,False,2025
1,2025017,4400,defense,Donte Jackson,0,59,False,2025
1,2025017,4400,defense,Da'Shawn Hand,6,59,False,2025
1,2025017,4400,defense,Alohi Gilman,0,59,False,2025
1,2025017,4400,defense,Teair Tart,0,59,False,2025
1,2025017,4400,defense,Elijah Molden,0,59,False,2025
1,2025017,4400,defense,Tuli Tuipulotu,0,59,False,2025
1,2025017,4400,defense,Daiyan Henley,0,59,False,2025
1,2025017,4400,defense,Tarheeb Still,8,59,False,2025
2,2025018,0200,offense,Jake Matthews,0,61,False,2025
2,2025018,0200,offense,Elijah Wilkinson,43,61,False,2025
2,2025018,0200,offense,Chris Lindstrom,0,61,False,2025
2,2025018,0200,offense,Kyle Pitts,0,61,False,2025
2,2025018,0200,offense,Ryan Neuzil,0,61,False,2025
2,2025018,0200,offense,Drake London,0,61,False,2025
2,2025018,0200,offense,Tyler Allgeier,0,61,False,2025
2,2025018,0200,offense,Bijan Robinson,0,61,False,2025
2,2025018,0200,offense,Matthew Bergeron,0,61,False,2025
2,2025018,0200,offense,Michael Penix Jr.,0,61,True,2025
2,2025018,0200,offense,Casey Washington,0,61,False,2025
2,2025018,2100,defense,Xavier Woods,8,61,False,2025
2,2025018,2100,defense,Sebastian Joseph-Day,0,61,False,2025
2,2025018,2100,defense,Jeffery Simmons,0,61,False,2025
2,2025018,2100,defense,Dre'Mont Jones,7,61,False,2025
2,2025018,2100,defense,Cody Barton,8,61,False,2025
2,2025018,2100,defense,Amani Hooker,8,61,False,2025
2,2025018,2100,defense,L'Jarius Sneed,0,61,False,2025
2,2025018,2100,defense,T'Vondre Sweat,0,61,False,2025
2,2025018,2100,defense,Cedric Gray,31,61,False,2025
2,2025018,2100,defense,Jarvis Brownlee Jr.,8,61,False,2025
2,2025018,2100,defense,Oluwafemi Oladejo,12,61,False,2025
2,2025018,2100,offense,Kevin Zeitler,0,59,False,2025
2,2025018,2100,offense,Calvin Ridley,0,59,False,2025
2,2025018,2100,offense,Tony Pollard,0,59,False,2025
2,2025018,2100,offense,Lloyd Cushenberry III,0,59,False,2025
2,2025018,2100,offense,Dan Moore Jr.,7,59,False,2025
2,2025018,2100,offense,Chig Okonkwo,6,59,False,2025
2,2025018,2100,offense,Peter Skoronski,11,59,False,2025
2,2025018,2100,offense,JC Latham,11,59,False,2025
2,2025018,2100,offense,Cam Ward,0,59,True,2025
2,2025018,2100,offense,Gunnar Helm,21,59,False,2025
2,2025018,2100,offense,Elic Ayomanor,17,59,False,2025
2,2025018,0200,defense,Leonard Floyd,0,59,False,2025
2,2025018,0200,defense,David Onyemata,0,59,False,2025
2,2025018,0200,defense,Mike Hughes,0,59,False,2025
2,2025018,0200,defense,Jessie Bates,0,59,False,2025
2,2025018,0200,defense,Kaden Elliss,0,59,False,2025
2,2025018,0200,defense,A.J. Terrell,0,59,False,2025
2,2025018,0200,defense,Jordan Fuller,23,59,False,2025
2,2025018,0200,defense,Divine Deablo,0,59,False,2025
2,2025018,0200,defense,Zach Harrison,21,59,False,2025
2,2025018,0200,defense,Brandon Dorlus,20,59,False,2025
2,2025018,0200,defense,Xavier Watts,31,59,False,2025
2,2025019,4600,offense,Cooper Kupp,7,69,False,2025
2,2025019,4600,offense,Sam Darnold,10,69,True,2025
2,2025019,4600,offense,Charles Cross,0,69,False,2025
2,2025019,4600,offense,Kenneth Walker III,0,69,False,2025
2,2025019,4600,offense,Abraham Lucas,19,69,False,2025
2,2025019,4600,offense,Jaxon Smith-Njigba,8,69,False,2025
2,2025019,4600,offense,Anthony Bradford,19,69,False,2025
2,2025019,4600,offense,AJ Barner,10,69,False,2025
2,2025019,4600,offense,Jalen Sundell,30,69,False,2025
2,2025019,4600,offense,Grey Zabel,19,69,False,2025
2,2025019,4600,offense,Robbie Ouzts,5,69,False,2025
2,2025019,2310,defense,Chris Jones,0,69,False,2025
2,2025019,2310,defense,Jerry Tillery,27,69,False,2025
2,2025019,2310,defense,Drue Tranquill,0,69,False,2025
2,2025019,2310,defense,Michael Danna,8,69,False,2025
2,2025019,2310,defense,Nick Bolton,0,69,False,2025
2,2025019,2310,defense,Trent McDuffie,0,69,False,2025
2,2025019,2310,defense,Bryan Cook,30,69,False,2025
2,2025019,2310,defense,Leo Chenal,16,69,False,2025
2,2025019,2310,defense,Jaylen Watson,0,69,False,2025
2,2025019,2310,defense,Chamarri Conner,16,69,False,2025
2,2025019,2310,defense,Jaden Hicks,35,69,False,2025
2,2025019,2310,offense,Travis Kelce,0,37,False,2025
2,2025019,2310,offense,Patrick Mahomes,0,37,True,2025
2,2025019,2310,offense,JuJu Smith-Schuster,7,37,False,2025
2,2025019,2310,offense,Marquise Brown,0,37,False,2025
2,2025019,2310,offense,Jawaan Taylor,0,37,False,2025
2,2025019,2310,offense,Creed Humphrey,10,37,False,2025
2,2025019,2310,offense,Trey Smith,10,37,False,2025
2,2025019,2310,offense,Isiah Pacheco,3,37,False,2025
2,2025019,2310,offense,Xavier Worthy,3,37,False,2025
2,2025019,2310,offense,Kingsley Suamataia,10,37,False,2025
2,2025019,2310,offense,Josh Simmons,10,37,False,2025
2,2025019,4600,defense,DeMarcus Lawrence,0,37,False,2025
2,2025019,4600,defense,Leonard Williams,0,37,False,2025
2,2025019,4600,defense,Jarran Reed,0,37,False,2025
2,2025019,4600,defense,Julian Love,10,37,False,2025
2,2025019,4600,defense,Ernest Jones,10,37,False,2025
2,2025019,4600,defense,Boye Mafe,10,37,False,2025
2,2025019,4600,defense,Coby Bryant,10,37,False,2025
2,2025019,4600,defense,Riq Woolen,10,37,False,2025
2,2025019,4600,defense,Devon Witherspoon,10,37,False,2025
2,2025019,4600,defense,Byron Murphy II,10,37,False,2025
2,2025019,4600,defense,Tyrice Knight,0,37,False,2025
2,2025020,1540,offense,Jared Goff,0,58,True,2025
2,2025020,1540,offense,Taylor Decker,0,58,False,2025
2,2025020,1540,offense,Graham Glasgow,0,58,False,2025
2,2025020,1540,offense,Penei Sewell,0,58,False,2025
2,2025020,1540,offense,Amon-Ra St. Brown,0,58,False,2025
2,2025020,1540,offense,Brock Wright,0,58,False,2025
2,2025020,1540,offense,Jameson Williams,0,58,False,2025
2,2025020,1540,offense,Jahmyr Gibbs,0,58,False,2025
2,2025020,1540,offense,Sam LaPorta,0,58,False,2025
2,2025020,1540,offense,Christian Mahogany,0,58,False,2025
2,2025020,1540,offense,Tate Ratledge,0,58,False,2025
2,2025020,2700,defense,Bradley Chubb,0,58,False,2025
2,2025020,2700,defense,Minkah Fitzpatrick,0,58,False,2025
2,2025020,2700,defense,Zach Sieler,0,58,False,2025
2,2025020,2700,defense,Tyrel Dodson,0,58,False,2025
2,2025020,2700,defense,Jordyn Brooks,0,58,False,2025
2,2025020,2700,defense,Benito Jones,6,58,False,2025
2,2025020,2700,defense,Jaelan Phillips,0,58,False,2025
2,2025020,2700,defense,Ifeatu Melifonwu,19,58,False,2025
2,2025020,2700,defense,Jack Jones,21,58,False,2025
2,2025020,2700,defense,Storm Duck,20,58,False,2025
2,2025020,2700,defense,Kenneth Grant,15,58,False,2025
2,2025020,2700,offense,Tyreek Hill,0,61,False,2025
2,2025020,2700,offense,James Daniels,0,61,False,2025
2,2025020,2700,offense,Alec Ingold,0,61,False,2025
2,2025020,2700,offense,Tua Tagovailoa,0,61,True,2025
2,2025020,2700,offense,Austin Jackson,0,61,False,2025
2,2025020,2700,offense,Aaron Brewer,0,61,False,2025
2,2025020,2700,offense,Jaylen Waddle,0,61,False,2025
2,2025020,2700,offense,De'Von Achane,0,61,False,2025
2,2025020,2700,offense,Julian Hill,0,61,False,2025
2,2025020,2700,offense,Patrick Paul,0,61,False,2025
2,2025020,2700,offense,Jonah Savaiinaea,18,61,False,2025
2,2025020,1540,defense,DJ Reader,0,61,False,2025
2,2025020,1540,defense,Alex Anzalone,0,61,False,2025
2,2025020,1540,defense,Marcus Davenport,0,61,False,2025
2,2025020,1540,defense,D.J. Reed,0,61,False,2025
2,2025020,1540,defense,Derrick Barnes,0,61,False,2025
2,2025020,1540,defense,Aidan Hutchinson,0,61,False,2025
2,2025020,1540,defense,Kerby Joseph,0,61,False,2025
2,2025020,1540,defense,Jack Campbell,0,61,False,2025
2,2025020,1540,defense,Brian Branch,0,61,False,2025
2,2025020,1540,defense,Terrion Arnold,0,61,False,2025
2,2025020,1540,defense,Tyleik Williams,0,61,False,2025
2,2025021,0750,offense,Taylor Moton,5,41,False,2025
2,2025021,0750,offense,Austin Corbett,5,41,False,2025
2,2025021,0750,offense,Yosh Nijman,29,41,False,2025
2,2025021,0750,offense,Robert Hunt,5,41,False,2025
2,2025021,0750,offense,Damien Lewis,0,41,False,2025
2,2025021,0750,offense,Tommy Tremble,0,41,False,2025
2,2025021,0750,offense,Chuba Hubbard,4,41,False,2025
2,2025021,0750,offense,Bryce Young,5,41,True,2025
2,2025021,0750,offense,Xavier Legette,9,41,False,2025
2,2025021,0750,offense,Ja'Tavion Sanders,4,41,False,2025
2,2025021,0750,offense,Tetairoa McMillan,10,41,False,2025
2,2025021,2120,defense,Danielle Hunter,9,41,False,2025
2,2025021,2120,defense,Sheldon Rankins,9,41,False,2025
2,2025021,2120,defense,Tim Settle,11,41,False,2025
2,2025021,2120,defense,C.J. Gardner-Johnson,0,41,False,2025
2,2025021,2120,defense,Azeez Al-Shaair,11,41,False,2025
2,2025021,2120,defense,Derek Stingley Jr.,10,41,False,2025
2,2025021,2120,defense,Jalen Pitre,11,41,False,2025
2,2025021,2120,defense,Will Anderson Jr.,9,41,False,2025
2,2025021,2120,defense,Henry To'oTo'o,17,41,False,2025
2,2025021,2120,defense,Kamari Lassiter,11,41,False,2025
2,2025021,2120,defense,Calen Bullock,11,41,False,2025
2,2025021,2120,offense,Laken Tomlinson,23,64,False,2025
2,2025021,2120,offense,Cam Robinson,0,64,False,2025
2,2025021,2120,offense,Nick Chubb,11,64,False,2025
2,2025021,2120,offense,Dalton Schultz,17,64,False,2025
2,2025021,2120,offense,Justin Watson,10,64,False,2025
2,2025021,2120,offense,Tytus Howard,0,64,False,2025
2,2025021,2120,offense,Nico Collins,11,64,False,2025
2,2025021,2120,offense,C.J. Stroud,13,64,True,2025
2,2025021,2120,offense,Jake Andrews,23,64,False,2025
2,2025021,2120,offense,Xavier Hutchinson,18,64,False,2025
2,2025021,2120,offense,Aireontae Ersery,23,64,False,2025
2,2025021,0750,defense,A'Shawn Robinson,9,64,False,2025
2,2025021,0750,defense,Mike Jackson,13,64,False,2025
2,2025021,0750,defense,Nick Scott,30,64,False,2025
2,2025021,0750,defense,Derrick Brown,3,64,False,2025
2,2025021,0750,defense,Tershawn Wharton,11,64,False,2025
2,2025021,0750,defense,Christian Rozeboom,13,64,False,2025
2,2025021,0750,defense,Jaycee Horn,0,64,False,2025
2,2025021,0750,defense,Tre'von Moehrig,13,64,False,2025
2,2025021,0750,defense,Patrick Jones II,13,64,False,2025
2,2025021,0750,defense,Trevin Wallace,13,64,False,2025
2,2025021,0750,defense,Chau Smith-Wade,7,64,False,2025
2,2025022,1800,offense,Josh Jacobs,0,69,False,2025
2,2025022,1800,offense,Elgton Jenkins,0,69,False,2025
2,2025022,1800,offense,Jordan Love,0,69,True,2025
2,2025022,1800,offense,Aaron Banks,0,69,False,2025
2,2025022,1800,offense,Sean Rhyan,24,69,False,2025
2,2025022,1800,offense,Romeo Doubs,0,69,False,2025
2,2025022,1800,offense,Zach Tom,0,69,False,2025
2,2025022,1800,offense,Rasheed Walker,0,69,False,2025
2,2025022,1800,offense,Luke Musgrave,0,69,False,2025
2,2025022,1800,offense,Tucker Kraft,0,69,False,2025
2,2025022,1800,offense,Matthew Golden,0,69,False,2025
2,2025022,2200,defense,DeForest Buckner,9,69,False,2025
2,2025022,2200,defense,Xavien Howard,0,69,False,2025
2,2025022,2200,defense,Grover Stewart,7,69,False,2025
2,2025022,2200,defense,Kenny Moore II,0,69,False,2025
2,2025022,2200,defense,Zaire Franklin,0,69,False,2025
2,2025022,2200,defense,Charvarius Ward,12,69,False,2025
2,2025022,2200,defense,Joe Bachie,18,69,False,2025
2,2025022,2200,defense,Kwity Paye,0,69,False,2025
2,2025022,2200,defense,Camryn Bynum,12,69,False,2025
2,2025022,2200,defense,Nick Cross,0,69,False,2025
2,2025022,2200,defense,Laiatu Latu,15,69,False,2025
2,2025022,2200,offense,Mo Alie-Cox,4,61,False,2025
2,2025022,2200,offense,Quenton Nelson,14,61,False,2025
2,2025022,2200,offense,Braden Smith,13,61,False,2025
2,2025022,2200,offense,Daniel Jones,14,61,True,2025
2,2025022,2200,offense,Michael Pittman,14,61,False,2025
2,2025022,2200,offense,Jonathan Taylor,10,61,False,2025
2,2025022,2200,offense,Alec Pierce,0,61,False,2025
2,2025022,2200,offense,Bernhard Raimann,0,61,False,2025
2,2025022,2200,offense,Matt Goncalves,33,61,False,2025
2,2025022,2200,offense,Tanor Bortolini,33,61,False,2025
2,2025022,2200,offense,Tyler Warren,13,61,False,2025
2,2025022,1800,defense,Rashan Gary,0,61,False,2025
2,2025022,1800,defense,Keisean Nixon,0,61,False,2025
2,2025022,1800,defense,Xavier McKinney,0,61,False,2025
2,2025022,1800,defense,Isaiah McDuffie,0,61,False,2025
2,2025022,1800,defense,Quay Walker,0,61,False,2025
2,2025022,1800,defense,Devonte Wyatt,0,61,False,2025
2,2025022,1800,defense,Lukas Van Ness,0,61,False,2025
2,2025022,1800,defense,Colby Wooden,8,61,False,2025
2,2025022,1800,defense,Carrington Valentine,0,61,False,2025
2,2025022,1800,defense,Edgerrin Cooper,0,61,False,2025
2,2025022,1800,defense,Javon Bullard,0,61,False,2025
2,2025023,3200,offense,Morgan Moses,0,70,False,2025
2,2025023,3200,offense,Stefon Diggs,0,70,False,2025
2,2025023,3200,offense,Hunter Henry,0,70,False,2025
2,2025023,3200,offense,Mack Hollins,10,70,False,2025
2,2025023,3200,offense,Garrett Bradbury,15,70,False,2025
2,2025023,3200,offense,Mike Onwenu,15,70,False,2025
2,2025023,3200,offense,Rhamondre Stevenson,0,70,False,2025
2,2025023,3200,offense,Kayshon Boutte,12,70,False,2025
2,2025023,3200,offense,Drake Maye,15,70,True,2025
2,2025023,3200,offense,Will Campbell,15,70,False,2025
2,2025023,3200,offense,Jared Wilson,29,70,False,2025
2,2025023,3000,defense,Javon Hargrave,0,70,False,2025
2,2025023,3000,defense,Jonathan Allen,0,70,False,2025
2,2025023,3000,defense,Byron Murphy,0,70,False,2025
2,2025023,3000,defense,Andrew Van Ginkel,0,70,False,2025
2,2025023,3000,defense,Blake Cashman,0,70,False,2025
2,2025023,3000,defense,Jonathan Greenard,0,70,False,2025
2,2025023,3000,defense,Josh Metellus,0,70,False,2025
2,2025023,3000,defense,Isaiah Rodgers,0,70,False,2025
2,2025023,3000,defense,Theo Jackson,0,70,False,2025
2,2025023,3000,defense,Jalen Redmond,0,70,False,2025
2,2025023,3000,defense,Ivan Pace Jr.,0,70,False,2025
2,2025023,3000,offense,Ryan Kelly,0,57,False,2025
2,2025023,3000,offense,Aaron Jones,0,57,False,2025
2,2025023,3000,offense,Brian O'Neill,0,57,False,2025
2,2025023,3000,offense,T.J. Hockenson,0,57,False,2025
2,2025023,3000,offense,Josh Oliver,0,57,False,2025
2,2025023,3000,offense,Justin Skule,0,57,False,2025
2,2025023,3000,offense,Justin Jefferson,0,57,False,2025
2,2025023,3000,offense,Will Fries,0,57,False,2025
2,2025023,3000,offense,Jalen Nailor,0,57,False,2025
2,2025023,3000,offense,J.J. McCarthy,0,57,True,2025
2,2025023,3000,offense,Donovan Jackson,0,57,False,2025
2,2025023,3200,defense,Harold Landry III,6,57,False,2025
2,2025023,3200,defense,Carlton Davis III,6,57,False,2025
2,2025023,3200,defense,Robert Spillane,7,57,False,2025
2,2025023,3200,defense,K'Lavon Chaisson,6,57,False,2025
2,2025023,3200,defense,Kyle Dugger,36,57,False,2025
2,2025023,3200,defense,Jaylinn Hawkins,7,57,False,2025
2,2025023,3200,defense,Christian Barmore,0,57,False,2025
2,2025023,3200,defense,Milton Williams,7,57,False,2025
2,2025023,3200,defense,Christian Elliss,7,57,False,2025
2,2025023,3200,defense,Alex Austin,22,57,False,2025
2,2025023,3200,defense,Craig Woodson,26,57,False,2025
2,2025024,1050,offense,Joe Flacco,0,59,True,2025
2,2025024,1050,offense,Joel Bitonio,0,59,False,2025
2,2025024,1050,offense,Jack Conklin,0,59,False,2025
2,2025024,1050,offense,David Njoku,0,59,False,2025
2,2025024,1050,offense,Ethan Pocic,0,59,False,2025
2,2025024,1050,offense,Wyatt Teller,0,59,False,2025
2,2025024,1050,offense,Jerry Jeudy,0,59,False,2025
2,2025024,1050,offense,Cedric Tillman,13,59,False,2025
2,2025024,1050,offense,Dawand Jones,18,59,False,2025
2,2025024,1050,offense,Harold Fannin Jr.,0,59,False,2025
2,2025024,1050,offense,Dylan Sampson,0,59,False,2025
2,2025024,3700,defense,Adoree' Jackson,18,59,False,2025
2,2025024,3700,defense,Zack Baun,0,59,False,2025
2,2025024,3700,defense,Jordan Davis,0,59,False,2025
2,2025024,3700,defense,Reed Blankenship,0,59,False,2025
2,2025024,3700,defense,Nolan Smith,0,59,False,2025
2,2025024,3700,defense,Moro Ojomo,0,59,False,2025
2,2025024,3700,defense,Quinyon Mitchell,0,59,False,2025
2,2025024,3700,defense,Cooper DeJean,0,59,False,2025
2,2025024,3700,defense,Jalyx Hunt,0,59,False,2025
2,2025024,3700,defense,Jihaad Campbell,24,59,False,2025
2,2025024,3700,defense,Andrew Mukuba,24,59,False,2025
2,2025024,3700,offense,Lane Johnson,0,42,False,2025
2,2025024,3700,offense,Saquon Barkley,0,42,False,2025
2,2025024,3700,offense,Dallas Goedert,0,42,False,2025
2,2025024,3700,offense,Jordan Mailata,0,42,False,2025
2,2025024,3700,offense,A.J. Brown,0,42,False,2025
2,2025024,3700,offense,Jalen Hurts,0,42,True,2025
2,2025024,3700,offense,DeVonta Smith,0,42,False,2025
2,2025024,3700,offense,Landon Dickerson,0,42,False,2025
2,2025024,3700,offense,Jahan Dotson,0,42,False,2025
2,2025024,3700,offense,Cam Jurgens,0,42,False,2025
2,2025024,3700,offense,Tyler Steen,0,42,False,2025
2,2025024,1050,defense,Maliek Collins,0,42,False,2025
2,2025024,1050,defense,Myles Garrett,0,42,False,2025
2,2025024,1050,defense,Denzel Ward,0,42,False,2025
2,2025024,1050,defense,Jerome Baker,9,42,False,2025
2,2025024,1050,defense,Devin Bush,9,42,False,2025
2,2025024,1050,defense,Grant Delpit,0,42,False,2025
2,2025024,1050,defense,Greg Newsome II,0,42,False,2025
2,2025024,1050,defense,Isaiah McGuire,5,42,False,2025
2,2025024,1050,defense,Ronnie Hickman Jr.,9,42,False,2025
2,2025024,1050,defense,Mason Graham,0,42,False,2025
2,2025024,1050,defense,Carson Schwesinger,0,42,False,2025
2,2025025,4500,offense,Trent Williams,0,63,False,2025
2,2025025,4500,offense,Kyle Juszczyk,6,63,False,2025
2,2025025,4500,offense,Jake Brendel,11,63,False,2025
2,2025025,4500,offense,Christian McCaffrey,0,63,False,2025
2,2025025,4500,offense,George Kittle,11,63,False,2025
2,2025025,4500,offense,Ben Bartch,0,63,False,2025
2,2025025,4500,offense,Colton McKivitz,11,63,False,2025
2,2025025,4500,offense,Jauan Jennings,0,63,False,2025
2,2025025,4500,offense,Brock Purdy,11,63,True,2025
2,2025025,4500,offense,Ricky Pearsall,9,63,False,2025
2,2025025,4500,offense,Dominick Puni,11,63,False,2025
2,2025025,2520,defense,Elandon Roberts,10,63,False,2025
2,2025025,2520,defense,Adam Butler,14,63,False,2025
2,2025025,2520,defense,Devin White,15,63,False,2025
2,2025025,2520,defense,Germaine Pratt,11,63,False,2025
2,2025025,2520,defense,Maxx Crosby,12,63,False,2025
2,2025025,2520,defense,Jeremy Chinn,15,63,False,2025
2,2025025,2520,defense,Eric Stokes,15,63,False,2025
2,2025025,2520,defense,Thomas Booker,25,63,False,2025
2,2025025,2520,defense,Isaiah Pola-Mao,23,63,False,2025
2,2025025,2520,defense,Kyu Kelly,19,63,False,2025
2,2025025,2520,defense,Jonah Laulu,15,63,False,2025
2,2025025,2520,offense,Geno Smith,15,54,True,2025
2,2025025,2520,offense,Kolton Miller,15,54,False,2025
2,2025025,2520,offense,Jakobi Meyers,13,54,False,2025
2,2025025,2520,offense,Jordan Meredith,15,54,False,2025
2,2025025,2520,offense,Dylan Parham,15,54,False,2025
2,2025025,2520,offense,Michael Mayer,10,54,False,2025
2,2025025,2520,offense,Tre Tucker,13,54,False,2025
2,2025025,2520,offense,Brock Bowers,7,54,False,2025
2,2025025,2520,offense,Jackson Powers-Johnson,15,54,False,2025
2,2025025,2520,offense,DJ Glaze,15,54,False,2025
2,2025025,2520,offense,Ashton Jeanty,14,54,False,2025
2,2025025,4500,defense,Fred Warner,0,54,False,2025
2,2025025,4500,defense,Nick Bosa,0,54,False,2025
2,2025025,4500,defense,Luke Gifford,5,54,False,2025
2,2025025,4500,defense,Jordan Elliott,0,54,False,2025
2,2025025,4500,defense,Deommodore Lenoir,13,54,False,2025
2,2025025,4500,defense,Jason Pinnock,0,54,False,2025
2,2025025,4500,defense,Kalia Davis,14,54,False,2025
2,2025025,4500,defense,Dee Winters,15,54,False,2025
2,2025025,4500,defense,Renardo Green,0,54,False,2025
2,2025025,4500,defense,Mykel Williams,0,54,False,2025
2,2025025,4500,defense,Marques Sigle,28,54,False,2025
2,2025026,0325,offense,Ronnie Stanley,0,77,False,2025
2,2025026,0325,offense,Derrick Henry,0,77,False,2025
2,2025026,0325,offense,Lamar Jackson,0,77,True,2025
2,2025026,0325,offense,Mark Andrews,0,77,False,2025
2,2025026,0325,offense,Rashod Bateman,0,77,False,2025
2,2025026,0325,offense,Tyler Linderbaum,0,77,False,2025
2,2025026,0325,offense,Daniel Faalele,18,77,False,2025
2,2025026,0325,offense,Charlie Kolar,43,77,False,2025
2,2025026,0325,offense,Zay Flowers,0,77,False,2025
2,2025026,0325,offense,Andrew Vorhees,18,77,False,2025
2,2025026,0325,offense,Roger Rosengarten,18,77,False,2025
2,2025026,1200,defense,Dante Fowler Jr.,0,77,False,2025
2,2025026,1200,defense,Kenny Clark,0,77,False,2025
2,2025026,1200,defense,Malik Hooker,0,77,False,2025
2,2025026,1200,defense,Donovan Wilson,0,77,False,2025
2,2025026,1200,defense,"Kenneth Murray, Jr.",0,77,False,2025
2,2025026,1200,defense,Osa Odighizuwa,0,77,False,2025
2,2025026,1200,defense,Kaiir Elam,16,77,False,2025
2,2025026,1200,defense,Sam Williams,13,77,False,2025
2,2025026,1200,defense,DaRon Bland,0,77,False,2025
2,2025026,1200,defense,Damone Clark,30,77,False,2025
2,2025026,1200,defense,Jack Sanborn,18,77,False,2025
2,2025026,1200,offense,Dak Prescott,0,42,True,2025
2,2025026,1200,offense,CeeDee Lamb,0,42,False,2025
2,2025026,1200,offense,Terence Steele,0,42,False,2025
2,2025026,1200,offense,Javonte Williams,0,42,False,2025
2,2025026,1200,offense,Tyler Smith,0,42,False,2025
2,2025026,1200,offense,George Pickens,0,42,False,2025
2,2025026,1200,offense,Jalen Tolbert,11,42,False,2025
2,2025026,1200,offense,Jake Ferguson,0,42,False,2025
2,2025026,1200,offense,Tyler Guyton,0,42,False,2025
2,2025026,1200,offense,Cooper Beebe,11,42,False,2025
2,2025026,1200,offense,Tyler Booker,26,42,False,2025
2,2025026,0325,defense,Kyle Van Noy,0,42,False,2025
2,2025026,0325,defense,Marlon Humphrey,0,42,False,2025
2,2025026,0325,defense,Chidobe Awuzie,0,42,False,2025
2,2025026,0325,defense,Roquan Smith,0,42,False,2025
2,2025026,0325,defense,Nnamdi Madubuike,0,42,False,2025
2,2025026,0325,defense,Kyle Hamilton,0,42,False,2025
2,2025026,0325,defense,Travis Jones,0,42,False,2025
2,2025026,0325,defense,Trenton Simpson,11,42,False,2025
2,2025026,0325,defense,Tavius Robinson,0,42,False,2025
2,2025026,0325,defense,Nate Wiggins,0,42,False,2025
2,2025026,0325,defense,Malaki Starks,5,42,False,2025
2,2025027,4400,offense,Keenan Allen,5,54,False,2025
2,2025027,4400,offense,Tyler Conklin,4,54,False,2025
2,2025027,4400,offense,Bradley Bozeman,7,54,False,2025
2,2025027,4400,offense,Trey Pipkins,7,54,False,2025
2,2025027,4400,offense,Justin Herbert,7,54,True,2025
2,2025027,4400,offense,Mekhi Becton,0,54,False,2025
2,2025027,4400,offense,Zion Johnson,7,54,False,2025
2,2025027,4400,offense,Quentin Johnston,3,54,False,2025
2,2025027,4400,offense,Joe Alt,7,54,False,2025
2,2025027,4400,offense,Ladd McConkey,7,54,False,2025
2,2025027,4400,offense,Omarion Hampton,7,54,False,2025
2,2025027,2510,defense,Ahkello Witherspoon,0,54,False,2025
2,2025027,2510,defense,Kam Curl,0,54,False,2025
2,2025027,2510,defense,Quentin Lake,0,54,False,2025
2,2025027,2510,defense,Nate Landman,0,54,False,2025
2,2025027,2510,defense,Emmanuel Forbes,0,54,False,2025
2,2025027,2510,defense,Byron Young,0,54,False,2025
2,2025027,2510,defense,Kobie Turner,0,54,False,2025
2,2025027,2510,defense,Jared Verse,0,54,False,2025
2,2025027,2510,defense,Braden Fiske,0,54,False,2025
2,2025027,2510,defense,Kamren Kinchens,0,54,False,2025
2,2025027,2510,defense,Omar Speights,0,54,False,2025
2,2025027,2510,offense,Matthew Stafford,0,73,True,2025
2,2025027,2510,offense,Davante Adams,0,73,False,2025
2,2025027,2510,offense,Rob Havenstein,0,73,False,2025
2,2025027,2510,offense,Tyler Higbee,0,73,False,2025
2,2025027,2510,offense,Coleman Shelton,0,73,False,2025
2,2025027,2510,offense,Kevin Dotson,0,73,False,2025
2,2025027,2510,offense,Tutu Atwell,0,73,False,2025
2,2025027,2510,offense,Alaric Jackson,0,73,False,2025
2,2025027,2510,offense,Kyren Williams,0,73,False,2025
2,2025027,2510,offense,Steve Avila,0,73,False,2025
2,2025027,2510,offense,Puka Nacua,0,73,False,2025
2,2025027,4400,defense,Khalil Mack,0,73,False,2025
2,2025027,4400,defense,Denzel Perryman,9,73,False,2025
2,2025027,4400,defense,Derwin James,0,73,False,2025
2,2025027,4400,defense,Donte Jackson,9,73,False,2025
2,2025027,4400,defense,Da'Shawn Hand,6,73,False,2025
2,2025027,4400,defense,Alohi Gilman,8,73,False,2025
2,2025027,4400,defense,Teair Tart,6,73,False,2025
2,2025027,4400,defense,Elijah Molden,9,73,False,2025
2,2025027,4400,defense,Tuli Tuipulotu,6,73,False,2025
2,2025027,4400,defense,Daiyan Henley,9,73,False,2025
2,2025027,4400,defense,Tarheeb Still,9,73,False,2025
2,2025028,3430,offense,Josh Reynolds,17,69,False,2025
2,2025028,3430,offense,John Simpson,18,69,False,2025
2,2025028,3430,offense,Justin Fields,18,69,True,2025
2,2025028,3430,offense,Josh Myers,24,69,False,2025
2,2025028,3430,offense,Garrett Wilson,18,69,False,2025
2,2025028,3430,offense,Breece Hall,11,69,False,2025
2,2025028,3430,offense,Jeremy Ruckert,15,69,False,2025
2,2025028,3430,offense,Joe Tippmann,18,69,False,2025
2,2025028,3430,offense,Olumuyiwa Fashanu,18,69,False,2025
2,2025028,3430,offense,Armand Membou,23,69,False,2025
2,2025028,3430,offense,Mason Taylor,13,69,False,2025
2,2025028,3410,defense,Roy Robertson-Harris,17,69,False,2025
2,2025028,3410,defense,Brian Burns,15,69,False,2025
2,2025028,3410,defense,Dexter Lawrence,0,69,False,2025
2,2025028,3410,defense,Bobby Okereke,20,69,False,2025
2,2025028,3410,defense,Jevon Holland,19,69,False,2025
2,2025028,3410,defense,Paulson Adebo,19,69,False,2025
2,2025028,3410,defense,Kayvon Thibodeaux,18,69,False,2025
2,2025028,3410,defense,Cordale Flott,18,69,False,2025
2,2025028,3410,defense,Micah McFadden,21,69,False,2025
2,2025028,3410,defense,Tyler Nubin,0,69,False,2025
2,2025028,3410,defense,Andru Phillips,17,69,False,2025
2,2025028,3410,offense,Russell Wilson,14,57,True,2025
2,2025028,3410,offense,Greg Van Roten,8,57,False,2025
2,2025028,3410,offense,Chris Manhertz,0,57,False,2025
2,2025028,3410,offense,Jermaine Eluemunor,17,57,False,2025
2,2025028,3410,offense,Darius Slayton,10,57,False,2025
2,2025028,3410,offense,Jon Runyan,17,57,False,2025
2,2025028,3410,offense,James Hudson,17,57,False,2025
2,2025028,3410,offense,John Michael Schmitz,17,57,False,2025
2,2025028,3410,offense,Malik Nabers,0,57,False,2025
2,2025028,3410,offense,Theo Johnson,16,57,False,2025
2,2025028,3410,offense,Tyrone Tracy Jr.,12,57,False,2025
2,2025028,3430,defense,Harrison Phillips,0,57,False,2025
2,2025028,3430,defense,Quinnen Williams,0,57,False,2025
2,2025028,3430,defense,Quincy Williams,12,57,False,2025
2,2025028,3430,defense,Andre Cisco,12,57,False,2025
2,2025028,3430,defense,Brandon Stephens,12,57,False,2025
2,2025028,3430,defense,Jamien Sherwood,12,57,False,2025
2,2025028,3430,defense,Michael Carter II,4,57,False,2025
2,2025028,3430,defense,Sauce Gardner,0,57,False,2025
2,2025028,3430,defense,Jermaine Johnson II,0,57,False,2025
2,2025028,3430,defense,Tony Adams,12,57,False,2025
2,2025028,3430,defense,Will McDonald IV,0,57,False,2025
2,2025029,4900,offense,Mike Evans,0,63,False,2025
2,2025029,4900,offense,Baker Mayfield,0,63,True,2025
2,2025029,4900,offense,Mike Jordan,27,63,False,2025
2,2025029,4900,offense,Ben Bredeson,19,63,False,2025
2,2025029,4900,offense,Luke Goedeke,19,63,False,2025
2,2025029,4900,offense,Cade Otton,17,63,False,2025
2,2025029,4900,offense,Cody Mauch,19,63,False,2025
2,2025029,4900,offense,Payne Durham,19,63,False,2025
2,2025029,4900,offense,Graham Barton,19,63,False,2025
2,2025029,4900,offense,Bucky Irving,18,63,False,2025
2,2025029,4900,offense,Emeka Egbuka,19,63,False,2025
2,2025029,3900,defense,Cameron Heyward,0,63,False,2025
2,2025029,3900,defense,Darius Slay,0,63,False,2025
2,2025029,3900,defense,Jalen Ramsey,0,63,False,2025
2,2025029,3900,defense,T.J. Watt,0,63,False,2025
2,2025029,3900,defense,DeShon Elliott,0,63,False,2025
2,2025029,3900,defense,Patrick Queen,0,63,False,2025
2,2025029,3900,defense,Alex Highsmith,0,63,False,2025
2,2025029,3900,defense,Isaiahh Loudermilk,11,63,False,2025
2,2025029,3900,defense,Joey Porter Jr.,0,63,False,2025
2,2025029,3900,defense,Keeanu Benton,14,63,False,2025
2,2025029,3900,defense,Payton Wilson,19,63,False,2025
2,2025029,3900,offense,Aaron Rodgers,0,52,True,2025
2,2025029,3900,offense,Isaac Seumalo,0,52,False,2025
2,2025029,3900,offense,DK Metcalf,0,52,False,2025
2,2025029,3900,offense,Pat Freiermuth,0,52,False,2025
2,2025029,3900,offense,Kenneth Gainwell,4,52,False,2025
2,2025029,3900,offense,Calvin Austin III,0,52,False,2025
2,2025029,3900,offense,Broderick Jones,8,52,False,2025
2,2025029,3900,offense,Troy Fautanu,8,52,False,2025
2,2025029,3900,offense,Zach Frazier,8,52,False,2025
2,2025029,3900,offense,Roman Wilson,19,52,False,2025
2,2025029,3900,offense,Mason McCormick,8,52,False,2025
2,2025029,4900,defense,Lavonte David,0,52,False,2025
2,2025029,4900,defense,Haason Reddick,7,52,False,2025
2,2025029,4900,defense,Vita Vea,7,52,False,2025
2,2025029,4900,defense,Jamel Dean,7,52,False,2025
2,2025029,4900,defense,Antoine Winfield Jr.,0,52,False,2025
2,2025029,4900,defense,Logan Hall,2,52,False,2025
2,2025029,4900,defense,Zyon McCollum,7,52,False,2025
2,2025029,4900,defense,Calijah Kancey,7,52,False,2025
2,2025029,4900,defense,Yaya Diaby,7,52,False,2025
2,2025029,4900,defense,SirVocea Dennis,7,52,False,2025
2,2025029,4900,defense,Tykee Smith,7,52,False,2025
2,2025030,3800,offense,James Conner,0,45,False,2025
2,2025030,3800,offense,Evan Brown,0,45,False,2025
2,2025030,3800,offense,Kyler Murray,0,45,True,2025
2,2025030,3800,offense,Jonah Williams,0,45,False,2025
2,2025030,3800,offense,Hjalte Froholdt,0,45,False,2025
2,2025030,3800,offense,Trey McBride,0,45,False,2025
2,2025030,3800,offense,Paris Johnson Jr.,0,45,False,2025
2,2025030,3800,offense,Elijah Higgins,15,45,False,2025
2,2025030,3800,offense,Marvin Harrison Jr.,0,45,False,2025
2,2025030,3800,offense,Isaiah Adams,0,45,False,2025
2,2025030,3800,offense,Tip Reiman,0,45,False,2025
2,2025030,1400,defense,Alex Singleton,0,45,False,2025
2,2025030,1400,defense,D.J. Jones,0,45,False,2025
2,2025030,1400,defense,John Franklin-Myers,0,45,False,2025
2,2025030,1400,defense,Zach Allen,0,45,False,2025
2,2025030,1400,defense,Brandon Jones,0,45,False,2025
2,2025030,1400,defense,Justin Strnad,19,45,False,2025
2,2025030,1400,defense,Pat Surtain II,0,45,False,2025
2,2025030,1400,defense,Talanoa Hufanga,0,45,False,2025
2,2025030,1400,defense,Jonathon Cooper,0,45,False,2025
2,2025030,1400,defense,Nik Bonitto,0,45,False,2025
2,2025030,1400,defense,Riley Moss,0,45,False,2025
2,2025030,1400,offense,Garett Bolles,0,71,False,2025
2,2025030,1400,offense,Mike McGlinchey,0,71,False,2025
2,2025030,1400,offense,Courtland Sutton,0,71,False,2025
2,2025030,1400,offense,Ben Powers,0,71,False,2025
2,2025030,1400,offense,J.K. Dobbins,0,71,False,2025
2,2025030,1400,offense,Adam Trautman,5,71,False,2025
2,2025030,1400,offense,Quinn Meinerz,0,71,False,2025
2,2025030,1400,offense,Luke Wattenberg,0,71,False,2025
2,2025030,1400,offense,Lucas Krull,22,71,False,2025
2,2025030,1400,offense,Bo Nix,0,71,True,2025
2,2025030,1400,offense,Troy Franklin,31,71,False,2025
2,2025030,3800,defense,Calais Campbell,0,71,False,2025
2,2025030,3800,defense,Budda Baker,0,71,False,2025
2,2025030,3800,defense,Dalvin Tomlinson,0,71,False,2025
2,2025030,3800,defense,Josh Sweat,0,71,False,2025
2,2025030,3800,defense,Mack Wilson,0,71,False,2025
2,2025030,3800,defense,Jalen Thompson,0,71,False,2025
2,2025030,3800,defense,Akeem Davis-Gaither,12,71,False,2025
2,2025030,3800,defense,Baron Browning,0,71,False,2025
2,2025030,3800,defense,Garrett Williams,0,71,False,2025
2,2025030,3800,defense,Darius Robinson,0,71,False,2025
2,2025030,3800,defense,Max Melton,0,71,False,2025
2,2025031,2250,offense,Patrick Mekari,29,61,False,2025
2,2025031,2250,offense,Ezra Cleveland,17,61,False,2025
2,2025031,2250,offense,Trevor Lawrence,17,61,True,2025
2,2025031,2250,offense,Travis Etienne,8,61,False,2025
2,2025031,2250,offense,Walker Little,17,61,False,2025
2,2025031,2250,offense,Dyami Brown,0,61,False,2025
2,2025031,2250,offense,Robert Hainsey,17,61,False,2025
2,2025031,2250,offense,Anton Harrison,0,61,False,2025
2,2025031,2250,offense,Brenton Strange,14,61,False,2025
2,2025031,2250,offense,Brian Thomas Jr.,16,61,False,2025
2,2025031,2250,offense,Travis Hunter,0,61,False,2025
2,2025031,3300,defense,Cameron Jordan,0,61,False,2025
2,2025031,3300,defense,Demario Davis,0,61,False,2025
2,2025031,3300,defense,Davon Godchaux,0,61,False,2025
2,2025031,3300,defense,Justin Reid,0,61,False,2025
2,2025031,3300,defense,Nathan Shepherd,0,61,False,2025
2,2025031,3300,defense,Isaac Yiadom,17,61,False,2025
2,2025031,3300,defense,Carl Granderson,0,61,False,2025
2,2025031,3300,defense,Julian Blackmon,0,61,False,2025
2,2025031,3300,defense,Pete Werner,0,61,False,2025
2,2025031,3300,defense,Bryan Bresee,0,61,False,2025
2,2025031,3300,defense,Kool-Aid McKinstry,0,61,False,2025
2,2025031,3300,offense,Alvin Kamara,0,56,False,2025
2,2025031,3300,offense,Erik McCoy,0,56,False,2025
2,2025031,3300,offense,Cesar Ruiz,18,56,False,2025
2,2025031,3300,offense,Juwan Johnson,0,56,False,2025
2,2025031,3300,offense,Dillon Radunz,18,56,False,2025
2,2025031,3300,offense,Jack Stoll,9,56,False,2025
2,2025031,3300,offense,Chris Olave,16,56,False,2025
2,2025031,3300,offense,Rashid Shaheed,16,56,False,2025
2,2025031,3300,offense,Taliese Fuaga,16,56,False,2025
2,2025031,3300,offense,Spencer Rattler,38,56,True,2025
2,2025031,3300,offense,Kelvin Banks Jr.,16,56,False,2025
2,2025031,2250,defense,Arik Armstead,0,56,False,2025
2,2025031,2250,defense,Eric Murray,7,56,False,2025
2,2025031,2250,defense,Jourdan Lewis,7,56,False,2025
2,2025031,2250,defense,Foye Oluokun,7,56,False,2025
2,2025031,2250,defense,Dennis Gardeck,0,56,False,2025
2,2025031,2250,defense,Josh Hines-Allen,7,56,False,2025
2,2025031,2250,defense,Andrew Wingard,16,56,False,2025
2,2025031,2250,defense,DaVon Hamilton,7,56,False,2025
2,2025031,2250,defense,Tyson Campbell,0,56,False,2025
2,2025031,2250,defense,Travon Walker,7,56,False,2025
2,2025031,2250,defense,Devin Lloyd,10,56,False,2025
2,2025032,0810,offense,Joe Thuney,0,81,False,2025
2,2025032,0810,offense,DJ Moore,13,81,False,2025
2,2025032,0810,offense,Olamide Zaccheaus,8,81,False,2025
2,2025032,0810,offense,D'Andre Swift,0,81,False,2025
2,2025032,0810,offense,Cole Kmet,9,81,False,2025
2,2025032,0810,offense,Jonah Jackson,13,81,False,2025
2,2025032,0810,offense,Drew Dalman,13,81,False,2025
2,2025032,0810,offense,Braxton Jones,13,81,False,2025
2,2025032,0810,offense,Darnell Wright,13,81,False,2025
2,2025032,0810,offense,Caleb Williams,13,81,True,2025
2,2025032,0810,offense,Rome Odunze,13,81,False,2025
2,2025032,0610,defense,DaQuan Jones,0,81,False,2025
2,2025032,0610,defense,Joey Bosa,0,81,False,2025
2,2025032,0610,defense,Matt Milano,0,81,False,2025
2,2025032,0610,defense,Ed Oliver,0,81,False,2025
2,2025032,0610,defense,Taylor Rapp,0,81,False,2025
2,2025032,0610,defense,Greg Rousseau,0,81,False,2025
2,2025032,0610,defense,Terrel Bernard,0,81,False,2025
2,2025032,0610,defense,Christian Benford,0,81,False,2025
2,2025032,0610,defense,Dorian Williams,48,81,False,2025
2,2025032,0610,defense,Cole Bishop,11,81,False,2025
2,2025032,0610,defense,Dorian Strong,48,81,False,2025
2,2025032,0610,offense,Dion Dawkins,0,41,False,2025
2,2025032,0610,offense,Josh Allen,0,41,True,2025
2,2025032,0610,offense,Connor McGovern,0,41,False,2025
2,2025032,0610,offense,Dawson Knox,0,41,False,2025
2,2025032,0610,offense,David Edwards,0,41,False,2025
2,2025032,0610,offense,Josh Palmer,8,41,False,2025
2,2025032,0610,offense,Spencer Brown,0,41,False,2025
2,2025032,0610,offense,James Cook,0,41,False,2025
2,2025032,0610,offense,Dalton Kincaid,0,41,False,2025
2,2025032,0610,offense,O'Cyrus Torrence,0,41,False,2025
2,2025032,0610,offense,Keon Coleman,0,41,False,2025
2,2025032,0810,defense,Grady Jarrett,0,41,False,2025
2,2025032,0810,defense,Kevin Byard,3,41,False,2025
2,2025032,0810,defense,Tremaine Edmunds,3,41,False,2025
2,2025032,0810,defense,Montez Sweat,3,41,False,2025
2,2025032,0810,defense,Dayo Odeyingbo,3,41,False,2025
2,2025032,0810,defense,Nahshon Wright,3,41,False,2025
2,2025032,0810,defense,Nick McCloud,22,41,False,2025
2,2025032,0810,defense,Jaquan Brisker,3,41,False,2025
2,2025032,0810,defense,Gervon Dexter Sr.,3,41,False,2025
2,2025032,0810,defense,Tyrique Stevenson,3,41,False,2025
2,2025032,0810,defense,Noah Sewell,13,41,False,2025
2,2025033,0920,offense,Ted Karras,23,68,False,2025
2,2025033,0920,offense,Lucas Patrick,16,68,False,2025
2,2025033,0920,offense,Orlando Brown,23,68,False,2025
2,2025033,0920,offense,Noah Fant,14,68,False,2025
2,2025033,0920,offense,Drew Sample,11,68,False,2025
2,2025033,0920,offense,Joe Burrow,23,68,True,2025
2,2025033,0920,offense,Tee Higgins,9,68,False,2025
2,2025033,0920,offense,Ja'Marr Chase,9,68,False,2025
2,2025033,0920,offense,Chase Brown,8,68,False,2025
2,2025033,0920,offense,Amarius Mims,23,68,False,2025
2,2025033,0920,offense,Dylan Fairchild,23,68,False,2025
2,2025033,5110,defense,Bobby Wagner,0,68,False,2025
2,2025033,5110,defense,Eddie Goldman,19,68,False,2025
2,2025033,5110,defense,Marshon Lattimore,9,68,False,2025
2,2025033,5110,defense,Deatrich Wise,15,68,False,2025
2,2025033,5110,defense,Daron Payne,10,68,False,2025
2,2025033,5110,defense,Jacob Martin,17,68,False,2025
2,2025033,5110,defense,Frankie Luvu,9,68,False,2025
2,2025033,5110,defense,Will Harris,11,68,False,2025
2,2025033,5110,defense,Javon Kinlaw,8,68,False,2025
2,2025033,5110,defense,Quan Martin,11,68,False,2025
2,2025033,5110,defense,Mike Sainristil,11,68,False,2025
2,2025033,5110,offense,Zach Ertz,0,47,False,2025
2,2025033,5110,offense,Laremy Tunsil,0,47,False,2025
2,2025033,5110,offense,Noah Brown,0,47,False,2025
2,2025033,5110,offense,Austin Ekeler,0,47,False,2025
2,2025033,5110,offense,Terry McLaurin,0,47,False,2025
2,2025033,5110,offense,Nick Allegretti,7,47,False,2025
2,2025033,5110,offense,Tyler Biadasz,7,47,False,2025
2,2025033,5110,offense,John Bates,7,47,False,2025
2,2025033,5110,offense,Jayden Daniels,4,47,True,2025
2,2025033,5110,offense,Brandon Coleman,0,47,False,2025
2,2025033,5110,offense,Josh Conerly Jr.,19,47,False,2025
2,2025033,0920,defense,Trey Hendrickson,0,47,False,2025
2,2025033,0920,defense,B.J. Hill,0,47,False,2025
2,2025033,0920,defense,Logan Wilson,7,47,False,2025
2,2025033,0920,defense,Geno Stone,0,47,False,2025
2,2025033,0920,defense,Joseph Ossai,7,47,False,2025
2,2025033,0920,defense,Tedarrell Slaton,7,47,False,2025
2,2025033,0920,defense,Daxton Hill,7,47,False,2025
2,2025033,0920,defense,Cam Taylor-Britt,7,47,False,2025
2,2025033,0920,defense,Jordan Battle,7,47,False,2025
2,2025033,0920,defense,Josh Newton,6,47,False,2025
2,2025033,0920,defense,Demetrius Knight Jr.,7,47,False,2025
3,2025034,3900,offense,Aaron Rodgers,0,44,True,2025
3,2025034,3900,offense,Isaac Seumalo,0,44,False,2025
3,2025034,3900,offense,DK Metcalf,0,44,False,2025
3,2025034,3900,offense,Pat Freiermuth,11,44,False,2025
3,2025034,3900,offense,Kenneth Gainwell,4,44,False,2025
3,2025034,3900,offense,Calvin Austin III,0,44,False,2025
3,2025034,3900,offense,Broderick Jones,14,44,False,2025
3,2025034,3900,offense,Troy Fautanu,14,44,False,2025
3,2025034,3900,offense,Zach Frazier,14,44,False,2025
3,2025034,3900,offense,Roman Wilson,15,44,False,2025
3,2025034,3900,offense,Mason McCormick,14,44,False,2025
3,2025034,0750,defense,A'Shawn Robinson,0,44,False,2025
3,2025034,0750,defense,Mike Jackson,0,44,False,2025
3,2025034,0750,defense,Nick Scott,0,44,False,2025
3,2025034,0750,defense,Derrick Brown,0,44,False,2025
3,2025034,0750,defense,Tershawn Wharton,0,44,False,2025
3,2025034,0750,defense,Christian Rozeboom,0,44,False,2025
3,2025034,0750,defense,Jaycee Horn,0,44,False,2025
3,2025034,0750,defense,Tre'von Moehrig,0,44,False,2025
3,2025034,0750,defense,Patrick Jones II,0,44,False,2025
3,2025034,0750,defense,Trevin Wallace,0,44,False,2025
3,2025034,0750,defense,Chau Smith-Wade,0,44,False,2025
3,2025034,0750,offense,Taylor Moton,0,59,False,2025
3,2025034,0750,offense,Austin Corbett,0,59,False,2025
3,2025034,0750,offense,Yosh Nijman,10,59,False,2025
3,2025034,0750,offense,Robert Hunt,0,59,False,2025
3,2025034,0750,offense,Damien Lewis,0,59,False,2025
3,2025034,0750,offense,Tommy Tremble,0,59,False,2025
3,2025034,0750,offense,Chuba Hubbard,0,59,False,2025
3,2025034,0750,offense,Bryce Young,0,59,True,2025
3,2025034,0750,offense,Xavier Legette,0,59,False,2025
3,2025034,0750,offense,Ja'Tavion Sanders,0,59,False,2025
3,2025034,0750,offense,Tetairoa McMillan,0,59,False,2025
3,2025034,3900,defense,Cameron Heyward,0,59,False,2025
3,2025034,3900,defense,Darius Slay,7,59,False,2025
3,2025034,3900,defense,Jalen Ramsey,7,59,False,2025
3,2025034,3900,defense,T.J. Watt,0,59,False,2025
3,2025034,3900,defense,DeShon Elliott,7,59,False,2025
3,2025034,3900,defense,Patrick Queen,7,59,False,2025
3,2025034,3900,defense,Alex Highsmith,0,59,False,2025
3,2025034,3900,defense,Isaiahh Loudermilk,18,59,False,2025
3,2025034,3900,defense,Joey Porter Jr.,7,59,False,2025
3,2025034,3900,defense,Keeanu Benton,7,59,False,2025
3,2025034,3900,defense,Payton Wilson,10,59,False,2025
3,2025035,3410,offense,Russell Wilson,0,63,True,2025
3,2025035,3410,offense,Greg Van Roten,0,63,False,2025
3,2025035,3410,offense,Chris Manhertz,0,63,False,2025
3,2025035,3410,offense,Jermaine Eluemunor,0,63,False,2025
3,2025035,3410,offense,Darius Slayton,0,63,False,2025
3,2025035,3410,offense,Jon Runyan,0,63,False,2025
3,2025035,3410,offense,James Hudson,0,63,False,2025
3,2025035,3410,offense,John Michael Schmitz,0,63,False,2025
3,2025035,3410,offense,Malik Nabers,0,63,False,2025
3,2025035,3410,offense,Theo Johnson,0,63,False,2025
3,2025035,3410,offense,Tyrone Tracy Jr.,0,63,False,2025
3,2025035,3200,defense,Harold Landry III,0,63,False,2025
3,2025035,3200,defense,Carlton Davis III,0,63,False,2025
3,2025035,3200,defense,Robert Spillane,0,63,False,2025
3,2025035,3200,defense,K'Lavon Chaisson,0,63,False,2025
3,2025035,3200,defense,Kyle Dugger,35,63,False,2025
3,2025035,3200,defense,Jaylinn Hawkins,0,63,False,2025
3,2025035,3200,defense,Christian Barmore,0,63,False,2025
3,2025035,3200,defense,Milton Williams,0,63,False,2025
3,2025035,3200,defense,Christian Elliss,0,63,False,2025
3,2025035,3200,defense,Alex Austin,10,63,False,2025
3,2025035,3200,defense,Craig Woodson,19,63,False,2025
3,2025035,3200,offense,Morgan Moses,0,54,False,2025
3,2025035,3200,offense,Stefon Diggs,0,54,False,2025
3,2025035,3200,offense,Hunter Henry,0,54,False,2025
3,2025035,3200,offense,Mack Hollins,0,54,False,2025
3,2025035,3200,offense,Garrett Bradbury,0,54,False,2025
3,2025035,3200,offense,Mike Onwenu,0,54,False,2025
3,2025035,3200,offense,Rhamondre Stevenson,0,54,False,2025
3,2025035,3200,offense,Kayshon Boutte,0,54,False,2025
3,2025035,3200,offense,Drake Maye,0,54,True,2025
3,2025035,3200,offense,Will Campbell,0,54,False,2025
3,2025035,3200,offense,Jared Wilson,9,54,False,2025
3,2025035,3410,defense,Roy Robertson-Harris,0,54,False,2025
3,2025035,3410,defense,Brian Burns,0,54,False,2025
3,2025035,3410,defense,Dexter Lawrence,0,54,False,2025
3,2025035,3410,defense,Bobby Okereke,0,54,False,2025
3,2025035,3410,defense,Jevon Holland,0,54,False,2025
3,2025035,3410,defense,Paulson Adebo,0,54,False,2025
3,2025035,3410,defense,Kayvon Thibodeaux,0,54,False,2025
3,2025035,3410,defense,Cordale Flott,6,54,False,2025
3,2025035,3410,defense,Micah McFadden,0,54,False,2025
3,2025035,3410,defense,Tyler Nubin,0,54,False,2025
3,2025035,3410,defense,Andru Phillips,6,54,False,2025
3,2025036,3430,offense,Josh Reynolds,0,57,False,2025
3,2025036,3430,offense,John Simpson,0,57,False,2025
3,2025036,3430,offense,Justin Fields,0,57,True,2025
3,2025036,3430,offense,Josh Myers,0,57,False,2025
3,2025036,3430,offense,Garrett Wilson,0,57,False,2025
3,2025036,3430,offense,Breece Hall,0,57,False,2025
3,2025036,3430,offense,Jeremy Ruckert,10,57,False,2025
3,2025036,3430,offense,Joe Tippmann,0,57,False,2025
3,2025036,3430,offense,Olumuyiwa Fashanu,0,57,False,2025
3,2025036,3430,offense,Armand Membou,10,57,False,2025
3,2025036,3430,offense,Mason Taylor,0,57,False,2025
3,2025036,3700,defense,Adoree' Jackson,0,57,False,2025
3,2025036,3700,defense,Zack Baun,0,57,False,2025
3,2025036,3700,defense,Jordan Davis,0,57,False,2025
3,2025036,3700,defense,Reed Blankenship,0,57,False,2025
3,2025036,3700,defense,Nolan Smith,0,57,False,2025
3,2025036,3700,defense,Moro Ojomo,0,57,False,2025
3,2025036,3700,defense,Quinyon Mitchell,0,57,False,2025
3,2025036,3700,defense,Cooper DeJean,0,57,False,2025
3,2025036,3700,defense,Jalyx Hunt,0,57,False,2025
3,2025036,3700,defense,Jihaad Campbell,0,57,False,2025
3,2025036,3700,defense,Andrew Mukuba,0,57,False,2025
3,2025036,3700,offense,Lane Johnson,0,62,False,2025
3,2025036,3700,offense,Saquon Barkley,0,62,False,2025
3,2025036,3700,offense,Dallas Goedert,0,62,False,2025
3,2025036,3700,offense,Jordan Mailata,0,62,False,2025
3,2025036,3700,offense,A.J. Brown,0,62,False,2025
3,2025036,3700,offense,Jalen Hurts,0,62,True,2025
3,2025036,3700,offense,DeVonta Smith,0,62,False,2025
3,2025036,3700,offense,Landon Dickerson,0,62,False,2025
3,2025036,3700,offense,Jahan Dotson,0,62,False,2025
3,2025036,3700,offense,Cam Jurgens,0,62,False,2025
3,2025036,3700,offense,Tyler Steen,0,62,False,2025
3,2025036,3430,defense,Harrison Phillips,0,62,False,2025
3,2025036,3430,defense,Quinnen Williams,0,62,False,2025
3,2025036,3430,defense,Quincy Williams,0,62,False,2025
3,2025036,3430,defense,Andre Cisco,0,62,False,2025
3,2025036,3430,defense,Brandon Stephens,0,62,False,2025
3,2025036,3430,defense,Jamien Sherwood,0,62,False,2025
3,2025036,3430,defense,Michael Carter II,0,62,False,2025
3,2025036,3430,defense,Sauce Gardner,0,62,False,2025
3,2025036,3430,defense,Jermaine Johnson II,0,62,False,2025
3,2025036,3430,defense,Tony Adams,0,62,False,2025
3,2025036,3430,defense,Will McDonald IV,0,62,False,2025
3,2025037,3000,offense,Ryan Kelly,0,57,False,2025
3,2025037,3000,offense,Aaron Jones,0,57,False,2025
3,2025037,3000,offense,Brian O'Neill,0,57,False,2025
3,2025037,3000,offense,T.J. Hockenson,0,57,False,2025
3,2025037,3000,offense,Josh Oliver,0,57,False,2025
3,2025037,3000,offense,Justin Skule,0,57,False,2025
3,2025037,3000,offense,Justin Jefferson,0,57,False,2025
3,2025037,3000,offense,Will Fries,0,57,False,2025
3,2025037,3000,offense,Jalen Nailor,0,57,False,2025
3,2025037,3000,offense,J.J. McCarthy,0,57,True,2025
3,2025037,3000,offense,Donovan Jackson,0,57,False,2025
3,2025037,2100,defense,Xavier Woods,19,57,False,2025
3,2025037,2100,defense,Sebastian Joseph-Day,9,57,False,2025
3,2025037,2100,defense,Jeffery Simmons,13,57,False,2025
3,2025037,2100,defense,Dre'Mont Jones,11,57,False,2025
3,2025037,2100,defense,Cody Barton,13,57,False,2025
3,2025037,2100,defense,Amani Hooker,13,57,False,2025
3,2025037,2100,defense,L'Jarius Sneed,0,57,False,2025
3,2025037,2100,defense,T'Vondre Sweat,0,57,False,2025
3,2025037,2100,defense,Cedric Gray,19,57,False,2025
3,2025037,2100,defense,Jarvis Brownlee Jr.,13,57,False,2025
3,2025037,2100,defense,Oluwafemi Oladejo,23,57,False,2025
3,2025037,2100,offense,Kevin Zeitler,0,53,False,2025
3,2025037,2100,offense,Calvin Ridley,0,53,False,2025
3,2025037,2100,offense,Tony Pollard,0,53,False,2025
3,2025037,2100,offense,Lloyd Cushenberry III,0,53,False,2025
3,2025037,2100,offense,Dan Moore Jr.,15,53,False,2025
3,2025037,2100,offense,Chig Okonkwo,13,53,False,2025
3,2025037,2100,offense,Peter Skoronski,15,53,False,2025
3,2025037,2100,offense,JC Latham,0,53,False,2025
3,2025037,2100,offense,Cam Ward,15,53,True,2025
3,2025037,2100,offense,Gunnar Helm,13,53,False,2025
3,2025037,2100,offense,Elic Ayomanor,20,53,False,2025
3,2025037,3000,defense,Javon Hargrave,0,53,False,2025
3,2025037,3000,defense,Jonathan Allen,0,53,False,2025
3,2025037,3000,defense,Byron Murphy,0,53,False,2025
3,2025037,3000,defense,Andrew Van Ginkel,0,53,False,2025
3,2025037,3000,defense,Blake Cashman,0,53,False,2025
3,2025037,3000,defense,Jonathan Greenard,0,53,False,2025
3,2025037,3000,defense,Josh Metellus,0,53,False,2025
3,2025037,3000,defense,Isaiah Rodgers,0,53,False,2025
3,2025037,3000,defense,Theo Jackson,0,53,False,2025
3,2025037,3000,defense,Jalen Redmond,0,53,False,2025
3,2025037,3000,defense,Ivan Pace Jr.,0,53,False,2025
3,2025038,0200,offense,Jake Matthews,0,59,False,2025
3,2025038,0200,offense,Elijah Wilkinson,0,59,False,2025
3,2025038,0200,offense,Chris Lindstrom,0,59,False,2025
3,2025038,0200,offense,Kyle Pitts,0,59,False,2025
3,2025038,0200,offense,Ryan Neuzil,0,59,False,2025
3,2025038,0200,offense,Drake London,0,59,False,2025
3,2025038,0200,offense,Tyler Allgeier,0,59,False,2025
3,2025038,0200,offense,Bijan Robinson,0,59,False,2025
3,2025038,0200,offense,Matthew Bergeron,0,59,False,2025
3,2025038,0200,offense,Michael Penix Jr.,0,59,True,2025
3,2025038,0200,offense,Casey Washington,0,59,False,2025
3,2025038,1200,defense,Dante Fowler Jr.,0,59,False,2025
3,2025038,1200,defense,Kenny Clark,0,59,False,2025
3,2025038,1200,defense,Malik Hooker,0,59,False,2025
3,2025038,1200,defense,Donovan Wilson,0,59,False,2025
3,2025038,1200,defense,"Kenneth Murray, Jr.",0,59,False,2025
3,2025038,1200,defense,Osa Odighizuwa,0,59,False,2025
3,2025038,1200,defense,Kaiir Elam,0,59,False,2025
3,2025038,1200,defense,Sam Williams,0,59,False,2025
3,2025038,1200,defense,DaRon Bland,0,59,False,2025
3,2025038,1200,defense,Damone Clark,0,59,False,2025
3,2025038,1200,defense,Jack Sanborn,0,59,False,2025
3,2025038,1200,offense,Dak Prescott,0,53,True,2025
3,2025038,1200,offense,CeeDee Lamb,0,53,False,2025
3,2025038,1200,offense,Terence Steele,0,53,False,2025
3,2025038,1200,offense,Javonte Williams,0,53,False,2025
3,2025038,1200,offense,Tyler Smith,0,53,False,2025
3,2025038,1200,offense,George Pickens,0,53,False,2025
3,2025038,1200,offense,Jalen Tolbert,0,53,False,2025
3,2025038,1200,offense,Jake Ferguson,0,53,False,2025
3,2025038,1200,offense,Tyler Guyton,0,53,False,2025
3,2025038,1200,offense,Cooper Beebe,0,53,False,2025
3,2025038,1200,offense,Tyler Booker,0,53,False,2025
3,2025038,0200,defense,Leonard Floyd,0,53,False,2025
3,2025038,0200,defense,David Onyemata,0,53,False,2025
3,2025038,0200,defense,Mike Hughes,0,53,False,2025
3,2025038,0200,defense,Jessie Bates,0,53,False,2025
3,2025038,0200,defense,Kaden Elliss,0,53,False,2025
3,2025038,0200,defense,A.J. Terrell,0,53,False,2025
3,2025038,0200,defense,Jordan Fuller,0,53,False,2025
3,2025038,0200,defense,Divine Deablo,0,53,False,2025
3,2025038,0200,defense,Zach Harrison,16,53,False,2025
3,2025038,0200,defense,Brandon Dorlus,0,53,False,2025
3,2025038,0200,defense,Xavier Watts,0,53,False,2025
3,2025039,2310,offense,Travis Kelce,13,52,False,2025
3,2025039,2310,offense,Patrick Mahomes,20,52,True,2025
3,2025039,2310,offense,JuJu Smith-Schuster,11,52,False,2025
3,2025039,2310,offense,Marquise Brown,0,52,False,2025
3,2025039,2310,offense,Jawaan Taylor,20,52,False,2025
3,2025039,2310,offense,Creed Humphrey,20,52,False,2025
3,2025039,2310,offense,Trey Smith,20,52,False,2025
3,2025039,2310,offense,Isiah Pacheco,11,52,False,2025
3,2025039,2310,offense,Xavier Worthy,18,52,False,2025
3,2025039,2310,offense,Kingsley Suamataia,20,52,False,2025
3,2025039,2310,offense,Josh Simmons,20,52,False,2025
3,2025039,0810,defense,Grady Jarrett,0,52,False,2025
3,2025039,0810,defense,Kevin Byard,20,52,False,2025
3,2025039,0810,defense,Tremaine Edmunds,0,52,False,2025
3,2025039,0810,defense,Montez Sweat,15,52,False,2025
3,2025039,0810,defense,Dayo Odeyingbo,19,52,False,2025
3,2025039,0810,defense,Nahshon Wright,20,52,False,2025
3,2025039,0810,defense,Nick McCloud,24,52,False,2025
3,2025039,0810,defense,Jaquan Brisker,20,52,False,2025
3,2025039,0810,defense,Gervon Dexter Sr.,17,52,False,2025
3,2025039,0810,defense,Tyrique Stevenson,20,52,False,2025
3,2025039,0810,defense,Noah Sewell,29,52,False,2025
3,2025039,0810,offense,Joe Thuney,0,73,False,2025
3,2025039,0810,offense,DJ Moore,25,73,False,2025
3,2025039,0810,offense,Olamide Zaccheaus,18,73,False,2025
3,2025039,0810,offense,D'Andre Swift,18,73,False,2025
3,2025039,0810,offense,Cole Kmet,15,73,False,2025
3,2025039,0810,offense,Jonah Jackson,26,73,False,2025
3,2025039,0810,offense,Drew Dalman,26,73,False,2025
3,2025039,0810,offense,Braxton Jones,26,73,False,2025
3,2025039,0810,offense,Darnell Wright,26,73,False,2025
3,2025039,0810,offense,Caleb Williams,26,73,True,2025
3,2025039,0810,offense,Rome Odunze,26,73,False,2025
3,2025039,2310,defense,Chris Jones,14,73,False,2025
3,2025039,2310,defense,Jerry Tillery,30,73,False,2025
3,2025039,2310,defense,Drue Tranquill,0,73,False,2025
3,2025039,2310,defense,Michael Danna,11,73,False,2025
3,2025039,2310,defense,Nick Bolton,19,73,False,2025
3,2025039,2310,defense,Trent McDuffie,19,73,False,2025
3,2025039,2310,defense,Bryan Cook,26,73,False,2025
3,2025039,2310,defense,Leo Chenal,18,73,False,2025
3,2025039,2310,defense,Jaylen Watson,15,73,False,2025
3,2025039,2310,defense,Chamarri Conner,19,73,False,2025
3,2025039,2310,defense,Jaden Hicks,21,73,False,2025
3,2025040,0325,offense,Ronnie Stanley,0,62,False,2025
3,2025040,0325,offense,Derrick Henry,0,62,False,2025
3,2025040,0325,offense,Lamar Jackson,0,62,True,2025
3,2025040,0325,offense,Mark Andrews,0,62,False,2025
3,2025040,0325,offense,Rashod Bateman,0,62,False,2025
3,2025040,0325,offense,Tyler Linderbaum,0,62,False,2025
3,2025040,0325,offense,Daniel Faalele,0,62,False,2025
3,2025040,0325,offense,Charlie Kolar,0,62,False,2025
3,2025040,0325,offense,Zay Flowers,0,62,False,2025
3,2025040,0325,offense,Andrew Vorhees,0,62,False,2025
3,2025040,0325,offense,Roger Rosengarten,0,62,False,2025
3,2025040,5110,defense,Bobby Wagner,0,62,False,2025
3,2025040,5110,defense,Eddie Goldman,23,62,False,2025
3,2025040,5110,defense,Marshon Lattimore,0,62,False,2025
3,2025040,5110,defense,Deatrich Wise,0,62,False,2025
3,2025040,5110,defense,Daron Payne,0,62,False,2025
3,2025040,5110,defense,Jacob Martin,0,62,False,2025
3,2025040,5110,defense,Frankie Luvu,0,62,False,2025
3,2025040,5110,defense,Will Harris,0,62,False,2025
3,2025040,5110,defense,Javon Kinlaw,0,62,False,2025
3,2025040,5110,defense,Quan Martin,0,62,False,2025
3,2025040,5110,defense,Mike Sainristil,0,62,False,2025
3,2025040,5110,offense,Zach Ertz,0,53,False,2025
3,2025040,5110,offense,Laremy Tunsil,0,53,False,2025
3,2025040,5110,offense,Noah Brown,0,53,False,2025
3,2025040,5110,offense,Austin Ekeler,0,53,False,2025
3,2025040,5110,offense,Terry McLaurin,0,53,False,2025
3,2025040,5110,offense,Nick Allegretti,0,53,False,2025
3,2025040,5110,offense,Tyler Biadasz,0,53,False,2025
3,2025040,5110,offense,John Bates,0,53,False,2025
3,2025040,5110,offense,Jayden Daniels,0,53,True,2025
3,2025040,5110,offense,Brandon Coleman,10,53,False,2025
3,2025040,5110,offense,Josh Conerly Jr.,0,53,False,2025
3,2025040,0325,defense,Kyle Van Noy,0,53,False,2025
3,2025040,0325,defense,Marlon Humphrey,0,53,False,2025
3,2025040,0325,defense,Chidobe Awuzie,0,53,False,2025
3,2025040,0325,defense,Roquan Smith,0,53,False,2025
3,2025040,0325,defense,Nnamdi Madubuike,0,53,False,2025
3,2025040,0325,defense,Kyle Hamilton,0,53,False,2025
3,2025040,0325,defense,Travis Jones,0,53,False,2025
3,2025040,0325,defense,Trenton Simpson,25,53,False,2025
3,2025040,0325,defense,Tavius Robinson,0,53,False,2025
3,2025040,0325,defense,Nate Wiggins,0,53,False,2025
3,2025040,0325,defense,Malaki Starks,0,53,False,2025
3,2025041,2200,offense,Mo Alie-Cox,0,71,False,2025
3,2025041,2200,offense,Quenton Nelson,0,71,False,2025
3,2025041,2200,offense,Braden Smith,0,71,False,2025
3,2025041,2200,offense,Daniel Jones,0,71,True,2025
3,2025041,2200,offense,Michael Pittman,0,71,False,2025
3,2025041,2200,offense,Jonathan Taylor,0,71,False,2025
3,2025041,2200,offense,Alec Pierce,0,71,False,2025
3,2025041,2200,offense,Bernhard Raimann,0,71,False,2025
3,2025041,2200,offense,Matt Goncalves,14,71,False,2025
3,2025041,2200,offense,Tanor Bortolini,0,71,False,2025
3,2025041,2200,offense,Tyler Warren,0,71,False,2025
3,2025041,0920,defense,Trey Hendrickson,0,71,False,2025
3,2025041,0920,defense,B.J. Hill,0,71,False,2025
3,2025041,0920,defense,Logan Wilson,0,71,False,2025
3,2025041,0920,defense,Geno Stone,0,71,False,2025
3,2025041,0920,defense,Joseph Ossai,0,71,False,2025
3,2025041,0920,defense,Tedarrell Slaton,0,71,False,2025
3,2025041,0920,defense,Daxton Hill,0,71,False,2025
3,2025041,0920,defense,Cam Taylor-Britt,0,71,False,2025
3,2025041,0920,defense,Jordan Battle,0,71,False,2025
3,2025041,0920,defense,Josh Newton,0,71,False,2025
3,2025041,0920,defense,Demetrius Knight Jr.,0,71,False,2025
3,2025041,0920,offense,Ted Karras,0,49,False,2025
3,2025041,0920,offense,Lucas Patrick,0,49,False,2025
3,2025041,0920,offense,Orlando Brown,0,49,False,2025
3,2025041,0920,offense,Noah Fant,0,49,False,2025
3,2025041,0920,offense,Drew Sample,0,49,False,2025
3,2025041,0920,offense,Joe Burrow,0,49,True,2025
3,2025041,0920,offense,Tee Higgins,0,49,False,2025
3,2025041,0920,offense,Ja'Marr Chase,0,49,False,2025
3,2025041,0920,offense,Chase Brown,0,49,False,2025
3,2025041,0920,offense,Amarius Mims,0,49,False,2025
3,2025041,0920,offense,Dylan Fairchild,0,49,False,2025
3,2025041,2200,defense,DeForest Buckner,0,49,False,2025
3,2025041,2200,defense,Xavien Howard,0,49,False,2025
3,2025041,2200,defense,Grover Stewart,0,49,False,2025
3,2025041,2200,defense,Kenny Moore II,0,49,False,2025
3,2025041,2200,defense,Zaire Franklin,0,49,False,2025
3,2025041,2200,defense,Charvarius Ward,0,49,False,2025
3,2025041,2200,defense,Joe Bachie,0,49,False,2025
3,2025041,2200,defense,Kwity Paye,0,49,False,2025
3,2025041,2200,defense,Camryn Bynum,0,49,False,2025
3,2025041,2200,defense,Nick Cross,0,49,False,2025
3,2025041,2200,defense,Laiatu Latu,0,49,False,2025
3,2025042,2510,offense,Matthew Stafford,0,51,True,2025
3,2025042,2510,offense,Davante Adams,0,51,False,2025
3,2025042,2510,offense,Rob Havenstein,0,51,False,2025
3,2025042,2510,offense,Tyler Higbee,0,51,False,2025
3,2025042,2510,offense,Coleman Shelton,0,51,False,2025
3,2025042,2510,offense,Kevin Dotson,0,51,False,2025
3,2025042,2510,offense,Tutu Atwell,0,51,False,2025
3,2025042,2510,offense,Alaric Jackson,0,51,False,2025
3,2025042,2510,offense,Kyren Williams,0,51,False,2025
3,2025042,2510,offense,Steve Avila,0,51,False,2025
3,2025042,2510,offense,Puka Nacua,0,51,False,2025
3,2025042,1050,defense,Maliek Collins,8,51,False,2025
3,2025042,1050,defense,Myles Garrett,0,51,False,2025
3,2025042,1050,defense,Denzel Ward,0,51,False,2025
3,2025042,1050,defense,Jerome Baker,12,51,False,2025
3,2025042,1050,defense,Devin Bush,14,51,False,2025
3,2025042,1050,defense,Grant Delpit,8,51,False,2025
3,2025042,1050,defense,Greg Newsome II,0,51,False,2025
3,2025042,1050,defense,Isaiah McGuire,8,51,False,2025
3,2025042,1050,defense,Ronnie Hickman Jr.,15,51,False,2025
3,2025042,1050,defense,Mason Graham,8,51,False,2025
3,2025042,1050,defense,Carson Schwesinger,10,51,False,2025
3,2025042,1050,offense,Joe Flacco,16,58,True,2025
3,2025042,1050,offense,Joel Bitonio,0,58,False,2025
3,2025042,1050,offense,Jack Conklin,10,58,False,2025
3,2025042,1050,offense,David Njoku,12,58,False,2025
3,2025042,1050,offense,Ethan Pocic,8,58,False,2025
3,2025042,1050,offense,Wyatt Teller,16,58,False,2025
3,2025042,1050,offense,Jerry Jeudy,3,58,False,2025
3,2025042,1050,offense,Cedric Tillman,0,58,False,2025
3,2025042,1050,offense,Dawand Jones,16,58,False,2025
3,2025042,1050,offense,Harold Fannin Jr.,10,58,False,2025
3,2025042,1050,offense,Dylan Sampson,5,58,False,2025
3,2025042,2510,defense,Ahkello Witherspoon,0,58,False,2025
3,2025042,2510,defense,Kam Curl,0,58,False,2025
3,2025042,2510,defense,Quentin Lake,0,58,False,2025
3,2025042,2510,defense,Nate Landman,0,58,False,2025
3,2025042,2510,defense,Emmanuel Forbes,0,58,False,2025
3,2025042,2510,defense,Byron Young,0,58,False,2025
3,2025042,2510,defense,Kobie Turner,0,58,False,2025
3,2025042,2510,defense,Jared Verse,0,58,False,2025
3,2025042,2510,defense,Braden Fiske,0,58,False,2025
3,2025042,2510,defense,Kamren Kinchens,0,58,False,2025
3,2025042,2510,defense,Omar Speights,0,58,False,2025
3,2025043,1540,offense,Jared Goff,0,32,True,2025
3,2025043,1540,offense,Taylor Decker,0,32,False,2025
3,2025043,1540,offense,Graham Glasgow,0,32,False,2025
3,2025043,1540,offense,Penei Sewell,0,32,False,2025
3,2025043,1540,offense,Amon-Ra St. Brown,0,32,False,2025
3,2025043,1540,offense,Brock Wright,0,32,False,2025
3,2025043,1540,offense,Jameson Williams,0,32,False,2025
3,2025043,1540,offense,Jahmyr Gibbs,0,32,False,2025
3,2025043,1540,offense,Sam LaPorta,0,32,False,2025
3,2025043,1540,offense,Christian Mahogany,0,32,False,2025
3,2025043,1540,offense,Tate Ratledge,0,32,False,2025
3,2025043,2120,defense,Danielle Hunter,0,32,False,2025
3,2025043,2120,defense,Sheldon Rankins,0,32,False,2025
3,2025043,2120,defense,Tim Settle,11,32,False,2025
3,2025043,2120,defense,C.J. Gardner-Johnson,0,32,False,2025
3,2025043,2120,defense,Azeez Al-Shaair,0,32,False,2025
3,2025043,2120,defense,Derek Stingley Jr.,0,32,False,2025
3,2025043,2120,defense,Jalen Pitre,0,32,False,2025
3,2025043,2120,defense,Will Anderson Jr.,0,32,False,2025
3,2025043,2120,defense,Henry To'oTo'o,0,32,False,2025
3,2025043,2120,defense,Kamari Lassiter,0,32,False,2025
3,2025043,2120,defense,Calen Bullock,0,32,False,2025
3,2025043,2120,offense,Laken Tomlinson,0,69,False,2025
3,2025043,2120,offense,Cam Robinson,0,69,False,2025
3,2025043,2120,offense,Nick Chubb,0,69,False,2025
3,2025043,2120,offense,Dalton Schultz,0,69,False,2025
3,2025043,2120,offense,Justin Watson,7,69,False,2025
3,2025043,2120,offense,Tytus Howard,0,69,False,2025
3,2025043,2120,offense,Nico Collins,0,69,False,2025
3,2025043,2120,offense,C.J. Stroud,0,69,True,2025
3,2025043,2120,offense,Jake Andrews,0,69,False,2025
3,2025043,2120,offense,Xavier Hutchinson,9,69,False,2025
3,2025043,2120,offense,Aireontae Ersery,0,69,False,2025
3,2025043,1540,defense,DJ Reader,0,69,False,2025
3,2025043,1540,defense,Alex Anzalone,0,69,False,2025
3,2025043,1540,defense,Marcus Davenport,0,69,False,2025
3,2025043,1540,defense,D.J. Reed,0,69,False,2025
3,2025043,1540,defense,Derrick Barnes,0,69,False,2025
3,2025043,1540,defense,Aidan Hutchinson,0,69,False,2025
3,2025043,1540,defense,Kerby Joseph,0,69,False,2025
3,2025043,1540,defense,Jack Campbell,0,69,False,2025
3,2025043,1540,defense,Brian Branch,0,69,False,2025
3,2025043,1540,defense,Terrion Arnold,0,69,False,2025
3,2025043,1540,defense,Tyleik Williams,0,69,False,2025
3,2025044,1400,offense,Garett Bolles,19,71,False,2025
3,2025044,1400,offense,Mike McGlinchey,19,71,False,2025
3,2025044,1400,offense,Courtland Sutton,19,71,False,2025
3,2025044,1400,offense,Ben Powers,19,71,False,2025
3,2025044,1400,offense,J.K. Dobbins,0,71,False,2025
3,2025044,1400,offense,Adam Trautman,10,71,False,2025
3,2025044,1400,offense,Quinn Meinerz,19,71,False,2025
3,2025044,1400,offense,Luke Wattenberg,19,71,False,2025
3,2025044,1400,offense,Lucas Krull,29,71,False,2025
3,2025044,1400,offense,Bo Nix,19,71,True,2025
3,2025044,1400,offense,Troy Franklin,13,71,False,2025
3,2025044,3300,defense,Cameron Jordan,12,71,False,2025
3,2025044,3300,defense,Demario Davis,19,71,False,2025
3,2025044,3300,defense,Davon Godchaux,11,71,False,2025
3,2025044,3300,defense,Justin Reid,18,71,False,2025
3,2025044,3300,defense,Nathan Shepherd,12,71,False,2025
3,2025044,3300,defense,Isaac Yiadom,19,71,False,2025
3,2025044,3300,defense,Carl Granderson,12,71,False,2025
3,2025044,3300,defense,Julian Blackmon,19,71,False,2025
3,2025044,3300,defense,Pete Werner,14,71,False,2025
3,2025044,3300,defense,Bryan Bresee,17,71,False,2025
3,2025044,3300,defense,Kool-Aid McKinstry,19,71,False,2025
3,2025044,3300,offense,Alvin Kamara,1,54,False,2025
3,2025044,3300,offense,Erik McCoy,14,54,False,2025
3,2025044,3300,offense,Cesar Ruiz,14,54,False,2025
3,2025044,3300,offense,Juwan Johnson,12,54,False,2025
3,2025044,3300,offense,Dillon Radunz,14,54,False,2025
3,2025044,3300,offense,Jack Stoll,9,54,False,2025
3,2025044,3300,offense,Chris Olave,14,54,False,2025
3,2025044,3300,offense,Rashid Shaheed,14,54,False,2025
3,2025044,3300,offense,Taliese Fuaga,0,54,False,2025
3,2025044,3300,offense,Spencer Rattler,14,54,True,2025
3,2025044,3300,offense,Kelvin Banks Jr.,14,54,False,2025
3,2025044,1400,defense,Alex Singleton,10,54,False,2025
3,2025044,1400,defense,D.J. Jones,3,54,False,2025
3,2025044,1400,defense,John Franklin-Myers,4,54,False,2025
3,2025044,1400,defense,Zach Allen,7,54,False,2025
3,2025044,1400,defense,Brandon Jones,10,54,False,2025
3,2025044,1400,defense,Justin Strnad,11,54,False,2025
3,2025044,1400,defense,Pat Surtain II,10,54,False,2025
3,2025044,1400,defense,Talanoa Hufanga,10,54,False,2025
3,2025044,1400,defense,Jonathon Cooper,10,54,False,2025
3,2025044,1400,defense,Nik Bonitto,0,54,False,2025
3,2025044,1400,defense,Riley Moss,10,54,False,2025
3,2025045,1800,offense,Josh Jacobs,2,61,False,2025
3,2025045,1800,offense,Elgton Jenkins,0,61,False,2025
3,2025045,1800,offense,Jordan Love,0,61,True,2025
3,2025045,1800,offense,Aaron Banks,0,61,False,2025
3,2025045,1800,offense,Sean Rhyan,16,61,False,2025
3,2025045,1800,offense,Romeo Doubs,14,61,False,2025
3,2025045,1800,offense,Zach Tom,16,61,False,2025
3,2025045,1800,offense,Rasheed Walker,16,61,False,2025
3,2025045,1800,offense,Luke Musgrave,9,61,False,2025
3,2025045,1800,offense,Tucker Kraft,7,61,False,2025
3,2025045,1800,offense,Matthew Golden,14,61,False,2025
3,2025045,4600,defense,DeMarcus Lawrence,0,61,False,2025
3,2025045,4600,defense,Leonard Williams,0,61,False,2025
3,2025045,4600,defense,Jarran Reed,0,61,False,2025
3,2025045,4600,defense,Julian Love,0,61,False,2025
3,2025045,4600,defense,Ernest Jones,0,61,False,2025
3,2025045,4600,defense,Boye Mafe,0,61,False,2025
3,2025045,4600,defense,Coby Bryant,0,61,False,2025
3,2025045,4600,defense,Riq Woolen,0,61,False,2025
3,2025045,4600,defense,Devon Witherspoon,0,61,False,2025
3,2025045,4600,defense,Byron Murphy II,0,61,False,2025
3,2025045,4600,defense,Tyrice Knight,0,61,False,2025
3,2025045,4600,offense,Cooper Kupp,0,48,False,2025
3,2025045,4600,offense,Sam Darnold,0,48,True,2025
3,2025045,4600,offense,Charles Cross,0,48,False,2025
3,2025045,4600,offense,Kenneth Walker III,0,48,False,2025
3,2025045,4600,offense,Abraham Lucas,0,48,False,2025
3,2025045,4600,offense,Jaxon Smith-Njigba,0,48,False,2025
3,2025045,4600,offense,Anthony Bradford,0,48,False,2025
3,2025045,4600,offense,AJ Barner,0,48,False,2025
3,2025045,4600,offense,Jalen Sundell,0,48,False,2025
3,2025045,4600,offense,Grey Zabel,0,48,False,2025
3,2025045,4600,offense,Robbie Ouzts,0,48,False,2025
3,2025045,1800,defense,Rashan Gary,4,48,False,2025
3,2025045,1800,defense,Keisean Nixon,4,48,False,2025
3,2025045,1800,defense,Xavier McKinney,0,48,False,2025
3,2025045,1800,defense,Isaiah McDuffie,3,48,False,2025
3,2025045,1800,defense,Quay Walker,4,48,False,2025
3,2025045,1800,defense,Devonte Wyatt,0,48,False,2025
3,2025045,1800,defense,Lukas Van Ness,4,48,False,2025
3,2025045,1800,defense,Colby Wooden,10,48,False,2025
3,2025045,1800,defense,Carrington Valentine,4,48,False,2025
3,2025045,1800,defense,Edgerrin Cooper,4,48,False,2025
3,2025045,1800,defense,Javon Bullard,4,48,False,2025
3,2025046,2250,offense,Patrick Mekari,0,49,False,2025
3,2025046,2250,offense,Ezra Cleveland,0,49,False,2025
3,2025046,2250,offense,Trevor Lawrence,0,49,True,2025
3,2025046,2250,offense,Travis Etienne,0,49,False,2025
3,2025046,2250,offense,Walker Little,0,49,False,2025
3,2025046,2250,offense,Dyami Brown,0,49,False,2025
3,2025046,2250,offense,Robert Hainsey,0,49,False,2025
3,2025046,2250,offense,Anton Harrison,0,49,False,2025
3,2025046,2250,offense,Brenton Strange,0,49,False,2025
3,2025046,2250,offense,Brian Thomas Jr.,0,49,False,2025
3,2025046,2250,offense,Travis Hunter,0,49,False,2025
3,2025046,2700,defense,Bradley Chubb,8,49,False,2025
3,2025046,2700,defense,Minkah Fitzpatrick,6,49,False,2025
3,2025046,2700,defense,Zach Sieler,6,49,False,2025
3,2025046,2700,defense,Tyrel Dodson,6,49,False,2025
3,2025046,2700,defense,Jordyn Brooks,0,49,False,2025
3,2025046,2700,defense,Benito Jones,10,49,False,2025
3,2025046,2700,defense,Jaelan Phillips,8,49,False,2025
3,2025046,2700,defense,Ifeatu Melifonwu,12,49,False,2025
3,2025046,2700,defense,Jack Jones,14,49,False,2025
3,2025046,2700,defense,Storm Duck,14,49,False,2025
3,2025046,2700,defense,Kenneth Grant,0,49,False,2025
3,2025046,2700,offense,Tyreek Hill,0,49,False,2025
3,2025046,2700,offense,James Daniels,13,49,False,2025
3,2025046,2700,offense,Alec Ingold,0,49,False,2025
3,2025046,2700,offense,Tua Tagovailoa,13,49,True,2025
3,2025046,2700,offense,Austin Jackson,0,49,False,2025
3,2025046,2700,offense,Aaron Brewer,13,49,False,2025
3,2025046,2700,offense,Jaylen Waddle,5,49,False,2025
3,2025046,2700,offense,De'Von Achane,0,49,False,2025
3,2025046,2700,offense,Julian Hill,0,49,False,2025
3,2025046,2700,offense,Patrick Paul,13,49,False,2025
3,2025046,2700,offense,Jonah Savaiinaea,13,49,False,2025
3,2025046,2250,defense,Arik Armstead,0,49,False,2025
3,2025046,2250,defense,Eric Murray,0,49,False,2025
3,2025046,2250,defense,Jourdan Lewis,0,49,False,2025
3,2025046,2250,defense,Foye Oluokun,0,49,False,2025
3,2025046,2250,defense,Dennis Gardeck,6,49,False,2025
3,2025046,2250,defense,Josh Hines-Allen,0,49,False,2025
3,2025046,2250,defense,Andrew Wingard,0,49,False,2025
3,2025046,2250,defense,DaVon Hamilton,0,49,False,2025
3,2025046,2250,defense,Tyson Campbell,0,49,False,2025
3,2025046,2250,defense,Travon Walker,0,49,False,2025
3,2025046,2250,defense,Devin Lloyd,0,49,False,2025
3,2025047,4900,offense,Mike Evans,0,53,False,2025
3,2025047,4900,offense,Baker Mayfield,0,53,True,2025
3,2025047,4900,offense,Mike Jordan,25,53,False,2025
3,2025047,4900,offense,Ben Bredeson,0,53,False,2025
3,2025047,4900,offense,Luke Goedeke,0,53,False,2025
3,2025047,4900,offense,Cade Otton,0,53,False,2025
3,2025047,4900,offense,Cody Mauch,0,53,False,2025
3,2025047,4900,offense,Payne Durham,13,53,False,2025
3,2025047,4900,offense,Graham Barton,0,53,False,2025
3,2025047,4900,offense,Bucky Irving,0,53,False,2025
3,2025047,4900,offense,Emeka Egbuka,0,53,False,2025
3,2025047,0610,defense,DaQuan Jones,0,53,False,2025
3,2025047,0610,defense,Joey Bosa,0,53,False,2025
3,2025047,0610,defense,Matt Milano,0,53,False,2025
3,2025047,0610,defense,Ed Oliver,0,53,False,2025
3,2025047,0610,defense,Taylor Rapp,0,53,False,2025
3,2025047,0610,defense,Greg Rousseau,0,53,False,2025
3,2025047,0610,defense,Terrel Bernard,0,53,False,2025
3,2025047,0610,defense,Christian Benford,0,53,False,2025
3,2025047,0610,defense,Dorian Williams,20,53,False,2025
3,2025047,0610,defense,Cole Bishop,10,53,False,2025
3,2025047,0610,defense,Dorian Strong,15,53,False,2025
3,2025047,0610,offense,Dion Dawkins,0,61,False,2025
3,2025047,0610,offense,Josh Allen,0,61,True,2025
3,2025047,0610,offense,Connor McGovern,0,61,False,2025
3,2025047,0610,offense,Dawson Knox,0,61,False,2025
3,2025047,0610,offense,David Edwards,0,61,False,2025
3,2025047,0610,offense,Josh Palmer,0,61,False,2025
3,2025047,0610,offense,Spencer Brown,0,61,False,2025
3,2025047,0610,offense,James Cook,0,61,False,2025
3,2025047,0610,offense,Dalton Kincaid,0,61,False,2025
3,2025047,0610,offense,O'Cyrus Torrence,0,61,False,2025
3,2025047,0610,offense,Keon Coleman,0,61,False,2025
3,2025047,4900,defense,Lavonte David,0,61,False,2025
3,2025047,4900,defense,Haason Reddick,0,61,False,2025
3,2025047,4900,defense,Vita Vea,0,61,False,2025
3,2025047,4900,defense,Jamel Dean,0,61,False,2025
3,2025047,4900,defense,Antoine Winfield Jr.,0,61,False,2025
3,2025047,4900,defense,Logan Hall,0,61,False,2025
3,2025047,4900,defense,Zyon McCollum,0,61,False,2025
3,2025047,4900,defense,Calijah Kancey,0,61,False,2025
3,2025047,4900,defense,Yaya Diaby,0,61,False,2025
3,2025047,4900,defense,SirVocea Dennis,0,61,False,2025
3,2025047,4900,defense,Tykee Smith,0,61,False,2025
3,2025048,4400,offense,Keenan Allen,0,67,False,2025
3,2025048,4400,offense,Tyler Conklin,0,67,False,2025
3,2025048,4400,offense,Bradley Bozeman,0,67,False,2025
3,2025048,4400,offense,Trey Pipkins,0,67,False,2025
3,2025048,4400,offense,Justin Herbert,0,67,True,2025
3,2025048,4400,offense,Mekhi Becton,0,67,False,2025
3,2025048,4400,offense,Zion Johnson,0,67,False,2025
3,2025048,4400,offense,Quentin Johnston,0,67,False,2025
3,2025048,4400,offense,Joe Alt,0,67,False,2025
3,2025048,4400,offense,Ladd McConkey,0,67,False,2025
3,2025048,4400,offense,Omarion Hampton,0,67,False,2025
3,2025048,4500,defense,Fred Warner,0,67,False,2025
3,2025048,4500,defense,Nick Bosa,0,67,False,2025
3,2025048,4500,defense,Luke Gifford,13,67,False,2025
3,2025048,4500,defense,Jordan Elliott,14,67,False,2025
3,2025048,4500,defense,Deommodore Lenoir,0,67,False,2025
3,2025048,4500,defense,Jason Pinnock,0,67,False,2025
3,2025048,4500,defense,Kalia Davis,0,67,False,2025
3,2025048,4500,defense,Dee Winters,0,67,False,2025
3,2025048,4500,defense,Renardo Green,13,67,False,2025
3,2025048,4500,defense,Mykel Williams,0,67,False,2025
3,2025048,4500,defense,Marques Sigle,33,67,False,2025
3,2025048,4500,offense,Trent Williams,0,60,False,2025
3,2025048,4500,offense,Kyle Juszczyk,0,60,False,2025
3,2025048,4500,offense,Jake Brendel,0,60,False,2025
3,2025048,4500,offense,Christian McCaffrey,0,60,False,2025
3,2025048,4500,offense,George Kittle,0,60,False,2025
3,2025048,4500,offense,Ben Bartch,0,60,False,2025
3,2025048,4500,offense,Colton McKivitz,0,60,False,2025
3,2025048,4500,offense,Jauan Jennings,0,60,False,2025
3,2025048,4500,offense,Brock Purdy,0,60,True,2025
3,2025048,4500,offense,Ricky Pearsall,0,60,False,2025
3,2025048,4500,offense,Dominick Puni,0,60,False,2025
3,2025048,4400,defense,Khalil Mack,0,60,False,2025
3,2025048,4400,defense,Denzel Perryman,0,60,False,2025
3,2025048,4400,defense,Derwin James,0,60,False,2025
3,2025048,4400,defense,Donte Jackson,0,60,False,2025
3,2025048,4400,defense,Da'Shawn Hand,0,60,False,2025
3,2025048,4400,defense,Alohi Gilman,0,60,False,2025
3,2025048,4400,defense,Teair Tart,0,60,False,2025
3,2025048,4400,defense,Elijah Molden,0,60,False,2025
3,2025048,4400,defense,Tuli Tuipulotu,0,60,False,2025
3,2025048,4400,defense,Daiyan Henley,0,60,False,2025
3,2025048,4400,defense,Tarheeb Still,0,60,False,2025
3,2025049,3800,offense,James Conner,0,48,False,2025
3,2025049,3800,offense,Evan Brown,0,48,False,2025
3,2025049,3800,offense,Kyler Murray,0,48,True,2025
3,2025049,3800,offense,Jonah Williams,0,48,False,2025
3,2025049,3800,offense,Hjalte Froholdt,0,48,False,2025
3,2025049,3800,offense,Trey McBride,0,48,False,2025
3,2025049,3800,offense,Paris Johnson Jr.,0,48,False,2025
3,2025049,3800,offense,Elijah Higgins,0,48,False,2025
3,2025049,3800,offense,Marvin Harrison Jr.,0,48,False,2025
3,2025049,3800,offense,Isaiah Adams,0,48,False,2025
3,2025049,3800,offense,Tip Reiman,0,48,False,2025
3,2025049,2520,defense,Elandon Roberts,1,48,False,2025
3,2025049,2520,defense,Adam Butler,3,48,False,2025
3,2025049,2520,defense,Devin White,3,48,False,2025
3,2025049,2520,defense,Germaine Pratt,3,48,False,2025
3,2025049,2520,defense,Maxx Crosby,3,48,False,2025
3,2025049,2520,defense,Jeremy Chinn,0,48,False,2025
3,2025049,2520,defense,Eric Stokes,3,48,False,2025
3,2025049,2520,defense,Thomas Booker,2,48,False,2025
3,2025049,2520,defense,Isaiah Pola-Mao,18,48,False,2025
3,2025049,2520,defense,Kyu Kelly,0,48,False,2025
3,2025049,2520,defense,Jonah Laulu,11,48,False,2025
3,2025049,2520,offense,Geno Smith,9,62,True,2025
3,2025049,2520,offense,Kolton Miller,9,62,False,2025
3,2025049,2520,offense,Jakobi Meyers,9,62,False,2025
3,2025049,2520,offense,Jordan Meredith,9,62,False,2025
3,2025049,2520,offense,Dylan Parham,9,62,False,2025
3,2025049,2520,offense,Michael Mayer,6,62,False,2025
3,2025049,2520,offense,Tre Tucker,9,62,False,2025
3,2025049,2520,offense,Brock Bowers,3,62,False,2025
3,2025049,2520,offense,Jackson Powers-Johnson,9,62,False,2025
3,2025049,2520,offense,DJ Glaze,9,62,False,2025
3,2025049,2520,offense,Ashton Jeanty,3,62,False,2025
3,2025049,3800,defense,Calais Campbell,0,62,False,2025
3,2025049,3800,defense,Budda Baker,0,62,False,2025
3,2025049,3800,defense,Dalvin Tomlinson,0,62,False,2025
3,2025049,3800,defense,Josh Sweat,0,62,False,2025
3,2025049,3800,defense,Mack Wilson,0,62,False,2025
3,2025049,3800,defense,Jalen Thompson,0,62,False,2025
3,2025049,3800,defense,Akeem Davis-Gaither,0,62,False,2025
3,2025049,3800,defense,Baron Browning,0,62,False,2025
3,2025049,3800,defense,Garrett Williams,0,62,False,2025
3,2025049,3800,defense,Darius Robinson,0,62,False,2025
3,2025049,3800,defense,Max Melton,0,62,False,2025
