playerName,teammate,teamId,count
A.J. Haulcy,Austin Ajiake,2200,19
A.J. Haulcy,Cam Taylor-Britt,2200,19
A.J. Haulcy,Jaylahn Tuimolaou,2200,19
A.J. Haulcy,Jonathan Owens,2200,19
A.J. Haulcy,Mekhi Blackmon,2200,19
A.J. Haulcy,Johnathan Edwards,2200,15
A.J. Haulcy,Micheal Clemons,2200,15
A.J. Haulcy,Adetomiwa Adebawore,2200,11
A.J. Haulcy,Derrick Nnadi,2200,11
A.J. Haulcy,Jaylon Carlies,2200,11
A.J. Haulcy,Bryce Boettcher,2200,8
A.J. Haulcy,Colby Wooden,2200,8
A.J. Haulcy,George Gumbs Jr.,2200,8
A.J. Haulcy,Jerry Tillery,2200,8
AJ Dillon,Albert Reese,0750,23
AJ Dillon,Sam Hecht,0750,23
AJ Dillon,Stone Forsythe,0750,23
AJ Dillon,Ja'Seem Reed,0750,20
AJ Dillon,Haynes King,0750,19
AJ Dillon,Isaia Glass,0750,19
AJ Dillon,Ja'Tyre Carter,0750,19
AJ Dillon,John Metchie III,0750,16
AJ Dillon,Feleipe Franks,0750,15
AJ Dillon,James Mitchell,0750,13
AJ Dillon,Jimmy Horn Jr.,0750,9
AJ Dillon,Malick Meiga,0750,8
AJ Dillon,Brady Christensen,0750,4
AJ Dillon,Brycen Tremayne,0750,4
AJ Dillon,Chandler Zavala,0750,4
AJ Dillon,Kenny Pickett,0750,4
AJ Dillon,David Moore,0750,3
AJ Dillon,Casey Washington,0750,2
AJ Dillon,Elijah Cooks,0750,2
Aamaris Brown,Keith Abney II,1540,32
Aamaris Brown,Roger McCreary,1540,31
Aamaris Brown,Anthony Lucas,1540,30
Aamaris Brown,Erick Hunter,1540,29
Aamaris Brown,Myles Adams,1540,28
Aamaris Brown,Eric O'Neill,1540,27
Aamaris Brown,Skyler Gill-Howard,1540,22
Aamaris Brown,Dan Jackson,1540,21
Aamaris Brown,Ryan Cooper Jr.,1540,21
Aamaris Brown,Troy Reeder,1540,20
Aamaris Brown,Ahmed Hassanein,1540,19
Aamaris Brown,Chris Smith,1540,17
Aamaris Brown,Nick Whiteside,1540,15
Aamaris Brown,Thomas Harper,1540,15
Aamaris Brown,Trevor Nowaske,1540,14
Aamaris Brown,Amen Ogbongbemiga,1540,12
Aamaris Brown,Joe Bachie,1540,12
Aamaris Brown,Ben Stille,1540,11
Aamaris Brown,Devin White,1540,10
Aamaris Brown,Ennis Rakestraw Jr.,1540,10
Aamaris Brown,Christian Izien,1540,9
Aamaris Brown,Loren Strickland,1540,8
Aamaris Brown,Mekhi Wingo,1540,7
Aamaris Brown,Levi Onwuzurike,1540,6
Aamaris Brown,Khalil Dorsey,1540,5
Aamaris Brown,Tyler Lacy,1540,4
Aamaris Brown,Tyre West,1540,4
Aamil Wagner,Andre James,2100,2
Aamil Wagner,David Martin-Robinson,2100,2
Aamil Wagner,Drew Moss,2100,2
Aamil Wagner,Garrett Dellinger,2100,2
Aamil Wagner,Hendon Hooker,2100,2
Aamil Wagner,Joel Wilson,2100,2
Aamil Wagner,Kylen Granson,2100,2
Aamil Wagner,Michael Carter,2100,2
Aamil Wagner,Rasheed Miller,2100,2
Aamil Wagner,Tyren Montgomery,2100,2
Aaron Hall,Nick Hampton,0750,14
Aaron Hall,Thomas Incoom,0750,14
Aaron Hall,Zakee Wheatley,0750,14
Aaron Hall,Akayleb Evans,0750,13
Aaron Hall,Cam Jackson,0750,13
Aaron Hall,Demani Richardson,0750,13
Aaron Hall,Jackson Kuwatch,0750,13
Aaron Hall,Chau Smith-Wade,0750,9
Aaron Hall,Bam Martin-Scott,0750,8
Aaron Hall,Claudin Cherelus,0750,8
Aaron Hall,Corey Thornton,0750,8
Aaron Hall,Devonta Smith,0750,8
Aaron Hall,Elijah Garcia,0750,8
Aaron Hall,Isaiah Simmons,0750,8
Aaron Hall,Lathan Ransom,0750,8
Aaron Hall,Trevin Wallace,0750,8
Aaron Hall,Will Lee III,0750,8
Aaron Hall,Princely Umanmielen,0750,7
Aaron Hall,Trevis Gipson,0750,7
Aaron Hall,Cam Miller,0750,5
Aaron Hall,Maema Njongmeta,0750,4
Aaron Hall,Robert Rochell,0750,4
Aaron Hall,Tyrek Funderburk,0750,4
Aaron Hall,Tywone Malone,0750,3
Aaron Hall,Jared Harrison-Hunte,0750,1
Adam Butler,Darien Porter,2520,7
Adam Butler,Eric Stokes,2520,7
Adam Butler,Isaiah Pola-Mao,2520,7
Adam Butler,Jeremy Chinn,2520,7
Adam Butler,Kwity Paye,2520,7
Adam Butler,Malcolm Koonce,2520,7
Adam Butler,Nakobe Dean,2520,7
Adam Butler,Quay Walker,2520,7
Adam Butler,Taron Johnson,2520,5
Adam Butler,Tonka Hemingway,2520,5
Adam Butler,Jonah Laulu,2520,2
Adam Butler,Thomas Booker,2520,2
Adetomiwa Adebawore,Jaylon Carlies,2200,20
Adetomiwa Adebawore,George Gumbs Jr.,2200,18
Adetomiwa Adebawore,Jaylahn Tuimolaou,2200,18
Adetomiwa Adebawore,Johnathan Edwards,2200,16
Adetomiwa Adebawore,Austin Ajiake,2200,15
Adetomiwa Adebawore,Bryce Boettcher,2200,15
Adetomiwa Adebawore,Jaylon Jones,2200,14
Adetomiwa Adebawore,Daniel Scott,2200,13
Adetomiwa Adebawore,Jerry Tillery,2200,13
Adetomiwa Adebawore,Micheal Clemons,2200,13
Adetomiwa Adebawore,Rob Carter Jr.,2200,13
Adetomiwa Adebawore,Trey Washington,2200,13
Adetomiwa Adebawore,Jonathan Owens,2200,12
Adetomiwa Adebawore,A.J. Haulcy,2200,11
Adetomiwa Adebawore,Cam Taylor-Britt,2200,11
Adetomiwa Adebawore,Mekhi Blackmon,2200,11
Adetomiwa Adebawore,Caden Curry,2200,10
Adetomiwa Adebawore,Derrick Nnadi,2200,6
Adetomiwa Adebawore,Mekhi Rodgers,2200,6
Adetomiwa Adebawore,Cameron Ball,2200,1
Adetomiwa Adebawore,Hunter Wohler,2200,1
Adrian Martinez,Jordan Watkins,4500,35
Adrian Martinez,Trenton Irwin,4500,32
Adrian Martinez,Carver Willis,4500,31
Adrian Martinez,Doug Kramer,4500,31
Adrian Martinez,Enrique Cruz,4500,31
Adrian Martinez,Isaac Alarcon,4500,31
Adrian Martinez,Kion Smith,4500,31
Adrian Martinez,Josiah Deguara,4500,30
Adrian Martinez,Hayden Rucci,4500,26
Adrian Martinez,KhaDarel Hodge,4500,22
Adrian Martinez,Khalil Herbert,4500,22
Adrian Martinez,Sincere McCormick,4500,20
Adrian Martinez,Austen Pleasants,4500,17
Adrian Martinez,Brandon Parker,4500,17
Adrian Martinez,Connor Colby,4500,17
Adrian Martinez,Drake Nugent,4500,17
Adrian Martinez,Robert Jones,4500,17
Adrian Martinez,Malik Turner,4500,13
Adrian Martinez,Wesley Grimes,4500,13
Adrian Martinez,Will Pauling,4500,13
Adrian Martinez,Brayden Willis,4500,8
Adrian Martinez,Zamir White,4500,6
Ahmed Hassanein,Keith Abney II,1540,21
Ahmed Hassanein,Aamaris Brown,1540,19
Ahmed Hassanein,Skyler Gill-Howard,1540,18
Ahmed Hassanein,Thomas Harper,1540,18
Ahmed Hassanein,Erick Hunter,1540,17
Ahmed Hassanein,Roger McCreary,1540,17
Ahmed Hassanein,Myles Adams,1540,15
Ahmed Hassanein,Anthony Lucas,1540,14
Ahmed Hassanein,Nick Whiteside,1540,14
Ahmed Hassanein,Eric O'Neill,1540,13
Ahmed Hassanein,Dan Jackson,1540,11
Ahmed Hassanein,Mekhi Wingo,1540,11
Ahmed Hassanein,Ryan Cooper Jr.,1540,11
Ahmed Hassanein,Trevor Nowaske,1540,11
Ahmed Hassanein,Christian Izien,1540,10
Ahmed Hassanein,Troy Reeder,1540,10
Ahmed Hassanein,Devin White,1540,8
Ahmed Hassanein,Ennis Rakestraw Jr.,1540,8
Ahmed Hassanein,Chris Smith,1540,6
Ahmed Hassanein,Joe Bachie,1540,6
Ahmed Hassanein,Khalil Dorsey,1540,4
Ahmed Hassanein,Amen Ogbongbemiga,1540,2
Ahmed Hassanein,Chuck Clark,1540,2
Ahmed Hassanein,Levi Onwuzurike,1540,2
Ahmed Hassanein,Ben Stille,1540,1
Aidan O'Connell,Dalton Wagner,2520,16
Aidan O'Connell,Kamar Missouri,2520,16
Aidan O'Connell,Will Putnam,2520,16
Aidan O'Connell,Phillip Dorsett,2520,14
Aidan O'Connell,Albert Okwuegbunam,2520,13
Aidan O'Connell,Atonio Mafi,2520,13
Aidan O'Connell,Chase Roberts,2520,13
Aidan O'Connell,Jordan Meredith,2520,11
Aidan O'Connell,Dare Ogunbowale,2520,9
Aidan O'Connell,Shedrick Jackson,2520,9
Aidan O'Connell,Niklas Henning,2520,8
Aidan O'Connell,Roman Hemby,2520,7
Aidan O'Connell,Chris Myarick,2520,6
Aidan O'Connell,E.J. Williams Jr.,2520,6
Aidan O'Connell,Brandon Johnson,2520,1
Aidan O'Connell,Dareke Young,2520,1
Aidan O'Connell,Patrick Gurd,2520,1
Aiden Fisher,Kaevon Merriweather,2120,19
Aiden Fisher,Stephen Hall,2120,18
Aiden Fisher,Tremon Smith,2120,18
Aiden Fisher,Alijah Huzzie,2120,16
Aiden Fisher,Dylan Horton,2120,16
Aiden Fisher,Jamal Hill,2120,15
Aiden Fisher,Kyonte Hamilton,2120,15
Aiden Fisher,Solomon Byrd,2120,15
Aiden Fisher,Dominic Bailey,2120,13
Aiden Fisher,Jaylen Reed,2120,13
Aiden Fisher,Naquan Jones,2120,12
Aiden Fisher,Ja'Marcus Ingram,2120,11
Aiden Fisher,Ali Gaye,2120,10
Aiden Fisher,Brandon Codrington,2120,9
Aiden Fisher,Dominique Robinson,2120,8
Aiden Fisher,Kayden McDonald,2120,7
Aiden Fisher,Marte Mapu,2120,7
Aiden Fisher,Jaylin Smith,2120,6
Aiden Fisher,K.C. Ossai,2120,6
Aiden Fisher,Kamari Ramsey,2120,6
Aireontae Ersery,Braden Smith,2120,10
Aireontae Ersery,Davis Mills,2120,10
Aireontae Ersery,Ed Ingram,2120,10
Aireontae Ersery,Justin Watson,2120,10
Aireontae Ersery,Keylan Rutledge,2120,10
Aireontae Ersery,Wyatt Teller,2120,10
Aireontae Ersery,Xavier Hutchinson,2120,10
Aireontae Ersery,Jared Wayne,2120,7
Aireontae Ersery,Marlin Klein,2120,7
Aireontae Ersery,Noah Whittington,2120,7
Aireontae Ersery,Foster Moreau,2120,6
Aireontae Ersery,Joshua Pitsenberger,2120,3
Akayleb Evans,Zakee Wheatley,0750,32
Akayleb Evans,Chau Smith-Wade,0750,24
Akayleb Evans,Lathan Ransom,0750,22
Akayleb Evans,Jared Harrison-Hunte,0750,20
Akayleb Evans,Claudin Cherelus,0750,19
Akayleb Evans,Lee Hunter,0750,19
Akayleb Evans,Trevin Wallace,0750,19
Akayleb Evans,Will Lee III,0750,19
Akayleb Evans,Nick Hampton,0750,15
Akayleb Evans,Thomas Incoom,0750,15
Akayleb Evans,Princely Umanmielen,0750,14
Akayleb Evans,Trevis Gipson,0750,14
Akayleb Evans,Aaron Hall,0750,13
Akayleb Evans,Bam Martin-Scott,0750,13
Akayleb Evans,Cam Jackson,0750,13
Akayleb Evans,Corey Thornton,0750,13
Akayleb Evans,Jackson Kuwatch,0750,13
Akayleb Evans,Demani Richardson,0750,10
Akayleb Evans,Elijah Garcia,0750,7
Akayleb Evans,Cam Gill,0750,3
Akayleb Evans,Isaiah Smith,0750,3
Akheem Mesidor,Deane Leonard,4400,8
Akheem Mesidor,Genesis Smith,4400,8
Akheem Mesidor,Nick Barrett,4400,8
Akheem Mesidor,Nikko Reed,4400,8
Akheem Mesidor,R.J. Mickens,4400,8
Akheem Mesidor,TeRah Edwards,4400,8
Akheem Mesidor,Del'Shawn Phillips,4400,7
Akheem Mesidor,Troy Dye,4400,7
Akheem Mesidor,Avery Smith,4400,5
Akheem Mesidor,Garmon Randolph,4400,5
Akheem Mesidor,Jacobian Guillory,4400,2
Akheem Mesidor,Kyle Kennard,4400,2
Akheem Mesidor,Junior Colson,4400,1
Akheem Mesidor,Kendall Williamson,4400,1
Akheem Mesidor,Marlowe Wax,4400,1
Akheem Mesidor,Nadame Tucker,4400,1
Albert Okwuegbunam,Atonio Mafi,2520,16
Albert Okwuegbunam,Jordan Meredith,2520,14
Albert Okwuegbunam,Aidan O'Connell,2520,13
Albert Okwuegbunam,Dalton Wagner,2520,13
Albert Okwuegbunam,Kamar Missouri,2520,13
Albert Okwuegbunam,Will Putnam,2520,13
Albert Okwuegbunam,Phillip Dorsett,2520,11
Albert Okwuegbunam,Chase Roberts,2520,10
Albert Okwuegbunam,Dare Ogunbowale,2520,9
Albert Okwuegbunam,Niklas Henning,2520,8
Albert Okwuegbunam,Charles Grant,2520,6
Albert Okwuegbunam,E.J. Williams Jr.,2520,6
Albert Okwuegbunam,Fernando Mendoza,2520,6
Albert Okwuegbunam,Ian Thomas,2520,6
Albert Okwuegbunam,Shedrick Jackson,2520,6
Albert Okwuegbunam,Trey Zuhn III,2520,6
Albert Okwuegbunam,Mike Washington Jr.,2520,5
Albert Okwuegbunam,Jackson Powers-Johnson,2520,4
Albert Okwuegbunam,Malik Benson,2520,4
Albert Okwuegbunam,Roman Hemby,2520,4
Albert Okwuegbunam,Brandon Johnson,2520,3
Albert Okwuegbunam,Caleb Rogers,2520,3
Albert Okwuegbunam,Chris Myarick,2520,3
Albert Okwuegbunam,Connor Heyward,2520,3
Albert Okwuegbunam,Dareke Young,2520,3
Albert Okwuegbunam,Jack Bech,2520,3
Albert Okwuegbunam,Ashton Jeanty,2520,1
Albert Okwuegbunam,DJ Glaze,2520,1
Albert Okwuegbunam,Dylan Laube,2520,1
Albert Okwuegbunam,Kirk Cousins,2520,1
Albert Okwuegbunam,Kolton Miller,2520,1
Albert Okwuegbunam,Michael Mayer,2520,1
Albert Okwuegbunam,Patrick Gurd,2520,1
Albert Okwuegbunam,Spencer Burford,2520,1
Albert Okwuegbunam,Tyler Linderbaum,2520,1
Albert Reese,Stone Forsythe,0750,38
Albert Reese,Sam Hecht,0750,36
Albert Reese,Haynes King,0750,34
Albert Reese,Isaia Glass,0750,34
Albert Reese,Ja'Tyre Carter,0750,34
Albert Reese,John Metchie III,0750,26
Albert Reese,Jimmy Horn Jr.,0750,24
Albert Reese,AJ Dillon,0750,23
Albert Reese,Ja'Seem Reed,0750,23
Albert Reese,Feleipe Franks,0750,21
Albert Reese,James Mitchell,0750,20
Albert Reese,Brady Christensen,0750,17
Albert Reese,Brycen Tremayne,0750,17
Albert Reese,Chandler Zavala,0750,17
Albert Reese,Kenny Pickett,0750,17
Albert Reese,Elijah Cooks,0750,16
Albert Reese,David Moore,0750,15
Albert Reese,Nick Samac,0750,15
Albert Reese,Casey Washington,0750,14
Albert Reese,Miles Davis,0750,13
Albert Reese,Ryan Hayes,0750,13
Albert Reese,Trevor Etienne,0750,13
Albert Reese,Caden Prieskorn,0750,12
Albert Reese,Malick Meiga,0750,9
Albert Reese,Chamon Metayer,0750,3
Albert Reese,Ja'Tavion Sanders,0750,3
Albert Reese,Anthony Tyus III,0750,2
Albert Reese,Roc Taylor,0750,1
Alex Harkey,DJ Uiagalelei,4400,21
Alex Harkey,Jacob Spomer,4400,21
Alex Harkey,Logan Taylor,4400,21
Alex Harkey,Travis Burke,4400,21
Alex Harkey,Dalevon Campbell,4400,19
Alex Harkey,Evan Svoboda,4400,17
Alex Harkey,Johnny Pascuzzi,4400,17
Alex Harkey,Devonte Ross,4400,16
Alex Harkey,Josh Kaltenberger,4400,15
Alex Harkey,Gregory Desrosiers,4400,13
Alex Harkey,JaQuae Jackson,4400,12
Alex Harkey,Amar Johnson,4400,8
Alex Harkey,Jake Slaughter,4400,6
Alex Harkey,Jerand Bradley,4400,3
Alex Highsmith,Asante Samuel Jr.,3900,10
Alex Highsmith,Jamel Dean,3900,10
Alex Highsmith,Patrick Queen,3900,10
Alex Highsmith,Payton Wilson,3900,10
Alex Highsmith,Rayshawn Jenkins,3900,10
Alex Highsmith,Robert Spears-Jennings,3900,10
Alex Highsmith,Doneiko Slaughter,3900,8
Alex Highsmith,Nick Herbig,3900,8
Alex Highsmith,Derrick Harmon,3900,7
Alex Highsmith,Keeanu Benton,3900,7
Alex Highsmith,Yahya Black,3900,4
Alex Highsmith,Dean Lowry,3900,3
Alex Highsmith,Jack Sawyer,3900,2
Alex Highsmith,Gabe Rubio,3900,1
Alfred Collins,Ashtyn Davis,4500,17
Alfred Collins,Darrell Luter Jr.,4500,17
Alfred Collins,Jaden Dugger,4500,17
Alfred Collins,Marques Sigle,4500,17
Alfred Collins,Romello Height,4500,14
Alfred Collins,Ephesians Prysock,4500,13
Alfred Collins,Garret Wallow,4500,12
Alfred Collins,Jakob Robinson,4500,11
Alfred Collins,Ogbo Okoronkwo,4500,9
Alfred Collins,Sebastian Valdez,4500,9
Alfred Collins,Nick Martin,4500,6
Alfred Collins,Titus Leo,4500,6
Alfred Collins,Gracen Halton,4500,5
Alfred Collins,Quinton Bell,4500,5
Alfred Collins,Tatum Bethune,4500,5
Alfred Collins,Jack Jones,4500,4
Alfred Collins,James Thompson Jr.,4500,3
Ali Gaye,Kyonte Hamilton,2120,20
Ali Gaye,Dominique Robinson,2120,19
Ali Gaye,Kaevon Merriweather,2120,17
Ali Gaye,Dominic Bailey,2120,16
Ali Gaye,Stephen Hall,2120,15
Ali Gaye,Jaylen Reed,2120,14
Ali Gaye,Tremon Smith,2120,13
Ali Gaye,Alijah Huzzie,2120,12
Ali Gaye,Marte Mapu,2120,11
Ali Gaye,Aiden Fisher,2120,10
Ali Gaye,Jacob Hummel,2120,10
Ali Gaye,Kamari Ramsey,2120,10
Ali Gaye,Wade Woodaz,2120,10
Ali Gaye,Jamal Hill,2120,9
Ali Gaye,Naquan Jones,2120,9
Ali Gaye,Jaylin Smith,2120,8
Ali Gaye,Brandon Codrington,2120,7
Ali Gaye,Collin Wright,2120,5
Ali Gaye,Ja'Marcus Ingram,2120,5
Ali Gaye,K.C. Ossai,2120,5
Ali Gaye,Dylan Horton,2120,4
Ali Gaye,Solomon Byrd,2120,1
Alijah Huzzie,Jamal Hill,2120,19
Alijah Huzzie,Kaevon Merriweather,2120,19
Alijah Huzzie,Kyonte Hamilton,2120,19
Alijah Huzzie,Stephen Hall,2120,19
Alijah Huzzie,Aiden Fisher,2120,16
Alijah Huzzie,Dominic Bailey,2120,15
Alijah Huzzie,Dominique Robinson,2120,15
Alijah Huzzie,Solomon Byrd,2120,15
Alijah Huzzie,Tremon Smith,2120,14
Alijah Huzzie,Ali Gaye,2120,12
Alijah Huzzie,Dylan Horton,2120,12
Alijah Huzzie,Naquan Jones,2120,12
Alijah Huzzie,Ja'Marcus Ingram,2120,11
Alijah Huzzie,K.C. Ossai,2120,11
Alijah Huzzie,Brandon Codrington,2120,9
Alijah Huzzie,Jaylen Reed,2120,9
Alijah Huzzie,Jaylin Smith,2120,8
Alijah Huzzie,Kamari Ramsey,2120,8
Alijah Huzzie,Kayden McDonald,2120,8
Alijah Huzzie,Marte Mapu,2120,6
Alijah Huzzie,Jacob Hummel,2120,5
Alijah Huzzie,Wade Woodaz,2120,5
Alijah Huzzie,Collin Wright,2120,2
Alontae Taylor,Amani Hooker,2100,24
Alontae Taylor,Cedric Gray,2100,24
Alontae Taylor,Cody Barton,2100,24
Alontae Taylor,Cordale Flott,2100,24
Alontae Taylor,Kevin Winston Jr.,2100,24
Alontae Taylor,Marcus Harris,2100,20
Alontae Taylor,Jermaine Johnson II,2100,16
Alontae Taylor,Keldric Faulk,2100,14
Alontae Taylor,Solomon Thomas,2100,13
Alontae Taylor,Jordan Elliott,2100,12
Alontae Taylor,Jeffery Simmons,2100,11
Alontae Taylor,Jalyn Holmes,2100,8
Alontae Taylor,Malik Herring,2100,8
Alontae Taylor,Oluwafemi Oladejo,2100,6
Alontae Taylor,Earnest Brown IV,2100,4
Alontae Taylor,James Williams,2100,4
Alontae Taylor,Truman Jones,2100,3
Alontae Taylor,Timmy Horne,2100,1
Amani Hooker,Alontae Taylor,2100,24
Amani Hooker,Cedric Gray,2100,24
Amani Hooker,Cody Barton,2100,24
Amani Hooker,Cordale Flott,2100,24
Amani Hooker,Kevin Winston Jr.,2100,24
Amani Hooker,Marcus Harris,2100,20
Amani Hooker,Jermaine Johnson II,2100,16
Amani Hooker,Keldric Faulk,2100,14
Amani Hooker,Solomon Thomas,2100,13
Amani Hooker,Jordan Elliott,2100,12
Amani Hooker,Jeffery Simmons,2100,11
Amani Hooker,Jalyn Holmes,2100,8
Amani Hooker,Malik Herring,2100,8
Amani Hooker,Oluwafemi Oladejo,2100,6
Amani Hooker,Earnest Brown IV,2100,4
Amani Hooker,James Williams,2100,4
Amani Hooker,Truman Jones,2100,3
Amani Hooker,Timmy Horne,2100,1
Amar Johnson,Jacob Spomer,4400,17
Amar Johnson,Travis Burke,4400,17
Amar Johnson,JaQuae Jackson,4400,15
Amar Johnson,Logan Taylor,4400,15
Amar Johnson,Dalevon Campbell,4400,13
Amar Johnson,Evan Svoboda,4400,13
Amar Johnson,Jake Slaughter,4400,13
Amar Johnson,Trevor Penning,4400,9
Amar Johnson,Trey Lance,4400,9
Amar Johnson,Alex Harkey,4400,8
Amar Johnson,DJ Uiagalelei,4400,8
Amar Johnson,Johnny Pascuzzi,4400,8
Amar Johnson,Devonte Ross,4400,7
Amar Johnson,Josh Kaltenberger,4400,4
Amar Johnson,Luke Grimm,4400,3
Amar Johnson,Branson Taylor,4400,2
Amar Johnson,Brenen Thompson,4400,2
Amar Johnson,KeAndre Lambert-Smith,4400,2
Amar Johnson,Oronde Gadsden II,4400,2
Amar Johnson,Scott Matlock,4400,2
Amar Johnson,Jerand Bradley,4400,1
Amari Gainer,Brandon Crossley,3200,19
Amari Gainer,Khalil Jacobs,3200,19
Amari Gainer,Bradyn Swinson,3200,18
Amari Gainer,Eric Butler,3200,15
Amari Gainer,Kenneth Harris,3200,15
Amari Gainer,Kobee Minor,3200,15
Amari Gainer,Peter Manuma,3200,15
Amari Gainer,Namdi Obiazor,3200,12
Amari Gainer,Isaiah Iton,3200,11
Amari Gainer,Eric Gregory,3200,9
Amari Gainer,Casey Rogers,3200,8
Amari Gainer,Leonard Taylor III,3200,8
Amari Gainer,Mike Brown,3200,8
Amari Gainer,Riley Wilson,3200,7
Amari Gainer,Karon Prunty,3200,4
Amari Gainer,Jeremiah Pharms Jr.,3200,3
Amari Gainer,Marcellas Dial Jr.,3200,2
Amari Gainer,Channing Canada,3200,1
Amari Gainer,Jesse Luketa,3200,1
Amarius Mims,Dalton Risner,0920,12
Amarius Mims,Dylan Fairchild,0920,12
Amarius Mims,Ja'Marr Chase,0920,12
Amarius Mims,Joe Burrow,0920,12
Amarius Mims,Orlando Brown,0920,12
Amarius Mims,Ted Karras,0920,12
Amarius Mims,Drew Sample,0920,10
Amarius Mims,Tee Higgins,0920,10
Amarius Mims,Andrei Iosivas,0920,9
Amarius Mims,Chase Brown,0920,8
Amarius Mims,Samaje Perine,0920,4
Amarius Mims,Mike Gesicki,0920,3
Amarius Mims,Cam Grandy,0920,2
Amarius Mims,Colbie Young,0920,2
Amen Ogbongbemiga,Aamaris Brown,1540,12
Amen Ogbongbemiga,Dan Jackson,1540,11
Amen Ogbongbemiga,Keith Abney II,1540,11
Amen Ogbongbemiga,Troy Reeder,1540,11
Amen Ogbongbemiga,Ben Stille,1540,10
Amen Ogbongbemiga,Roger McCreary,1540,10
Amen Ogbongbemiga,Eric O'Neill,1540,9
Amen Ogbongbemiga,Erick Hunter,1540,8
Amen Ogbongbemiga,Myles Adams,1540,8
Amen Ogbongbemiga,Ryan Cooper Jr.,1540,8
Amen Ogbongbemiga,Anthony Lucas,1540,7
Amen Ogbongbemiga,Chris Smith,1540,6
Amen Ogbongbemiga,Skyler Gill-Howard,1540,6
Amen Ogbongbemiga,Tyre West,1540,4
Amen Ogbongbemiga,Ahmed Hassanein,1540,2
Amen Ogbongbemiga,Joe Bachie,1540,2
Amen Ogbongbemiga,Khalil Dorsey,1540,2
Amen Ogbongbemiga,Christian Izien,1540,1
Amen Ogbongbemiga,Loren Strickland,1540,1
Amen Ogbongbemiga,Thomas Harper,1540,1
Anderson Castle,Blake Freeland,2200,30
Anderson Castle,Jimmy Morrissey,2200,30
Anderson Castle,Riley Leonard,2200,30
Anderson Castle,Geno VanDeMark,2200,25
Anderson Castle,Luke Tenuta,2200,25
Anderson Castle,Raylen Sharpe,2200,24
Anderson Castle,Pharaoh Brown,2200,21
Anderson Castle,Josh Kreutz,2200,18
Anderson Castle,Sahmir Hagans,2200,18
Anderson Castle,E.J. Horton,2200,13
Anderson Castle,Eli Pancol,2200,12
Anderson Castle,Jalen Farmer,2200,12
Anderson Castle,Will Mallory,2200,10
Anderson Castle,D.J. Montgomery,2200,8
Anderson Castle,Bayron Matos,2200,5
Anderson Castle,Ben Nikkel,2200,5
Anderson Castle,Josh Sills,2200,5
Anderson Castle,Deion Burks,2200,4
Anderson Castle,Coleman Owen,2200,3
Anderson Castle,Carson Towt,2200,2
Andre Carter II,Garmon Randolph,4400,18
Andre Carter II,Marlowe Wax,4400,14
Andre Carter II,Eric Rogers,4400,13
Andre Carter II,Isas Waxter,4400,13
Andre Carter II,Avery Smith,4400,12
Andre Carter II,Junior Colson,4400,12
Andre Carter II,Terry Webb,4400,11
Andre Carter II,Jacobian Guillory,4400,10
Andre Carter II,Kendall Williamson,4400,10
Andre Carter II,Nick Barrett,4400,10
Andre Carter II,TeRah Edwards,4400,10
Andre Carter II,Emany Johnson,4400,8
Andre Carter II,Jahmeer Carter,4400,8
Andre Carter II,R.J. Mickens,4400,8
Andre Carter II,Genesis Smith,4400,7
Andre Carter II,Devin Grant,4400,6
Andre Carter II,Lander Barton,4400,6
Andre Carter II,Myles Purchase,4400,6
Andre Carter II,Nikko Reed,4400,6
Andre Carter II,Deane Leonard,4400,4
Andre Carter II,Noah Avinger,4400,3
Andre Carter II,Rodney Shelley,4400,3
Andre Carter II,Nadame Tucker,4400,2
Andre James,Drew Moss,2100,10
Andre James,Garrett Dellinger,2100,10
Andre James,Hendon Hooker,2100,10
Andre James,Rasheed Miller,2100,10
Andre James,Joel Wilson,2100,9
Andre James,Zach Thomas,2100,8
Andre James,Julius Chestnut,2100,6
Andre James,Tyren Montgomery,2100,6
Andre James,Courtney Jackson,2100,4
Andre James,David Martin-Robinson,2100,4
Andre James,Hank Beatty,2100,4
Andre James,Lance McCutcheon,2100,4
Andre James,Mason Kinsey,2100,4
Andre James,Michael Carter,2100,4
Andre James,Kylen Granson,2100,3
Andre James,Aamil Wagner,2100,2
Andre James,Xavier Restrepo,2100,2
Andrei Iosivas,Andrew Coker,0920,12
Andrei Iosivas,Brian Parker II,0920,12
Andrei Iosivas,Cody Ford,0920,12
Andrei Iosivas,Colbie Young,0920,12
Andrei Iosivas,Jacob Bayer,0920,12
Andrei Iosivas,Jalen Rivers,0920,12
Andrei Iosivas,Joe Flacco,0920,12
Andrei Iosivas,Mitchell Tinsley,0920,11
Andrei Iosivas,Tahj Brooks,0920,10
Andrei Iosivas,Amarius Mims,0920,9
Andrei Iosivas,Dalton Risner,0920,9
Andrei Iosivas,Dylan Fairchild,0920,9
Andrei Iosivas,Ja'Marr Chase,0920,9
Andrei Iosivas,Joe Burrow,0920,9
Andrei Iosivas,Orlando Brown,0920,9
Andrei Iosivas,Ted Karras,0920,9
Andrei Iosivas,Tee Higgins,0920,8
Andrei Iosivas,Drew Sample,0920,7
Andrei Iosivas,Chase Brown,0920,6
Andrei Iosivas,Tanner Hudson,0920,5
Andrei Iosivas,Cam Grandy,0920,4
Andrei Iosivas,Jack Endries,0920,4
Andrei Iosivas,Samaje Perine,0920,3
Andrei Iosivas,Kendall Milton,0920,2
Andrei Iosivas,Mike Gesicki,0920,2
Andrei Iosivas,Charlie Jones,0920,1
Andrew Billings,Dadrion Taylor-Demerson,3800,15
Andrew Billings,Kitan Crawford,3800,12
Andrew Billings,Darius Robinson,3800,10
Andrew Billings,Denzel Burke,3800,10
Andrew Billings,Elliott Brown,3800,10
Andrew Billings,Jonah Williams,3800,10
Andrew Billings,Kei'Trel Clark,3800,10
Andrew Billings,Owen Pappoe,3800,10
Andrew Billings,Cam Robertson,3800,9
Andrew Billings,Jack Gibbens,3800,9
Andrew Billings,Austin Keys,3800,8
Andrew Billings,Cody Simon,3800,7
Andrew Billings,Walter Nolen,3800,7
Andrew Billings,Eku Leota,3800,6
Andrew Billings,Jordan Burch,3800,6
Andrew Billings,Kalen King,3800,6
Andrew Billings,BJ Ojulari,3800,5
Andrew Billings,Elijah Culp,3800,5
Andrew Billings,Elijah Jones,3800,5
Andrew Billings,Isaiah Oliver,3800,5
Andrew Billings,Max Melton,3800,5
Andrew Billings,Sean Murphy-Bunting,3800,5
Andrew Billings,Will Johnson,3800,5
Andrew Billings,Wydett Williams Jr.,3800,5
Andrew Billings,Andrew Wingard,3800,3
Andrew Billings,Brodric Martin,3800,3
Andrew Billings,L.J. Collier,3800,3
Andrew Billings,Mack Wilson,3800,3
Andrew Billings,Zachary Carter,3800,3
Andrew Coker,Brian Parker II,0920,38
Andrew Coker,Jacob Bayer,0920,38
Andrew Coker,Jalen Rivers,0920,38
Andrew Coker,Javon Foster,0920,26
Andrew Coker,Josh Johnson,0920,26
Andrew Coker,Dohnte Meyers,0920,25
Andrew Coker,Jack Endries,0920,21
Andrew Coker,Ke'Shawn Williams,0920,18
Andrew Coker,Colbie Young,0920,15
Andrew Coker,Gary Brightwell,0920,15
Andrew Coker,Kendall Milton,0920,13
Andrew Coker,Andrei Iosivas,0920,12
Andrew Coker,Cody Ford,0920,12
Andrew Coker,Joe Flacco,0920,12
Andrew Coker,Jordan Moore,0920,12
Andrew Coker,Tanner Hudson,0920,12
Andrew Coker,Mitchell Tinsley,0920,11
Andrew Coker,Tahj Brooks,0920,10
Andrew Coker,Cam Grandy,0920,9
Andrew Coker,Noah Thomas,0920,8
Andrew Coker,Charlie Jones,0920,5
Andrew Coker,Xavier Johnson,0920,3
Andrew Coker,Josh Kattus,0920,1
Andrew Ogletree,Anthony Richardson,2200,5
Andrew Ogletree,Blake Freeland,2200,5
Andrew Ogletree,Dalton Tucker,2200,5
Andrew Ogletree,Jalen Farmer,2200,5
Andrew Ogletree,Jalen Travis,2200,5
Andrew Ogletree,Josh Sills,2200,5
Andrew Ogletree,Laquon Treadwell,2200,5
Andrew Ogletree,Nick Westbrook-Ikhine,2200,5
Andrew Ogletree,Seth McGowan,2200,5
Andrew Ogletree,Coleman Owen,2200,4
Andrew Ogletree,Will Mallory,2200,1
Andrew Rupcich,James Hudson,3200,53
Andrew Rupcich,Jacob Rizy,3200,39
Andrew Rupcich,Caleb Lomu,3200,38
Andrew Rupcich,Marcus Bryant,3200,38
Andrew Rupcich,Tommy DeVito,3200,38
Andrew Rupcich,Eli Raridon,3200,34
Andrew Rupcich,Nick DeGennaro,3200,30
Andrew Rupcich,Efton Chism III,3200,29
Andrew Rupcich,Lan Larison,3200,28
Andrew Rupcich,Kyle Williams,3200,24
Andrew Rupcich,Jam Miller,3200,18
Andrew Rupcich,Behren Morton,3200,15
Andrew Rupcich,Dametrious Crownover,3200,15
Andrew Rupcich,Kobe Prentice,3200,15
Andrew Rupcich,Mehki Butler,3200,15
Andrew Rupcich,Ben Brown,3200,14
Andrew Rupcich,Kayshon Boutte,3200,14
Andrew Rupcich,Cameron Dorner,3200,13
Andrew Rupcich,Tanner Arkin,3200,13
Andrew Rupcich,Jack Westover,3200,11
Andrew Rupcich,Tejhaun Palmer,3200,11
Andrew Rupcich,Mack Hollins,3200,10
Andrew Rupcich,CJ Dippre,3200,8
Andrew Rupcich,Hassan Haskins,3200,4
Andrew Rupcich,Jamycal Hasty,3200,3
Andrew Wingard,Dadrion Taylor-Demerson,3800,10
Andrew Wingard,Denzel Burke,3800,10
Andrew Wingard,Mack Wilson,3800,10
Andrew Wingard,Will Johnson,3800,10
Andrew Wingard,Walter Nolen,3800,9
Andrew Wingard,Jack Gibbens,3800,7
Andrew Wingard,L.J. Collier,3800,7
Andrew Wingard,Zaven Collins,3800,7
Andrew Wingard,Jordan Burch,3800,6
Andrew Wingard,Roy Lopez,3800,5
Andrew Wingard,Sean Murphy-Bunting,3800,5
Andrew Wingard,BJ Ojulari,3800,4
Andrew Wingard,Darius Robinson,3800,4
Andrew Wingard,Andrew Billings,3800,3
Andrew Wingard,Eku Leota,3800,3
Anthony Belton,Jacob Monk,1800,34
Anthony Belton,Jager Burton,1800,34
Anthony Belton,Drake Dabney,1800,26
Anthony Belton,Donovan Jennings,1800,25
Anthony Belton,Jordan Morgan,1800,21
Anthony Belton,Savion Williams,1800,21
Anthony Belton,Isaiah Neyor,1800,17
Anthony Belton,Pierre Strong,1800,17
Anthony Belton,John Williams,1800,13
Anthony Belton,Kyle McCord,1800,13
Anthony Belton,MarShawn Lloyd,1800,12
Anthony Belton,Skyy Moore,1800,12
Anthony Belton,Tyrod Taylor,1800,12
Anthony Belton,Bo Melton,1800,10
Anthony Belton,J. Michael Sturdivant,1800,9
Anthony Belton,Jordan Love,1800,9
Anthony Belton,Matthew Golden,1800,9
Anthony Belton,Sean Rhyan,1800,9
Anthony Belton,Christian Watson,1800,8
Anthony Belton,Josh Whyle,1800,8
Anthony Belton,Jayden Reed,1800,7
Anthony Belton,Messiah Swinson,1800,7
Anthony Belton,Jaden Nixon,1800,5
Anthony Belton,Will Sheppard,1800,2
Anthony Campbell,Mark Perry,1800,16
Anthony Campbell,Kitan Oladapo,1800,14
Anthony Campbell,Collin Oliver,1800,12
Anthony Campbell,Ty'Ron Hopper,1800,12
Anthony Campbell,Benjamin St-Juste,1800,11
Anthony Campbell,Jaylin Simpson,1800,11
Anthony Campbell,Murvin Kenion,1800,9
Anthony Campbell,Brenton Cox Jr.,1800,8
Anthony Campbell,Isaiah McDuffie,1800,8
Anthony Campbell,Arron Mosby,1800,6
Anthony Campbell,Nick Niemann,1800,6
Anthony Campbell,Nyjalik Kelly,1800,6
Anthony Campbell,Shemar Bartholomew,1800,6
Anthony Campbell,Brandon Cisse,1800,5
Anthony Campbell,Keisean Nixon,1800,5
Anthony Campbell,Nazir Stackhouse,1800,5
Anthony Campbell,Warren Brinson,1800,5
Anthony Campbell,Chris McClellan,1800,4
Anthony Campbell,Jonathan Ford,1800,3
Anthony Campbell,Jaden Crumedy,1800,2
Anthony Campbell,Kristian Welch,1800,2
Anthony Campbell,TJ Quinn,1800,2
Anthony Campbell,Trey Dean III,1800,2
Anthony Goodlow,Carson Bruener,3900,7
Anthony Goodlow,Jamin Davis,3900,7
Anthony Goodlow,Kyler Baugh,3900,7
Anthony Goodlow,Julius Welschof,3900,6
Anthony Goodlow,Gabe Rubio,3900,5
Anthony Goodlow,Cole Holcomb,3900,4
Anthony Goodlow,Daryl Porter,3900,4
Anthony Goodlow,Daylen Everette,3900,4
Anthony Goodlow,Devan Boykin,3900,4
Anthony Goodlow,Doneiko Slaughter,3900,4
Anthony Goodlow,Israel Mukuamu,3900,4
Anthony Goodlow,Jack Henderson,3900,4
Anthony Goodlow,Malik Harrison,3900,4
Anthony Goodlow,Sebastian Castro,3900,4
Anthony Goodlow,Tamon Lynum,3900,4
Anthony Goodlow,D'Shawn Jamison,3900,3
Anthony Goodlow,Jack Sawyer,3900,3
Anthony Goodlow,Jacoby Windmon,3900,1
Anthony Goodlow,Kevin Jobity Jr.,3900,1
Anthony Hill Jr.,Micah Robinson,2100,35
Anthony Hill Jr.,Nazeeh Johnson,2100,35
Anthony Hill Jr.,Erick Hallett,2100,28
Anthony Hill Jr.,James Williams,2100,26
Anthony Hill Jr.,Earnest Brown IV,2100,21
Anthony Hill Jr.,Malik Herring,2100,20
Anthony Hill Jr.,Kendell Brooks,2100,18
Anthony Hill Jr.,Jerrick Reed II,2100,17
Anthony Hill Jr.,Tony Adams,2100,17
Anthony Hill Jr.,Khalen Saunders,2100,16
Anthony Hill Jr.,Oluwafemi Oladejo,2100,16
Anthony Hill Jr.,Jalyn Holmes,2100,15
Anthony Hill Jr.,Dorian Mausi,2100,14
Anthony Hill Jr.,Jaylen Harrell,2100,14
Anthony Hill Jr.,Keldric Faulk,2100,14
Anthony Hill Jr.,Truman Jones,2100,12
Anthony Hill Jr.,Timmy Horne,2100,10
Anthony Hill Jr.,Bishop Fitzgerald,2100,9
Anthony Hill Jr.,Derrick Canteen,2100,9
Anthony Hill Jr.,Laki Tasi,2100,2
Anthony Hill Jr.,Mani Powell,2100,2
Anthony Lucas,Aamaris Brown,1540,30
Anthony Lucas,Thomas Harper,1540,30
Anthony Lucas,Nick Whiteside,1540,27
Anthony Lucas,Keith Abney II,1540,26
Anthony Lucas,Roger McCreary,1540,24
Anthony Lucas,Skyler Gill-Howard,1540,24
Anthony Lucas,Chris Smith,1540,23
Anthony Lucas,Erick Hunter,1540,23
Anthony Lucas,Christian Izien,1540,22
Anthony Lucas,Trevor Nowaske,1540,22
Anthony Lucas,Joe Bachie,1540,21
Anthony Lucas,Myles Adams,1540,20
Anthony Lucas,Devin White,1540,19
Anthony Lucas,Ennis Rakestraw Jr.,1540,19
Anthony Lucas,Eric O'Neill,1540,17
Anthony Lucas,Levi Onwuzurike,1540,15
Anthony Lucas,Ahmed Hassanein,1540,14
Anthony Lucas,Tyler Lacy,1540,13
Anthony Lucas,Khalil Dorsey,1540,12
Anthony Lucas,Ryan Cooper Jr.,1540,12
Anthony Lucas,Chuck Clark,1540,10
Anthony Lucas,Dan Jackson,1540,9
Anthony Lucas,Loren Strickland,1540,8
Anthony Lucas,Mekhi Wingo,1540,8
Anthony Lucas,Troy Reeder,1540,8
Anthony Lucas,Amen Ogbongbemiga,1540,7
Anthony Lucas,Ben Stille,1540,6
Anthony Richardson,Blake Freeland,2200,27
Anthony Richardson,Dalton Tucker,2200,27
Anthony Richardson,Jalen Farmer,2200,27
Anthony Richardson,Josh Sills,2200,27
Anthony Richardson,Luke Tenuta,2200,22
Anthony Richardson,Will Mallory,2200,22
Anthony Richardson,Coleman Owen,2200,19
Anthony Richardson,Deion Burks,2200,16
Anthony Richardson,Eli Pancol,2200,14
Anthony Richardson,Ulysses Bentley IV,2200,14
Anthony Richardson,Nick Westbrook-Ikhine,2200,13
Anthony Richardson,Seth McGowan,2200,13
Anthony Richardson,Pharaoh Brown,2200,8
Anthony Richardson,D.J. Montgomery,2200,6
Anthony Richardson,Andrew Ogletree,2200,5
Anthony Richardson,Jalen Travis,2200,5
Anthony Richardson,Laquon Treadwell,2200,5
Anthony Tyus III,Elijah Cooks,0750,14
Anthony Tyus III,Haynes King,0750,14
Anthony Tyus III,Isaia Glass,0750,14
Anthony Tyus III,Ja'Tyre Carter,0750,14
Anthony Tyus III,Nick Samac,0750,14
Anthony Tyus III,Stone Forsythe,0750,14
Anthony Tyus III,Caden Prieskorn,0750,12
Anthony Tyus III,Ryan Hayes,0750,12
Anthony Tyus III,Casey Washington,0750,10
Anthony Tyus III,Jimmy Horn Jr.,0750,9
Anthony Tyus III,Chamon Metayer,0750,7
Anthony Tyus III,Albert Reese,0750,2
Anthony Tyus III,Ja'Seem Reed,0750,2
Anthony Tyus III,Roc Taylor,0750,2
Antwaun Powell-Ryland,Landon Robinson,0920,19
Antwaun Powell-Ryland,Russ Yeast,0920,19
Antwaun Powell-Ryland,Ceyair Wright,0920,18
Antwaun Powell-Ryland,Isaiah Foskey,0920,18
Antwaun Powell-Ryland,Daijahn Anthony,0920,17
Antwaun Powell-Ryland,Bralyn Lux,0920,16
Antwaun Powell-Ryland,Jalen Kimber,0920,15
Antwaun Powell-Ryland,Joe Giles-Harris,0920,14
Antwaun Powell-Ryland,Howard Cross III,0920,12
Antwaun Powell-Ryland,Liam Anderson,0920,10
Antwaun Powell-Ryland,Jordan Jefferson,0920,6
Antwaun Powell-Ryland,McKinnley Jackson,0920,6
Antwaun Powell-Ryland,Shaka Heyward,0920,5
Antwaun Powell-Ryland,Josh Newton,0920,4
Antwaun Powell-Ryland,Swayze Bozeman,0920,4
Antwaun Powell-Ryland,PJ Jules,0920,2
Antwaun Powell-Ryland,Cedric Johnson,0920,1
Antwaun Powell-Ryland,D.J. Ivey,0920,1
Antwaun Powell-Ryland,Jack Dingle,0920,1
Antwaun Powell-Ryland,Kris Jenkins,0920,1
Antwaun Powell-Ryland,Oren Burks,0920,1
Arron Mosby,Jaylin Simpson,1800,24
Arron Mosby,Mark Perry,1800,21
Arron Mosby,Kristian Welch,1800,17
Arron Mosby,Nyjalik Kelly,1800,17
Arron Mosby,TJ Quinn,1800,17
Arron Mosby,Trey Dean III,1800,17
Arron Mosby,Jaden Crumedy,1800,16
Arron Mosby,Nazir Stackhouse,1800,15
Arron Mosby,Shemar Bartholomew,1800,15
Arron Mosby,MJ Devonshire,1800,14
Arron Mosby,Jonathan Ford,1800,11
Arron Mosby,Benjamin St-Juste,1800,10
Arron Mosby,Kitan Oladapo,1800,10
Arron Mosby,Ty'Ron Hopper,1800,9
Arron Mosby,Collin Oliver,1800,7
Arron Mosby,Isaiah McDuffie,1800,7
Arron Mosby,Murvin Kenion,1800,7
Arron Mosby,Anthony Campbell,1800,6
Arron Mosby,Chris McClellan,1800,6
Arron Mosby,Tra Fluellen,1800,6
Arron Mosby,Warren Brinson,1800,6
Arron Mosby,Brandon Cisse,1800,3
Arron Mosby,Brenton Cox Jr.,1800,3
Arron Mosby,Keisean Nixon,1800,3
Arron Mosby,Nick Niemann,1800,3
Asante Samuel Jr.,Jamel Dean,3900,12
Asante Samuel Jr.,Patrick Queen,3900,12
Asante Samuel Jr.,Payton Wilson,3900,12
Asante Samuel Jr.,Rayshawn Jenkins,3900,12
Asante Samuel Jr.,Robert Spears-Jennings,3900,12
Asante Samuel Jr.,Alex Highsmith,3900,10
Asante Samuel Jr.,Nick Herbig,3900,10
Asante Samuel Jr.,Derrick Harmon,3900,9
Asante Samuel Jr.,Doneiko Slaughter,3900,9
Asante Samuel Jr.,Keeanu Benton,3900,9
Asante Samuel Jr.,Yahya Black,3900,5
Asante Samuel Jr.,Jack Sawyer,3900,4
Asante Samuel Jr.,Dean Lowry,3900,3
Asante Samuel Jr.,Gabe Rubio,3900,1
Ashton Jeanty,DJ Glaze,2520,7
Ashton Jeanty,Jackson Powers-Johnson,2520,7
Ashton Jeanty,Kirk Cousins,2520,7
Ashton Jeanty,Kolton Miller,2520,7
Ashton Jeanty,Michael Mayer,2520,7
Ashton Jeanty,Spencer Burford,2520,7
Ashton Jeanty,Tyler Linderbaum,2520,7
Ashton Jeanty,Tre Tucker,2520,6
Ashton Jeanty,Jalen Nailor,2520,5
Ashton Jeanty,Jack Bech,2520,4
Ashton Jeanty,Connor Heyward,2520,3
Ashton Jeanty,Albert Okwuegbunam,2520,1
Ashton Jeanty,Brock Bowers,2520,1
Ashton Jeanty,Ian Thomas,2520,1
Ashtyn Davis,Darrell Luter Jr.,4500,34
Ashtyn Davis,Jaden Dugger,4500,29
Ashtyn Davis,Ephesians Prysock,4500,26
Ashtyn Davis,Marques Sigle,4500,25
Ashtyn Davis,Jakob Robinson,4500,21
Ashtyn Davis,Sebastian Valdez,4500,19
Ashtyn Davis,Titus Leo,4500,19
Ashtyn Davis,Tatum Bethune,4500,18
Ashtyn Davis,Alfred Collins,4500,17
Ashtyn Davis,Gracen Halton,4500,17
Ashtyn Davis,Nick Martin,4500,17
Ashtyn Davis,Romello Height,4500,17
Ashtyn Davis,Garret Wallow,4500,16
Ashtyn Davis,Quinton Bell,4500,14
Ashtyn Davis,Ogbo Okoronkwo,4500,13
Ashtyn Davis,Jalen Stroman,4500,9
Ashtyn Davis,Jack Jones,4500,8
Ashtyn Davis,James Thompson Jr.,4500,8
Ashtyn Davis,Bryson Eason,4500,7
Ashtyn Davis,Xavier Thomas,4500,5
Ashtyn Davis,Jalen Graham,4500,1
Atonio Mafi,Jordan Meredith,2520,36
Atonio Mafi,Charles Grant,2520,28
Atonio Mafi,Fernando Mendoza,2520,28
Atonio Mafi,Ian Thomas,2520,28
Atonio Mafi,Trey Zuhn III,2520,28
Atonio Mafi,Caleb Rogers,2520,19
Atonio Mafi,Malik Benson,2520,17
Atonio Mafi,Albert Okwuegbunam,2520,16
Atonio Mafi,Deven Thompkins,2520,16
Atonio Mafi,Mike Washington Jr.,2520,15
Atonio Mafi,Jack Bech,2520,14
Atonio Mafi,Aidan O'Connell,2520,13
Atonio Mafi,Dalton Wagner,2520,13
Atonio Mafi,Dylan Laube,2520,13
Atonio Mafi,Kamar Missouri,2520,13
Atonio Mafi,Phillip Dorsett,2520,13
Atonio Mafi,Will Putnam,2520,13
Atonio Mafi,Brandon Johnson,2520,12
Atonio Mafi,Chase Roberts,2520,12
Atonio Mafi,Dareke Young,2520,11
Atonio Mafi,Jackson Powers-Johnson,2520,9
Atonio Mafi,Connor Heyward,2520,8
Atonio Mafi,Dare Ogunbowale,2520,8
Atonio Mafi,Shedrick Jackson,2520,8
Atonio Mafi,E.J. Williams Jr.,2520,5
Atonio Mafi,Niklas Henning,2520,5
Atonio Mafi,Roman Hemby,2520,5
Atonio Mafi,Chris Myarick,2520,4
Austen Pleasants,Brandon Parker,4500,41
Austen Pleasants,Connor Colby,4500,41
Austen Pleasants,Drake Nugent,4500,41
Austen Pleasants,Robert Jones,4500,41
Austen Pleasants,Jordan Watkins,4500,35
Austen Pleasants,Brayden Willis,4500,32
Austen Pleasants,Malik Turner,4500,26
Austen Pleasants,Kurtis Rourke,4500,24
Austen Pleasants,De'Zhaun Stribling,4500,20
Austen Pleasants,Patrick Taylor,4500,20
Austen Pleasants,Adrian Martinez,4500,17
Austen Pleasants,Sincere McCormick,4500,17
Austen Pleasants,Hayden Rucci,4500,16
Austen Pleasants,KhaDarel Hodge,4500,15
Austen Pleasants,Trenton Irwin,4500,13
Austen Pleasants,Josiah Deguara,4500,7
Austen Pleasants,Khalil Herbert,4500,4
Austin Ajiake,Jaylahn Tuimolaou,2200,31
Austin Ajiake,Johnathan Edwards,2200,30
Austin Ajiake,Micheal Clemons,2200,24
Austin Ajiake,Jonathan Owens,2200,22
Austin Ajiake,A.J. Haulcy,2200,19
Austin Ajiake,Cam Taylor-Britt,2200,19
Austin Ajiake,Colby Wooden,2200,19
Austin Ajiake,Derrick Nnadi,2200,19
Austin Ajiake,Mekhi Blackmon,2200,19
Austin Ajiake,Bryce Boettcher,2200,18
Austin Ajiake,Jaylon Carlies,2200,16
Austin Ajiake,Adetomiwa Adebawore,2200,15
Austin Ajiake,Jaylon Jones,2200,15
Austin Ajiake,Jerry Tillery,2200,14
Austin Ajiake,Rob Carter Jr.,2200,13
Austin Ajiake,Trey Washington,2200,12
Austin Ajiake,George Gumbs Jr.,2200,11
Austin Ajiake,Hunter Wohler,2200,8
Austin Ajiake,Caden Curry,2200,7
Austin Ajiake,Daniel Scott,2200,7
Austin Ajiake,Tim Smith,2200,2
Austin Brown,Caden Curry,2200,9
Austin Brown,Cameron Ball,2200,9
Austin Brown,Jai'Onte' McMillan,2200,9
Austin Brown,Juanyeh Thomas,2200,9
Austin Brown,Mekhi Rodgers,2200,9
Austin Brown,Rob Carter Jr.,2200,9
Austin Brown,West Weeks,2200,9
Austin Brown,George Gumbs Jr.,2200,7
Austin Brown,Devin Veresuk,2200,6
Austin Brown,Durell Nchami,2200,5
Austin Brown,Tim Smith,2200,4
Austin Brown,Tahj Chambers,2200,3
Austin Brown,Mitchell Melton,2200,2
Austin Deculus,Brandon Crenshaw-Dickson,2100,21
Austin Deculus,Jackson Slater,2100,21
Austin Deculus,Pat Coogan,2100,21
Austin Deculus,Kylen Granson,2100,16
Austin Deculus,Nicholas Singleton,2100,16
Austin Deculus,Cordell Volson,2100,15
Austin Deculus,Chimere Dike,2100,13
Austin Deculus,Elic Ayomanor,2100,13
Austin Deculus,Will Levis,2100,13
Austin Deculus,Xavier Restrepo,2100,13
Austin Deculus,David Martin-Robinson,2100,12
Austin Deculus,Mitchell Trubisky,2100,8
Austin Deculus,Bryce Oliver,2100,6
Austin Deculus,Fernando Carmona,2100,6
Austin Deculus,K.J. Osborn,2100,6
Austin Deculus,Michael Carter,2100,4
Austin Deculus,Lance McCutcheon,2100,2
Austin Deculus,Mason Kinsey,2100,2
Austin Deculus,Jaren Kanak,2100,1
Austin Deculus,Julius Chestnut,2100,1
Austin Keys,Isaiah Oliver,3800,60
Austin Keys,Wydett Williams Jr.,3800,60
Austin Keys,Elijah Culp,3800,51
Austin Keys,Elijah Jones,3800,45
Austin Keys,Jonah Williams,3800,42
Austin Keys,Damonic Williams,3800,38
Austin Keys,Cam Robertson,3800,35
Austin Keys,Kei'Trel Clark,3800,34
Austin Keys,Owen Pappoe,3800,34
Austin Keys,Elliott Brown,3800,33
Austin Keys,BJ Ojulari,3800,32
Austin Keys,Karson Sharar,3800,31
Austin Keys,Eku Leota,3800,30
Austin Keys,Cam Horsley,3800,28
Austin Keys,Brodric Martin,3800,27
Austin Keys,Kalen King,3800,26
Austin Keys,Quinton Newsome,3800,25
Austin Keys,Andrew Billings,3800,8
Austin Keys,Dadrion Taylor-Demerson,3800,5
Austin Keys,Kitan Crawford,3800,5
Austin Keys,Zachary Carter,3800,1
Austin Schlottmann,Cam Ward,2100,21
Austin Schlottmann,Dan Moore Jr.,2100,21
Austin Schlottmann,Fernando Carmona,2100,21
Austin Schlottmann,JC Latham,2100,21
Austin Schlottmann,Peter Skoronski,2100,21
Austin Schlottmann,Wan'Dale Robinson,2100,16
Austin Schlottmann,Carnell Tate,2100,15
Austin Schlottmann,Elic Ayomanor,2100,15
Austin Schlottmann,Daniel Bellinger,2100,13
Austin Schlottmann,Gunnar Helm,2100,13
Austin Schlottmann,Tyjae Spears,2100,12
Austin Schlottmann,Tony Pollard,2100,9
Austin Schlottmann,Calvin Ridley,2100,7
Austin Schlottmann,Chimere Dike,2100,5
Avery Smith,Genesis Smith,4400,19
Avery Smith,Nick Barrett,4400,19
Avery Smith,Isas Waxter,4400,17
Avery Smith,Nadame Tucker,4400,17
Avery Smith,Nikko Reed,4400,17
Avery Smith,Kyle Kennard,4400,16
Avery Smith,Marlowe Wax,4400,16
Avery Smith,TeRah Edwards,4400,16
Avery Smith,R.J. Mickens,4400,14
Avery Smith,Terry Webb,4400,14
Avery Smith,Emany Johnson,4400,13
Avery Smith,Junior Colson,4400,13
Avery Smith,Andre Carter II,4400,12
Avery Smith,Eric Rogers,4400,12
Avery Smith,Garmon Randolph,4400,12
Avery Smith,Deane Leonard,4400,11
Avery Smith,Lander Barton,4400,10
Avery Smith,Myles Purchase,4400,10
Avery Smith,Jahmeer Carter,4400,9
Avery Smith,Jacobian Guillory,4400,8
Avery Smith,Kendall Williamson,4400,8
Avery Smith,Devin Grant,4400,7
Avery Smith,Akheem Mesidor,4400,5
Avery Smith,Del'Shawn Phillips,4400,5
Avery Smith,Troy Dye,4400,5
Avery Smith,Noah Avinger,4400,4
Avery Smith,Rodney Shelley,4400,1
BJ Ojulari,Eku Leota,3800,47
BJ Ojulari,Isaiah Oliver,3800,41
BJ Ojulari,Wydett Williams Jr.,3800,41
BJ Ojulari,Elijah Culp,3800,33
BJ Ojulari,Austin Keys,3800,32
BJ Ojulari,Elijah Jones,3800,32
BJ Ojulari,Jonah Williams,3800,32
BJ Ojulari,Owen Pappoe,3800,27
BJ Ojulari,Karson Sharar,3800,24
BJ Ojulari,Damonic Williams,3800,23
BJ Ojulari,Brodric Martin,3800,21
BJ Ojulari,Cam Horsley,3800,19
BJ Ojulari,Kalen King,3800,19
BJ Ojulari,Kei'Trel Clark,3800,17
BJ Ojulari,Quinton Newsome,3800,16
BJ Ojulari,Dadrion Taylor-Demerson,3800,11
BJ Ojulari,Denzel Burke,3800,8
BJ Ojulari,Kitan Crawford,3800,7
BJ Ojulari,Darius Robinson,3800,6
BJ Ojulari,Jack Gibbens,3800,6
BJ Ojulari,Starling Thomas V,3800,6
BJ Ojulari,Walter Nolen,3800,6
BJ Ojulari,Will Johnson,3800,6
BJ Ojulari,Andrew Billings,3800,5
BJ Ojulari,Sean Murphy-Bunting,3800,5
BJ Ojulari,Andrew Wingard,3800,4
BJ Ojulari,Cam Robertson,3800,4
BJ Ojulari,Cody Simon,3800,4
BJ Ojulari,L.J. Collier,3800,4
BJ Ojulari,Mack Wilson,3800,4
BJ Ojulari,Eugene Asante,3800,3
BJ Ojulari,Max Melton,3800,2
BJ Ojulari,Roy Lopez,3800,2
BJ Ojulari,Zachary Carter,3800,2
BJ Ojulari,Zaven Collins,3800,1
Bam Knight,Hayden Conner,3800,38
Bam Knight,Jayden Williams,3800,38
Bam Knight,Jon Gaines II,3800,38
Bam Knight,Josh Fryar,3800,38
Bam Knight,Chase Bisontis,3800,37
Bam Knight,Carson Beck,3800,29
Bam Knight,Simi Fehoko,3800,25
Bam Knight,Xavier Weaver,3800,22
Bam Knight,Rivaldo Fairweather,3800,21
Bam Knight,Jalen Brooks,3800,19
Bam Knight,Reggie Virgil,3800,18
Bam Knight,Jameson Geers,3800,12
Bam Knight,Bryson Green,3800,11
Bam Knight,Kenny Yeboah,3800,10
Bam Knight,Gardner Minshew,3800,9
Bam Knight,Ihmir Smith-Marsette,3800,9
Bam Knight,Devin Duvernay,3800,2
Bam Knight,Teagan Quitoriano,3800,2
Bam Knight,Harrison Wallace III,3800,1
Bam Knight,Matt Pryor,3800,1
Bam Martin-Scott,Jackson Kuwatch,0750,26
Bam Martin-Scott,Demani Richardson,0750,23
Bam Martin-Scott,Corey Thornton,0750,20
Bam Martin-Scott,Nick Hampton,0750,18
Bam Martin-Scott,Thomas Incoom,0750,18
Bam Martin-Scott,Akayleb Evans,0750,13
Bam Martin-Scott,Isaiah Simmons,0750,13
Bam Martin-Scott,Robert Rochell,0750,13
Bam Martin-Scott,Zakee Wheatley,0750,13
Bam Martin-Scott,Devonta Smith,0750,11
Bam Martin-Scott,Elijah Garcia,0750,11
Bam Martin-Scott,Chau Smith-Wade,0750,9
Bam Martin-Scott,Aaron Hall,0750,8
Bam Martin-Scott,Cam Gill,0750,8
Bam Martin-Scott,Isaiah Smith,0750,8
Bam Martin-Scott,Jared Harrison-Hunte,0750,8
Bam Martin-Scott,Lee Hunter,0750,8
Bam Martin-Scott,Kyon Barrs,0750,7
Bam Martin-Scott,Cam Miller,0750,6
Bam Martin-Scott,Tywone Malone,0750,6
Bam Martin-Scott,Cam Jackson,0750,5
Bam Martin-Scott,Parker Petersen,0750,5
Bam Martin-Scott,Lathan Ransom,0750,3
Barrett Carter,Boye Mafe,0920,8
Barrett Carter,D.J. Ivey,0920,8
Barrett Carter,Demetrius Knight Jr.,0920,8
Barrett Carter,Jordan Battle,0920,8
Barrett Carter,Kyle Dugger,0920,8
Barrett Carter,Myles Murphy,0920,8
Barrett Carter,DJ Turner II,0920,5
Barrett Carter,Ja'Sir Taylor,0920,5
Barrett Carter,Kris Jenkins,0920,5
Barrett Carter,Tedarrell Slaton,0920,5
Barrett Carter,Dexter Lawrence,0920,3
Barrett Carter,Jonathan Allen,0920,3
Barrett Carter,Josh Newton,0920,3
Barrett Carter,Howard Cross III,0920,1
Barrett Carter,Landon Robinson,0920,1
Barrett Carter,McKinnley Jackson,0920,1
Barryn Sorrell,Brandon Cisse,1800,2
Barryn Sorrell,Edgerrin Cooper,1800,2
Barryn Sorrell,Evan Williams,1800,2
Barryn Sorrell,Karl Brooks,1800,2
Barryn Sorrell,Keisean Nixon,1800,2
Barryn Sorrell,Lukas Van Ness,1800,2
Barryn Sorrell,Xavier McKinney,1800,2
Barryn Sorrell,Zaire Franklin,1800,2
Barryn Sorrell,Collin Oliver,1800,1
Barryn Sorrell,Jonathan Ford,1800,1
Barryn Sorrell,Kitan Oladapo,1800,1
Barryn Sorrell,Warren Brinson,1800,1
Bayron Matos,Blake Freeland,2200,6
Bayron Matos,E.J. Horton,2200,6
Bayron Matos,Geno VanDeMark,2200,6
Bayron Matos,Jimmy Morrissey,2200,6
Bayron Matos,Josh Kreutz,2200,6
Bayron Matos,Pharaoh Brown,2200,6
Bayron Matos,Raylen Sharpe,2200,6
Bayron Matos,Riley Leonard,2200,6
Bayron Matos,Sahmir Hagans,2200,6
Bayron Matos,Anderson Castle,2200,5
Bayron Matos,Roydell Williams,2200,1
Behren Morton,Dametrious Crownover,3200,29
Behren Morton,Jacob Rizy,3200,29
Behren Morton,Mehki Butler,3200,29
Behren Morton,Nick DeGennaro,3200,26
Behren Morton,Kobe Prentice,3200,23
Behren Morton,Jack Westover,3200,18
Behren Morton,Lan Larison,3200,17
Behren Morton,Tejhaun Palmer,3200,17
Behren Morton,Cameron Dorner,3200,16
Behren Morton,James Hudson,3200,16
Behren Morton,Andrew Rupcich,3200,15
Behren Morton,JonDarius Morgan,3200,14
Behren Morton,Lorenz Metz,3200,13
Behren Morton,CJ Dippre,3200,9
Behren Morton,Hassan Haskins,3200,5
Behren Morton,Jamycal Hasty,3200,5
Behren Morton,Tanner Arkin,3200,4
Behren Morton,Mitch Van Vooren,3200,3
Behren Morton,Jam Miller,3200,2
Ben Brown,Andrew Rupcich,3200,14
Ben Brown,Caleb Lomu,3200,14
Ben Brown,Eli Raridon,3200,14
Ben Brown,James Hudson,3200,14
Ben Brown,Marcus Bryant,3200,14
Ben Brown,Tommy DeVito,3200,14
Ben Brown,Efton Chism III,3200,11
Ben Brown,Kayshon Boutte,3200,11
Ben Brown,Mack Hollins,3200,10
Ben Brown,Jam Miller,3200,8
Ben Brown,Lan Larison,3200,6
Ben Brown,Kyle Williams,3200,5
Ben Brown,Tanner Arkin,3200,5
Ben Nikkel,Anderson Castle,2200,5
Ben Nikkel,Blake Freeland,2200,5
Ben Nikkel,Geno VanDeMark,2200,5
Ben Nikkel,Jimmy Morrissey,2200,5
Ben Nikkel,Josh Kreutz,2200,5
Ben Nikkel,Luke Tenuta,2200,5
Ben Nikkel,Pharaoh Brown,2200,5
Ben Nikkel,Raylen Sharpe,2200,5
Ben Nikkel,Riley Leonard,2200,5
Ben Nikkel,Sahmir Hagans,2200,5
Ben Skowronek,Dylan Cook,3900,10
Ben Skowronek,Roman Wilson,3900,10
Ben Skowronek,Germie Bernard,3900,9
Ben Skowronek,Brock Hoffman,3900,6
Ben Skowronek,Broderick Jones,3900,6
Ben Skowronek,Doug Nester,3900,6
Ben Skowronek,Lew Nichols III,3900,6
Ben Skowronek,Robert Tonyan,3900,6
Ben Skowronek,Ryan McCollum,3900,6
Ben Skowronek,Will Howard,3900,6
Ben Skowronek,Mason McCormick,3900,4
Ben Skowronek,Mason Rudolph,3900,4
Ben Skowronek,Spencer Anderson,3900,4
Ben Skowronek,Travis Homer,3900,4
Ben Skowronek,Troy Fautanu,3900,4
Ben Skowronek,Zach Frazier,3900,4
Ben Skowronek,Pat Freiermuth,3900,3
Ben Skowronek,Brandon Smith,3900,1
Ben Skowronek,Darnell Washington,3900,1
Ben Stille,Aamaris Brown,1540,11
Ben Stille,Amen Ogbongbemiga,1540,10
Ben Stille,Eric O'Neill,1540,10
Ben Stille,Erick Hunter,1540,10
Ben Stille,Roger McCreary,1540,10
Ben Stille,Dan Jackson,1540,9
Ben Stille,Keith Abney II,1540,9
Ben Stille,Troy Reeder,1540,9
Ben Stille,Myles Adams,1540,8
Ben Stille,Chris Smith,1540,7
Ben Stille,Ryan Cooper Jr.,1540,7
Ben Stille,Anthony Lucas,1540,6
Ben Stille,Joe Bachie,1540,4
Ben Stille,Skyler Gill-Howard,1540,4
Ben Stille,Khalil Dorsey,1540,3
Ben Stille,Thomas Harper,1540,3
Ben Stille,Tyre West,1540,3
Ben Stille,Christian Izien,1540,2
Ben Stille,Trevor Nowaske,1540,2
Ben Stille,Ahmed Hassanein,1540,1
Ben Stille,Loren Strickland,1540,1
Ben Stille,Nick Whiteside,1540,1
Benito Jones,Tristin McCollum,2520,15
Benito Jones,Greedy Vance,2520,14
Benito Jones,Cody Lindenberg,2520,10
Benito Jones,Hezekiah Masses,2520,10
Benito Jones,Jermod McCoy,2520,10
Benito Jones,Jonah Laulu,2520,10
Benito Jones,Keyron Crawford,2520,10
Benito Jones,Patrick Johnson,2520,10
Benito Jones,Tommy Eichenberg,2520,10
Benito Jones,Treydan Stukes,2520,10
Benito Jones,Brandon Cleveland,2520,5
Benito Jones,Brennan Jackson,2520,5
Benito Jones,Caleb Offord,2520,5
Benito Jones,Cameron McGrone,2520,5
Benito Jones,Chigozie Anusiem,2520,5
Benito Jones,Dalton Johnson,2520,5
Benito Jones,Jahfari Harvey,2520,5
Benito Jones,Segun Olubi,2520,5
Benito Jones,Treven Ma'ae,2520,1
Benjamin St-Juste,Jaylin Simpson,1800,23
Benjamin St-Juste,Mark Perry,1800,20
Benjamin St-Juste,Kitan Oladapo,1800,17
Benjamin St-Juste,Collin Oliver,1800,15
Benjamin St-Juste,Ty'Ron Hopper,1800,15
Benjamin St-Juste,Nick Niemann,1800,14
Benjamin St-Juste,Murvin Kenion,1800,12
Benjamin St-Juste,Anthony Campbell,1800,11
Benjamin St-Juste,Brenton Cox Jr.,1800,11
Benjamin St-Juste,Chris McClellan,1800,11
Benjamin St-Juste,Arron Mosby,1800,10
Benjamin St-Juste,Jonathan Ford,1800,10
Benjamin St-Juste,Nazir Stackhouse,1800,10
Benjamin St-Juste,Nyjalik Kelly,1800,10
Benjamin St-Juste,Shemar Bartholomew,1800,9
Benjamin St-Juste,Warren Brinson,1800,7
Benjamin St-Juste,Jaden Crumedy,1800,6
Benjamin St-Juste,Kristian Welch,1800,5
Benjamin St-Juste,TJ Quinn,1800,5
Benjamin St-Juste,Trey Dean III,1800,5
Benjamin St-Juste,Isaiah McDuffie,1800,4
Bishop Fitzgerald,Derrick Canteen,2100,18
Bishop Fitzgerald,Truman Jones,2100,15
Bishop Fitzgerald,Malik Herring,2100,13
Bishop Fitzgerald,Jalyn Holmes,2100,12
Bishop Fitzgerald,Mani Powell,2100,11
Bishop Fitzgerald,Timmy Horne,2100,10
Bishop Fitzgerald,Anthony Hill Jr.,2100,9
Bishop Fitzgerald,Dorian Mausi,2100,9
Bishop Fitzgerald,Jalen McMurray,2100,9
Bishop Fitzgerald,Keydrain Calligan,2100,9
Bishop Fitzgerald,Mario Goodrich,2100,9
Bishop Fitzgerald,Micah Robinson,2100,9
Bishop Fitzgerald,Nazeeh Johnson,2100,9
Bishop Fitzgerald,Sean Brown,2100,9
Bishop Fitzgerald,Erick Hallett,2100,7
Bishop Fitzgerald,Khalen Saunders,2100,7
Bishop Fitzgerald,Earnest Brown IV,2100,5
Bishop Fitzgerald,Laki Tasi,2100,4
Bishop Fitzgerald,Jaylen Harrell,2100,3
Bishop Fitzgerald,Oluwafemi Oladejo,2100,3
Blake Fisher,Evan Brown,2120,26
Blake Fisher,Febechi Nwaiwu,2120,26
Blake Fisher,Sam Hagen,2120,26
Blake Fisher,Lewis Bond,2120,18
Blake Fisher,Cade Stover,2120,17
Blake Fisher,Graham Mertz,2120,17
Blake Fisher,Jared Wayne,2120,17
Blake Fisher,Jarrett Patterson,2120,17
Blake Fisher,Justin Watson,2120,15
Blake Fisher,Noah Whittington,2120,15
Blake Fisher,Foster Moreau,2120,14
Blake Fisher,Josh Kelly,2120,11
Blake Fisher,Davis Mills,2120,9
Blake Fisher,Jake Andrews,2120,9
Blake Fisher,Joshua Pitsenberger,2120,7
Blake Fisher,Layne Pryor,2120,4
Blake Fisher,Owen Wright,2120,4
Blake Fisher,Treyvhon Saunders,2120,4
Blake Fisher,Marlin Klein,2120,3
Blake Fisher,Juwann Winfree,2120,1
Blake Freeland,Luke Tenuta,2200,51
Blake Freeland,Jalen Farmer,2200,41
Blake Freeland,Jimmy Morrissey,2200,35
Blake Freeland,Riley Leonard,2200,35
Blake Freeland,Will Mallory,2200,34
Blake Freeland,Pharaoh Brown,2200,33
Blake Freeland,Josh Sills,2200,32
Blake Freeland,Anderson Castle,2200,30
Blake Freeland,Geno VanDeMark,2200,30
Blake Freeland,Eli Pancol,2200,28
Blake Freeland,Raylen Sharpe,2200,28
Blake Freeland,Anthony Richardson,2200,27
Blake Freeland,Dalton Tucker,2200,27
Blake Freeland,Coleman Owen,2200,22
Blake Freeland,Josh Kreutz,2200,21
Blake Freeland,Sahmir Hagans,2200,21
Blake Freeland,Deion Burks,2200,20
Blake Freeland,D.J. Montgomery,2200,17
Blake Freeland,E.J. Horton,2200,15
Blake Freeland,Ulysses Bentley IV,2200,14
Blake Freeland,Nick Westbrook-Ikhine,2200,13
Blake Freeland,Seth McGowan,2200,13
Blake Freeland,Bayron Matos,2200,6
Blake Freeland,Andrew Ogletree,2200,5
Blake Freeland,Ben Nikkel,2200,5
Blake Freeland,Jalen Travis,2200,5
Blake Freeland,Laquon Treadwell,2200,5
Blake Freeland,Roydell Williams,2200,5
Blake Freeland,Carson Towt,2200,2
Blake Miller,Christian Mahogany,1540,32
Blake Miller,Larry Borom,1540,32
Blake Miller,Miles Frazier,1540,32
Blake Miller,Seth McLaughlin,1540,32
Blake Miller,Jacob Saylors,1540,24
Blake Miller,Jackson Meeks,1540,17
Blake Miller,Joshua Dobbs,1540,17
Blake Miller,Isaac TeSlaa,1540,15
Blake Miller,Luke Altmyer,1540,15
Blake Miller,Tyler Conklin,1540,15
Blake Miller,Cedrick Wilson Jr.,1540,14
Blake Miller,Tom Kennedy,1540,14
Blake Miller,Dominic Lovett,1540,12
Blake Miller,Thomas Gordon,1540,11
Blake Miller,Lucky Jackson,1540,10
Blake Miller,Kye Robichaux,1540,8
Blake Miller,Tay Martin,1540,8
Blake Miller,Greg Dortch,1540,7
Blake Miller,Malik Cunningham,1540,5
Bo Melton,Anthony Belton,1800,10
Bo Melton,Donovan Jennings,1800,10
Bo Melton,Jacob Monk,1800,10
Bo Melton,Jager Burton,1800,10
Bo Melton,Jordan Morgan,1800,10
Bo Melton,Tyrod Taylor,1800,10
Bo Melton,Drake Dabney,1800,9
Bo Melton,Savion Williams,1800,8
Bo Melton,Pierre Strong,1800,7
Bo Melton,Skyy Moore,1800,7
Bo Melton,Messiah Swinson,1800,4
Bo Melton,MarShawn Lloyd,1800,3
Bo Melton,Isaiah Neyor,1800,2
Boye Mafe,Barrett Carter,0920,8
Boye Mafe,D.J. Ivey,0920,8
Boye Mafe,Demetrius Knight Jr.,0920,8
Boye Mafe,Jordan Battle,0920,8
Boye Mafe,Kyle Dugger,0920,8
Boye Mafe,Myles Murphy,0920,8
Boye Mafe,DJ Turner II,0920,5
Boye Mafe,Ja'Sir Taylor,0920,5
Boye Mafe,Kris Jenkins,0920,5
Boye Mafe,Tedarrell Slaton,0920,5
Boye Mafe,Dexter Lawrence,0920,3
Boye Mafe,Jonathan Allen,0920,3
Boye Mafe,Josh Newton,0920,3
Boye Mafe,Howard Cross III,0920,1
Boye Mafe,Landon Robinson,0920,1
Boye Mafe,McKinnley Jackson,0920,1
Braden Smith,Aireontae Ersery,2120,10
Braden Smith,Davis Mills,2120,10
Braden Smith,Ed Ingram,2120,10
Braden Smith,Justin Watson,2120,10
Braden Smith,Keylan Rutledge,2120,10
Braden Smith,Wyatt Teller,2120,10
Braden Smith,Xavier Hutchinson,2120,10
Braden Smith,Jared Wayne,2120,7
Braden Smith,Marlin Klein,2120,7
Braden Smith,Noah Whittington,2120,7
Braden Smith,Foster Moreau,2120,6
Braden Smith,Joshua Pitsenberger,2120,3
Brady Christensen,Albert Reese,0750,17
Brady Christensen,Brycen Tremayne,0750,17
Brady Christensen,Chandler Zavala,0750,17
Brady Christensen,Kenny Pickett,0750,17
Brady Christensen,Sam Hecht,0750,17
Brady Christensen,Stone Forsythe,0750,17
Brady Christensen,David Moore,0750,15
Brady Christensen,John Metchie III,0750,13
Brady Christensen,Trevor Etienne,0750,13
Brady Christensen,Feleipe Franks,0750,10
Brady Christensen,James Mitchell,0750,8
Brady Christensen,AJ Dillon,0750,4
Brady Christensen,Ja'Tavion Sanders,0750,3
Brady Christensen,Ja'Seem Reed,0750,2
Bradyn Swinson,Khalil Jacobs,3200,34
Bradyn Swinson,Brandon Crossley,3200,29
Bradyn Swinson,Peter Manuma,3200,28
Bradyn Swinson,Kobee Minor,3200,25
Bradyn Swinson,Namdi Obiazor,3200,24
Bradyn Swinson,Eric Butler,3200,20
Bradyn Swinson,Kenneth Harris,3200,20
Bradyn Swinson,Amari Gainer,3200,18
Bradyn Swinson,Leonard Taylor III,3200,17
Bradyn Swinson,Isaiah Iton,3200,16
Bradyn Swinson,Mike Brown,3200,16
Bradyn Swinson,Eric Gregory,3200,14
Bradyn Swinson,Jesse Luketa,3200,14
Bradyn Swinson,Karon Prunty,3200,14
Bradyn Swinson,Jeremiah Pharms Jr.,3200,12
Bradyn Swinson,Casey Rogers,3200,11
Bradyn Swinson,Channing Canada,3200,8
Bradyn Swinson,John Saunders Jr.,3200,8
Bradyn Swinson,Marcellas Dial Jr.,3200,8
Bradyn Swinson,Riley Wilson,3200,8
Bradyn Swinson,Joshua Farmer,3200,6
Bradyn Swinson,Quintayvious Hutchins,3200,4
Bradyn Swinson,Chad Muma,3200,2
Bradyn Swinson,Dell Pettus,3200,2
Bradyn Swinson,K.J. Britt,3200,2
Bralyn Lux,Daijahn Anthony,0920,30
Bralyn Lux,Ceyair Wright,0920,26
Bralyn Lux,Isaiah Foskey,0920,26
Bralyn Lux,Russ Yeast,0920,26
Bralyn Lux,Landon Robinson,0920,24
Bralyn Lux,Howard Cross III,0920,23
Bralyn Lux,Joe Giles-Harris,0920,19
Bralyn Lux,Cedric Johnson,0920,18
Bralyn Lux,Jalen Kimber,0920,18
Bralyn Lux,Antwaun Powell-Ryland,0920,16
Bralyn Lux,Josh Newton,0920,15
Bralyn Lux,Shaka Heyward,0920,13
Bralyn Lux,Swayze Bozeman,0920,13
Bralyn Lux,Kris Jenkins,0920,10
Bralyn Lux,Liam Anderson,0920,10
Bralyn Lux,PJ Jules,0920,10
Bralyn Lux,McKinnley Jackson,0920,9
Bralyn Lux,D.J. Ivey,0920,7
Bralyn Lux,Cashius Howell,0920,6
Bralyn Lux,Jordan Jefferson,0920,5
Bralyn Lux,Oren Burks,0920,5
Bralyn Lux,Jack Dingle,0920,1
Brandon Cisse,Keisean Nixon,1800,17
Brandon Cisse,Kitan Oladapo,1800,16
Brandon Cisse,Isaiah McDuffie,1800,15
Brandon Cisse,Mark Perry,1800,15
Brandon Cisse,Ty'Ron Hopper,1800,13
Brandon Cisse,Murvin Kenion,1800,11
Brandon Cisse,Brenton Cox Jr.,1800,10
Brandon Cisse,Collin Oliver,1800,10
Brandon Cisse,Warren Brinson,1800,10
Brandon Cisse,Chris McClellan,1800,9
Brandon Cisse,Nazir Stackhouse,1800,8
Brandon Cisse,Nyjalik Kelly,1800,8
Brandon Cisse,Anthony Campbell,1800,5
Brandon Cisse,Jonathan Ford,1800,5
Brandon Cisse,Arron Mosby,1800,3
Brandon Cisse,Barryn Sorrell,1800,2
Brandon Cisse,Edgerrin Cooper,1800,2
Brandon Cisse,Evan Williams,1800,2
Brandon Cisse,Karl Brooks,1800,2
Brandon Cisse,Lukas Van Ness,1800,2
Brandon Cisse,Xavier McKinney,1800,2
Brandon Cisse,Zaire Franklin,1800,2
Brandon Cisse,Jaden Crumedy,1800,1
Brandon Cleveland,Dalton Johnson,2520,19
Brandon Cleveland,Caleb Offord,2520,17
Brandon Cleveland,Gary Smith III,2520,14
Brandon Cleveland,Greedy Vance,2520,14
Brandon Cleveland,Jahfari Harvey,2520,13
Brandon Cleveland,Chigozie Anusiem,2520,12
Brandon Cleveland,Devin Lafayette,2520,12
Brandon Cleveland,Cameron McGrone,2520,11
Brandon Cleveland,Cian Slone,2520,11
Brandon Cleveland,Segun Olubi,2520,11
Brandon Cleveland,Buddy Johnson,2520,10
Brandon Cleveland,Patrick Johnson,2520,10
Brandon Cleveland,Xavian Sorey Jr.,2520,10
Brandon Cleveland,Devyn Perkins,2520,9
Brandon Cleveland,Tristin McCollum,2520,9
Brandon Cleveland,Keyron Crawford,2520,8
Brandon Cleveland,Treven Ma'ae,2520,7
Brandon Cleveland,Benito Jones,2520,5
Brandon Cleveland,Hezekiah Masses,2520,2
Brandon Cleveland,JJ Pegues,2520,2
Brandon Cleveland,Jermod McCoy,2520,2
Brandon Cleveland,Treydan Stukes,2520,2
Brandon Codrington,Kaevon Merriweather,2120,19
Brandon Codrington,Stephen Hall,2120,19
Brandon Codrington,Kyonte Hamilton,2120,15
Brandon Codrington,Dominic Bailey,2120,13
Brandon Codrington,K.C. Ossai,2120,13
Brandon Codrington,Solomon Byrd,2120,13
Brandon Codrington,Tremon Smith,2120,13
Brandon Codrington,Marte Mapu,2120,12
Brandon Codrington,Dylan Horton,2120,11
Brandon Codrington,Jamal Hill,2120,10
Brandon Codrington,Jaylen Reed,2120,10
Brandon Codrington,Aiden Fisher,2120,9
Brandon Codrington,Alijah Huzzie,2120,9
Brandon Codrington,Naquan Jones,2120,9
Brandon Codrington,Dominique Robinson,2120,8
Brandon Codrington,Ali Gaye,2120,7
Brandon Crenshaw-Dickson,Jackson Slater,2100,26
Brandon Crenshaw-Dickson,Pat Coogan,2100,26
Brandon Crenshaw-Dickson,Austin Deculus,2100,21
Brandon Crenshaw-Dickson,Cordell Volson,2100,20
Brandon Crenshaw-Dickson,Will Levis,2100,18
Brandon Crenshaw-Dickson,Kylen Granson,2100,16
Brandon Crenshaw-Dickson,Nicholas Singleton,2100,16
Brandon Crenshaw-Dickson,David Martin-Robinson,2100,14
Brandon Crenshaw-Dickson,Xavier Restrepo,2100,14
Brandon Crenshaw-Dickson,Chimere Dike,2100,13
Brandon Crenshaw-Dickson,Elic Ayomanor,2100,13
Brandon Crenshaw-Dickson,Bryce Oliver,2100,10
Brandon Crenshaw-Dickson,K.J. Osborn,2100,10
Brandon Crenshaw-Dickson,Michael Carter,2100,8
Brandon Crenshaw-Dickson,Mitchell Trubisky,2100,8
Brandon Crenshaw-Dickson,Fernando Carmona,2100,6
Brandon Crenshaw-Dickson,Zach Thomas,2100,5
Brandon Crenshaw-Dickson,Hank Beatty,2100,4
Brandon Crenshaw-Dickson,Joel Wilson,2100,3
Brandon Crenshaw-Dickson,Lance McCutcheon,2100,3
Brandon Crenshaw-Dickson,Mason Kinsey,2100,3
Brandon Crenshaw-Dickson,Julius Chestnut,2100,2
Brandon Crenshaw-Dickson,Jaren Kanak,2100,1
Brandon Crossley,Khalil Jacobs,3200,30
Brandon Crossley,Bradyn Swinson,3200,29
Brandon Crossley,Peter Manuma,3200,26
Brandon Crossley,Eric Butler,3200,21
Brandon Crossley,Kenneth Harris,3200,21
Brandon Crossley,Kobee Minor,3200,21
Brandon Crossley,Namdi Obiazor,3200,20
Brandon Crossley,Amari Gainer,3200,19
Brandon Crossley,Isaiah Iton,3200,15
Brandon Crossley,Leonard Taylor III,3200,15
Brandon Crossley,Mike Brown,3200,14
Brandon Crossley,Casey Rogers,3200,12
Brandon Crossley,Jeremiah Pharms Jr.,3200,12
Brandon Crossley,Jesse Luketa,3200,10
Brandon Crossley,Eric Gregory,3200,9
Brandon Crossley,Karon Prunty,3200,9
Brandon Crossley,Riley Wilson,3200,8
Brandon Crossley,Channing Canada,3200,4
Brandon Crossley,Marcellas Dial Jr.,3200,2
Brandon Crossley,Quintayvious Hutchins,3200,2
Brandon Crossley,John Saunders Jr.,3200,1
Brandon Johnson,Jordan Meredith,2520,13
Brandon Johnson,Atonio Mafi,2520,12
Brandon Johnson,Caleb Rogers,2520,12
Brandon Johnson,Charles Grant,2520,12
Brandon Johnson,Fernando Mendoza,2520,12
Brandon Johnson,Ian Thomas,2520,12
Brandon Johnson,Trey Zuhn III,2520,12
Brandon Johnson,Dareke Young,2520,9
Brandon Johnson,Dylan Laube,2520,9
Brandon Johnson,Deven Thompkins,2520,7
Brandon Johnson,Albert Okwuegbunam,2520,3
Brandon Johnson,Connor Heyward,2520,3
Brandon Johnson,Malik Benson,2520,3
Brandon Johnson,Mike Washington Jr.,2520,3
Brandon Johnson,Aidan O'Connell,2520,1
Brandon Johnson,Chris Myarick,2520,1
Brandon Johnson,Dalton Wagner,2520,1
Brandon Johnson,Kamar Missouri,2520,1
Brandon Johnson,Niklas Henning,2520,1
Brandon Johnson,Roman Hemby,2520,1
Brandon Johnson,Shedrick Jackson,2520,1
Brandon Johnson,Will Putnam,2520,1
Brandon Parker,Austen Pleasants,4500,41
Brandon Parker,Connor Colby,4500,41
Brandon Parker,Drake Nugent,4500,41
Brandon Parker,Robert Jones,4500,41
Brandon Parker,Jordan Watkins,4500,35
Brandon Parker,Brayden Willis,4500,32
Brandon Parker,Malik Turner,4500,26
Brandon Parker,Kurtis Rourke,4500,24
Brandon Parker,De'Zhaun Stribling,4500,20
Brandon Parker,Patrick Taylor,4500,20
Brandon Parker,Adrian Martinez,4500,17
Brandon Parker,Sincere McCormick,4500,17
Brandon Parker,Hayden Rucci,4500,16
Brandon Parker,KhaDarel Hodge,4500,15
Brandon Parker,Trenton Irwin,4500,13
Brandon Parker,Josiah Deguara,4500,7
Brandon Parker,Khalil Herbert,4500,4
Brandon Smith,Dylan Cook,3900,14
Brandon Smith,Spencer Anderson,3900,14
Brandon Smith,Germie Bernard,3900,11
Brandon Smith,Mason McCormick,3900,10
Brandon Smith,Mason Rudolph,3900,10
Brandon Smith,Roman Wilson,3900,10
Brandon Smith,Troy Fautanu,3900,10
Brandon Smith,Zach Frazier,3900,10
Brandon Smith,Travis Homer,3900,9
Brandon Smith,Darnell Washington,3900,7
Brandon Smith,Lew Nichols III,3900,5
Brandon Smith,Pat Freiermuth,3900,5
Brandon Smith,Robert Tonyan,3900,5
Brandon Smith,Brock Hoffman,3900,4
Brandon Smith,Broderick Jones,3900,4
Brandon Smith,Ryan McCollum,3900,4
Brandon Smith,Will Howard,3900,4
Brandon Smith,Kaden Wetjen,3900,3
Brandon Smith,Ben Skowronek,3900,1
Branson Taylor,Jake Slaughter,4400,27
Branson Taylor,Trey Lance,4400,27
Branson Taylor,KeAndre Lambert-Smith,4400,25
Branson Taylor,Brenen Thompson,4400,24
Branson Taylor,Travis Burke,4400,21
Branson Taylor,Logan Taylor,4400,19
Branson Taylor,Oronde Gadsden II,4400,18
Branson Taylor,Scott Matlock,4400,18
Branson Taylor,Jacob Spomer,4400,14
Branson Taylor,Trevor Penning,4400,14
Branson Taylor,Derius Davis,4400,13
Branson Taylor,Jaret Patterson,4400,13
Branson Taylor,Kayode Awosika,4400,13
Branson Taylor,Kimani Vidal,4400,12
Branson Taylor,JaQuae Jackson,4400,5
Branson Taylor,Evan Svoboda,4400,4
Branson Taylor,Amar Johnson,4400,2
Branson Taylor,Johnny Pascuzzi,4400,1
Brant Banks,Dalton Cooper,1800,3
Brant Banks,Dillon Wade,1800,3
Brant Banks,Dylan Barrett,1800,3
Brant Banks,Josh Gesky,1800,3
Brant Banks,Kyron Drones,1800,3
Brant Banks,Thomas Yassmin,1800,3
Brant Banks,Damien Martinez,1800,2
Brant Banks,Kisean Johnson,1800,2
Brant Banks,Will Sheppard,1800,2
Brant Banks,Chris Hilton Jr.,1800,1
Brant Banks,Isaiah Neyor,1800,1
Brant Banks,J. Michael Sturdivant,1800,1
Brant Banks,Jaden Nixon,1800,1
Brant Banks,Kaden Prather,1800,1
Brant Banks,McCallan Castles,1800,1
Brayden Willis,Austen Pleasants,4500,32
Brayden Willis,Brandon Parker,4500,32
Brayden Willis,Connor Colby,4500,32
Brayden Willis,Drake Nugent,4500,32
Brayden Willis,Robert Jones,4500,32
Brayden Willis,Jordan Watkins,4500,26
Brayden Willis,Malik Turner,4500,26
Brayden Willis,Kurtis Rourke,4500,24
Brayden Willis,De'Zhaun Stribling,4500,20
Brayden Willis,Patrick Taylor,4500,20
Brayden Willis,Sincere McCormick,4500,12
Brayden Willis,Hayden Rucci,4500,9
Brayden Willis,Trenton Irwin,4500,9
Brayden Willis,Adrian Martinez,4500,8
Brayden Willis,KhaDarel Hodge,4500,6
Brenen Thompson,Jake Slaughter,4400,27
Brenen Thompson,Trey Lance,4400,27
Brenen Thompson,KeAndre Lambert-Smith,4400,25
Brenen Thompson,Branson Taylor,4400,24
Brenen Thompson,Travis Burke,4400,22
Brenen Thompson,Logan Taylor,4400,21
Brenen Thompson,Oronde Gadsden II,4400,18
Brenen Thompson,Scott Matlock,4400,16
Brenen Thompson,Jacob Spomer,4400,14
Brenen Thompson,Trevor Penning,4400,14
Brenen Thompson,Jaret Patterson,4400,13
Brenen Thompson,Kayode Awosika,4400,13
Brenen Thompson,Derius Davis,4400,12
Brenen Thompson,Kimani Vidal,4400,12
Brenen Thompson,Evan Svoboda,4400,7
Brenen Thompson,Amar Johnson,4400,2
Brenen Thompson,JaQuae Jackson,4400,2
Brenen Thompson,Johnny Pascuzzi,4400,1
Brennan Jackson,Cody Lindenberg,2520,11
Brennan Jackson,Hezekiah Masses,2520,11
Brennan Jackson,Jermod McCoy,2520,11
Brennan Jackson,Keyron Crawford,2520,11
Brennan Jackson,Tommy Eichenberg,2520,11
Brennan Jackson,Treydan Stukes,2520,11
Brennan Jackson,Tristin McCollum,2520,11
Brennan Jackson,Greedy Vance,2520,10
Brennan Jackson,JJ Pegues,2520,6
Brennan Jackson,Thomas Booker,2520,6
Brennan Jackson,Benito Jones,2520,5
Brennan Jackson,Jonah Laulu,2520,5
Brennan Jackson,Treven Ma'ae,2520,1
Brenton Cox Jr.,Kitan Oladapo,1800,21
Brenton Cox Jr.,Mark Perry,1800,18
Brenton Cox Jr.,Ty'Ron Hopper,1800,16
Brenton Cox Jr.,Murvin Kenion,1800,15
Brenton Cox Jr.,Chris McClellan,1800,13
Brenton Cox Jr.,Isaiah McDuffie,1800,13
Brenton Cox Jr.,Collin Oliver,1800,12
Brenton Cox Jr.,Nazir Stackhouse,1800,12
Brenton Cox Jr.,Benjamin St-Juste,1800,11
Brenton Cox Jr.,Jaylin Simpson,1800,11
Brenton Cox Jr.,Brandon Cisse,1800,10
Brenton Cox Jr.,Keisean Nixon,1800,10
Brenton Cox Jr.,Jonathan Ford,1800,9
Brenton Cox Jr.,Warren Brinson,1800,9
Brenton Cox Jr.,Anthony Campbell,1800,8
Brenton Cox Jr.,Nick Niemann,1800,8
Brenton Cox Jr.,Nyjalik Kelly,1800,6
Brenton Cox Jr.,Shemar Bartholomew,1800,4
Brenton Cox Jr.,Arron Mosby,1800,3
Brenton Cox Jr.,Jaden Crumedy,1800,1
Brian Parker II,Jacob Bayer,0920,55
Brian Parker II,Jalen Rivers,0920,46
Brian Parker II,Andrew Coker,0920,38
Brian Parker II,Javon Foster,0920,34
Brian Parker II,Jack Endries,0920,32
Brian Parker II,Josh Johnson,0920,32
Brian Parker II,Dohnte Meyers,0920,30
Brian Parker II,Ke'Shawn Williams,0920,23
Brian Parker II,Cody Ford,0920,20
Brian Parker II,Colbie Young,0920,20
Brian Parker II,Kendall Milton,0920,20
Brian Parker II,Gary Brightwell,0920,17
Brian Parker II,Jordan Moore,0920,17
Brian Parker II,Noah Thomas,0920,17
Brian Parker II,Tahj Brooks,0920,16
Brian Parker II,Tanner Hudson,0920,15
Brian Parker II,Joe Flacco,0920,14
Brian Parker II,Cam Grandy,0920,13
Brian Parker II,Andrei Iosivas,0920,12
Brian Parker II,Charlie Jones,0920,12
Brian Parker II,Mitchell Tinsley,0920,12
Brian Parker II,Xavier Johnson,0920,10
Brian Parker II,Christian Jones,0920,9
Brian Parker II,Corey Robinson II,0920,9
Brian Parker II,Liam Brown,0920,9
Brian Parker II,Sean Clifford,0920,9
Brian Parker II,Josh Kattus,0920,6
Brian Parker II,Kentrel Bullock,0920,2
Brian Parker II,Jamal Haynes,0920,1
Brock Bowers,Ashton Jeanty,2520,1
Brock Bowers,Connor Heyward,2520,1
Brock Bowers,DJ Glaze,2520,1
Brock Bowers,Jackson Powers-Johnson,2520,1
Brock Bowers,Kirk Cousins,2520,1
Brock Bowers,Kolton Miller,2520,1
Brock Bowers,Michael Mayer,2520,1
Brock Bowers,Spencer Burford,2520,1
Brock Bowers,Tre Tucker,2520,1
Brock Bowers,Tyler Linderbaum,2520,1
Brock Hoffman,Broderick Jones,3900,18
Brock Hoffman,Ryan McCollum,3900,18
Brock Hoffman,Will Howard,3900,18
Brock Hoffman,Robert Tonyan,3900,17
Brock Hoffman,Doug Nester,3900,14
Brock Hoffman,Lew Nichols III,3900,14
Brock Hoffman,Dylan Cook,3900,12
Brock Hoffman,Germie Bernard,3900,11
Brock Hoffman,Roman Wilson,3900,8
Brock Hoffman,Kaden Wetjen,3900,7
Brock Hoffman,Ben Skowronek,3900,6
Brock Hoffman,Jack Driscoll,3900,6
Brock Hoffman,Levi Wentz,3900,6
Brock Hoffman,Max Hurleman,3900,6
Brock Hoffman,Jaheim Bell,3900,5
Brock Hoffman,Brandon Smith,3900,4
Brock Hoffman,Spencer Anderson,3900,4
Brock Hoffman,Travis Homer,3900,4
Brock Hoffman,Lake McRee,3900,1
Brock Hoffman,Riley Nowakowski,3900,1
Broderick Jones,Doug Nester,3900,40
Broderick Jones,Jack Driscoll,3900,32
Broderick Jones,Max Hurleman,3900,29
Broderick Jones,Drew Allar,3900,26
Broderick Jones,Gennings Dunker,3900,26
Broderick Jones,Ryan McCollum,3900,23
Broderick Jones,Eli Heidenreich,3900,21
Broderick Jones,Greg Crippen,3900,21
Broderick Jones,Levi Wentz,3900,20
Broderick Jones,Brock Hoffman,3900,18
Broderick Jones,Will Howard,3900,18
Broderick Jones,Kaden Wetjen,3900,17
Broderick Jones,Lake McRee,3900,17
Broderick Jones,Robert Tonyan,3900,17
Broderick Jones,Jaheim Bell,3900,15
Broderick Jones,Lew Nichols III,3900,14
Broderick Jones,Dylan Cook,3900,12
Broderick Jones,Jakobie Keeney-James,3900,12
Broderick Jones,Germie Bernard,3900,11
Broderick Jones,Joaquin Davis,3900,11
Broderick Jones,Riley Nowakowski,3900,8
Broderick Jones,Roman Wilson,3900,8
Broderick Jones,Ben Skowronek,3900,6
Broderick Jones,Kaleb Johnson,3900,5
Broderick Jones,Brandon Smith,3900,4
Broderick Jones,Spencer Anderson,3900,4
Broderick Jones,Travis Homer,3900,4
Broderick Jones,Lance Mason,3900,1
Brodric Martin,Isaiah Oliver,3800,37
Brodric Martin,Wydett Williams Jr.,3800,37
Brodric Martin,Elijah Culp,3800,30
Brodric Martin,Austin Keys,3800,27
Brodric Martin,Elijah Jones,3800,26
Brodric Martin,Owen Pappoe,3800,26
Brodric Martin,Jonah Williams,3800,22
Brodric Martin,Karson Sharar,3800,22
Brodric Martin,BJ Ojulari,3800,21
Brodric Martin,Cam Robertson,3800,20
Brodric Martin,Eku Leota,3800,19
Brodric Martin,Cam Horsley,3800,18
Brodric Martin,Elliott Brown,3800,18
Brodric Martin,Damonic Williams,3800,15
Brodric Martin,Kei'Trel Clark,3800,14
Brodric Martin,Kalen King,3800,10
Brodric Martin,Quinton Newsome,3800,10
Brodric Martin,Starling Thomas V,3800,8
Brodric Martin,Andrew Billings,3800,3
Brodric Martin,Eugene Asante,3800,3
Brodric Martin,Dadrion Taylor-Demerson,3800,2
Brodric Martin,Kitan Crawford,3800,2
Bryce Boettcher,Jaylon Jones,2200,23
Bryce Boettcher,Rob Carter Jr.,2200,21
Bryce Boettcher,Trey Washington,2200,21
Bryce Boettcher,Daniel Scott,2200,20
Bryce Boettcher,Jaylahn Tuimolaou,2200,20
Bryce Boettcher,Johnathan Edwards,2200,20
Bryce Boettcher,Austin Ajiake,2200,18
Bryce Boettcher,Derrick Nnadi,2200,18
Bryce Boettcher,George Gumbs Jr.,2200,17
Bryce Boettcher,Colby Wooden,2200,16
Bryce Boettcher,Adetomiwa Adebawore,2200,15
Bryce Boettcher,Caden Curry,2200,15
Bryce Boettcher,Micheal Clemons,2200,14
Bryce Boettcher,Jaylon Carlies,2200,13
Bryce Boettcher,Jerry Tillery,2200,13
Bryce Boettcher,Jonathan Owens,2200,10
Bryce Boettcher,A.J. Haulcy,2200,8
Bryce Boettcher,Cam Taylor-Britt,2200,8
Bryce Boettcher,Mekhi Blackmon,2200,8
Bryce Boettcher,Mekhi Rodgers,2200,6
Bryce Boettcher,Hunter Wohler,2200,3
Bryce Boettcher,Tim Smith,2200,2
Bryce Boettcher,Cameron Ball,2200,1
Bryce Oliver,Brandon Crenshaw-Dickson,2100,10
Bryce Oliver,Cordell Volson,2100,10
Bryce Oliver,Jackson Slater,2100,10
Bryce Oliver,K.J. Osborn,2100,10
Bryce Oliver,Pat Coogan,2100,10
Bryce Oliver,Will Levis,2100,10
Bryce Oliver,Austin Deculus,2100,6
Bryce Oliver,Kylen Granson,2100,5
Bryce Oliver,Nicholas Singleton,2100,5
Bryce Oliver,Xavier Restrepo,2100,5
Bryce Oliver,David Martin-Robinson,2100,4
Bryce Oliver,Zach Thomas,2100,4
Bryce Oliver,Hank Beatty,2100,3
Bryce Oliver,Joel Wilson,2100,3
Bryce Oliver,Michael Carter,2100,3
Bryce Oliver,Julius Chestnut,2100,2
Brycen Tremayne,Albert Reese,0750,17
Brycen Tremayne,Brady Christensen,0750,17
Brycen Tremayne,Chandler Zavala,0750,17
Brycen Tremayne,Kenny Pickett,0750,17
Brycen Tremayne,Sam Hecht,0750,17
Brycen Tremayne,Stone Forsythe,0750,17
Brycen Tremayne,David Moore,0750,15
Brycen Tremayne,John Metchie III,0750,13
Brycen Tremayne,Trevor Etienne,0750,13
Brycen Tremayne,Feleipe Franks,0750,10
Brycen Tremayne,James Mitchell,0750,8
Brycen Tremayne,AJ Dillon,0750,4
Brycen Tremayne,Ja'Tavion Sanders,0750,3
Brycen Tremayne,Ja'Seem Reed,0750,2
Bryson Eason,Ephesians Prysock,4500,17
Bryson Eason,James Thompson Jr.,4500,15
Bryson Eason,Jakob Robinson,4500,14
Bryson Eason,Jalen Stroman,4500,14
Bryson Eason,Darrell Luter Jr.,4500,12
Bryson Eason,Patrick McMorris,4500,12
Bryson Eason,Ogbo Okoronkwo,4500,11
Bryson Eason,Jalen Graham,4500,10
Bryson Eason,Quinton Bell,4500,10
Bryson Eason,Tatum Bethune,4500,10
Bryson Eason,Xavier Thomas,4500,9
Bryson Eason,Ashtyn Davis,4500,7
Bryson Eason,Eli Apple,4500,7
Bryson Eason,Jaden Dugger,4500,7
Bryson Eason,Larry Worth,4500,7
Bryson Eason,Nick Martin,4500,7
Bryson Eason,Titus Leo,4500,6
Bryson Eason,Marques Sigle,4500,5
Bryson Eason,Garret Wallow,4500,2
Bryson Eason,Gracen Halton,4500,2
Bryson Eason,Jack Jones,4500,2
Bryson Eason,Romello Height,4500,2
Bryson Eason,Sebastian Valdez,4500,2
Bryson Green,Reggie Virgil,3800,58
Bryson Green,Ka'ena Decambra,3800,44
Bryson Green,Kedon Slovis,3800,44
Bryson Green,Valentin Senn,3800,44
Bryson Green,Corey Kiner,3800,39
Bryson Green,Christian Jones,3800,37
Bryson Green,Demontrey Jacobs,3800,34
Bryson Green,Olisaemeka Udoh,3800,32
Bryson Green,Harrison Wallace III,3800,29
Bryson Green,Matt Pryor,3800,29
Bryson Green,Jameson Geers,3800,28
Bryson Green,Rivaldo Fairweather,3800,28
Bryson Green,Xavier Weaver,3800,19
Bryson Green,Carson Beck,3800,16
Bryson Green,Chase Bisontis,3800,16
Bryson Green,Hayden Conner,3800,16
Bryson Green,Jayden Williams,3800,16
Bryson Green,Jon Gaines II,3800,16
Bryson Green,Josh Fryar,3800,16
Bryson Green,Bam Knight,3800,11
Bryson Green,Evan Hull,3800,10
Bryson Green,Shawn Bowman,3800,9
Bryson Green,Kenny Yeboah,3800,7
Bryson Green,Simi Fehoko,3800,2
Buddy Johnson,Caleb Offord,2520,15
Buddy Johnson,Dalton Johnson,2520,15
Buddy Johnson,Devin Lafayette,2520,15
Buddy Johnson,Gary Smith III,2520,15
Buddy Johnson,Xavian Sorey Jr.,2520,15
Buddy Johnson,Devyn Perkins,2520,12
Buddy Johnson,Treven Ma'ae,2520,12
Buddy Johnson,Brandon Cleveland,2520,10
Buddy Johnson,Cian Slone,2520,9
Buddy Johnson,Jahfari Harvey,2520,9
Buddy Johnson,Greedy Vance,2520,8
Buddy Johnson,Keyron Crawford,2520,6
Buddy Johnson,Patrick Johnson,2520,6
Buddy Johnson,Chigozie Anusiem,2520,3
CJ Dippre,Behren Morton,3200,9
CJ Dippre,Dametrious Crownover,3200,9
CJ Dippre,Jacob Rizy,3200,9
CJ Dippre,James Hudson,3200,9
CJ Dippre,Mehki Butler,3200,9
CJ Dippre,Andrew Rupcich,3200,8
CJ Dippre,Nick DeGennaro,3200,8
CJ Dippre,Tejhaun Palmer,3200,6
CJ Dippre,Kobe Prentice,3200,5
CJ Dippre,Cameron Dorner,3200,4
CJ Dippre,Hassan Haskins,3200,4
CJ Dippre,Jack Westover,3200,4
CJ Dippre,Lan Larison,3200,3
CJ Dippre,Jam Miller,3200,2
CJ Dippre,JonDarius Morgan,3200,1
Cade Stover,Sam Hagen,2120,25
Cade Stover,Jarrett Patterson,2120,19
Cade Stover,Blake Fisher,2120,17
Cade Stover,Evan Brown,2120,17
Cade Stover,Febechi Nwaiwu,2120,17
Cade Stover,Davis Mills,2120,14
Cade Stover,Graham Mertz,2120,11
Cade Stover,Jared Wayne,2120,11
Cade Stover,Joshua Pitsenberger,2120,11
Cade Stover,Noah Whittington,2120,11
Cade Stover,Lewis Bond,2120,10
Cade Stover,Josh Kelly,2120,9
Cade Stover,Justin Watson,2120,9
Cade Stover,Treyvhon Saunders,2120,9
Cade Stover,Eli Cox,2120,8
Cade Stover,Foster Moreau,2120,8
Cade Stover,James Neal III,2120,8
Cade Stover,Jarrett Kingston,2120,8
Cade Stover,Layne Pryor,2120,8
Cade Stover,Jake Andrews,2120,6
Cade Stover,Daniel Sobkowicz,2120,5
Cade Stover,Jha'Quan Jackson,2120,4
Cade Stover,Owen Wright,2120,3
Cade Stover,Juwann Winfree,2120,2
Caden Curry,Rob Carter Jr.,2200,34
Caden Curry,George Gumbs Jr.,2200,30
Caden Curry,Mekhi Rodgers,2200,26
Caden Curry,Daniel Scott,2200,24
Caden Curry,Cameron Ball,2200,21
Caden Curry,Juanyeh Thomas,2200,20
Caden Curry,West Weeks,2200,20
Caden Curry,Jaylon Jones,2200,18
Caden Curry,Jai'Onte' McMillan,2200,16
Caden Curry,Bryce Boettcher,2200,15
Caden Curry,Tim Smith,2200,15
Caden Curry,Tahj Chambers,2200,14
Caden Curry,Trey Washington,2200,13
Caden Curry,Adetomiwa Adebawore,2200,10
Caden Curry,Jaylon Carlies,2200,10
Caden Curry,Jerry Tillery,2200,10
Caden Curry,Austin Brown,2200,9
Caden Curry,Austin Ajiake,2200,7
Caden Curry,Derrick Nnadi,2200,7
Caden Curry,Durell Nchami,2200,7
Caden Curry,Johnathan Edwards,2200,7
Caden Curry,Colby Wooden,2200,6
Caden Curry,Devin Veresuk,2200,6
Caden Curry,Jaylahn Tuimolaou,2200,4
Caden Curry,Mitchell Melton,2200,4
Caden Curry,Hunter Wohler,2200,3
Caden Curry,Jonathan Owens,2200,3
Caden Curry,Micheal Clemons,2200,1
Caden Prieskorn,Elijah Cooks,0750,23
Caden Prieskorn,Haynes King,0750,23
Caden Prieskorn,Isaia Glass,0750,23
Caden Prieskorn,Ja'Tyre Carter,0750,23
Caden Prieskorn,Nick Samac,0750,23
Caden Prieskorn,Ryan Hayes,0750,21
Caden Prieskorn,Casey Washington,0750,18
Caden Prieskorn,Jimmy Horn Jr.,0750,17
Caden Prieskorn,Stone Forsythe,0750,13
Caden Prieskorn,Albert Reese,0750,12
Caden Prieskorn,Anthony Tyus III,0750,12
Caden Prieskorn,Miles Davis,0750,11
Caden Prieskorn,Chamon Metayer,0750,6
Caden Prieskorn,Roc Taylor,0750,3
Caden Prieskorn,Ja'Seem Reed,0750,2
Caleb Lomu,Andrew Rupcich,3200,38
Caleb Lomu,James Hudson,3200,38
Caleb Lomu,Marcus Bryant,3200,38
Caleb Lomu,Tommy DeVito,3200,38
Caleb Lomu,Eli Raridon,3200,34
Caleb Lomu,Efton Chism III,3200,29
Caleb Lomu,Jacob Rizy,3200,24
Caleb Lomu,Kyle Williams,3200,24
Caleb Lomu,Lan Larison,3200,22
Caleb Lomu,Nick DeGennaro,3200,18
Caleb Lomu,Jam Miller,3200,16
Caleb Lomu,Ben Brown,3200,14
Caleb Lomu,Kayshon Boutte,3200,14
Caleb Lomu,Mack Hollins,3200,10
Caleb Lomu,Tanner Arkin,3200,9
Caleb Lomu,Cameron Dorner,3200,5
Caleb Lomu,Jack Westover,3200,4
Caleb Lomu,Kobe Prentice,3200,4
Caleb Lomu,Tejhaun Palmer,3200,1
Caleb Offord,Dalton Johnson,2520,25
Caleb Offord,Greedy Vance,2520,18
Caleb Offord,Brandon Cleveland,2520,17
Caleb Offord,Buddy Johnson,2520,15
Caleb Offord,Devin Lafayette,2520,15
Caleb Offord,Gary Smith III,2520,15
Caleb Offord,Treven Ma'ae,2520,15
Caleb Offord,Xavian Sorey Jr.,2520,15
Caleb Offord,Chigozie Anusiem,2520,13
Caleb Offord,Keyron Crawford,2520,13
Caleb Offord,Patrick Johnson,2520,13
Caleb Offord,Cian Slone,2520,12
Caleb Offord,Devyn Perkins,2520,12
Caleb Offord,Jahfari Harvey,2520,12
Caleb Offord,Cameron McGrone,2520,10
Caleb Offord,Segun Olubi,2520,10
Caleb Offord,Tristin McCollum,2520,10
Caleb Offord,Benito Jones,2520,5
Caleb Offord,JJ Pegues,2520,5
Caleb Rogers,Atonio Mafi,2520,19
Caleb Rogers,Charles Grant,2520,19
Caleb Rogers,Fernando Mendoza,2520,19
Caleb Rogers,Ian Thomas,2520,19
Caleb Rogers,Jordan Meredith,2520,19
Caleb Rogers,Trey Zuhn III,2520,19
Caleb Rogers,Brandon Johnson,2520,12
Caleb Rogers,Deven Thompkins,2520,12
Caleb Rogers,Dylan Laube,2520,11
Caleb Rogers,Dareke Young,2520,10
Caleb Rogers,Malik Benson,2520,9
Caleb Rogers,Mike Washington Jr.,2520,8
Caleb Rogers,Jack Bech,2520,6
Caleb Rogers,Connor Heyward,2520,5
Caleb Rogers,Albert Okwuegbunam,2520,3
Calvin Ridley,Austin Schlottmann,2100,7
Calvin Ridley,Cam Ward,2100,7
Calvin Ridley,Dan Moore Jr.,2100,7
Calvin Ridley,Fernando Carmona,2100,7
Calvin Ridley,JC Latham,2100,7
Calvin Ridley,Peter Skoronski,2100,7
Calvin Ridley,Carnell Tate,2100,6
Calvin Ridley,Gunnar Helm,2100,5
Calvin Ridley,Tony Pollard,2100,5
Calvin Ridley,Wan'Dale Robinson,2100,5
Calvin Ridley,Daniel Bellinger,2100,4
Calvin Ridley,Tyjae Spears,2100,2
Calvin Ridley,Elic Ayomanor,2100,1
Cam Gill,Demani Richardson,0750,18
Cam Gill,Isaiah Smith,0750,18
Cam Gill,Isaiah Simmons,0750,15
Cam Gill,Devonta Smith,0750,14
Cam Gill,Kyon Barrs,0750,11
Cam Gill,DeCarlos Nicholson,0750,10
Cam Gill,Maema Njongmeta,0750,10
Cam Gill,Mapalo Mwansa,0750,10
Cam Gill,Parker Petersen,0750,10
Cam Gill,Tyrek Funderburk,0750,10
Cam Gill,Bam Martin-Scott,0750,8
Cam Gill,Jackson Kuwatch,0750,8
Cam Gill,Tywone Malone,0750,7
Cam Gill,Cam Miller,0750,5
Cam Gill,Robert Rochell,0750,5
Cam Gill,Elijah Garcia,0750,4
Cam Gill,Akayleb Evans,0750,3
Cam Gill,Corey Thornton,0750,3
Cam Gill,Jared Harrison-Hunte,0750,3
Cam Gill,Lee Hunter,0750,3
Cam Gill,Zakee Wheatley,0750,3
Cam Gill,Chau Smith-Wade,0750,2
Cam Grandy,Brian Parker II,0920,13
Cam Grandy,Jacob Bayer,0920,13
Cam Grandy,Jalen Rivers,0920,13
Cam Grandy,Andrew Coker,0920,9
Cam Grandy,Javon Foster,0920,9
Cam Grandy,Cody Ford,0920,8
Cam Grandy,Colbie Young,0920,8
Cam Grandy,Josh Johnson,0920,7
Cam Grandy,Tahj Brooks,0920,7
Cam Grandy,Dohnte Meyers,0920,6
Cam Grandy,Jack Endries,0920,6
Cam Grandy,Joe Flacco,0920,6
Cam Grandy,Kendall Milton,0920,5
Cam Grandy,Andrei Iosivas,0920,4
Cam Grandy,Mitchell Tinsley,0920,4
Cam Grandy,Charlie Jones,0920,3
Cam Grandy,Jordan Moore,0920,3
Cam Grandy,Noah Thomas,0920,3
Cam Grandy,Amarius Mims,0920,2
Cam Grandy,Dalton Risner,0920,2
Cam Grandy,Drew Sample,0920,2
Cam Grandy,Dylan Fairchild,0920,2
Cam Grandy,Ja'Marr Chase,0920,2
Cam Grandy,Joe Burrow,0920,2
Cam Grandy,Ke'Shawn Williams,0920,2
Cam Grandy,Orlando Brown,0920,2
Cam Grandy,Ted Karras,0920,2
Cam Grandy,Chase Brown,0920,1
Cam Grandy,Gary Brightwell,0920,1
Cam Grandy,Josh Kattus,0920,1
Cam Grandy,Samaje Perine,0920,1
Cam Grandy,Tee Higgins,0920,1
Cam Horsley,Isaiah Oliver,3800,44
Cam Horsley,Wydett Williams Jr.,3800,44
Cam Horsley,Elijah Jones,3800,34
Cam Horsley,Elijah Culp,3800,30
Cam Horsley,Owen Pappoe,3800,30
Cam Horsley,Austin Keys,3800,28
Cam Horsley,Karson Sharar,3800,28
Cam Horsley,Cam Robertson,3800,27
Cam Horsley,Elliott Brown,3800,26
Cam Horsley,Kalen King,3800,24
Cam Horsley,Jonah Williams,3800,21
Cam Horsley,BJ Ojulari,3800,19
Cam Horsley,Brodric Martin,3800,18
Cam Horsley,Eku Leota,3800,18
Cam Horsley,Quinton Newsome,3800,15
Cam Horsley,Kei'Trel Clark,3800,13
Cam Horsley,Damonic Williams,3800,12
Cam Horsley,Starling Thomas V,3800,12
Cam Horsley,Eugene Asante,3800,4
Cam Horsley,Dadrion Taylor-Demerson,3800,1
Cam Horsley,Kitan Crawford,3800,1
Cam Horsley,Max Melton,3800,1
Cam Jackson,Aaron Hall,0750,13
Cam Jackson,Akayleb Evans,0750,13
Cam Jackson,Zakee Wheatley,0750,13
Cam Jackson,Chau Smith-Wade,0750,9
Cam Jackson,Claudin Cherelus,0750,8
Cam Jackson,Lathan Ransom,0750,8
Cam Jackson,Trevin Wallace,0750,8
Cam Jackson,Will Lee III,0750,8
Cam Jackson,Princely Umanmielen,0750,7
Cam Jackson,Trevis Gipson,0750,7
Cam Jackson,Nick Hampton,0750,6
Cam Jackson,Thomas Incoom,0750,6
Cam Jackson,Bam Martin-Scott,0750,5
Cam Jackson,Corey Thornton,0750,5
Cam Jackson,Demani Richardson,0750,5
Cam Jackson,Jackson Kuwatch,0750,5
Cam Jackson,Elijah Garcia,0750,3
Cam Jackson,Jared Harrison-Hunte,0750,1
Cam Miller,Demani Richardson,0750,14
Cam Miller,Devonta Smith,0750,14
Cam Miller,Isaiah Simmons,0750,14
Cam Miller,Jackson Kuwatch,0750,14
Cam Miller,Nick Hampton,0750,9
Cam Miller,Thomas Incoom,0750,9
Cam Miller,Elijah Garcia,0750,8
Cam Miller,Maema Njongmeta,0750,7
Cam Miller,Robert Rochell,0750,7
Cam Miller,Tyrek Funderburk,0750,7
Cam Miller,Bam Martin-Scott,0750,6
Cam Miller,Kyon Barrs,0750,6
Cam Miller,Tywone Malone,0750,6
Cam Miller,Aaron Hall,0750,5
Cam Miller,Cam Gill,0750,5
Cam Miller,Isaiah Smith,0750,5
Cam Miller,Parker Petersen,0750,3
Cam Miller,Zakee Wheatley,0750,1
Cam Robertson,Elliott Brown,3800,52
Cam Robertson,Isaiah Oliver,3800,49
Cam Robertson,Wydett Williams Jr.,3800,49
Cam Robertson,Elijah Jones,3800,40
Cam Robertson,Owen Pappoe,3800,37
Cam Robertson,Elijah Culp,3800,36
Cam Robertson,Austin Keys,3800,35
Cam Robertson,Jonah Williams,3800,35
Cam Robertson,Karson Sharar,3800,30
Cam Robertson,Cam Horsley,3800,27
Cam Robertson,Damonic Williams,3800,27
Cam Robertson,Kalen King,3800,25
Cam Robertson,Brodric Martin,3800,20
Cam Robertson,Kei'Trel Clark,3800,19
Cam Robertson,Quinton Newsome,3800,16
Cam Robertson,Starling Thomas V,3800,11
Cam Robertson,Andrew Billings,3800,9
Cam Robertson,Dadrion Taylor-Demerson,3800,7
Cam Robertson,Kitan Crawford,3800,7
Cam Robertson,BJ Ojulari,3800,4
Cam Robertson,Eugene Asante,3800,4
Cam Robertson,Cody Simon,3800,3
Cam Robertson,Darius Robinson,3800,3
Cam Robertson,Denzel Burke,3800,3
Cam Robertson,Jack Gibbens,3800,3
Cam Robertson,Max Melton,3800,3
Cam Robertson,L.J. Collier,3800,2
Cam Robertson,Sean Murphy-Bunting,3800,2
Cam Robertson,Walter Nolen,3800,1
Cam Robertson,Zachary Carter,3800,1
Cam Taylor-Britt,A.J. Haulcy,2200,19
Cam Taylor-Britt,Austin Ajiake,2200,19
Cam Taylor-Britt,Jaylahn Tuimolaou,2200,19
Cam Taylor-Britt,Jonathan Owens,2200,19
Cam Taylor-Britt,Mekhi Blackmon,2200,19
Cam Taylor-Britt,Johnathan Edwards,2200,15
Cam Taylor-Britt,Micheal Clemons,2200,15
Cam Taylor-Britt,Adetomiwa Adebawore,2200,11
Cam Taylor-Britt,Derrick Nnadi,2200,11
Cam Taylor-Britt,Jaylon Carlies,2200,11
Cam Taylor-Britt,Bryce Boettcher,2200,8
Cam Taylor-Britt,Colby Wooden,2200,8
Cam Taylor-Britt,George Gumbs Jr.,2200,8
Cam Taylor-Britt,Jerry Tillery,2200,8
Cam Ward,Austin Schlottmann,2100,21
Cam Ward,Dan Moore Jr.,2100,21
Cam Ward,Fernando Carmona,2100,21
Cam Ward,JC Latham,2100,21
Cam Ward,Peter Skoronski,2100,21
Cam Ward,Wan'Dale Robinson,2100,16
Cam Ward,Carnell Tate,2100,15
Cam Ward,Elic Ayomanor,2100,15
Cam Ward,Daniel Bellinger,2100,13
Cam Ward,Gunnar Helm,2100,13
Cam Ward,Tyjae Spears,2100,12
Cam Ward,Tony Pollard,2100,9
Cam Ward,Calvin Ridley,2100,7
Cam Ward,Chimere Dike,2100,5
Cameron Ball,Caden Curry,2200,21
Cameron Ball,Mekhi Rodgers,2200,21
Cameron Ball,Rob Carter Jr.,2200,21
Cameron Ball,Juanyeh Thomas,2200,20
Cameron Ball,West Weeks,2200,20
Cameron Ball,George Gumbs Jr.,2200,19
Cameron Ball,Jai'Onte' McMillan,2200,16
Cameron Ball,Tahj Chambers,2200,14
Cameron Ball,Tim Smith,2200,13
Cameron Ball,Daniel Scott,2200,12
Cameron Ball,Austin Brown,2200,9
Cameron Ball,Durell Nchami,2200,7
Cameron Ball,Devin Veresuk,2200,6
Cameron Ball,Mitchell Melton,2200,4
Cameron Ball,Jaylon Jones,2200,3
Cameron Ball,Adetomiwa Adebawore,2200,1
Cameron Ball,Bryce Boettcher,2200,1
Cameron Ball,Jaylon Carlies,2200,1
Cameron Ball,Trey Washington,2200,1
Cameron Dorner,Jacob Rizy,3200,21
Cameron Dorner,Nick DeGennaro,3200,17
Cameron Dorner,Behren Morton,3200,16
Cameron Dorner,Dametrious Crownover,3200,16
Cameron Dorner,Mehki Butler,3200,16
Cameron Dorner,Kobe Prentice,3200,15
Cameron Dorner,Andrew Rupcich,3200,13
Cameron Dorner,James Hudson,3200,13
Cameron Dorner,Lan Larison,3200,12
Cameron Dorner,Jack Westover,3200,11
Cameron Dorner,JonDarius Morgan,3200,8
Cameron Dorner,Lorenz Metz,3200,8
Cameron Dorner,Caleb Lomu,3200,5
Cameron Dorner,Marcus Bryant,3200,5
Cameron Dorner,Tejhaun Palmer,3200,5
Cameron Dorner,Tommy DeVito,3200,5
Cameron Dorner,CJ Dippre,3200,4
Cameron Dorner,Jamycal Hasty,3200,4
Cameron Dorner,Efton Chism III,3200,3
Cameron Dorner,Eli Raridon,3200,3
Cameron Dorner,Jam Miller,3200,3
Cameron Dorner,Tanner Arkin,3200,3
Cameron Dorner,Hassan Haskins,3200,2
Cameron Dorner,Mitch Van Vooren,3200,2
Cameron McGrone,Greedy Vance,2520,20
Cameron McGrone,Segun Olubi,2520,20
Cameron McGrone,Tristin McCollum,2520,18
Cameron McGrone,Keyron Crawford,2520,13
Cameron McGrone,Chigozie Anusiem,2520,12
Cameron McGrone,Dalton Johnson,2520,12
Cameron McGrone,Brandon Cleveland,2520,11
Cameron McGrone,Cian Slone,2520,11
Cameron McGrone,JJ Pegues,2520,11
Cameron McGrone,Caleb Offord,2520,10
Cameron McGrone,Patrick Johnson,2520,9
Cameron McGrone,Treven Ma'ae,2520,9
Cameron McGrone,Hezekiah Masses,2520,8
Cameron McGrone,Jermod McCoy,2520,8
Cameron McGrone,Treydan Stukes,2520,8
Cameron McGrone,Jahfari Harvey,2520,7
Cameron McGrone,Benito Jones,2520,5
Cameron McGrone,Gary Smith III,2520,4
Cameron McGrone,Devin Lafayette,2520,2
Cameron McGrone,Devyn Perkins,2520,2
Carnell Tate,Austin Schlottmann,2100,15
Carnell Tate,Cam Ward,2100,15
Carnell Tate,Dan Moore Jr.,2100,15
Carnell Tate,Fernando Carmona,2100,15
Carnell Tate,JC Latham,2100,15
Carnell Tate,Peter Skoronski,2100,15
Carnell Tate,Wan'Dale Robinson,2100,12
Carnell Tate,Daniel Bellinger,2100,10
Carnell Tate,Elic Ayomanor,2100,9
Carnell Tate,Gunnar Helm,2100,8
Carnell Tate,Tony Pollard,2100,8
Carnell Tate,Tyjae Spears,2100,7
Carnell Tate,Calvin Ridley,2100,6
Carson Beck,Chase Bisontis,3800,39
Carson Beck,Hayden Conner,3800,39
Carson Beck,Jayden Williams,3800,39
Carson Beck,Jon Gaines II,3800,39
Carson Beck,Josh Fryar,3800,39
Carson Beck,Bam Knight,3800,29
Carson Beck,Xavier Weaver,3800,28
Carson Beck,Simi Fehoko,3800,21
Carson Beck,Jalen Brooks,3800,20
Carson Beck,Kenny Yeboah,3800,19
Carson Beck,Reggie Virgil,3800,18
Carson Beck,Rivaldo Fairweather,3800,17
Carson Beck,Bryson Green,3800,16
Carson Beck,Jameson Geers,3800,14
Carson Beck,Corey Kiner,3800,10
Carson Beck,Harrison Wallace III,3800,3
Carson Bruener,Cole Holcomb,3900,35
Carson Bruener,Sebastian Castro,3900,35
Carson Bruener,Daylen Everette,3900,34
Carson Bruener,Jamin Davis,3900,32
Carson Bruener,D'Shawn Jamison,3900,27
Carson Bruener,Devan Boykin,3900,26
Carson Bruener,Jack Sawyer,3900,23
Carson Bruener,Julius Welschof,3900,23
Carson Bruener,Robert Spears-Jennings,3900,22
Carson Bruener,Doneiko Slaughter,3900,21
Carson Bruener,Esezi Otomewo,3900,21
Carson Bruener,Dean Lowry,3900,17
Carson Bruener,Gabe Rubio,3900,17
Carson Bruener,Yahya Black,3900,11
Carson Bruener,Kyler Baugh,3900,10
Carson Bruener,Kevin Jobity Jr.,3900,9
Carson Bruener,Anthony Goodlow,3900,7
Carson Bruener,Daryl Porter,3900,4
Carson Bruener,Israel Mukuamu,3900,4
Carson Bruener,Jack Henderson,3900,4
Carson Bruener,Malik Harrison,3900,4
Carson Bruener,Tamon Lynum,3900,4
Carson Towt,Anderson Castle,2200,2
Carson Towt,Blake Freeland,2200,2
Carson Towt,E.J. Horton,2200,2
Carson Towt,Geno VanDeMark,2200,2
Carson Towt,Jimmy Morrissey,2200,2
Carson Towt,Josh Kreutz,2200,2
Carson Towt,Luke Tenuta,2200,2
Carson Towt,Raylen Sharpe,2200,2
Carson Towt,Riley Leonard,2200,2
Carson Towt,Sahmir Hagans,2200,2
Carver Willis,Adrian Martinez,4500,31
Carver Willis,Doug Kramer,4500,31
Carver Willis,Enrique Cruz,4500,31
Carver Willis,Isaac Alarcon,4500,31
Carver Willis,Kion Smith,4500,31
Carver Willis,Josiah Deguara,4500,23
Carver Willis,Trenton Irwin,4500,20
Carver Willis,Hayden Rucci,4500,19
Carver Willis,Jordan Watkins,4500,18
Carver Willis,Khalil Herbert,4500,18
Carver Willis,Wesley Grimes,4500,13
Carver Willis,Will Pauling,4500,13
Carver Willis,KhaDarel Hodge,4500,12
Carver Willis,Sincere McCormick,4500,7
Carver Willis,Malik Turner,4500,6
Carver Willis,Zamir White,4500,6
Casey Rogers,Khalil Jacobs,3200,14
Casey Rogers,Brandon Crossley,3200,12
Casey Rogers,Isaiah Iton,3200,12
Casey Rogers,Peter Manuma,3200,12
Casey Rogers,Bradyn Swinson,3200,11
Casey Rogers,Namdi Obiazor,3200,10
Casey Rogers,Amari Gainer,3200,8
Casey Rogers,Eric Butler,3200,8
Casey Rogers,Kenneth Harris,3200,8
Casey Rogers,Kobee Minor,3200,8
Casey Rogers,Karon Prunty,3200,6
Casey Rogers,Mike Brown,3200,6
Casey Rogers,Jesse Luketa,3200,5
Casey Rogers,Channing Canada,3200,4
Casey Rogers,Jeremiah Pharms Jr.,3200,4
Casey Rogers,Chad Muma,3200,2
Casey Rogers,Dell Pettus,3200,2
Casey Rogers,Gabe Jacas,3200,2
Casey Rogers,Leonard Taylor III,3200,2
Casey Rogers,Quintayvious Hutchins,3200,2
Casey Rogers,Riley Wilson,3200,2
Casey Washington,Haynes King,0750,27
Casey Washington,Isaia Glass,0750,27
Casey Washington,Ja'Tyre Carter,0750,27
Casey Washington,Nick Samac,0750,25
Casey Washington,Ryan Hayes,0750,25
Casey Washington,Elijah Cooks,0750,24
Casey Washington,Jimmy Horn Jr.,0750,19
Casey Washington,Caden Prieskorn,0750,18
Casey Washington,Miles Davis,0750,15
Casey Washington,Stone Forsythe,0750,15
Casey Washington,Albert Reese,0750,14
Casey Washington,Chamon Metayer,0750,13
Casey Washington,Anthony Tyus III,0750,10
Casey Washington,AJ Dillon,0750,2
Casey Washington,Ja'Seem Reed,0750,2
Casey Washington,John Metchie III,0750,2
Casey Washington,Sam Hecht,0750,2
Casey Washington,Feleipe Franks,0750,1
Casey Washington,James Mitchell,0750,1
Casey Washington,Malick Meiga,0750,1
Cashius Howell,Cedric Johnson,0920,13
Cashius Howell,D.J. Ivey,0920,13
Cashius Howell,Josh Newton,0920,13
Cashius Howell,PJ Jules,0920,13
Cashius Howell,Swayze Bozeman,0920,13
Cashius Howell,Landon Robinson,0920,12
Cashius Howell,Oren Burks,0920,11
Cashius Howell,Kris Jenkins,0920,10
Cashius Howell,Daijahn Anthony,0920,7
Cashius Howell,McKinnley Jackson,0920,7
Cashius Howell,Bralyn Lux,0920,6
Cashius Howell,Kyle Dugger,0920,6
Cashius Howell,Howard Cross III,0920,3
Cashius Howell,Ja'Sir Taylor,0920,3
Cedric Gray,Alontae Taylor,2100,24
Cedric Gray,Amani Hooker,2100,24
Cedric Gray,Cody Barton,2100,24
Cedric Gray,Cordale Flott,2100,24
Cedric Gray,Kevin Winston Jr.,2100,24
Cedric Gray,Marcus Harris,2100,20
Cedric Gray,Jermaine Johnson II,2100,16
Cedric Gray,Keldric Faulk,2100,14
Cedric Gray,Solomon Thomas,2100,13
Cedric Gray,Jordan Elliott,2100,12
Cedric Gray,Jeffery Simmons,2100,11
Cedric Gray,Jalyn Holmes,2100,8
Cedric Gray,Malik Herring,2100,8
Cedric Gray,Oluwafemi Oladejo,2100,6
Cedric Gray,Earnest Brown IV,2100,4
Cedric Gray,James Williams,2100,4
Cedric Gray,Truman Jones,2100,3
Cedric Gray,Timmy Horne,2100,1
Cedric Johnson,Josh Newton,0920,23
Cedric Johnson,Kris Jenkins,0920,21
Cedric Johnson,Landon Robinson,0920,21
Cedric Johnson,PJ Jules,0920,21
Cedric Johnson,Daijahn Anthony,0920,19
Cedric Johnson,Swayze Bozeman,0920,19
Cedric Johnson,Bralyn Lux,0920,18
Cedric Johnson,Ceyair Wright,0920,16
Cedric Johnson,Isaiah Foskey,0920,16
Cedric Johnson,Shaka Heyward,0920,15
Cedric Johnson,D.J. Ivey,0920,14
Cedric Johnson,Howard Cross III,0920,14
Cedric Johnson,Russ Yeast,0920,14
Cedric Johnson,Cashius Howell,0920,13
Cedric Johnson,McKinnley Jackson,0920,13
Cedric Johnson,Oren Burks,0920,12
Cedric Johnson,Joe Giles-Harris,0920,11
Cedric Johnson,Jalen Kimber,0920,7
Cedric Johnson,Kyle Dugger,0920,6
Cedric Johnson,Ja'Sir Taylor,0920,3
Cedric Johnson,Jordan Jefferson,0920,2
Cedric Johnson,Antwaun Powell-Ryland,0920,1
Cedric Johnson,Liam Anderson,0920,1
Cedrick Wilson Jr.,Blake Miller,1540,14
Cedrick Wilson Jr.,Christian Mahogany,1540,14
Cedrick Wilson Jr.,Isaac TeSlaa,1540,14
Cedrick Wilson Jr.,Larry Borom,1540,14
Cedrick Wilson Jr.,Luke Altmyer,1540,14
Cedrick Wilson Jr.,Miles Frazier,1540,14
Cedrick Wilson Jr.,Seth McLaughlin,1540,14
Cedrick Wilson Jr.,Tyler Conklin,1540,14
Cedrick Wilson Jr.,Jacob Saylors,1540,11
Cedrick Wilson Jr.,Greg Dortch,1540,7
Cedrick Wilson Jr.,Jackson Meeks,1540,7
Cedrick Wilson Jr.,Kye Robichaux,1540,3
Ceyair Wright,Isaiah Foskey,0920,32
Ceyair Wright,Russ Yeast,0920,30
Ceyair Wright,Bralyn Lux,0920,26
Ceyair Wright,Daijahn Anthony,0920,26
Ceyair Wright,Landon Robinson,0920,25
Ceyair Wright,Joe Giles-Harris,0920,24
Ceyair Wright,Howard Cross III,0920,22
Ceyair Wright,Jalen Kimber,0920,21
Ceyair Wright,Shaka Heyward,0920,20
Ceyair Wright,Antwaun Powell-Ryland,0920,18
Ceyair Wright,Cedric Johnson,0920,16
Ceyair Wright,Josh Newton,0920,12
Ceyair Wright,McKinnley Jackson,0920,11
Ceyair Wright,Kris Jenkins,0920,10
Ceyair Wright,Liam Anderson,0920,10
Ceyair Wright,PJ Jules,0920,10
Ceyair Wright,Jordan Jefferson,0920,8
Ceyair Wright,Swayze Bozeman,0920,8
Ceyair Wright,Jack Dingle,0920,1
Chad Muma,Dell Pettus,3200,27
Chad Muma,Karon Prunty,3200,27
Chad Muma,Quintayvious Hutchins,3200,27
Chad Muma,Channing Canada,3200,25
Chad Muma,Gabe Jacas,3200,25
Chad Muma,John Saunders Jr.,3200,20
Chad Muma,Joshua Farmer,3200,20
Chad Muma,Eric Gregory,3200,15
Chad Muma,K.J. Britt,3200,14
Chad Muma,Marcellas Dial Jr.,3200,13
Chad Muma,Khalil Jacobs,3200,12
Chad Muma,Jeremiah Pharms Jr.,3200,10
Chad Muma,Mike Brown,3200,10
Chad Muma,Isaiah Iton,3200,8
Chad Muma,Kindle Vildor,3200,8
Chad Muma,Leonard Taylor III,3200,5
Chad Muma,Bradyn Swinson,3200,2
Chad Muma,Casey Rogers,3200,2
Chamon Metayer,Haynes King,0750,14
Chamon Metayer,Isaia Glass,0750,14
Chamon Metayer,Ja'Tyre Carter,0750,14
Chamon Metayer,Nick Samac,0750,14
Chamon Metayer,Ryan Hayes,0750,14
Chamon Metayer,Casey Washington,0750,13
Chamon Metayer,Elijah Cooks,0750,13
Chamon Metayer,Stone Forsythe,0750,11
Chamon Metayer,Jimmy Horn Jr.,0750,8
Chamon Metayer,Anthony Tyus III,0750,7
Chamon Metayer,Miles Davis,0750,7
Chamon Metayer,Caden Prieskorn,0750,6
Chamon Metayer,Albert Reese,0750,3
Chamon Metayer,Malick Meiga,0750,1
Chamon Metayer,Roc Taylor,0750,1
Chandler Zavala,Albert Reese,0750,17
Chandler Zavala,Brady Christensen,0750,17
Chandler Zavala,Brycen Tremayne,0750,17
Chandler Zavala,Kenny Pickett,0750,17
Chandler Zavala,Sam Hecht,0750,17
Chandler Zavala,Stone Forsythe,0750,17
Chandler Zavala,David Moore,0750,15
Chandler Zavala,John Metchie III,0750,13
Chandler Zavala,Trevor Etienne,0750,13
Chandler Zavala,Feleipe Franks,0750,10
Chandler Zavala,James Mitchell,0750,8
Chandler Zavala,AJ Dillon,0750,4
Chandler Zavala,Ja'Tavion Sanders,0750,3
Chandler Zavala,Ja'Seem Reed,0750,2
Channing Canada,Karon Prunty,3200,29
Channing Canada,Chad Muma,3200,25
Channing Canada,Dell Pettus,3200,25
Channing Canada,Quintayvious Hutchins,3200,25
Channing Canada,Gabe Jacas,3200,23
Channing Canada,John Saunders Jr.,3200,21
Channing Canada,Joshua Farmer,3200,19
Channing Canada,Khalil Jacobs,3200,18
Channing Canada,Eric Gregory,3200,17
Channing Canada,Mike Brown,3200,15
Channing Canada,Marcellas Dial Jr.,3200,14
Channing Canada,K.J. Britt,3200,12
Channing Canada,Jeremiah Pharms Jr.,3200,11
Channing Canada,Isaiah Iton,3200,9
Channing Canada,Bradyn Swinson,3200,8
Channing Canada,Leonard Taylor III,3200,8
Channing Canada,Kindle Vildor,3200,6
Channing Canada,Jesse Luketa,3200,5
Channing Canada,Namdi Obiazor,3200,5
Channing Canada,Brandon Crossley,3200,4
Channing Canada,Casey Rogers,3200,4
Channing Canada,Peter Manuma,3200,4
Channing Canada,Kobee Minor,3200,2
Channing Canada,Amari Gainer,3200,1
Charles Grant,Atonio Mafi,2520,28
Charles Grant,Fernando Mendoza,2520,28
Charles Grant,Ian Thomas,2520,28
Charles Grant,Jordan Meredith,2520,28
Charles Grant,Trey Zuhn III,2520,28
Charles Grant,Caleb Rogers,2520,19
Charles Grant,Malik Benson,2520,17
Charles Grant,Deven Thompkins,2520,16
Charles Grant,Mike Washington Jr.,2520,15
Charles Grant,Jack Bech,2520,14
Charles Grant,Dylan Laube,2520,13
Charles Grant,Brandon Johnson,2520,12
Charles Grant,Dareke Young,2520,11
Charles Grant,Jackson Powers-Johnson,2520,9
Charles Grant,Connor Heyward,2520,8
Charles Grant,Albert Okwuegbunam,2520,6
Charlie Jones,Brian Parker II,0920,12
Charlie Jones,Jacob Bayer,0920,12
Charlie Jones,Jalen Rivers,0920,12
Charlie Jones,Javon Foster,0920,11
Charlie Jones,Josh Johnson,0920,10
Charlie Jones,Dohnte Meyers,0920,9
Charlie Jones,Cody Ford,0920,8
Charlie Jones,Colbie Young,0920,8
Charlie Jones,Tanner Hudson,0920,7
Charlie Jones,Andrew Coker,0920,5
Charlie Jones,Gary Brightwell,0920,4
Charlie Jones,Kendall Milton,0920,4
Charlie Jones,Tahj Brooks,0920,4
Charlie Jones,Cam Grandy,0920,3
Charlie Jones,Jack Endries,0920,3
Charlie Jones,Noah Thomas,0920,3
Charlie Jones,Joe Flacco,0920,2
Charlie Jones,Andrei Iosivas,0920,1
Charlie Jones,Josh Kattus,0920,1
Charlie Jones,Mitchell Tinsley,0920,1
Chase Bisontis,Hayden Conner,3800,67
Chase Bisontis,Jayden Williams,3800,67
Chase Bisontis,Jon Gaines II,3800,67
Chase Bisontis,Josh Fryar,3800,67
Chase Bisontis,Jalen Brooks,3800,41
Chase Bisontis,Carson Beck,3800,39
Chase Bisontis,Simi Fehoko,3800,39
Chase Bisontis,Bam Knight,3800,37
Chase Bisontis,Rivaldo Fairweather,3800,30
Chase Bisontis,Gardner Minshew,3800,28
Chase Bisontis,Xavier Weaver,3800,28
Chase Bisontis,Reggie Virgil,3800,25
Chase Bisontis,Kenny Yeboah,3800,19
Chase Bisontis,Devin Duvernay,3800,18
Chase Bisontis,Ihmir Smith-Marsette,3800,17
Chase Bisontis,Teagan Quitoriano,3800,17
Chase Bisontis,Bryson Green,3800,16
Chase Bisontis,Jeremiyah Love,3800,16
Chase Bisontis,Jameson Geers,3800,14
Chase Bisontis,Corey Kiner,3800,11
Chase Bisontis,Harrison Wallace III,3800,3
Chase Bisontis,Tyler Allgeier,3800,3
Chase Bisontis,Shawn Bowman,3800,1
Chase Brown,Amarius Mims,0920,8
Chase Brown,Dalton Risner,0920,8
Chase Brown,Dylan Fairchild,0920,8
Chase Brown,Ja'Marr Chase,0920,8
Chase Brown,Joe Burrow,0920,8
Chase Brown,Orlando Brown,0920,8
Chase Brown,Ted Karras,0920,8
Chase Brown,Drew Sample,0920,7
Chase Brown,Tee Higgins,0920,7
Chase Brown,Andrei Iosivas,0920,6
Chase Brown,Mike Gesicki,0920,2
Chase Brown,Cam Grandy,0920,1
Chase Brown,Colbie Young,0920,1
Chase Roberts,Aidan O'Connell,2520,13
Chase Roberts,Dalton Wagner,2520,13
Chase Roberts,Kamar Missouri,2520,13
Chase Roberts,Phillip Dorsett,2520,13
Chase Roberts,Will Putnam,2520,13
Chase Roberts,Atonio Mafi,2520,12
Chase Roberts,Albert Okwuegbunam,2520,10
Chase Roberts,Dare Ogunbowale,2520,9
Chase Roberts,Jordan Meredith,2520,8
Chase Roberts,Shedrick Jackson,2520,7
Chase Roberts,E.J. Williams Jr.,2520,6
Chase Roberts,Niklas Henning,2520,6
Chase Roberts,Roman Hemby,2520,4
Chase Roberts,Chris Myarick,2520,3
Chau Smith-Wade,Akayleb Evans,0750,24
Chau Smith-Wade,Zakee Wheatley,0750,24
Chau Smith-Wade,Lathan Ransom,0750,17
Chau Smith-Wade,Claudin Cherelus,0750,15
Chau Smith-Wade,Jared Harrison-Hunte,0750,15
Chau Smith-Wade,Lee Hunter,0750,15
Chau Smith-Wade,Trevin Wallace,0750,15
Chau Smith-Wade,Will Lee III,0750,15
Chau Smith-Wade,Nick Hampton,0750,11
Chau Smith-Wade,Princely Umanmielen,0750,11
Chau Smith-Wade,Thomas Incoom,0750,11
Chau Smith-Wade,Trevis Gipson,0750,11
Chau Smith-Wade,Aaron Hall,0750,9
Chau Smith-Wade,Bam Martin-Scott,0750,9
Chau Smith-Wade,Cam Jackson,0750,9
Chau Smith-Wade,Corey Thornton,0750,9
Chau Smith-Wade,Jackson Kuwatch,0750,9
Chau Smith-Wade,Demani Richardson,0750,7
Chau Smith-Wade,Cam Gill,0750,2
Chau Smith-Wade,Isaiah Smith,0750,2
Chigozie Anusiem,Dalton Johnson,2520,15
Chigozie Anusiem,Caleb Offord,2520,13
Chigozie Anusiem,Greedy Vance,2520,13
Chigozie Anusiem,Brandon Cleveland,2520,12
Chigozie Anusiem,Cameron McGrone,2520,12
Chigozie Anusiem,Segun Olubi,2520,12
Chigozie Anusiem,Tristin McCollum,2520,10
Chigozie Anusiem,Cian Slone,2520,8
Chigozie Anusiem,Jahfari Harvey,2520,8
Chigozie Anusiem,Keyron Crawford,2520,7
Chigozie Anusiem,Patrick Johnson,2520,7
Chigozie Anusiem,Benito Jones,2520,5
Chigozie Anusiem,Devin Lafayette,2520,5
Chigozie Anusiem,Gary Smith III,2520,5
Chigozie Anusiem,JJ Pegues,2520,5
Chigozie Anusiem,Treven Ma'ae,2520,5
Chigozie Anusiem,Buddy Johnson,2520,3
Chigozie Anusiem,Xavian Sorey Jr.,2520,3
Chigozie Anusiem,Devyn Perkins,2520,2
Chimere Dike,Elic Ayomanor,2100,18
Chimere Dike,Austin Deculus,2100,13
Chimere Dike,Brandon Crenshaw-Dickson,2100,13
Chimere Dike,Jackson Slater,2100,13
Chimere Dike,Pat Coogan,2100,13
Chimere Dike,Fernando Carmona,2100,11
Chimere Dike,Nicholas Singleton,2100,10
Chimere Dike,David Martin-Robinson,2100,9
Chimere Dike,Kylen Granson,2100,9
Chimere Dike,Mitchell Trubisky,2100,8
Chimere Dike,Cordell Volson,2100,7
Chimere Dike,Xavier Restrepo,2100,7
Chimere Dike,Austin Schlottmann,2100,5
Chimere Dike,Cam Ward,2100,5
Chimere Dike,Dan Moore Jr.,2100,5
Chimere Dike,JC Latham,2100,5
Chimere Dike,Peter Skoronski,2100,5
Chimere Dike,Tyjae Spears,2100,5
Chimere Dike,Will Levis,2100,5
Chimere Dike,Gunnar Helm,2100,4
Chimere Dike,Daniel Bellinger,2100,3
Chimere Dike,Michael Carter,2100,3
Chimere Dike,Wan'Dale Robinson,2100,3
Chimere Dike,Jaren Kanak,2100,1
Chris Hilton Jr.,Brant Banks,1800,1
Chris Hilton Jr.,Dalton Cooper,1800,1
Chris Hilton Jr.,Dillon Wade,1800,1
Chris Hilton Jr.,Dylan Barrett,1800,1
Chris Hilton Jr.,Jaden Nixon,1800,1
Chris Hilton Jr.,Josh Gesky,1800,1
Chris Hilton Jr.,Kisean Johnson,1800,1
Chris Hilton Jr.,Kyron Drones,1800,1
Chris Hilton Jr.,Thomas Yassmin,1800,1
Chris Hilton Jr.,Will Sheppard,1800,1
Chris McClellan,Kitan Oladapo,1800,19
Chris McClellan,Mark Perry,1800,18
Chris McClellan,Ty'Ron Hopper,1800,17
Chris McClellan,Brenton Cox Jr.,1800,13
Chris McClellan,Murvin Kenion,1800,12
Chris McClellan,Benjamin St-Juste,1800,11
Chris McClellan,Jaylin Simpson,1800,11
Chris McClellan,Nyjalik Kelly,1800,11
Chris McClellan,Warren Brinson,1800,11
Chris McClellan,Collin Oliver,1800,10
Chris McClellan,Isaiah McDuffie,1800,10
Chris McClellan,Nick Niemann,1800,10
Chris McClellan,Brandon Cisse,1800,9
Chris McClellan,Keisean Nixon,1800,9
Chris McClellan,Nazir Stackhouse,1800,7
Chris McClellan,Arron Mosby,1800,6
Chris McClellan,Shemar Bartholomew,1800,6
Chris McClellan,Jonathan Ford,1800,5
Chris McClellan,Anthony Campbell,1800,4
Chris McClellan,Jaden Crumedy,1800,1
Chris Myarick,Aidan O'Connell,2520,6
Chris Myarick,Dalton Wagner,2520,6
Chris Myarick,Jordan Meredith,2520,6
Chris Myarick,Kamar Missouri,2520,6
Chris Myarick,Roman Hemby,2520,6
Chris Myarick,Will Putnam,2520,6
Chris Myarick,Shedrick Jackson,2520,5
Chris Myarick,Atonio Mafi,2520,4
Chris Myarick,Phillip Dorsett,2520,4
Chris Myarick,Albert Okwuegbunam,2520,3
Chris Myarick,Chase Roberts,2520,3
Chris Myarick,Niklas Henning,2520,2
Chris Myarick,Brandon Johnson,2520,1
Chris Myarick,Dareke Young,2520,1
Chris Myarick,Patrick Gurd,2520,1
Chris Smith,Anthony Lucas,1540,23
Chris Smith,Aamaris Brown,1540,17
Chris Smith,Thomas Harper,1540,17
Chris Smith,Nick Whiteside,1540,16
Chris Smith,Trevor Nowaske,1540,15
Chris Smith,Levi Onwuzurike,1540,14
Chris Smith,Roger McCreary,1540,14
Chris Smith,Christian Izien,1540,13
Chris Smith,Devin White,1540,12
Chris Smith,Ennis Rakestraw Jr.,1540,12
Chris Smith,Erick Hunter,1540,12
Chris Smith,Tyler Lacy,1540,12
Chris Smith,Keith Abney II,1540,10
Chris Smith,Chuck Clark,1540,9
Chris Smith,Dan Jackson,1540,9
Chris Smith,Eric O'Neill,1540,9
Chris Smith,Ryan Cooper Jr.,1540,9
Chris Smith,Joe Bachie,1540,8
Chris Smith,Troy Reeder,1540,8
Chris Smith,Ben Stille,1540,7
Chris Smith,Ahmed Hassanein,1540,6
Chris Smith,Amen Ogbongbemiga,1540,6
Chris Smith,Myles Adams,1540,5
Chris Smith,Skyler Gill-Howard,1540,3
Chris Smith,Khalil Dorsey,1540,1
Chris Smith,Loren Strickland,1540,1
Chris Smith,Tyre West,1540,1
Christian Izien,Thomas Harper,1540,26
Christian Izien,Anthony Lucas,1540,22
Christian Izien,Nick Whiteside,1540,22
Christian Izien,Trevor Nowaske,1540,16
Christian Izien,Chris Smith,1540,13
Christian Izien,Devin White,1540,13
Christian Izien,Ennis Rakestraw Jr.,1540,13
Christian Izien,Erick Hunter,1540,13
Christian Izien,Levi Onwuzurike,1540,12
Christian Izien,Joe Bachie,1540,11
Christian Izien,Ahmed Hassanein,1540,10
Christian Izien,Khalil Dorsey,1540,10
Christian Izien,Skyler Gill-Howard,1540,10
Christian Izien,Tyler Lacy,1540,10
Christian Izien,Aamaris Brown,1540,9
Christian Izien,Myles Adams,1540,9
Christian Izien,Eric O'Neill,1540,8
Christian Izien,Keith Abney II,1540,8
Christian Izien,Chuck Clark,1540,7
Christian Izien,Mekhi Wingo,1540,7
Christian Izien,Roger McCreary,1540,7
Christian Izien,Ben Stille,1540,2
Christian Izien,Amen Ogbongbemiga,1540,1
Christian Jones,Bryson Green,3800,37
Christian Jones,Ka'ena Decambra,3800,37
Christian Jones,Kedon Slovis,3800,37
Christian Jones,Reggie Virgil,3800,37
Christian Jones,Valentin Senn,3800,37
Christian Jones,Harrison Wallace III,3800,29
Christian Jones,Corey Kiner,3800,28
Christian Jones,Demontrey Jacobs,3800,27
Christian Jones,Olisaemeka Udoh,3800,25
Christian Jones,Matt Pryor,3800,22
Christian Jones,Jameson Geers,3800,19
Christian Jones,Rivaldo Fairweather,3800,17
Christian Jones,Brian Parker II,0920,9
Christian Jones,Corey Robinson II,0920,9
Christian Jones,Evan Hull,3800,9
Christian Jones,Jacob Bayer,0920,9
Christian Jones,Liam Brown,0920,9
Christian Jones,Sean Clifford,0920,9
Christian Jones,Shawn Bowman,3800,9
Christian Jones,Jack Endries,0920,8
Christian Jones,Xavier Johnson,0920,7
Christian Jones,Noah Thomas,0920,6
Christian Jones,Jordan Moore,0920,5
Christian Jones,Ke'Shawn Williams,0920,5
Christian Jones,Josh Kattus,0920,4
Christian Jones,Kendall Milton,0920,4
Christian Jones,Gary Brightwell,0920,2
Christian Jones,Kentrel Bullock,0920,2
Christian Jones,Jamal Haynes,0920,1
Christian Jones,Tahj Brooks,0920,1
Christian Mahogany,Blake Miller,1540,32
Christian Mahogany,Larry Borom,1540,32
Christian Mahogany,Miles Frazier,1540,32
Christian Mahogany,Seth McLaughlin,1540,32
Christian Mahogany,Jacob Saylors,1540,24
Christian Mahogany,Jackson Meeks,1540,17
Christian Mahogany,Joshua Dobbs,1540,17
Christian Mahogany,Isaac TeSlaa,1540,15
Christian Mahogany,Luke Altmyer,1540,15
Christian Mahogany,Tyler Conklin,1540,15
Christian Mahogany,Cedrick Wilson Jr.,1540,14
Christian Mahogany,Tom Kennedy,1540,14
Christian Mahogany,Dominic Lovett,1540,12
Christian Mahogany,Thomas Gordon,1540,11
Christian Mahogany,Lucky Jackson,1540,10
Christian Mahogany,Kye Robichaux,1540,8
Christian Mahogany,Tay Martin,1540,8
Christian Mahogany,Greg Dortch,1540,7
Christian Mahogany,Malik Cunningham,1540,5
Christian Watson,Anthony Belton,1800,8
Christian Watson,Jacob Monk,1800,8
Christian Watson,Jager Burton,1800,8
Christian Watson,Jordan Love,1800,8
Christian Watson,Jordan Morgan,1800,8
Christian Watson,MarShawn Lloyd,1800,8
Christian Watson,Matthew Golden,1800,8
Christian Watson,Sean Rhyan,1800,8
Christian Watson,Josh Whyle,1800,7
Christian Watson,Jayden Reed,1800,6
Christian Watson,Drake Dabney,1800,3
Chuck Clark,Devin White,1540,11
Chuck Clark,Ennis Rakestraw Jr.,1540,11
Chuck Clark,Nick Whiteside,1540,11
Chuck Clark,Thomas Harper,1540,11
Chuck Clark,Trevor Nowaske,1540,11
Chuck Clark,Anthony Lucas,1540,10
Chuck Clark,Chris Smith,1540,9
Chuck Clark,Levi Onwuzurike,1540,9
Chuck Clark,Tyler Lacy,1540,9
Chuck Clark,Christian Izien,1540,7
Chuck Clark,Ahmed Hassanein,1540,2
Chuck Clark,Joe Bachie,1540,2
Chuck Clark,Keith Abney II,1540,2
Chuck Clark,Mekhi Wingo,1540,2
Chuck Clark,Skyler Gill-Howard,1540,2
Chuck Clark,Eric O'Neill,1540,1
Cian Slone,Treven Ma'ae,2520,15
Cian Slone,Dalton Johnson,2520,14
Cian Slone,Greedy Vance,2520,14
Cian Slone,Jahfari Harvey,2520,14
Cian Slone,Caleb Offord,2520,12
Cian Slone,Brandon Cleveland,2520,11
Cian Slone,Cameron McGrone,2520,11
Cian Slone,Devin Lafayette,2520,11
Cian Slone,Gary Smith III,2520,11
Cian Slone,Segun Olubi,2520,11
Cian Slone,Buddy Johnson,2520,9
Cian Slone,JJ Pegues,2520,9
Cian Slone,Tristin McCollum,2520,9
Cian Slone,Xavian Sorey Jr.,2520,9
Cian Slone,Chigozie Anusiem,2520,8
Cian Slone,Devyn Perkins,2520,8
Cian Slone,Hezekiah Masses,2520,6
Cian Slone,Jermod McCoy,2520,6
Cian Slone,Keyron Crawford,2520,6
Cian Slone,Treydan Stukes,2520,6
Claudin Cherelus,Akayleb Evans,0750,19
Claudin Cherelus,Lathan Ransom,0750,19
Claudin Cherelus,Trevin Wallace,0750,19
Claudin Cherelus,Will Lee III,0750,19
Claudin Cherelus,Zakee Wheatley,0750,19
Claudin Cherelus,Chau Smith-Wade,0750,15
Claudin Cherelus,Princely Umanmielen,0750,14
Claudin Cherelus,Trevis Gipson,0750,14
Claudin Cherelus,Jared Harrison-Hunte,0750,12
Claudin Cherelus,Lee Hunter,0750,11
Claudin Cherelus,Aaron Hall,0750,8
Claudin Cherelus,Cam Jackson,0750,8
Claudin Cherelus,Nick Hampton,0750,5
Claudin Cherelus,Thomas Incoom,0750,5
Claudin Cherelus,Elijah Garcia,0750,3
Cody Barton,Alontae Taylor,2100,24
Cody Barton,Amani Hooker,2100,24
Cody Barton,Cedric Gray,2100,24
Cody Barton,Cordale Flott,2100,24
Cody Barton,Kevin Winston Jr.,2100,24
Cody Barton,Marcus Harris,2100,20
Cody Barton,Jermaine Johnson II,2100,16
Cody Barton,Keldric Faulk,2100,14
Cody Barton,Solomon Thomas,2100,13
Cody Barton,Jordan Elliott,2100,12
Cody Barton,Jeffery Simmons,2100,11
Cody Barton,Jalyn Holmes,2100,8
Cody Barton,Malik Herring,2100,8
Cody Barton,Oluwafemi Oladejo,2100,6
Cody Barton,Earnest Brown IV,2100,4
Cody Barton,James Williams,2100,4
Cody Barton,Truman Jones,2100,3
Cody Barton,Timmy Horne,2100,1
Cody Ford,Brian Parker II,0920,20
Cody Ford,Jacob Bayer,0920,20
Cody Ford,Jalen Rivers,0920,20
Cody Ford,Colbie Young,0920,16
Cody Ford,Tahj Brooks,0920,15
Cody Ford,Joe Flacco,0920,14
Cody Ford,Andrei Iosivas,0920,12
Cody Ford,Andrew Coker,0920,12
Cody Ford,Mitchell Tinsley,0920,12
Cody Ford,Cam Grandy,0920,8
Cody Ford,Charlie Jones,0920,8
Cody Ford,Javon Foster,0920,8
Cody Ford,Tanner Hudson,0920,8
Cody Ford,Jack Endries,0920,7
Cody Ford,Josh Johnson,0920,6
Cody Ford,Dohnte Meyers,0920,5
Cody Ford,Kendall Milton,0920,5
Cody Ford,Noah Thomas,0920,3
Cody Ford,Josh Kattus,0920,1
Cody Lindenberg,Hezekiah Masses,2520,21
Cody Lindenberg,Jermod McCoy,2520,21
Cody Lindenberg,Tommy Eichenberg,2520,21
Cody Lindenberg,Treydan Stukes,2520,21
Cody Lindenberg,Tristin McCollum,2520,21
Cody Lindenberg,Greedy Vance,2520,20
Cody Lindenberg,Jonah Laulu,2520,15
Cody Lindenberg,Keyron Crawford,2520,14
Cody Lindenberg,Brennan Jackson,2520,11
Cody Lindenberg,JJ Pegues,2520,11
Cody Lindenberg,Benito Jones,2520,10
Cody Lindenberg,Patrick Johnson,2520,10
Cody Lindenberg,Jahfari Harvey,2520,7
Cody Lindenberg,Thomas Booker,2520,6
Cody Lindenberg,Treven Ma'ae,2520,1
Cody Simon,Dadrion Taylor-Demerson,3800,15
Cody Simon,Denzel Burke,3800,15
Cody Simon,Jack Gibbens,3800,15
Cody Simon,Kitan Crawford,3800,15
Cody Simon,Sean Murphy-Bunting,3800,11
Cody Simon,Darius Robinson,3800,10
Cody Simon,Jordan Burch,3800,10
Cody Simon,L.J. Collier,3800,10
Cody Simon,Walter Nolen,3800,10
Cody Simon,Max Melton,3800,9
Cody Simon,Andrew Billings,3800,7
Cody Simon,Eku Leota,3800,6
Cody Simon,Will Johnson,3800,6
Cody Simon,BJ Ojulari,3800,4
Cody Simon,Cam Robertson,3800,3
Cody Simon,Elliott Brown,3800,3
Cody Simon,Roy Lopez,3800,1
Colbie Young,Brian Parker II,0920,20
Colbie Young,Jacob Bayer,0920,20
Colbie Young,Jalen Rivers,0920,20
Colbie Young,Cody Ford,0920,16
Colbie Young,Andrew Coker,0920,15
Colbie Young,Tahj Brooks,0920,15
Colbie Young,Joe Flacco,0920,13
Colbie Young,Andrei Iosivas,0920,12
Colbie Young,Mitchell Tinsley,0920,11
Colbie Young,Javon Foster,0920,9
Colbie Young,Tanner Hudson,0920,9
Colbie Young,Cam Grandy,0920,8
Colbie Young,Charlie Jones,0920,8
Colbie Young,Dohnte Meyers,0920,7
Colbie Young,Josh Johnson,0920,7
Colbie Young,Jack Endries,0920,6
Colbie Young,Gary Brightwell,0920,4
Colbie Young,Amarius Mims,0920,2
Colbie Young,Dalton Risner,0920,2
Colbie Young,Drew Sample,0920,2
Colbie Young,Dylan Fairchild,0920,2
Colbie Young,Ja'Marr Chase,0920,2
Colbie Young,Joe Burrow,0920,2
Colbie Young,Orlando Brown,0920,2
Colbie Young,Ted Karras,0920,2
Colbie Young,Chase Brown,0920,1
Colbie Young,Josh Kattus,0920,1
Colbie Young,Kendall Milton,0920,1
Colbie Young,Samaje Perine,0920,1
Colby Sorsdal,Luke Altmyer,1540,24
Colby Sorsdal,Mason Miller,1540,24
Colby Sorsdal,Melvin Priestly,1540,24
Colby Sorsdal,Michael Niese,1540,24
Colby Sorsdal,Miles Frazier,1540,24
Colby Sorsdal,Zach Horton,1540,19
Colby Sorsdal,Dominic Lovett,1540,15
Colby Sorsdal,Tay Martin,1540,15
Colby Sorsdal,Raheem Blackshear,1540,14
Colby Sorsdal,Tarik Black,1540,13
Colby Sorsdal,Kye Robichaux,1540,10
Colby Sorsdal,Thomas Gordon,1540,10
Colby Sorsdal,Lucky Jackson,1540,8
Colby Sorsdal,Malik Cunningham,1540,8
Colby Sorsdal,Tom Kennedy,1540,5
Colby Sorsdal,Jackson Meeks,1540,3
Colby Wooden,Austin Ajiake,2200,19
Colby Wooden,Johnathan Edwards,2200,18
Colby Wooden,Jaylahn Tuimolaou,2200,17
Colby Wooden,Bryce Boettcher,2200,16
Colby Wooden,Derrick Nnadi,2200,16
Colby Wooden,Micheal Clemons,2200,15
Colby Wooden,Jaylon Jones,2200,14
Colby Wooden,Rob Carter Jr.,2200,13
Colby Wooden,Trey Washington,2200,12
Colby Wooden,Jonathan Owens,2200,10
Colby Wooden,Jaylon Carlies,2200,9
Colby Wooden,Jerry Tillery,2200,9
Colby Wooden,A.J. Haulcy,2200,8
Colby Wooden,Cam Taylor-Britt,2200,8
Colby Wooden,Mekhi Blackmon,2200,8
Colby Wooden,Daniel Scott,2200,7
Colby Wooden,Hunter Wohler,2200,7
Colby Wooden,Caden Curry,2200,6
Colby Wooden,George Gumbs Jr.,2200,6
Colby Wooden,Tim Smith,2200,2
Cole Holcomb,Carson Bruener,3900,35
Cole Holcomb,Sebastian Castro,3900,35
Cole Holcomb,Daylen Everette,3900,34
Cole Holcomb,Jamin Davis,3900,28
Cole Holcomb,D'Shawn Jamison,3900,27
Cole Holcomb,Devan Boykin,3900,25
Cole Holcomb,Jack Sawyer,3900,23
Cole Holcomb,Robert Spears-Jennings,3900,22
Cole Holcomb,Doneiko Slaughter,3900,21
Cole Holcomb,Esezi Otomewo,3900,20
Cole Holcomb,Julius Welschof,3900,19
Cole Holcomb,Dean Lowry,3900,17
Cole Holcomb,Gabe Rubio,3900,14
Cole Holcomb,Yahya Black,3900,11
Cole Holcomb,Kevin Jobity Jr.,3900,8
Cole Holcomb,Kyler Baugh,3900,7
Cole Holcomb,Anthony Goodlow,3900,4
Coleman Owen,Blake Freeland,2200,22
Coleman Owen,Jalen Farmer,2200,22
Coleman Owen,Josh Sills,2200,22
Coleman Owen,Anthony Richardson,2200,19
Coleman Owen,Dalton Tucker,2200,19
Coleman Owen,Luke Tenuta,2200,18
Coleman Owen,Will Mallory,2200,15
Coleman Owen,Deion Burks,2200,14
Coleman Owen,Eli Pancol,2200,14
Coleman Owen,Ulysses Bentley IV,2200,11
Coleman Owen,Nick Westbrook-Ikhine,2200,8
Coleman Owen,Seth McGowan,2200,8
Coleman Owen,Andrew Ogletree,2200,4
Coleman Owen,D.J. Montgomery,2200,4
Coleman Owen,Jalen Travis,2200,4
Coleman Owen,Laquon Treadwell,2200,4
Coleman Owen,Anderson Castle,2200,3
Coleman Owen,Jimmy Morrissey,2200,3
Coleman Owen,Pharaoh Brown,2200,3
Coleman Owen,Riley Leonard,2200,3
Collin Oliver,Mark Perry,1800,25
Collin Oliver,Jaylin Simpson,1800,24
Collin Oliver,Kitan Oladapo,1800,21
Collin Oliver,Nazir Stackhouse,1800,18
Collin Oliver,Ty'Ron Hopper,1800,17
Collin Oliver,Murvin Kenion,1800,16
Collin Oliver,Benjamin St-Juste,1800,15
Collin Oliver,Jonathan Ford,1800,15
Collin Oliver,Jaden Crumedy,1800,14
Collin Oliver,Nyjalik Kelly,1800,14
Collin Oliver,Shemar Bartholomew,1800,14
Collin Oliver,Anthony Campbell,1800,12
Collin Oliver,Brenton Cox Jr.,1800,12
Collin Oliver,Kristian Welch,1800,12
Collin Oliver,TJ Quinn,1800,12
Collin Oliver,Trey Dean III,1800,12
Collin Oliver,Nick Niemann,1800,11
Collin Oliver,Brandon Cisse,1800,10
Collin Oliver,Chris McClellan,1800,10
Collin Oliver,Isaiah McDuffie,1800,10
Collin Oliver,Keisean Nixon,1800,10
Collin Oliver,MJ Devonshire,1800,9
Collin Oliver,Warren Brinson,1800,8
Collin Oliver,Arron Mosby,1800,7
Collin Oliver,Tra Fluellen,1800,5
Collin Oliver,Barryn Sorrell,1800,1
Collin Oliver,Edgerrin Cooper,1800,1
Collin Oliver,Evan Williams,1800,1
Collin Oliver,Karl Brooks,1800,1
Collin Oliver,Lukas Van Ness,1800,1
Collin Oliver,Xavier McKinney,1800,1
Collin Oliver,Zaire Franklin,1800,1
Collin Wright,Jacob Hummel,2120,12
Collin Wright,Kaevon Merriweather,2120,9
Collin Wright,Jaylen Reed,2120,8
Collin Wright,Kamari Ramsey,2120,8
Collin Wright,Dylan Horton,2120,7
Collin Wright,Naquan Jones,2120,7
Collin Wright,Solomon Byrd,2120,7
Collin Wright,Wade Woodaz,2120,7
Collin Wright,Dominic Bailey,2120,6
Collin Wright,Jaylin Smith,2120,6
Collin Wright,Kayden McDonald,2120,6
Collin Wright,Marte Mapu,2120,6
Collin Wright,Stephen Hall,2120,6
Collin Wright,Ali Gaye,2120,5
Collin Wright,Dominique Robinson,2120,5
Collin Wright,Kyonte Hamilton,2120,5
Collin Wright,Ja'Marcus Ingram,2120,4
Collin Wright,Jamal Hill,2120,3
Collin Wright,Alijah Huzzie,2120,2
Connor Colby,Austen Pleasants,4500,41
Connor Colby,Brandon Parker,4500,41
Connor Colby,Drake Nugent,4500,41
Connor Colby,Robert Jones,4500,41
Connor Colby,Jordan Watkins,4500,35
Connor Colby,Brayden Willis,4500,32
Connor Colby,Malik Turner,4500,26
Connor Colby,Kurtis Rourke,4500,24
Connor Colby,De'Zhaun Stribling,4500,20
Connor Colby,Patrick Taylor,4500,20
Connor Colby,Adrian Martinez,4500,17
Connor Colby,Sincere McCormick,4500,17
Connor Colby,Hayden Rucci,4500,16
Connor Colby,KhaDarel Hodge,4500,15
Connor Colby,Trenton Irwin,4500,13
Connor Colby,Josiah Deguara,4500,7
Connor Colby,Khalil Herbert,4500,4
Connor Heyward,Atonio Mafi,2520,8
Connor Heyward,Charles Grant,2520,8
Connor Heyward,Fernando Mendoza,2520,8
Connor Heyward,Ian Thomas,2520,8
Connor Heyward,Jordan Meredith,2520,8
Connor Heyward,Trey Zuhn III,2520,8
Connor Heyward,Jackson Powers-Johnson,2520,7
Connor Heyward,Caleb Rogers,2520,5
Connor Heyward,Dareke Young,2520,5
Connor Heyward,Mike Washington Jr.,2520,5
Connor Heyward,DJ Glaze,2520,4
Connor Heyward,Dylan Laube,2520,4
Connor Heyward,Jack Bech,2520,4
Connor Heyward,Kirk Cousins,2520,4
Connor Heyward,Kolton Miller,2520,4
Connor Heyward,Michael Mayer,2520,4
Connor Heyward,Spencer Burford,2520,4
Connor Heyward,Tyler Linderbaum,2520,4
Connor Heyward,Albert Okwuegbunam,2520,3
Connor Heyward,Ashton Jeanty,2520,3
Connor Heyward,Brandon Johnson,2520,3
Connor Heyward,Malik Benson,2520,3
Connor Heyward,Tre Tucker,2520,3
Connor Heyward,Jalen Nailor,2520,2
Connor Heyward,Brock Bowers,2520,1
Cordale Flott,Alontae Taylor,2100,24
Cordale Flott,Amani Hooker,2100,24
Cordale Flott,Cedric Gray,2100,24
Cordale Flott,Cody Barton,2100,24
Cordale Flott,Kevin Winston Jr.,2100,24
Cordale Flott,Marcus Harris,2100,20
Cordale Flott,Jermaine Johnson II,2100,16
Cordale Flott,Keldric Faulk,2100,14
Cordale Flott,Solomon Thomas,2100,13
Cordale Flott,Jordan Elliott,2100,12
Cordale Flott,Jeffery Simmons,2100,11
Cordale Flott,Jalyn Holmes,2100,8
Cordale Flott,Malik Herring,2100,8
Cordale Flott,Oluwafemi Oladejo,2100,6
Cordale Flott,Earnest Brown IV,2100,4
Cordale Flott,James Williams,2100,4
Cordale Flott,Truman Jones,2100,3
Cordale Flott,Timmy Horne,2100,1
Cordell Volson,Brandon Crenshaw-Dickson,2100,20
Cordell Volson,Jackson Slater,2100,20
Cordell Volson,Pat Coogan,2100,20
Cordell Volson,Will Levis,2100,18
Cordell Volson,Austin Deculus,2100,15
Cordell Volson,Kylen Granson,2100,13
Cordell Volson,Xavier Restrepo,2100,12
Cordell Volson,Bryce Oliver,2100,10
Cordell Volson,K.J. Osborn,2100,10
Cordell Volson,Nicholas Singleton,2100,10
Cordell Volson,David Martin-Robinson,2100,8
Cordell Volson,Michael Carter,2100,8
Cordell Volson,Chimere Dike,2100,7
Cordell Volson,Elic Ayomanor,2100,7
Cordell Volson,Zach Thomas,2100,5
Cordell Volson,Hank Beatty,2100,4
Cordell Volson,Joel Wilson,2100,3
Cordell Volson,Lance McCutcheon,2100,3
Cordell Volson,Mason Kinsey,2100,3
Cordell Volson,Julius Chestnut,2100,2
Cordell Volson,Mitchell Trubisky,2100,2
Corey Kiner,Reggie Virgil,3800,44
Corey Kiner,Bryson Green,3800,39
Corey Kiner,Ka'ena Decambra,3800,36
Corey Kiner,Kedon Slovis,3800,36
Corey Kiner,Valentin Senn,3800,36
Corey Kiner,Christian Jones,3800,28
Corey Kiner,Demontrey Jacobs,3800,28
Corey Kiner,Harrison Wallace III,3800,27
Corey Kiner,Matt Pryor,3800,26
Corey Kiner,Olisaemeka Udoh,3800,26
Corey Kiner,Rivaldo Fairweather,3800,24
Corey Kiner,Jameson Geers,3800,17
Corey Kiner,Xavier Weaver,3800,14
Corey Kiner,Chase Bisontis,3800,11
Corey Kiner,Hayden Conner,3800,11
Corey Kiner,Jayden Williams,3800,11
Corey Kiner,Jon Gaines II,3800,11
Corey Kiner,Josh Fryar,3800,11
Corey Kiner,Carson Beck,3800,10
Corey Kiner,Kenny Yeboah,3800,9
Corey Kiner,Shawn Bowman,3800,6
Corey Kiner,Simi Fehoko,3800,4
Corey Kiner,Jalen Brooks,3800,3
Corey Kiner,Gardner Minshew,3800,1
Corey Kiner,Ihmir Smith-Marsette,3800,1
Corey Robinson II,Brian Parker II,0920,9
Corey Robinson II,Christian Jones,0920,9
Corey Robinson II,Jacob Bayer,0920,9
Corey Robinson II,Liam Brown,0920,9
Corey Robinson II,Sean Clifford,0920,9
Corey Robinson II,Jack Endries,0920,8
Corey Robinson II,Xavier Johnson,0920,7
Corey Robinson II,Noah Thomas,0920,6
Corey Robinson II,Jordan Moore,0920,5
Corey Robinson II,Ke'Shawn Williams,0920,5
Corey Robinson II,Josh Kattus,0920,4
Corey Robinson II,Kendall Milton,0920,4
Corey Robinson II,Gary Brightwell,0920,2
Corey Robinson II,Kentrel Bullock,0920,2
Corey Robinson II,Jamal Haynes,0920,1
Corey Robinson II,Tahj Brooks,0920,1
Corey Thornton,Bam Martin-Scott,0750,20
Corey Thornton,Jackson Kuwatch,0750,20
Corey Thornton,Demani Richardson,0750,17
Corey Thornton,Nick Hampton,0750,17
Corey Thornton,Thomas Incoom,0750,17
Corey Thornton,Akayleb Evans,0750,13
Corey Thornton,Zakee Wheatley,0750,13
Corey Thornton,Chau Smith-Wade,0750,9
Corey Thornton,Aaron Hall,0750,8
Corey Thornton,Elijah Garcia,0750,8
Corey Thornton,Jared Harrison-Hunte,0750,8
Corey Thornton,Lee Hunter,0750,8
Corey Thornton,Isaiah Simmons,0750,7
Corey Thornton,Robert Rochell,0750,7
Corey Thornton,Cam Jackson,0750,5
Corey Thornton,Devonta Smith,0750,5
Corey Thornton,Kyon Barrs,0750,4
Corey Thornton,Cam Gill,0750,3
Corey Thornton,Isaiah Smith,0750,3
Corey Thornton,Lathan Ransom,0750,3
Corey Thornton,Tywone Malone,0750,3
Corey Thornton,Parker Petersen,0750,2
Courtney Jackson,Andre James,2100,4
Courtney Jackson,Drew Moss,2100,4
Courtney Jackson,Garrett Dellinger,2100,4
Courtney Jackson,Hendon Hooker,2100,4
Courtney Jackson,Rasheed Miller,2100,4
Courtney Jackson,Zach Thomas,2100,4
Courtney Jackson,Joel Wilson,2100,3
Courtney Jackson,Julius Chestnut,2100,3
Courtney Jackson,Tyren Montgomery,2100,3
Courtney Jackson,Hank Beatty,2100,2
Courtney Jackson,David Martin-Robinson,2100,1
Courtney Jackson,Kylen Granson,2100,1
Courtney Jackson,Mason Kinsey,2100,1
Courtney Jackson,Michael Carter,2100,1
Courtney Jackson,Xavier Restrepo,2100,1
D'Shawn Jamison,Carson Bruener,3900,27
D'Shawn Jamison,Cole Holcomb,3900,27
D'Shawn Jamison,Sebastian Castro,3900,27
D'Shawn Jamison,Daylen Everette,3900,26
D'Shawn Jamison,Jamin Davis,3900,21
D'Shawn Jamison,Jack Sawyer,3900,20
D'Shawn Jamison,Robert Spears-Jennings,3900,20
D'Shawn Jamison,Devan Boykin,3900,18
D'Shawn Jamison,Esezi Otomewo,3900,15
D'Shawn Jamison,Doneiko Slaughter,3900,13
D'Shawn Jamison,Julius Welschof,3900,13
D'Shawn Jamison,Dean Lowry,3900,10
D'Shawn Jamison,Yahya Black,3900,9
D'Shawn Jamison,Gabe Rubio,3900,8
D'Shawn Jamison,Kevin Jobity Jr.,3900,8
D'Shawn Jamison,Kyler Baugh,3900,5
D'Shawn Jamison,Anthony Goodlow,3900,3
D.J. Ivey,Josh Newton,0920,18
D.J. Ivey,Kris Jenkins,0920,17
D.J. Ivey,Landon Robinson,0920,15
D.J. Ivey,Swayze Bozeman,0920,15
D.J. Ivey,Cedric Johnson,0920,14
D.J. Ivey,Kyle Dugger,0920,14
D.J. Ivey,Cashius Howell,0920,13
D.J. Ivey,Oren Burks,0920,13
D.J. Ivey,PJ Jules,0920,13
D.J. Ivey,Daijahn Anthony,0920,9
D.J. Ivey,McKinnley Jackson,0920,9
D.J. Ivey,Barrett Carter,0920,8
D.J. Ivey,Boye Mafe,0920,8
D.J. Ivey,Demetrius Knight Jr.,0920,8
D.J. Ivey,Ja'Sir Taylor,0920,8
D.J. Ivey,Jordan Battle,0920,8
D.J. Ivey,Myles Murphy,0920,8
D.J. Ivey,Bralyn Lux,0920,7
D.J. Ivey,DJ Turner II,0920,5
D.J. Ivey,Tedarrell Slaton,0920,5
D.J. Ivey,Howard Cross III,0920,4
D.J. Ivey,Dexter Lawrence,0920,3
D.J. Ivey,Jonathan Allen,0920,3
D.J. Ivey,Isaiah Foskey,0920,2
D.J. Ivey,Russ Yeast,0920,2
D.J. Ivey,Antwaun Powell-Ryland,0920,1
D.J. Montgomery,Blake Freeland,2200,17
D.J. Montgomery,Luke Tenuta,2200,17
D.J. Montgomery,Eli Pancol,2200,16
D.J. Montgomery,Jalen Farmer,2200,16
D.J. Montgomery,Will Mallory,2200,15
D.J. Montgomery,Jimmy Morrissey,2200,11
D.J. Montgomery,Riley Leonard,2200,11
D.J. Montgomery,Geno VanDeMark,2200,9
D.J. Montgomery,Anderson Castle,2200,8
D.J. Montgomery,Josh Sills,2200,8
D.J. Montgomery,Pharaoh Brown,2200,8
D.J. Montgomery,Raylen Sharpe,2200,7
D.J. Montgomery,Anthony Richardson,2200,6
D.J. Montgomery,Dalton Tucker,2200,6
D.J. Montgomery,Ulysses Bentley IV,2200,6
D.J. Montgomery,Coleman Owen,2200,4
D.J. Montgomery,Roydell Williams,2200,3
D.J. Montgomery,Josh Kreutz,2200,1
D.J. Montgomery,Sahmir Hagans,2200,1
DJ Glaze,Jackson Powers-Johnson,2520,10
DJ Glaze,Kirk Cousins,2520,10
DJ Glaze,Kolton Miller,2520,10
DJ Glaze,Michael Mayer,2520,10
DJ Glaze,Spencer Burford,2520,10
DJ Glaze,Tyler Linderbaum,2520,10
DJ Glaze,Tre Tucker,2520,9
DJ Glaze,Jalen Nailor,2520,8
DJ Glaze,Ashton Jeanty,2520,7
DJ Glaze,Jack Bech,2520,5
DJ Glaze,Connor Heyward,2520,4
DJ Glaze,Mike Washington Jr.,2520,3
DJ Glaze,Ian Thomas,2520,2
DJ Glaze,Albert Okwuegbunam,2520,1
DJ Glaze,Brock Bowers,2520,1
DJ Turner II,Barrett Carter,0920,5
DJ Turner II,Boye Mafe,0920,5
DJ Turner II,D.J. Ivey,0920,5
DJ Turner II,Demetrius Knight Jr.,0920,5
DJ Turner II,Jordan Battle,0920,5
DJ Turner II,Kyle Dugger,0920,5
DJ Turner II,Myles Murphy,0920,5
DJ Turner II,Dexter Lawrence,0920,3
DJ Turner II,Ja'Sir Taylor,0920,3
DJ Turner II,Jonathan Allen,0920,3
DJ Turner II,Tedarrell Slaton,0920,3
DJ Turner II,Kris Jenkins,0920,2
DJ Turner II,McKinnley Jackson,0920,1
DJ Uiagalelei,Alex Harkey,4400,21
DJ Uiagalelei,Jacob Spomer,4400,21
DJ Uiagalelei,Logan Taylor,4400,21
DJ Uiagalelei,Travis Burke,4400,21
DJ Uiagalelei,Dalevon Campbell,4400,19
DJ Uiagalelei,Evan Svoboda,4400,17
DJ Uiagalelei,Johnny Pascuzzi,4400,17
DJ Uiagalelei,Devonte Ross,4400,16
DJ Uiagalelei,Josh Kaltenberger,4400,15
DJ Uiagalelei,Gregory Desrosiers,4400,13
DJ Uiagalelei,JaQuae Jackson,4400,12
DJ Uiagalelei,Amar Johnson,4400,8
DJ Uiagalelei,Jake Slaughter,4400,6
DJ Uiagalelei,Jerand Bradley,4400,3
Dadrion Taylor-Demerson,Denzel Burke,3800,25
Dadrion Taylor-Demerson,Kitan Crawford,3800,23
Dadrion Taylor-Demerson,Jack Gibbens,3800,22
Dadrion Taylor-Demerson,Walter Nolen,3800,19
Dadrion Taylor-Demerson,L.J. Collier,3800,17
Dadrion Taylor-Demerson,Jordan Burch,3800,16
Dadrion Taylor-Demerson,Sean Murphy-Bunting,3800,16
Dadrion Taylor-Demerson,Will Johnson,3800,16
Dadrion Taylor-Demerson,Andrew Billings,3800,15
Dadrion Taylor-Demerson,Cody Simon,3800,15
Dadrion Taylor-Demerson,Darius Robinson,3800,14
Dadrion Taylor-Demerson,Eku Leota,3800,13
Dadrion Taylor-Demerson,BJ Ojulari,3800,11
Dadrion Taylor-Demerson,Andrew Wingard,3800,10
Dadrion Taylor-Demerson,Mack Wilson,3800,10
Dadrion Taylor-Demerson,Max Melton,3800,10
Dadrion Taylor-Demerson,Elliott Brown,3800,8
Dadrion Taylor-Demerson,Jonah Williams,3800,8
Dadrion Taylor-Demerson,Owen Pappoe,3800,8
Dadrion Taylor-Demerson,Cam Robertson,3800,7
Dadrion Taylor-Demerson,Elijah Jones,3800,7
Dadrion Taylor-Demerson,Kei'Trel Clark,3800,7
Dadrion Taylor-Demerson,Zaven Collins,3800,7
Dadrion Taylor-Demerson,Roy Lopez,3800,6
Dadrion Taylor-Demerson,Austin Keys,3800,5
Dadrion Taylor-Demerson,Kalen King,3800,5
Dadrion Taylor-Demerson,Zachary Carter,3800,3
Dadrion Taylor-Demerson,Brodric Martin,3800,2
Dadrion Taylor-Demerson,Damonic Williams,3800,2
Dadrion Taylor-Demerson,Cam Horsley,3800,1
Dadrion Taylor-Demerson,Karson Sharar,3800,1
Dadrion Taylor-Demerson,Starling Thomas V,3800,1
Daijahn Anthony,Bralyn Lux,0920,30
Daijahn Anthony,Landon Robinson,0920,29
Daijahn Anthony,Isaiah Foskey,0920,27
Daijahn Anthony,Ceyair Wright,0920,26
Daijahn Anthony,Russ Yeast,0920,25
Daijahn Anthony,Jalen Kimber,0920,21
Daijahn Anthony,Joe Giles-Harris,0920,21
Daijahn Anthony,Howard Cross III,0920,20
Daijahn Anthony,Cedric Johnson,0920,19
Daijahn Anthony,Antwaun Powell-Ryland,0920,17
Daijahn Anthony,Josh Newton,0920,14
Daijahn Anthony,Shaka Heyward,0920,13
Daijahn Anthony,Swayze Bozeman,0920,13
Daijahn Anthony,McKinnley Jackson,0920,12
Daijahn Anthony,Kris Jenkins,0920,11
Daijahn Anthony,Liam Anderson,0920,10
Daijahn Anthony,PJ Jules,0920,10
Daijahn Anthony,D.J. Ivey,0920,9
Daijahn Anthony,Jordan Jefferson,0920,8
Daijahn Anthony,Cashius Howell,0920,7
Daijahn Anthony,Oren Burks,0920,7
Daijahn Anthony,Jack Dingle,0920,1
Dalevon Campbell,Jacob Spomer,4400,26
Dalevon Campbell,Logan Taylor,4400,26
Dalevon Campbell,Travis Burke,4400,26
Dalevon Campbell,Evan Svoboda,4400,22
Dalevon Campbell,Alex Harkey,4400,19
Dalevon Campbell,DJ Uiagalelei,4400,19
Dalevon Campbell,JaQuae Jackson,4400,17
Dalevon Campbell,Johnny Pascuzzi,4400,17
Dalevon Campbell,Devonte Ross,4400,16
Dalevon Campbell,Amar Johnson,4400,13
Dalevon Campbell,Gregory Desrosiers,4400,13
Dalevon Campbell,Jake Slaughter,4400,13
Dalevon Campbell,Josh Kaltenberger,4400,13
Dalevon Campbell,Trevor Penning,4400,7
Dalevon Campbell,Trey Lance,4400,7
Dalevon Campbell,Jerand Bradley,4400,3
Dalevon Campbell,Luke Grimm,4400,3
Dalton Cooper,Brant Banks,1800,3
Dalton Cooper,Dillon Wade,1800,3
Dalton Cooper,Dylan Barrett,1800,3
Dalton Cooper,Josh Gesky,1800,3
Dalton Cooper,Kyron Drones,1800,3
Dalton Cooper,Thomas Yassmin,1800,3
Dalton Cooper,Damien Martinez,1800,2
Dalton Cooper,Kisean Johnson,1800,2
Dalton Cooper,Will Sheppard,1800,2
Dalton Cooper,Chris Hilton Jr.,1800,1
Dalton Cooper,Isaiah Neyor,1800,1
Dalton Cooper,J. Michael Sturdivant,1800,1
Dalton Cooper,Jaden Nixon,1800,1
Dalton Cooper,Kaden Prather,1800,1
Dalton Cooper,McCallan Castles,1800,1
Dalton Johnson,Caleb Offord,2520,25
Dalton Johnson,Greedy Vance,2520,20
Dalton Johnson,Brandon Cleveland,2520,19
Dalton Johnson,Devin Lafayette,2520,17
Dalton Johnson,Gary Smith III,2520,17
Dalton Johnson,Buddy Johnson,2520,15
Dalton Johnson,Chigozie Anusiem,2520,15
Dalton Johnson,Treven Ma'ae,2520,15
Dalton Johnson,Xavian Sorey Jr.,2520,15
Dalton Johnson,Cian Slone,2520,14
Dalton Johnson,Devyn Perkins,2520,14
Dalton Johnson,Jahfari Harvey,2520,14
Dalton Johnson,Keyron Crawford,2520,13
Dalton Johnson,Patrick Johnson,2520,13
Dalton Johnson,Cameron McGrone,2520,12
Dalton Johnson,Segun Olubi,2520,12
Dalton Johnson,Tristin McCollum,2520,10
Dalton Johnson,Benito Jones,2520,5
Dalton Johnson,JJ Pegues,2520,5
Dalton Risner,Amarius Mims,0920,12
Dalton Risner,Dylan Fairchild,0920,12
Dalton Risner,Ja'Marr Chase,0920,12
Dalton Risner,Joe Burrow,0920,12
Dalton Risner,Orlando Brown,0920,12
Dalton Risner,Ted Karras,0920,12
Dalton Risner,Drew Sample,0920,10
Dalton Risner,Tee Higgins,0920,10
Dalton Risner,Andrei Iosivas,0920,9
Dalton Risner,Chase Brown,0920,8
Dalton Risner,Samaje Perine,0920,4
Dalton Risner,Mike Gesicki,0920,3
Dalton Risner,Cam Grandy,0920,2
Dalton Risner,Colbie Young,0920,2
Dalton Tucker,Anthony Richardson,2200,27
Dalton Tucker,Blake Freeland,2200,27
Dalton Tucker,Jalen Farmer,2200,27
Dalton Tucker,Josh Sills,2200,27
Dalton Tucker,Luke Tenuta,2200,22
Dalton Tucker,Will Mallory,2200,22
Dalton Tucker,Coleman Owen,2200,19
Dalton Tucker,Deion Burks,2200,16
Dalton Tucker,Eli Pancol,2200,14
Dalton Tucker,Ulysses Bentley IV,2200,14
Dalton Tucker,Nick Westbrook-Ikhine,2200,13
Dalton Tucker,Seth McGowan,2200,13
Dalton Tucker,Pharaoh Brown,2200,8
Dalton Tucker,D.J. Montgomery,2200,6
Dalton Tucker,Andrew Ogletree,2200,5
Dalton Tucker,Jalen Travis,2200,5
Dalton Tucker,Laquon Treadwell,2200,5
Dalton Wagner,Aidan O'Connell,2520,16
Dalton Wagner,Kamar Missouri,2520,16
Dalton Wagner,Will Putnam,2520,16
Dalton Wagner,Phillip Dorsett,2520,14
Dalton Wagner,Albert Okwuegbunam,2520,13
Dalton Wagner,Atonio Mafi,2520,13
Dalton Wagner,Chase Roberts,2520,13
Dalton Wagner,Jordan Meredith,2520,11
Dalton Wagner,Dare Ogunbowale,2520,9
Dalton Wagner,Shedrick Jackson,2520,9
Dalton Wagner,Niklas Henning,2520,8
Dalton Wagner,Roman Hemby,2520,7
Dalton Wagner,Chris Myarick,2520,6
Dalton Wagner,E.J. Williams Jr.,2520,6
Dalton Wagner,Brandon Johnson,2520,1
Dalton Wagner,Dareke Young,2520,1
Dalton Wagner,Patrick Gurd,2520,1
Dametrious Crownover,Behren Morton,3200,29
Dametrious Crownover,Jacob Rizy,3200,29
Dametrious Crownover,Mehki Butler,3200,29
Dametrious Crownover,Nick DeGennaro,3200,26
Dametrious Crownover,Kobe Prentice,3200,23
Dametrious Crownover,Jack Westover,3200,18
Dametrious Crownover,Lan Larison,3200,17
Dametrious Crownover,Tejhaun Palmer,3200,17
Dametrious Crownover,Cameron Dorner,3200,16
Dametrious Crownover,James Hudson,3200,16
Dametrious Crownover,Andrew Rupcich,3200,15
Dametrious Crownover,JonDarius Morgan,3200,14
Dametrious Crownover,Lorenz Metz,3200,13
Dametrious Crownover,CJ Dippre,3200,9
Dametrious Crownover,Hassan Haskins,3200,5
Dametrious Crownover,Jamycal Hasty,3200,5
Dametrious Crownover,Tanner Arkin,3200,4
Dametrious Crownover,Mitch Van Vooren,3200,3
Dametrious Crownover,Jam Miller,3200,2
Damien Martinez,Dillon Wade,1800,13
Damien Martinez,J. Michael Sturdivant,1800,12
Damien Martinez,Donovan Jennings,1800,11
Damien Martinez,Isaiah Neyor,1800,11
Damien Martinez,John Williams,1800,11
Damien Martinez,Kyle McCord,1800,11
Damien Martinez,Travis Glover,1800,11
Damien Martinez,Messiah Swinson,1800,10
Damien Martinez,Drake Dabney,1800,7
Damien Martinez,Josh Gesky,1800,7
Damien Martinez,Darian Kinnard,1800,6
Damien Martinez,Will Sheppard,1800,6
Damien Martinez,Brant Banks,1800,2
Damien Martinez,Dalton Cooper,1800,2
Damien Martinez,Dylan Barrett,1800,2
Damien Martinez,Kisean Johnson,1800,2
Damien Martinez,Kyron Drones,1800,2
Damien Martinez,Thomas Yassmin,1800,2
Damien Martinez,Kaden Prather,1800,1
Damien Martinez,McCallan Castles,1800,1
Damonic Williams,Isaiah Oliver,3800,48
Damonic Williams,Wydett Williams Jr.,3800,48
Damonic Williams,Elijah Jones,3800,40
Damonic Williams,Austin Keys,3800,38
Damonic Williams,Elijah Culp,3800,38
Damonic Williams,Jonah Williams,3800,35
Damonic Williams,Karson Sharar,3800,31
Damonic Williams,Owen Pappoe,3800,28
Damonic Williams,Cam Robertson,3800,27
Damonic Williams,Elliott Brown,3800,27
Damonic Williams,BJ Ojulari,3800,23
Damonic Williams,Eku Leota,3800,23
Damonic Williams,Quinton Newsome,3800,20
Damonic Williams,Kalen King,3800,18
Damonic Williams,Kei'Trel Clark,3800,16
Damonic Williams,Brodric Martin,3800,15
Damonic Williams,Cam Horsley,3800,12
Damonic Williams,Starling Thomas V,3800,6
Damonic Williams,Eugene Asante,3800,3
Damonic Williams,Dadrion Taylor-Demerson,3800,2
Damonic Williams,Kitan Crawford,3800,2
Dan Jackson,Keith Abney II,1540,23
Dan Jackson,Troy Reeder,1540,22
Dan Jackson,Aamaris Brown,1540,21
Dan Jackson,Eric O'Neill,1540,20
Dan Jackson,Roger McCreary,1540,20
Dan Jackson,Ryan Cooper Jr.,1540,20
Dan Jackson,Erick Hunter,1540,18
Dan Jackson,Myles Adams,1540,18
Dan Jackson,Skyler Gill-Howard,1540,12
Dan Jackson,Ahmed Hassanein,1540,11
Dan Jackson,Amen Ogbongbemiga,1540,11
Dan Jackson,Anthony Lucas,1540,9
Dan Jackson,Ben Stille,1540,9
Dan Jackson,Chris Smith,1540,9
Dan Jackson,Tyre West,1540,4
Dan Jackson,Thomas Harper,1540,2
Dan Jackson,Joe Bachie,1540,1
Dan Moore Jr.,Austin Schlottmann,2100,21
Dan Moore Jr.,Cam Ward,2100,21
Dan Moore Jr.,Fernando Carmona,2100,21
Dan Moore Jr.,JC Latham,2100,21
Dan Moore Jr.,Peter Skoronski,2100,21
Dan Moore Jr.,Wan'Dale Robinson,2100,16
Dan Moore Jr.,Carnell Tate,2100,15
Dan Moore Jr.,Elic Ayomanor,2100,15
Dan Moore Jr.,Daniel Bellinger,2100,13
Dan Moore Jr.,Gunnar Helm,2100,13
Dan Moore Jr.,Tyjae Spears,2100,12
Dan Moore Jr.,Tony Pollard,2100,9
Dan Moore Jr.,Calvin Ridley,2100,7
Dan Moore Jr.,Chimere Dike,2100,5
Daniel Bellinger,Austin Schlottmann,2100,13
Daniel Bellinger,Cam Ward,2100,13
Daniel Bellinger,Dan Moore Jr.,2100,13
Daniel Bellinger,Fernando Carmona,2100,13
Daniel Bellinger,JC Latham,2100,13
Daniel Bellinger,Peter Skoronski,2100,13
Daniel Bellinger,Carnell Tate,2100,10
Daniel Bellinger,Elic Ayomanor,2100,9
Daniel Bellinger,Wan'Dale Robinson,2100,8
Daniel Bellinger,Tyjae Spears,2100,7
Daniel Bellinger,Tony Pollard,2100,6
Daniel Bellinger,Gunnar Helm,2100,5
Daniel Bellinger,Calvin Ridley,2100,4
Daniel Bellinger,Chimere Dike,2100,3
Daniel Scott,Rob Carter Jr.,2200,29
Daniel Scott,Caden Curry,2200,24
Daniel Scott,George Gumbs Jr.,2200,24
Daniel Scott,Jaylon Jones,2200,22
Daniel Scott,Bryce Boettcher,2200,20
Daniel Scott,Trey Washington,2200,20
Daniel Scott,Mekhi Rodgers,2200,17
Daniel Scott,Adetomiwa Adebawore,2200,13
Daniel Scott,Jaylon Carlies,2200,13
Daniel Scott,Cameron Ball,2200,12
Daniel Scott,Jaylahn Tuimolaou,2200,11
Daniel Scott,Johnathan Edwards,2200,11
Daniel Scott,Juanyeh Thomas,2200,11
Daniel Scott,Tahj Chambers,2200,11
Daniel Scott,West Weeks,2200,11
Daniel Scott,Derrick Nnadi,2200,10
Daniel Scott,Jerry Tillery,2200,10
Daniel Scott,Tim Smith,2200,9
Daniel Scott,Austin Ajiake,2200,7
Daniel Scott,Colby Wooden,2200,7
Daniel Scott,Jai'Onte' McMillan,2200,7
Daniel Scott,Micheal Clemons,2200,7
Daniel Scott,Durell Nchami,2200,2
Daniel Scott,Mitchell Melton,2200,2
Daniel Sobkowicz,Davis Mills,2120,8
Daniel Sobkowicz,Eli Cox,2120,8
Daniel Sobkowicz,James Neal III,2120,8
Daniel Sobkowicz,Jarrett Kingston,2120,8
Daniel Sobkowicz,Jarrett Patterson,2120,8
Daniel Sobkowicz,Sam Hagen,2120,8
Daniel Sobkowicz,Treyvhon Saunders,2120,8
Daniel Sobkowicz,Joshua Pitsenberger,2120,7
Daniel Sobkowicz,Jha'Quan Jackson,2120,6
Daniel Sobkowicz,Cade Stover,2120,5
Daniel Sobkowicz,Layne Pryor,2120,5
Daniel Sobkowicz,Noah Whittington,2120,1
Dare Ogunbowale,Aidan O'Connell,2520,9
Dare Ogunbowale,Albert Okwuegbunam,2520,9
Dare Ogunbowale,Chase Roberts,2520,9
Dare Ogunbowale,Dalton Wagner,2520,9
Dare Ogunbowale,Kamar Missouri,2520,9
Dare Ogunbowale,Phillip Dorsett,2520,9
Dare Ogunbowale,Will Putnam,2520,9
Dare Ogunbowale,Atonio Mafi,2520,8
Dare Ogunbowale,E.J. Williams Jr.,2520,6
Dare Ogunbowale,Niklas Henning,2520,6
Dare Ogunbowale,Jordan Meredith,2520,4
Dare Ogunbowale,Shedrick Jackson,2520,3
Dareke Young,Jordan Meredith,2520,12
Dareke Young,Atonio Mafi,2520,11
Dareke Young,Charles Grant,2520,11
Dareke Young,Fernando Mendoza,2520,11
Dareke Young,Ian Thomas,2520,11
Dareke Young,Trey Zuhn III,2520,11
Dareke Young,Caleb Rogers,2520,10
Dareke Young,Dylan Laube,2520,10
Dareke Young,Brandon Johnson,2520,9
Dareke Young,Deven Thompkins,2520,6
Dareke Young,Connor Heyward,2520,5
Dareke Young,Albert Okwuegbunam,2520,3
Dareke Young,Aidan O'Connell,2520,1
Dareke Young,Chris Myarick,2520,1
Dareke Young,Dalton Wagner,2520,1
Dareke Young,Jackson Powers-Johnson,2520,1
Dareke Young,Kamar Missouri,2520,1
Dareke Young,Mike Washington Jr.,2520,1
Dareke Young,Niklas Henning,2520,1
Dareke Young,Patrick Gurd,2520,1
Dareke Young,Roman Hemby,2520,1
Dareke Young,Will Putnam,2520,1
Darian Kinnard,Dillon Wade,1800,8
Darian Kinnard,Donovan Jennings,1800,8
Darian Kinnard,Isaiah Neyor,1800,8
Darian Kinnard,John Williams,1800,8
Darian Kinnard,Kyle McCord,1800,8
Darian Kinnard,Travis Glover,1800,8
Darian Kinnard,Drake Dabney,1800,7
Darian Kinnard,Damien Martinez,1800,6
Darian Kinnard,J. Michael Sturdivant,1800,6
Darian Kinnard,Messiah Swinson,1800,6
Darian Kinnard,Will Sheppard,1800,4
Darian Kinnard,Jaden Nixon,1800,2
Darian Kinnard,Kisean Johnson,1800,1
Darien Porter,Eric Stokes,2520,10
Darien Porter,Isaiah Pola-Mao,2520,10
Darien Porter,Jeremy Chinn,2520,10
Darien Porter,Kwity Paye,2520,10
Darien Porter,Malcolm Koonce,2520,10
Darien Porter,Nakobe Dean,2520,10
Darien Porter,Quay Walker,2520,10
Darien Porter,Taron Johnson,2520,8
Darien Porter,Adam Butler,2520,7
Darien Porter,Tonka Hemingway,2520,6
Darien Porter,Jonah Laulu,2520,5
Darien Porter,Thomas Booker,2520,4
Darius Robinson,Dadrion Taylor-Demerson,3800,14
Darius Robinson,Denzel Burke,3800,14
Darius Robinson,Jack Gibbens,3800,13
Darius Robinson,Andrew Billings,3800,10
Darius Robinson,Cody Simon,3800,10
Darius Robinson,Kitan Crawford,3800,10
Darius Robinson,Sean Murphy-Bunting,3800,8
Darius Robinson,Walter Nolen,3800,8
Darius Robinson,Jordan Burch,3800,7
Darius Robinson,Max Melton,3800,7
Darius Robinson,Will Johnson,3800,7
Darius Robinson,BJ Ojulari,3800,6
Darius Robinson,L.J. Collier,3800,6
Darius Robinson,Eku Leota,3800,5
Darius Robinson,Andrew Wingard,3800,4
Darius Robinson,Mack Wilson,3800,4
Darius Robinson,Cam Robertson,3800,3
Darius Robinson,Elliott Brown,3800,2
Darius Robinson,Roy Lopez,3800,1
Darius Robinson,Zaven Collins,3800,1
Darnell Washington,Dylan Cook,3900,12
Darnell Washington,Mason McCormick,3900,12
Darnell Washington,Mason Rudolph,3900,12
Darnell Washington,Spencer Anderson,3900,12
Darnell Washington,Troy Fautanu,3900,12
Darnell Washington,Zach Frazier,3900,12
Darnell Washington,Roman Wilson,3900,11
Darnell Washington,Germie Bernard,3900,10
Darnell Washington,Brandon Smith,3900,7
Darnell Washington,Lew Nichols III,3900,7
Darnell Washington,Travis Homer,3900,5
Darnell Washington,Pat Freiermuth,3900,3
Darnell Washington,Riley Nowakowski,3900,3
Darnell Washington,Ben Skowronek,3900,1
Darnell Washington,Robert Tonyan,3900,1
Darrell Luter Jr.,Ashtyn Davis,4500,34
Darrell Luter Jr.,Ephesians Prysock,4500,34
Darrell Luter Jr.,Jaden Dugger,4500,29
Darrell Luter Jr.,Jakob Robinson,4500,26
Darrell Luter Jr.,Tatum Bethune,4500,26
Darrell Luter Jr.,Marques Sigle,4500,25
Darrell Luter Jr.,Nick Martin,4500,23
Darrell Luter Jr.,Sebastian Valdez,4500,22
Darrell Luter Jr.,Titus Leo,4500,22
Darrell Luter Jr.,Gracen Halton,4500,20
Darrell Luter Jr.,Ogbo Okoronkwo,4500,18
Darrell Luter Jr.,Alfred Collins,4500,17
Darrell Luter Jr.,Jalen Stroman,4500,17
Darrell Luter Jr.,Quinton Bell,4500,17
Darrell Luter Jr.,Romello Height,4500,17
Darrell Luter Jr.,Garret Wallow,4500,16
Darrell Luter Jr.,James Thompson Jr.,4500,13
Darrell Luter Jr.,Bryson Eason,4500,12
Darrell Luter Jr.,Xavier Thomas,4500,10
Darrell Luter Jr.,Jack Jones,4500,8
Darrell Luter Jr.,Patrick McMorris,4500,8
Darrell Luter Jr.,Jalen Graham,4500,6
Daryl Porter,Israel Mukuamu,3900,7
Daryl Porter,Jack Henderson,3900,7
Daryl Porter,Jamin Davis,3900,7
Daryl Porter,Julius Welschof,3900,7
Daryl Porter,Malik Harrison,3900,7
Daryl Porter,Tamon Lynum,3900,7
Daryl Porter,Anthony Goodlow,3900,4
Daryl Porter,Carson Bruener,3900,4
Daryl Porter,Gabe Rubio,3900,4
Daryl Porter,Kevin Jobity Jr.,3900,4
Daryl Porter,Kyler Baugh,3900,4
Daryl Porter,Devan Boykin,3900,3
Daryl Porter,Jacoby Windmon,3900,3
Daryl Porter,Esezi Otomewo,3900,2
David Martin-Robinson,Brandon Crenshaw-Dickson,2100,14
David Martin-Robinson,Jackson Slater,2100,14
David Martin-Robinson,Pat Coogan,2100,14
David Martin-Robinson,Austin Deculus,2100,12
David Martin-Robinson,Nicholas Singleton,2100,11
David Martin-Robinson,Chimere Dike,2100,9
David Martin-Robinson,Elic Ayomanor,2100,9
David Martin-Robinson,Kylen Granson,2100,9
David Martin-Robinson,Cordell Volson,2100,8
David Martin-Robinson,Will Levis,2100,8
David Martin-Robinson,Fernando Carmona,2100,6
David Martin-Robinson,Mitchell Trubisky,2100,6
David Martin-Robinson,Andre James,2100,4
David Martin-Robinson,Bryce Oliver,2100,4
David Martin-Robinson,Drew Moss,2100,4
David Martin-Robinson,Garrett Dellinger,2100,4
David Martin-Robinson,Hendon Hooker,2100,4
David Martin-Robinson,Joel Wilson,2100,4
David Martin-Robinson,K.J. Osborn,2100,4
David Martin-Robinson,Michael Carter,2100,4
David Martin-Robinson,Rasheed Miller,2100,4
David Martin-Robinson,Tyren Montgomery,2100,4
David Martin-Robinson,Xavier Restrepo,2100,4
David Martin-Robinson,Zach Thomas,2100,4
David Martin-Robinson,Julius Chestnut,2100,3
David Martin-Robinson,Aamil Wagner,2100,2
David Martin-Robinson,Hank Beatty,2100,2
David Martin-Robinson,Lance McCutcheon,2100,2
David Martin-Robinson,Courtney Jackson,2100,1
David Martin-Robinson,Jaren Kanak,2100,1
David Martin-Robinson,Mason Kinsey,2100,1
David Moore,Albert Reese,0750,15
David Moore,Brady Christensen,0750,15
David Moore,Brycen Tremayne,0750,15
David Moore,Chandler Zavala,0750,15
David Moore,Kenny Pickett,0750,15
David Moore,Sam Hecht,0750,15
David Moore,Stone Forsythe,0750,15
David Moore,John Metchie III,0750,12
David Moore,Trevor Etienne,0750,12
David Moore,Feleipe Franks,0750,9
David Moore,James Mitchell,0750,6
David Moore,AJ Dillon,0750,3
David Moore,Ja'Tavion Sanders,0750,3
Davis Mills,Sam Hagen,2120,23
Davis Mills,Treyvhon Saunders,2120,17
Davis Mills,Noah Whittington,2120,15
Davis Mills,Cade Stover,2120,14
Davis Mills,Eli Cox,2120,14
Davis Mills,James Neal III,2120,14
Davis Mills,Jarrett Kingston,2120,14
Davis Mills,Jarrett Patterson,2120,14
Davis Mills,Joshua Pitsenberger,2120,14
Davis Mills,Layne Pryor,2120,14
Davis Mills,Aireontae Ersery,2120,10
Davis Mills,Braden Smith,2120,10
Davis Mills,Ed Ingram,2120,10
Davis Mills,Jha'Quan Jackson,2120,10
Davis Mills,Josh Kelly,2120,10
Davis Mills,Justin Watson,2120,10
Davis Mills,Keylan Rutledge,2120,10
Davis Mills,Lewis Bond,2120,10
Davis Mills,Wyatt Teller,2120,10
Davis Mills,Xavier Hutchinson,2120,10
Davis Mills,Blake Fisher,2120,9
Davis Mills,Evan Brown,2120,9
Davis Mills,Febechi Nwaiwu,2120,9
Davis Mills,Foster Moreau,2120,9
Davis Mills,Jake Andrews,2120,9
Davis Mills,Daniel Sobkowicz,2120,8
Davis Mills,Jared Wayne,2120,7
Davis Mills,Marlin Klein,2120,7
Davis Mills,Juwann Winfree,2120,6
Davis Mills,Owen Wright,2120,4
Daylen Everette,Carson Bruener,3900,34
Daylen Everette,Cole Holcomb,3900,34
Daylen Everette,Sebastian Castro,3900,34
Daylen Everette,Jamin Davis,3900,27
Daylen Everette,D'Shawn Jamison,3900,26
Daylen Everette,Devan Boykin,3900,24
Daylen Everette,Jack Sawyer,3900,23
Daylen Everette,Robert Spears-Jennings,3900,22
Daylen Everette,Doneiko Slaughter,3900,20
Daylen Everette,Esezi Otomewo,3900,20
Daylen Everette,Julius Welschof,3900,18
Daylen Everette,Dean Lowry,3900,16
Daylen Everette,Gabe Rubio,3900,13
Daylen Everette,Yahya Black,3900,11
Daylen Everette,Kevin Jobity Jr.,3900,8
Daylen Everette,Kyler Baugh,3900,6
Daylen Everette,Anthony Goodlow,3900,4
De'Zhaun Stribling,Austen Pleasants,4500,20
De'Zhaun Stribling,Brandon Parker,4500,20
De'Zhaun Stribling,Brayden Willis,4500,20
De'Zhaun Stribling,Connor Colby,4500,20
De'Zhaun Stribling,Drake Nugent,4500,20
De'Zhaun Stribling,Kurtis Rourke,4500,20
De'Zhaun Stribling,Robert Jones,4500,20
De'Zhaun Stribling,Malik Turner,4500,18
De'Zhaun Stribling,Patrick Taylor,4500,18
De'Zhaun Stribling,Jordan Watkins,4500,15
De'Zhaun Stribling,Hayden Rucci,4500,5
De'Zhaun Stribling,KhaDarel Hodge,4500,2
De'Zhaun Stribling,Sincere McCormick,4500,2
DeCarlos Nicholson,Cam Gill,0750,10
DeCarlos Nicholson,Demani Richardson,0750,10
DeCarlos Nicholson,Isaiah Simmons,0750,10
DeCarlos Nicholson,Isaiah Smith,0750,10
DeCarlos Nicholson,Maema Njongmeta,0750,10
DeCarlos Nicholson,Mapalo Mwansa,0750,10
DeCarlos Nicholson,Tyrek Funderburk,0750,10
DeCarlos Nicholson,Devonta Smith,0750,9
DeCarlos Nicholson,Kyon Barrs,0750,8
DeCarlos Nicholson,Parker Petersen,0750,8
DeCarlos Nicholson,Tywone Malone,0750,5
Dean Lowry,Carson Bruener,3900,17
Dean Lowry,Cole Holcomb,3900,17
Dean Lowry,Sebastian Castro,3900,17
Dean Lowry,Daylen Everette,3900,16
Dean Lowry,Jamin Davis,3900,15
Dean Lowry,Doneiko Slaughter,3900,14
Dean Lowry,Robert Spears-Jennings,3900,14
Dean Lowry,Jack Sawyer,3900,13
Dean Lowry,D'Shawn Jamison,3900,10
Dean Lowry,Devan Boykin,3900,10
Dean Lowry,Yahya Black,3900,10
Dean Lowry,Esezi Otomewo,3900,9
Dean Lowry,Gabe Rubio,3900,8
Dean Lowry,Julius Welschof,3900,8
Dean Lowry,Alex Highsmith,3900,3
Dean Lowry,Asante Samuel Jr.,3900,3
Dean Lowry,Jamel Dean,3900,3
Dean Lowry,Patrick Queen,3900,3
Dean Lowry,Payton Wilson,3900,3
Dean Lowry,Rayshawn Jenkins,3900,3
Dean Lowry,Kyler Baugh,3900,2
Dean Lowry,Kevin Jobity Jr.,3900,1
Dean Lowry,Nick Herbig,3900,1
Deane Leonard,R.J. Mickens,4400,21
Deane Leonard,Genesis Smith,4400,20
Deane Leonard,Nikko Reed,4400,18
Deane Leonard,Nadame Tucker,4400,12
Deane Leonard,Nick Barrett,4400,12
Deane Leonard,TeRah Edwards,4400,12
Deane Leonard,Avery Smith,4400,11
Deane Leonard,Marlowe Wax,4400,11
Deane Leonard,Del'Shawn Phillips,4400,10
Deane Leonard,Kyle Kennard,4400,10
Deane Leonard,Troy Dye,4400,10
Deane Leonard,Jahmeer Carter,4400,9
Deane Leonard,Terry Webb,4400,9
Deane Leonard,Akheem Mesidor,4400,8
Deane Leonard,Garmon Randolph,4400,8
Deane Leonard,Junior Colson,4400,8
Deane Leonard,Kendall Williamson,4400,7
Deane Leonard,Andre Carter II,4400,4
Deane Leonard,Rodney Shelley,4400,4
Deane Leonard,Emany Johnson,4400,3
Deane Leonard,Jacobian Guillory,4400,2
Deane Leonard,Isas Waxter,4400,1
Deion Burks,Blake Freeland,2200,20
Deion Burks,Jalen Farmer,2200,20
Deion Burks,Luke Tenuta,2200,20
Deion Burks,Josh Sills,2200,19
Deion Burks,Will Mallory,2200,18
Deion Burks,Anthony Richardson,2200,16
Deion Burks,Dalton Tucker,2200,16
Deion Burks,Coleman Owen,2200,14
Deion Burks,Eli Pancol,2200,12
Deion Burks,Nick Westbrook-Ikhine,2200,8
Deion Burks,Seth McGowan,2200,8
Deion Burks,Ulysses Bentley IV,2200,8
Deion Burks,Pharaoh Brown,2200,7
Deion Burks,Anderson Castle,2200,4
Deion Burks,Jimmy Morrissey,2200,4
Deion Burks,Riley Leonard,2200,4
Deion Burks,Geno VanDeMark,2200,1
Deion Burks,Raylen Sharpe,2200,1
Del'Shawn Phillips,Deane Leonard,4400,10
Del'Shawn Phillips,Genesis Smith,4400,10
Del'Shawn Phillips,Nikko Reed,4400,10
Del'Shawn Phillips,R.J. Mickens,4400,10
Del'Shawn Phillips,Troy Dye,4400,10
Del'Shawn Phillips,Akheem Mesidor,4400,7
Del'Shawn Phillips,Nick Barrett,4400,7
Del'Shawn Phillips,TeRah Edwards,4400,7
Del'Shawn Phillips,Garmon Randolph,4400,6
Del'Shawn Phillips,Avery Smith,4400,5
Del'Shawn Phillips,Kyle Kennard,4400,4
Del'Shawn Phillips,Jahmeer Carter,4400,3
Del'Shawn Phillips,Kendall Williamson,4400,3
Del'Shawn Phillips,Nadame Tucker,4400,3
Del'Shawn Phillips,Terry Webb,4400,3
Del'Shawn Phillips,Jacobian Guillory,4400,2
Dell Pettus,Chad Muma,3200,27
Dell Pettus,Karon Prunty,3200,27
Dell Pettus,Quintayvious Hutchins,3200,27
Dell Pettus,Channing Canada,3200,25
Dell Pettus,Gabe Jacas,3200,25
Dell Pettus,John Saunders Jr.,3200,20
Dell Pettus,Joshua Farmer,3200,20
Dell Pettus,Eric Gregory,3200,15
Dell Pettus,K.J. Britt,3200,14
Dell Pettus,Marcellas Dial Jr.,3200,13
Dell Pettus,Khalil Jacobs,3200,12
Dell Pettus,Jeremiah Pharms Jr.,3200,10
Dell Pettus,Mike Brown,3200,10
Dell Pettus,Isaiah Iton,3200,8
Dell Pettus,Kindle Vildor,3200,8
Dell Pettus,Leonard Taylor III,3200,5
Dell Pettus,Bradyn Swinson,3200,2
Dell Pettus,Casey Rogers,3200,2
Demani Richardson,Isaiah Simmons,0750,31
Demani Richardson,Jackson Kuwatch,0750,31
Demani Richardson,Devonta Smith,0750,28
Demani Richardson,Bam Martin-Scott,0750,23
Demani Richardson,Nick Hampton,0750,23
Demani Richardson,Thomas Incoom,0750,23
Demani Richardson,Cam Gill,0750,18
Demani Richardson,Isaiah Smith,0750,18
Demani Richardson,Kyon Barrs,0750,18
Demani Richardson,Corey Thornton,0750,17
Demani Richardson,Maema Njongmeta,0750,17
Demani Richardson,Tyrek Funderburk,0750,17
Demani Richardson,Elijah Garcia,0750,15
Demani Richardson,Cam Miller,0750,14
Demani Richardson,Robert Rochell,0750,14
Demani Richardson,Tywone Malone,0750,14
Demani Richardson,Aaron Hall,0750,13
Demani Richardson,Parker Petersen,0750,13
Demani Richardson,Zakee Wheatley,0750,11
Demani Richardson,Akayleb Evans,0750,10
Demani Richardson,DeCarlos Nicholson,0750,10
Demani Richardson,Mapalo Mwansa,0750,10
Demani Richardson,Chau Smith-Wade,0750,7
Demani Richardson,Cam Jackson,0750,5
Demani Richardson,Jared Harrison-Hunte,0750,5
Demani Richardson,Lee Hunter,0750,5
Demetrius Knight Jr.,Barrett Carter,0920,8
Demetrius Knight Jr.,Boye Mafe,0920,8
Demetrius Knight Jr.,D.J. Ivey,0920,8
Demetrius Knight Jr.,Jordan Battle,0920,8
Demetrius Knight Jr.,Kyle Dugger,0920,8
Demetrius Knight Jr.,Myles Murphy,0920,8
Demetrius Knight Jr.,DJ Turner II,0920,5
Demetrius Knight Jr.,Ja'Sir Taylor,0920,5
Demetrius Knight Jr.,Kris Jenkins,0920,5
Demetrius Knight Jr.,Tedarrell Slaton,0920,5
Demetrius Knight Jr.,Dexter Lawrence,0920,3
Demetrius Knight Jr.,Jonathan Allen,0920,3
Demetrius Knight Jr.,Josh Newton,0920,3
Demetrius Knight Jr.,Howard Cross III,0920,1
Demetrius Knight Jr.,Landon Robinson,0920,1
Demetrius Knight Jr.,McKinnley Jackson,0920,1
Demontrey Jacobs,Ka'ena Decambra,3800,41
Demontrey Jacobs,Kedon Slovis,3800,41
Demontrey Jacobs,Reggie Virgil,3800,41
Demontrey Jacobs,Valentin Senn,3800,41
Demontrey Jacobs,Bryson Green,3800,34
Demontrey Jacobs,Olisaemeka Udoh,3800,29
Demontrey Jacobs,Corey Kiner,3800,28
Demontrey Jacobs,Christian Jones,3800,27
Demontrey Jacobs,Harrison Wallace III,3800,27
Demontrey Jacobs,Matt Pryor,3800,26
Demontrey Jacobs,Jameson Geers,3800,20
Demontrey Jacobs,Rivaldo Fairweather,3800,19
Demontrey Jacobs,Xavier Weaver,3800,14
Demontrey Jacobs,Evan Hull,3800,13
Demontrey Jacobs,Shawn Bowman,3800,9
Denzel Burke,Dadrion Taylor-Demerson,3800,25
Denzel Burke,Jack Gibbens,3800,22
Denzel Burke,Walter Nolen,3800,19
Denzel Burke,L.J. Collier,3800,17
Denzel Burke,Jordan Burch,3800,16
Denzel Burke,Sean Murphy-Bunting,3800,16
Denzel Burke,Will Johnson,3800,16
Denzel Burke,Cody Simon,3800,15
Denzel Burke,Kitan Crawford,3800,15
Denzel Burke,Darius Robinson,3800,14
Denzel Burke,Andrew Billings,3800,10
Denzel Burke,Andrew Wingard,3800,10
Denzel Burke,Mack Wilson,3800,10
Denzel Burke,Eku Leota,3800,9
Denzel Burke,Max Melton,3800,9
Denzel Burke,BJ Ojulari,3800,8
Denzel Burke,Zaven Collins,3800,7
Denzel Burke,Roy Lopez,3800,6
Denzel Burke,Cam Robertson,3800,3
Denzel Burke,Elliott Brown,3800,3
Derius Davis,Jake Slaughter,4400,15
Derius Davis,Trey Lance,4400,15
Derius Davis,KeAndre Lambert-Smith,4400,14
Derius Davis,Branson Taylor,4400,13
Derius Davis,Brenen Thompson,4400,12
Derius Davis,Logan Taylor,4400,12
Derius Davis,Jaret Patterson,4400,11
Derius Davis,Jacob Spomer,4400,10
Derius Davis,Travis Burke,4400,10
Derius Davis,Trevor Penning,4400,10
Derius Davis,Evan Svoboda,4400,6
Derius Davis,Kayode Awosika,4400,5
Derius Davis,Oronde Gadsden II,4400,5
Derius Davis,JaQuae Jackson,4400,4
Derius Davis,Kimani Vidal,4400,4
Derius Davis,Scott Matlock,4400,4
Derrick Canteen,Bishop Fitzgerald,2100,18
Derrick Canteen,Truman Jones,2100,16
Derrick Canteen,Malik Herring,2100,14
Derrick Canteen,Jalyn Holmes,2100,12
Derrick Canteen,Mani Powell,2100,12
Derrick Canteen,Timmy Horne,2100,11
Derrick Canteen,Dorian Mausi,2100,10
Derrick Canteen,Keydrain Calligan,2100,10
Derrick Canteen,Mario Goodrich,2100,10
Derrick Canteen,Anthony Hill Jr.,2100,9
Derrick Canteen,Jalen McMurray,2100,9
Derrick Canteen,Micah Robinson,2100,9
Derrick Canteen,Nazeeh Johnson,2100,9
Derrick Canteen,Sean Brown,2100,9
Derrick Canteen,Khalen Saunders,2100,8
Derrick Canteen,Erick Hallett,2100,7
Derrick Canteen,Earnest Brown IV,2100,5
Derrick Canteen,Laki Tasi,2100,4
Derrick Canteen,Jaylen Harrell,2100,3
Derrick Canteen,Oluwafemi Oladejo,2100,3
Derrick Canteen,Jerrick Reed II,2100,1
Derrick Canteen,Kendell Brooks,2100,1
Derrick Harmon,Asante Samuel Jr.,3900,9
Derrick Harmon,Jamel Dean,3900,9
Derrick Harmon,Keeanu Benton,3900,9
Derrick Harmon,Nick Herbig,3900,9
Derrick Harmon,Patrick Queen,3900,9
Derrick Harmon,Payton Wilson,3900,9
Derrick Harmon,Rayshawn Jenkins,3900,9
Derrick Harmon,Robert Spears-Jennings,3900,9
Derrick Harmon,Alex Highsmith,3900,7
Derrick Harmon,Doneiko Slaughter,3900,7
Derrick Harmon,Jack Sawyer,3900,2
Derrick Harmon,Yahya Black,3900,2
Derrick Nnadi,Austin Ajiake,2200,19
Derrick Nnadi,Jaylahn Tuimolaou,2200,19
Derrick Nnadi,Bryce Boettcher,2200,18
Derrick Nnadi,Colby Wooden,2200,16
Derrick Nnadi,Johnathan Edwards,2200,15
Derrick Nnadi,A.J. Haulcy,2200,11
Derrick Nnadi,Cam Taylor-Britt,2200,11
Derrick Nnadi,Jaylon Jones,2200,11
Derrick Nnadi,Jonathan Owens,2200,11
Derrick Nnadi,Mekhi Blackmon,2200,11
Derrick Nnadi,Micheal Clemons,2200,11
Derrick Nnadi,Trey Washington,2200,11
Derrick Nnadi,Daniel Scott,2200,10
Derrick Nnadi,Jerry Tillery,2200,9
Derrick Nnadi,Rob Carter Jr.,2200,9
Derrick Nnadi,Caden Curry,2200,7
Derrick Nnadi,George Gumbs Jr.,2200,7
Derrick Nnadi,Jaylon Carlies,2200,7
Derrick Nnadi,Adetomiwa Adebawore,2200,6
Derrick Nnadi,Hunter Wohler,2200,1
Devan Boykin,Carson Bruener,3900,26
Devan Boykin,Cole Holcomb,3900,25
Devan Boykin,Sebastian Castro,3900,25
Devan Boykin,Daylen Everette,3900,24
Devan Boykin,Jamin Davis,3900,23
Devan Boykin,D'Shawn Jamison,3900,18
Devan Boykin,Julius Welschof,3900,18
Devan Boykin,Esezi Otomewo,3900,15
Devan Boykin,Jack Sawyer,3900,15
Devan Boykin,Doneiko Slaughter,3900,14
Devan Boykin,Robert Spears-Jennings,3900,12
Devan Boykin,Gabe Rubio,3900,11
Devan Boykin,Dean Lowry,3900,10
Devan Boykin,Kevin Jobity Jr.,3900,10
Devan Boykin,Kyler Baugh,3900,8
Devan Boykin,Yahya Black,3900,5
Devan Boykin,Anthony Goodlow,3900,4
Devan Boykin,Daryl Porter,3900,3
Devan Boykin,Israel Mukuamu,3900,3
Devan Boykin,Jack Henderson,3900,3
Devan Boykin,Malik Harrison,3900,3
Devan Boykin,Tamon Lynum,3900,3
Devan Boykin,Jacoby Windmon,3900,2
Deven Thompkins,Atonio Mafi,2520,16
Deven Thompkins,Charles Grant,2520,16
Deven Thompkins,Fernando Mendoza,2520,16
Deven Thompkins,Ian Thomas,2520,16
Deven Thompkins,Jordan Meredith,2520,16
Deven Thompkins,Trey Zuhn III,2520,16
Deven Thompkins,Caleb Rogers,2520,12
Deven Thompkins,Malik Benson,2520,10
Deven Thompkins,Dylan Laube,2520,9
Deven Thompkins,Jack Bech,2520,9
Deven Thompkins,Brandon Johnson,2520,7
Deven Thompkins,Mike Washington Jr.,2520,7
Deven Thompkins,Dareke Young,2520,6
Deven Thompkins,Jackson Powers-Johnson,2520,4
Devin Duvernay,Chase Bisontis,3800,18
Devin Duvernay,Gardner Minshew,3800,18
Devin Duvernay,Hayden Conner,3800,18
Devin Duvernay,Jalen Brooks,3800,18
Devin Duvernay,Jayden Williams,3800,18
Devin Duvernay,Jon Gaines II,3800,18
Devin Duvernay,Josh Fryar,3800,18
Devin Duvernay,Jeremiyah Love,3800,15
Devin Duvernay,Teagan Quitoriano,3800,14
Devin Duvernay,Ihmir Smith-Marsette,3800,10
Devin Duvernay,Simi Fehoko,3800,8
Devin Duvernay,Rivaldo Fairweather,3800,4
Devin Duvernay,Bam Knight,3800,2
Devin Duvernay,Tyler Allgeier,3800,1
Devin Grant,Eric Rogers,4400,10
Devin Grant,Emany Johnson,4400,8
Devin Grant,Isas Waxter,4400,8
Devin Grant,Lander Barton,4400,8
Devin Grant,Myles Purchase,4400,8
Devin Grant,Terry Webb,4400,8
Devin Grant,Avery Smith,4400,7
Devin Grant,Jahmeer Carter,4400,7
Devin Grant,Andre Carter II,4400,6
Devin Grant,Garmon Randolph,4400,6
Devin Grant,Jacobian Guillory,4400,6
Devin Grant,Kyle Kennard,4400,5
Devin Grant,Nadame Tucker,4400,5
Devin Grant,Rodney Shelley,4400,4
Devin Grant,Junior Colson,4400,3
Devin Grant,Kendall Williamson,4400,3
Devin Grant,Marlowe Wax,4400,3
Devin Grant,Nick Barrett,4400,3
Devin Grant,TeRah Edwards,4400,2
Devin Lafayette,Dalton Johnson,2520,17
Devin Lafayette,Gary Smith III,2520,17
Devin Lafayette,Buddy Johnson,2520,15
Devin Lafayette,Caleb Offord,2520,15
Devin Lafayette,Xavian Sorey Jr.,2520,15
Devin Lafayette,Devyn Perkins,2520,14
Devin Lafayette,Brandon Cleveland,2520,12
Devin Lafayette,Treven Ma'ae,2520,12
Devin Lafayette,Cian Slone,2520,11
Devin Lafayette,Jahfari Harvey,2520,11
Devin Lafayette,Greedy Vance,2520,10
Devin Lafayette,Keyron Crawford,2520,6
Devin Lafayette,Patrick Johnson,2520,6
Devin Lafayette,Chigozie Anusiem,2520,5
Devin Lafayette,Cameron McGrone,2520,2
Devin Lafayette,Segun Olubi,2520,2
Devin Veresuk,Austin Brown,2200,6
Devin Veresuk,Caden Curry,2200,6
Devin Veresuk,Cameron Ball,2200,6
Devin Veresuk,George Gumbs Jr.,2200,6
Devin Veresuk,Jai'Onte' McMillan,2200,6
Devin Veresuk,Juanyeh Thomas,2200,6
Devin Veresuk,Mekhi Rodgers,2200,6
Devin Veresuk,Rob Carter Jr.,2200,6
Devin Veresuk,West Weeks,2200,6
Devin Veresuk,Durell Nchami,2200,4
Devin Veresuk,Tim Smith,2200,2
Devin White,Ennis Rakestraw Jr.,1540,21
Devin White,Nick Whiteside,1540,21
Devin White,Thomas Harper,1540,21
Devin White,Trevor Nowaske,1540,21
Devin White,Anthony Lucas,1540,19
Devin White,Christian Izien,1540,13
Devin White,Levi Onwuzurike,1540,13
Devin White,Tyler Lacy,1540,13
Devin White,Chris Smith,1540,12
Devin White,Chuck Clark,1540,11
Devin White,Aamaris Brown,1540,10
Devin White,Ahmed Hassanein,1540,8
Devin White,Mekhi Wingo,1540,8
Devin White,Keith Abney II,1540,5
Devin White,Skyler Gill-Howard,1540,5
Devin White,Myles Adams,1540,4
Devin White,Joe Bachie,1540,3
Devin White,Eric O'Neill,1540,2
Devonta Smith,Demani Richardson,0750,28
Devonta Smith,Isaiah Simmons,0750,28
Devonta Smith,Jackson Kuwatch,0750,19
Devonta Smith,Maema Njongmeta,0750,16
Devonta Smith,Tyrek Funderburk,0750,16
Devonta Smith,Kyon Barrs,0750,15
Devonta Smith,Cam Gill,0750,14
Devonta Smith,Cam Miller,0750,14
Devonta Smith,Isaiah Smith,0750,14
Devonta Smith,Nick Hampton,0750,14
Devonta Smith,Thomas Incoom,0750,14
Devonta Smith,Tywone Malone,0750,13
Devonta Smith,Robert Rochell,0750,12
Devonta Smith,Bam Martin-Scott,0750,11
Devonta Smith,Elijah Garcia,0750,10
Devonta Smith,Parker Petersen,0750,10
Devonta Smith,DeCarlos Nicholson,0750,9
Devonta Smith,Mapalo Mwansa,0750,9
Devonta Smith,Aaron Hall,0750,8
Devonta Smith,Corey Thornton,0750,5
Devonta Smith,Zakee Wheatley,0750,1
Devonte Ross,Jacob Spomer,4400,18
Devonte Ross,Logan Taylor,4400,18
Devonte Ross,Travis Burke,4400,18
Devonte Ross,Alex Harkey,4400,16
Devonte Ross,DJ Uiagalelei,4400,16
Devonte Ross,Dalevon Campbell,4400,16
Devonte Ross,Evan Svoboda,4400,14
Devonte Ross,Josh Kaltenberger,4400,14
Devonte Ross,Johnny Pascuzzi,4400,12
Devonte Ross,Gregory Desrosiers,4400,11
Devonte Ross,JaQuae Jackson,4400,9
Devonte Ross,Amar Johnson,4400,7
Devonte Ross,Jake Slaughter,4400,4
Devonte Ross,Jerand Bradley,4400,3
Devonte Ross,Trevor Penning,4400,2
Devonte Ross,Trey Lance,4400,2
Devyn Perkins,Dalton Johnson,2520,14
Devyn Perkins,Devin Lafayette,2520,14
Devyn Perkins,Gary Smith III,2520,14
Devyn Perkins,Buddy Johnson,2520,12
Devyn Perkins,Caleb Offord,2520,12
Devyn Perkins,Xavian Sorey Jr.,2520,12
Devyn Perkins,Treven Ma'ae,2520,10
Devyn Perkins,Brandon Cleveland,2520,9
Devyn Perkins,Greedy Vance,2520,9
Devyn Perkins,Cian Slone,2520,8
Devyn Perkins,Jahfari Harvey,2520,8
Devyn Perkins,Keyron Crawford,2520,6
Devyn Perkins,Patrick Johnson,2520,6
Devyn Perkins,Cameron McGrone,2520,2
Devyn Perkins,Chigozie Anusiem,2520,2
Devyn Perkins,Segun Olubi,2520,2
Dexter Lawrence,Barrett Carter,0920,3
Dexter Lawrence,Boye Mafe,0920,3
Dexter Lawrence,D.J. Ivey,0920,3
Dexter Lawrence,DJ Turner II,0920,3
Dexter Lawrence,Demetrius Knight Jr.,0920,3
Dexter Lawrence,Jonathan Allen,0920,3
Dexter Lawrence,Jordan Battle,0920,3
Dexter Lawrence,Kyle Dugger,0920,3
Dexter Lawrence,Myles Murphy,0920,3
Dexter Lawrence,Ja'Sir Taylor,0920,2
Dexter Lawrence,Tedarrell Slaton,0920,1
Dillon Wade,Donovan Jennings,1800,17
Dillon Wade,Isaiah Neyor,1800,17
Dillon Wade,John Williams,1800,17
Dillon Wade,Kyle McCord,1800,17
Dillon Wade,Travis Glover,1800,17
Dillon Wade,J. Michael Sturdivant,1800,14
Dillon Wade,Messiah Swinson,1800,14
Dillon Wade,Damien Martinez,1800,13
Dillon Wade,Josh Gesky,1800,12
Dillon Wade,Will Sheppard,1800,12
Dillon Wade,Drake Dabney,1800,9
Dillon Wade,Darian Kinnard,1800,8
Dillon Wade,Jaden Nixon,1800,7
Dillon Wade,Kisean Johnson,1800,5
Dillon Wade,McCallan Castles,1800,4
Dillon Wade,Brant Banks,1800,3
Dillon Wade,Dalton Cooper,1800,3
Dillon Wade,Dylan Barrett,1800,3
Dillon Wade,Kyron Drones,1800,3
Dillon Wade,Thomas Yassmin,1800,3
Dillon Wade,Chris Hilton Jr.,1800,1
Dillon Wade,Kaden Prather,1800,1
Dohnte Meyers,Brian Parker II,0920,30
Dohnte Meyers,Jacob Bayer,0920,30
Dohnte Meyers,Jalen Rivers,0920,30
Dohnte Meyers,Javon Foster,0920,30
Dohnte Meyers,Josh Johnson,0920,29
Dohnte Meyers,Andrew Coker,0920,25
Dohnte Meyers,Jack Endries,0920,17
Dohnte Meyers,Ke'Shawn Williams,0920,17
Dohnte Meyers,Gary Brightwell,0920,14
Dohnte Meyers,Kendall Milton,0920,13
Dohnte Meyers,Jordan Moore,0920,11
Dohnte Meyers,Noah Thomas,0920,10
Dohnte Meyers,Tanner Hudson,0920,10
Dohnte Meyers,Charlie Jones,0920,9
Dohnte Meyers,Colbie Young,0920,7
Dohnte Meyers,Cam Grandy,0920,6
Dohnte Meyers,Cody Ford,0920,5
Dohnte Meyers,Tahj Brooks,0920,3
Dohnte Meyers,Xavier Johnson,0920,2
Dohnte Meyers,Joe Flacco,0920,1
Dohnte Meyers,Josh Kattus,0920,1
Dominic Bailey,Kaevon Merriweather,2120,25
Dominic Bailey,Stephen Hall,2120,23
Dominic Bailey,Jaylen Reed,2120,19
Dominic Bailey,Kyonte Hamilton,2120,19
Dominic Bailey,Tremon Smith,2120,19
Dominic Bailey,Dylan Horton,2120,18
Dominic Bailey,Ali Gaye,2120,16
Dominic Bailey,Solomon Byrd,2120,16
Dominic Bailey,Alijah Huzzie,2120,15
Dominic Bailey,Marte Mapu,2120,15
Dominic Bailey,Aiden Fisher,2120,13
Dominic Bailey,Brandon Codrington,2120,13
Dominic Bailey,Dominique Robinson,2120,13
Dominic Bailey,Jamal Hill,2120,13
Dominic Bailey,Jacob Hummel,2120,12
Dominic Bailey,K.C. Ossai,2120,10
Dominic Bailey,Kamari Ramsey,2120,9
Dominic Bailey,Wade Woodaz,2120,9
Dominic Bailey,Ja'Marcus Ingram,2120,8
Dominic Bailey,Jaylin Smith,2120,8
Dominic Bailey,Collin Wright,2120,6
Dominic Bailey,Kayden McDonald,2120,6
Dominic Bailey,Naquan Jones,2120,5
Dominic Lovett,Miles Frazier,1540,27
Dominic Lovett,Tay Martin,1540,19
Dominic Lovett,Colby Sorsdal,1540,15
Dominic Lovett,Luke Altmyer,1540,15
Dominic Lovett,Mason Miller,1540,15
Dominic Lovett,Melvin Priestly,1540,15
Dominic Lovett,Michael Niese,1540,15
Dominic Lovett,Zach Horton,1540,13
Dominic Lovett,Blake Miller,1540,12
Dominic Lovett,Christian Mahogany,1540,12
Dominic Lovett,Joshua Dobbs,1540,12
Dominic Lovett,Kye Robichaux,1540,12
Dominic Lovett,Larry Borom,1540,12
Dominic Lovett,Seth McLaughlin,1540,12
Dominic Lovett,Jackson Meeks,1540,10
Dominic Lovett,Tarik Black,1540,10
Dominic Lovett,Thomas Gordon,1540,10
Dominic Lovett,Tom Kennedy,1540,10
Dominic Lovett,Jacob Saylors,1540,9
Dominic Lovett,Lucky Jackson,1540,7
Dominic Lovett,Raheem Blackshear,1540,6
Dominic Lovett,Malik Cunningham,1540,2
Dominique Hampton,Dorian Mausi,2100,2
Dominique Hampton,Jerrick Reed II,2100,2
Dominique Hampton,Kendell Brooks,2100,2
Dominique Hampton,Keydrain Calligan,2100,2
Dominique Hampton,Khalen Saunders,2100,2
Dominique Hampton,Malik Herring,2100,2
Dominique Hampton,Mani Powell,2100,2
Dominique Hampton,Mario Goodrich,2100,2
Dominique Hampton,Timmy Horne,2100,2
Dominique Hampton,Truman Jones,2100,2
Dominique Robinson,Kyonte Hamilton,2120,23
Dominique Robinson,Ali Gaye,2120,19
Dominique Robinson,Kaevon Merriweather,2120,18
Dominique Robinson,Stephen Hall,2120,16
Dominique Robinson,Alijah Huzzie,2120,15
Dominique Robinson,Dominic Bailey,2120,13
Dominique Robinson,Jamal Hill,2120,12
Dominique Robinson,Jaylen Reed,2120,12
Dominique Robinson,Marte Mapu,2120,12
Dominique Robinson,Naquan Jones,2120,12
Dominique Robinson,Tremon Smith,2120,11
Dominique Robinson,Jacob Hummel,2120,10
Dominique Robinson,Kamari Ramsey,2120,10
Dominique Robinson,Wade Woodaz,2120,10
Dominique Robinson,Aiden Fisher,2120,8
Dominique Robinson,Brandon Codrington,2120,8
Dominique Robinson,Jaylin Smith,2120,8
Dominique Robinson,K.C. Ossai,2120,8
Dominique Robinson,Collin Wright,2120,5
Dominique Robinson,Ja'Marcus Ingram,2120,5
Dominique Robinson,Solomon Byrd,2120,5
Doneiko Slaughter,Carson Bruener,3900,21
Doneiko Slaughter,Cole Holcomb,3900,21
Doneiko Slaughter,Sebastian Castro,3900,21
Doneiko Slaughter,Daylen Everette,3900,20
Doneiko Slaughter,Jamin Davis,3900,17
Doneiko Slaughter,Robert Spears-Jennings,3900,17
Doneiko Slaughter,Dean Lowry,3900,14
Doneiko Slaughter,Devan Boykin,3900,14
Doneiko Slaughter,Julius Welschof,3900,14
Doneiko Slaughter,D'Shawn Jamison,3900,13
Doneiko Slaughter,Jack Sawyer,3900,13
Doneiko Slaughter,Gabe Rubio,3900,12
Doneiko Slaughter,Esezi Otomewo,3900,11
Doneiko Slaughter,Asante Samuel Jr.,3900,9
Doneiko Slaughter,Jamel Dean,3900,9
Doneiko Slaughter,Patrick Queen,3900,9
Doneiko Slaughter,Payton Wilson,3900,9
Doneiko Slaughter,Rayshawn Jenkins,3900,9
Doneiko Slaughter,Alex Highsmith,3900,8
Doneiko Slaughter,Nick Herbig,3900,8
Doneiko Slaughter,Derrick Harmon,3900,7
Doneiko Slaughter,Keeanu Benton,3900,7
Doneiko Slaughter,Kyler Baugh,3900,7
Doneiko Slaughter,Yahya Black,3900,6
Doneiko Slaughter,Anthony Goodlow,3900,4
Donovan Jennings,Isaiah Neyor,1800,33
Donovan Jennings,Drake Dabney,1800,32
Donovan Jennings,John Williams,1800,30
Donovan Jennings,Kyle McCord,1800,30
Donovan Jennings,Anthony Belton,1800,25
Donovan Jennings,Jacob Monk,1800,25
Donovan Jennings,Jager Burton,1800,25
Donovan Jennings,J. Michael Sturdivant,1800,22
Donovan Jennings,Messiah Swinson,1800,21
Donovan Jennings,Savion Williams,1800,20
Donovan Jennings,Dillon Wade,1800,17
Donovan Jennings,Pierre Strong,1800,17
Donovan Jennings,Travis Glover,1800,17
Donovan Jennings,Jordan Morgan,1800,12
Donovan Jennings,Skyy Moore,1800,12
Donovan Jennings,Tyrod Taylor,1800,12
Donovan Jennings,Will Sheppard,1800,12
Donovan Jennings,Damien Martinez,1800,11
Donovan Jennings,Jaden Nixon,1800,11
Donovan Jennings,Bo Melton,1800,10
Donovan Jennings,Josh Gesky,1800,9
Donovan Jennings,Darian Kinnard,1800,8
Donovan Jennings,Kisean Johnson,1800,3
Donovan Jennings,MarShawn Lloyd,1800,3
Donovan Jennings,McCallan Castles,1800,3
Dorian Mausi,Anthony Hill Jr.,2100,14
Dorian Mausi,Khalen Saunders,2100,14
Dorian Mausi,Micah Robinson,2100,14
Dorian Mausi,Nazeeh Johnson,2100,14
Dorian Mausi,Malik Herring,2100,12
Dorian Mausi,Truman Jones,2100,11
Dorian Mausi,Derrick Canteen,2100,10
Dorian Mausi,Timmy Horne,2100,10
Dorian Mausi,Bishop Fitzgerald,2100,9
Dorian Mausi,Jerrick Reed II,2100,9
Dorian Mausi,Erick Hallett,2100,7
Dorian Mausi,Jaylen Harrell,2100,6
Dorian Mausi,Kendell Brooks,2100,6
Dorian Mausi,Mani Powell,2100,6
Dorian Mausi,Earnest Brown IV,2100,5
Dorian Mausi,Jalyn Holmes,2100,5
Dorian Mausi,James Williams,2100,5
Dorian Mausi,Oluwafemi Oladejo,2100,5
Dorian Mausi,Keydrain Calligan,2100,4
Dorian Mausi,Mario Goodrich,2100,4
Dorian Mausi,Tony Adams,2100,3
Dorian Mausi,Dominique Hampton,2100,2
Dorian Mausi,Keldric Faulk,2100,2
Dorian Mausi,Laki Tasi,2100,2
Dorian Mausi,Jalen McMurray,2100,1
Doug Kramer,Adrian Martinez,4500,31
Doug Kramer,Carver Willis,4500,31
Doug Kramer,Enrique Cruz,4500,31
Doug Kramer,Isaac Alarcon,4500,31
Doug Kramer,Kion Smith,4500,31
Doug Kramer,Josiah Deguara,4500,23
Doug Kramer,Trenton Irwin,4500,20
Doug Kramer,Hayden Rucci,4500,19
Doug Kramer,Jordan Watkins,4500,18
Doug Kramer,Khalil Herbert,4500,18
Doug Kramer,Wesley Grimes,4500,13
Doug Kramer,Will Pauling,4500,13
Doug Kramer,KhaDarel Hodge,4500,12
Doug Kramer,Sincere McCormick,4500,7
Doug Kramer,Malik Turner,4500,6
Doug Kramer,Zamir White,4500,6
Doug Nester,Broderick Jones,3900,40
Doug Nester,Jack Driscoll,3900,32
Doug Nester,Max Hurleman,3900,29
Doug Nester,Drew Allar,3900,26
Doug Nester,Gennings Dunker,3900,26
Doug Nester,Eli Heidenreich,3900,21
Doug Nester,Greg Crippen,3900,21
Doug Nester,Levi Wentz,3900,20
Doug Nester,Ryan McCollum,3900,19
Doug Nester,Lake McRee,3900,17
Doug Nester,Jaheim Bell,3900,15
Doug Nester,Brock Hoffman,3900,14
Doug Nester,Kaden Wetjen,3900,14
Doug Nester,Lew Nichols III,3900,14
Doug Nester,Will Howard,3900,14
Doug Nester,Robert Tonyan,3900,13
Doug Nester,Jakobie Keeney-James,3900,12
Doug Nester,Joaquin Davis,3900,11
Doug Nester,Dylan Cook,3900,8
Doug Nester,Riley Nowakowski,3900,8
Doug Nester,Germie Bernard,3900,7
Doug Nester,Roman Wilson,3900,7
Doug Nester,Ben Skowronek,3900,6
Doug Nester,Kaleb Johnson,3900,5
Doug Nester,Lance Mason,3900,1
Drake Dabney,Donovan Jennings,1800,32
Drake Dabney,Anthony Belton,1800,26
Drake Dabney,Jacob Monk,1800,26
Drake Dabney,Jager Burton,1800,26
Drake Dabney,Isaiah Neyor,1800,23
Drake Dabney,John Williams,1800,21
Drake Dabney,Kyle McCord,1800,21
Drake Dabney,Savion Williams,1800,19
Drake Dabney,J. Michael Sturdivant,1800,15
Drake Dabney,Pierre Strong,1800,15
Drake Dabney,Jordan Morgan,1800,14
Drake Dabney,Messiah Swinson,1800,12
Drake Dabney,Skyy Moore,1800,11
Drake Dabney,Tyrod Taylor,1800,11
Drake Dabney,Bo Melton,1800,9
Drake Dabney,Dillon Wade,1800,9
Drake Dabney,Travis Glover,1800,9
Drake Dabney,Damien Martinez,1800,7
Drake Dabney,Darian Kinnard,1800,7
Drake Dabney,Jaden Nixon,1800,7
Drake Dabney,MarShawn Lloyd,1800,6
Drake Dabney,Will Sheppard,1800,5
Drake Dabney,Christian Watson,1800,3
Drake Dabney,Jordan Love,1800,3
Drake Dabney,Matthew Golden,1800,3
Drake Dabney,Sean Rhyan,1800,3
Drake Dabney,Josh Gesky,1800,2
Drake Dabney,Josh Whyle,1800,2
Drake Dabney,Kisean Johnson,1800,2
Drake Dabney,Jayden Reed,1800,1
Drake Nugent,Austen Pleasants,4500,41
Drake Nugent,Brandon Parker,4500,41
Drake Nugent,Connor Colby,4500,41
Drake Nugent,Robert Jones,4500,41
Drake Nugent,Jordan Watkins,4500,35
Drake Nugent,Brayden Willis,4500,32
Drake Nugent,Malik Turner,4500,26
Drake Nugent,Kurtis Rourke,4500,24
Drake Nugent,De'Zhaun Stribling,4500,20
Drake Nugent,Patrick Taylor,4500,20
Drake Nugent,Adrian Martinez,4500,17
Drake Nugent,Sincere McCormick,4500,17
Drake Nugent,Hayden Rucci,4500,16
Drake Nugent,KhaDarel Hodge,4500,15
Drake Nugent,Trenton Irwin,4500,13
Drake Nugent,Josiah Deguara,4500,7
Drake Nugent,Khalil Herbert,4500,4
Drew Allar,Broderick Jones,3900,26
Drew Allar,Doug Nester,3900,26
Drew Allar,Gennings Dunker,3900,26
Drew Allar,Jack Driscoll,3900,26
Drew Allar,Max Hurleman,3900,23
Drew Allar,Eli Heidenreich,3900,21
Drew Allar,Greg Crippen,3900,21
Drew Allar,Lake McRee,3900,16
Drew Allar,Levi Wentz,3900,14
Drew Allar,Jakobie Keeney-James,3900,12
Drew Allar,Joaquin Davis,3900,11
Drew Allar,Jaheim Bell,3900,10
Drew Allar,Kaden Wetjen,3900,10
Drew Allar,Riley Nowakowski,3900,7
Drew Allar,Kaleb Johnson,3900,5
Drew Allar,Ryan McCollum,3900,5
Drew Allar,Lance Mason,3900,1
Drew Moss,Andre James,2100,10
Drew Moss,Garrett Dellinger,2100,10
Drew Moss,Hendon Hooker,2100,10
Drew Moss,Rasheed Miller,2100,10
Drew Moss,Joel Wilson,2100,9
Drew Moss,Zach Thomas,2100,8
Drew Moss,Julius Chestnut,2100,6
Drew Moss,Tyren Montgomery,2100,6
Drew Moss,Courtney Jackson,2100,4
Drew Moss,David Martin-Robinson,2100,4
Drew Moss,Hank Beatty,2100,4
Drew Moss,Lance McCutcheon,2100,4
Drew Moss,Mason Kinsey,2100,4
Drew Moss,Michael Carter,2100,4
Drew Moss,Kylen Granson,2100,3
Drew Moss,Aamil Wagner,2100,2
Drew Moss,Xavier Restrepo,2100,2
Drew Sample,Amarius Mims,0920,10
Drew Sample,Dalton Risner,0920,10
Drew Sample,Dylan Fairchild,0920,10
Drew Sample,Ja'Marr Chase,0920,10
Drew Sample,Joe Burrow,0920,10
Drew Sample,Orlando Brown,0920,10
Drew Sample,Ted Karras,0920,10
Drew Sample,Tee Higgins,0920,8
Drew Sample,Andrei Iosivas,0920,7
Drew Sample,Chase Brown,0920,7
Drew Sample,Samaje Perine,0920,3
Drew Sample,Cam Grandy,0920,2
Drew Sample,Colbie Young,0920,2
Drew Sample,Mike Gesicki,0920,1
Durell Nchami,Caden Curry,2200,7
Durell Nchami,Cameron Ball,2200,7
Durell Nchami,George Gumbs Jr.,2200,7
Durell Nchami,Juanyeh Thomas,2200,7
Durell Nchami,Mekhi Rodgers,2200,7
Durell Nchami,Rob Carter Jr.,2200,7
Durell Nchami,West Weeks,2200,7
Durell Nchami,Jai'Onte' McMillan,2200,6
Durell Nchami,Austin Brown,2200,5
Durell Nchami,Devin Veresuk,2200,4
Durell Nchami,Tahj Chambers,2200,3
Durell Nchami,Daniel Scott,2200,2
Durell Nchami,Tim Smith,2200,1
Dylan Barrett,Brant Banks,1800,3
Dylan Barrett,Dalton Cooper,1800,3
Dylan Barrett,Dillon Wade,1800,3
Dylan Barrett,Josh Gesky,1800,3
Dylan Barrett,Kyron Drones,1800,3
Dylan Barrett,Thomas Yassmin,1800,3
Dylan Barrett,Damien Martinez,1800,2
Dylan Barrett,Kisean Johnson,1800,2
Dylan Barrett,Will Sheppard,1800,2
Dylan Barrett,Chris Hilton Jr.,1800,1
Dylan Barrett,Isaiah Neyor,1800,1
Dylan Barrett,J. Michael Sturdivant,1800,1
Dylan Barrett,Jaden Nixon,1800,1
Dylan Barrett,Kaden Prather,1800,1
Dylan Barrett,McCallan Castles,1800,1
Dylan Cook,Germie Bernard,3900,25
Dylan Cook,Roman Wilson,3900,24
Dylan Cook,Spencer Anderson,3900,21
Dylan Cook,Mason McCormick,3900,17
Dylan Cook,Mason Rudolph,3900,17
Dylan Cook,Troy Fautanu,3900,17
Dylan Cook,Zach Frazier,3900,17
Dylan Cook,Lew Nichols III,3900,16
Dylan Cook,Brandon Smith,3900,14
Dylan Cook,Robert Tonyan,3900,13
Dylan Cook,Travis Homer,3900,13
Dylan Cook,Brock Hoffman,3900,12
Dylan Cook,Broderick Jones,3900,12
Dylan Cook,Darnell Washington,3900,12
Dylan Cook,Ryan McCollum,3900,12
Dylan Cook,Will Howard,3900,12
Dylan Cook,Ben Skowronek,3900,10
Dylan Cook,Doug Nester,3900,8
Dylan Cook,Pat Freiermuth,3900,8
Dylan Cook,Riley Nowakowski,3900,4
Dylan Cook,Kaden Wetjen,3900,3
Dylan Cook,Jaheim Bell,3900,2
Dylan Cook,Lake McRee,3900,1
Dylan Fairchild,Amarius Mims,0920,12
Dylan Fairchild,Dalton Risner,0920,12
Dylan Fairchild,Ja'Marr Chase,0920,12
Dylan Fairchild,Joe Burrow,0920,12
Dylan Fairchild,Orlando Brown,0920,12
Dylan Fairchild,Ted Karras,0920,12
Dylan Fairchild,Drew Sample,0920,10
Dylan Fairchild,Tee Higgins,0920,10
Dylan Fairchild,Andrei Iosivas,0920,9
Dylan Fairchild,Chase Brown,0920,8
Dylan Fairchild,Samaje Perine,0920,4
Dylan Fairchild,Mike Gesicki,0920,3
Dylan Fairchild,Cam Grandy,0920,2
Dylan Fairchild,Colbie Young,0920,2
Dylan Horton,Solomon Byrd,2120,31
Dylan Horton,Jaylen Reed,2120,25
Dylan Horton,Kaevon Merriweather,2120,25
Dylan Horton,Stephen Hall,2120,23
Dylan Horton,Tremon Smith,2120,23
Dylan Horton,Kayden McDonald,2120,20
Dylan Horton,Naquan Jones,2120,19
Dylan Horton,Dominic Bailey,2120,18
Dylan Horton,Aiden Fisher,2120,16
Dylan Horton,Jamal Hill,2120,16
Dylan Horton,Jacob Hummel,2120,14
Dylan Horton,Marte Mapu,2120,14
Dylan Horton,Kamari Ramsey,2120,13
Dylan Horton,Alijah Huzzie,2120,12
Dylan Horton,Brandon Codrington,2120,11
Dylan Horton,Jaylin Smith,2120,11
Dylan Horton,Ja'Marcus Ingram,2120,10
Dylan Horton,Kyonte Hamilton,2120,10
Dylan Horton,Wade Woodaz,2120,9
Dylan Horton,K.C. Ossai,2120,8
Dylan Horton,Collin Wright,2120,7
Dylan Horton,Ali Gaye,2120,4
Dylan Laube,Atonio Mafi,2520,13
Dylan Laube,Charles Grant,2520,13
Dylan Laube,Fernando Mendoza,2520,13
Dylan Laube,Ian Thomas,2520,13
Dylan Laube,Jordan Meredith,2520,13
Dylan Laube,Trey Zuhn III,2520,13
Dylan Laube,Caleb Rogers,2520,11
Dylan Laube,Dareke Young,2520,10
Dylan Laube,Brandon Johnson,2520,9
Dylan Laube,Deven Thompkins,2520,9
Dylan Laube,Connor Heyward,2520,4
Dylan Laube,Jack Bech,2520,3
Dylan Laube,Malik Benson,2520,3
Dylan Laube,Jackson Powers-Johnson,2520,2
Dylan Laube,Albert Okwuegbunam,2520,1
E.J. Horton,Blake Freeland,2200,15
E.J. Horton,Geno VanDeMark,2200,15
E.J. Horton,Jimmy Morrissey,2200,15
E.J. Horton,Josh Kreutz,2200,15
E.J. Horton,Raylen Sharpe,2200,15
E.J. Horton,Riley Leonard,2200,15
E.J. Horton,Sahmir Hagans,2200,15
E.J. Horton,Anderson Castle,2200,13
E.J. Horton,Pharaoh Brown,2200,13
E.J. Horton,Luke Tenuta,2200,9
E.J. Horton,Bayron Matos,2200,6
E.J. Horton,Carson Towt,2200,2
E.J. Horton,Roydell Williams,2200,2
E.J. Williams Jr.,Aidan O'Connell,2520,6
E.J. Williams Jr.,Albert Okwuegbunam,2520,6
E.J. Williams Jr.,Chase Roberts,2520,6
E.J. Williams Jr.,Dalton Wagner,2520,6
E.J. Williams Jr.,Dare Ogunbowale,2520,6
E.J. Williams Jr.,Kamar Missouri,2520,6
E.J. Williams Jr.,Niklas Henning,2520,6
E.J. Williams Jr.,Phillip Dorsett,2520,6
E.J. Williams Jr.,Will Putnam,2520,6
E.J. Williams Jr.,Atonio Mafi,2520,5
E.J. Williams Jr.,Jordan Meredith,2520,1
Earnest Brown IV,Anthony Hill Jr.,2100,21
Earnest Brown IV,James Williams,2100,21
Earnest Brown IV,Micah Robinson,2100,21
Earnest Brown IV,Nazeeh Johnson,2100,21
Earnest Brown IV,Malik Herring,2100,20
Earnest Brown IV,Jalyn Holmes,2100,19
Earnest Brown IV,Erick Hallett,2100,18
Earnest Brown IV,Oluwafemi Oladejo,2100,14
Earnest Brown IV,Jerrick Reed II,2100,13
Earnest Brown IV,Kendell Brooks,2100,13
Earnest Brown IV,Tony Adams,2100,12
Earnest Brown IV,Truman Jones,2100,10
Earnest Brown IV,Keldric Faulk,2100,9
Earnest Brown IV,Jaylen Harrell,2100,6
Earnest Brown IV,Bishop Fitzgerald,2100,5
Earnest Brown IV,Derrick Canteen,2100,5
Earnest Brown IV,Dorian Mausi,2100,5
Earnest Brown IV,Alontae Taylor,2100,4
Earnest Brown IV,Amani Hooker,2100,4
Earnest Brown IV,Cedric Gray,2100,4
Earnest Brown IV,Cody Barton,2100,4
Earnest Brown IV,Cordale Flott,2100,4
Earnest Brown IV,Kevin Winston Jr.,2100,4
Earnest Brown IV,Jalen McMurray,2100,3
Earnest Brown IV,Keydrain Calligan,2100,3
Earnest Brown IV,Mani Powell,2100,3
Earnest Brown IV,Mario Goodrich,2100,3
Earnest Brown IV,Sean Brown,2100,3
Earnest Brown IV,Khalen Saunders,2100,2
Earnest Brown IV,Laki Tasi,2100,2
Earnest Brown IV,Marcus Harris,2100,2
Earnest Brown IV,Timmy Horne,2100,2
Ed Ingram,Aireontae Ersery,2120,10
Ed Ingram,Braden Smith,2120,10
Ed Ingram,Davis Mills,2120,10
Ed Ingram,Justin Watson,2120,10
Ed Ingram,Keylan Rutledge,2120,10
Ed Ingram,Wyatt Teller,2120,10
Ed Ingram,Xavier Hutchinson,2120,10
Ed Ingram,Jared Wayne,2120,7
Ed Ingram,Marlin Klein,2120,7
Ed Ingram,Noah Whittington,2120,7
Ed Ingram,Foster Moreau,2120,6
Ed Ingram,Joshua Pitsenberger,2120,3
Edgerrin Cooper,Barryn Sorrell,1800,2
Edgerrin Cooper,Brandon Cisse,1800,2
Edgerrin Cooper,Evan Williams,1800,2
Edgerrin Cooper,Karl Brooks,1800,2
Edgerrin Cooper,Keisean Nixon,1800,2
Edgerrin Cooper,Lukas Van Ness,1800,2
Edgerrin Cooper,Xavier McKinney,1800,2
Edgerrin Cooper,Zaire Franklin,1800,2
Edgerrin Cooper,Collin Oliver,1800,1
Edgerrin Cooper,Jonathan Ford,1800,1
Edgerrin Cooper,Kitan Oladapo,1800,1
Edgerrin Cooper,Warren Brinson,1800,1
Efton Chism III,Andrew Rupcich,3200,29
Efton Chism III,Caleb Lomu,3200,29
Efton Chism III,Eli Raridon,3200,29
Efton Chism III,James Hudson,3200,29
Efton Chism III,Marcus Bryant,3200,29
Efton Chism III,Tommy DeVito,3200,29
Efton Chism III,Kyle Williams,3200,20
Efton Chism III,Jacob Rizy,3200,18
Efton Chism III,Lan Larison,3200,18
Efton Chism III,Nick DeGennaro,3200,13
Efton Chism III,Ben Brown,3200,11
Efton Chism III,Jam Miller,3200,11
Efton Chism III,Kayshon Boutte,3200,11
Efton Chism III,Mack Hollins,3200,7
Efton Chism III,Tanner Arkin,3200,4
Efton Chism III,Cameron Dorner,3200,3
Eku Leota,BJ Ojulari,3800,47
Eku Leota,Isaiah Oliver,3800,39
Eku Leota,Wydett Williams Jr.,3800,39
Eku Leota,Jonah Williams,3800,33
Eku Leota,Elijah Culp,3800,31
Eku Leota,Austin Keys,3800,30
Eku Leota,Elijah Jones,3800,30
Eku Leota,Owen Pappoe,3800,28
Eku Leota,Damonic Williams,3800,23
Eku Leota,Karson Sharar,3800,23
Eku Leota,Kalen King,3800,20
Eku Leota,Brodric Martin,3800,19
Eku Leota,Cam Horsley,3800,18
Eku Leota,Kei'Trel Clark,3800,17
Eku Leota,Quinton Newsome,3800,14
Eku Leota,Dadrion Taylor-Demerson,3800,13
Eku Leota,Kitan Crawford,3800,10
Eku Leota,Denzel Burke,3800,9
Eku Leota,Walter Nolen,3800,9
Eku Leota,Jack Gibbens,3800,8
Eku Leota,Starling Thomas V,3800,7
Eku Leota,Andrew Billings,3800,6
Eku Leota,Cody Simon,3800,6
Eku Leota,Will Johnson,3800,6
Eku Leota,Darius Robinson,3800,5
Eku Leota,Sean Murphy-Bunting,3800,5
Eku Leota,Jordan Burch,3800,4
Eku Leota,L.J. Collier,3800,4
Eku Leota,Max Melton,3800,4
Eku Leota,Andrew Wingard,3800,3
Eku Leota,Eugene Asante,3800,3
Eku Leota,Mack Wilson,3800,3
Eku Leota,Zachary Carter,3800,2
Eku Leota,Elliott Brown,3800,1
Eku Leota,Roy Lopez,3800,1
Eli Apple,Ephesians Prysock,4500,15
Eli Apple,Jakob Robinson,4500,15
Eli Apple,Jalen Graham,4500,15
Eli Apple,Jalen Stroman,4500,15
Eli Apple,Patrick McMorris,4500,15
Eli Apple,Larry Worth,4500,13
Eli Apple,Xavier Thomas,4500,10
Eli Apple,Gracen Halton,4500,8
Eli Apple,Sebastian Valdez,4500,8
Eli Apple,Titus Leo,4500,8
Eli Apple,Bryson Eason,4500,7
Eli Apple,James Thompson Jr.,4500,7
Eli Apple,Quinton Bell,4500,7
Eli Apple,Ogbo Okoronkwo,4500,5
Eli Apple,Nick Martin,4500,2
Eli Cox,Davis Mills,2120,14
Eli Cox,James Neal III,2120,14
Eli Cox,Jarrett Kingston,2120,14
Eli Cox,Jarrett Patterson,2120,14
Eli Cox,Sam Hagen,2120,14
Eli Cox,Treyvhon Saunders,2120,13
Eli Cox,Jha'Quan Jackson,2120,10
Eli Cox,Joshua Pitsenberger,2120,10
Eli Cox,Layne Pryor,2120,10
Eli Cox,Cade Stover,2120,8
Eli Cox,Daniel Sobkowicz,2120,8
Eli Cox,Juwann Winfree,2120,5
Eli Cox,Noah Whittington,2120,3
Eli Cox,Josh Kelly,2120,1
Eli Cox,Lewis Bond,2120,1
Eli Cox,Owen Wright,2120,1
Eli Heidenreich,Broderick Jones,3900,21
Eli Heidenreich,Doug Nester,3900,21
Eli Heidenreich,Drew Allar,3900,21
Eli Heidenreich,Gennings Dunker,3900,21
Eli Heidenreich,Greg Crippen,3900,21
Eli Heidenreich,Jack Driscoll,3900,21
Eli Heidenreich,Max Hurleman,3900,18
Eli Heidenreich,Lake McRee,3900,16
Eli Heidenreich,Joaquin Davis,3900,11
Eli Heidenreich,Levi Wentz,3900,11
Eli Heidenreich,Jakobie Keeney-James,3900,10
Eli Heidenreich,Kaden Wetjen,3900,8
Eli Heidenreich,Jaheim Bell,3900,5
Eli Heidenreich,Riley Nowakowski,3900,4
Eli Heidenreich,Lance Mason,3900,1
Eli Pancol,Blake Freeland,2200,28
Eli Pancol,Jalen Farmer,2200,28
Eli Pancol,Luke Tenuta,2200,28
Eli Pancol,Will Mallory,2200,25
Eli Pancol,Josh Sills,2200,19
Eli Pancol,D.J. Montgomery,2200,16
Eli Pancol,Anthony Richardson,2200,14
Eli Pancol,Coleman Owen,2200,14
Eli Pancol,Dalton Tucker,2200,14
Eli Pancol,Jimmy Morrissey,2200,14
Eli Pancol,Riley Leonard,2200,14
Eli Pancol,Ulysses Bentley IV,2200,14
Eli Pancol,Anderson Castle,2200,12
Eli Pancol,Deion Burks,2200,12
Eli Pancol,Pharaoh Brown,2200,10
Eli Pancol,Geno VanDeMark,2200,9
Eli Pancol,Raylen Sharpe,2200,7
Eli Pancol,Roydell Williams,2200,2
Eli Raridon,Andrew Rupcich,3200,34
Eli Raridon,Caleb Lomu,3200,34
Eli Raridon,James Hudson,3200,34
Eli Raridon,Marcus Bryant,3200,34
Eli Raridon,Tommy DeVito,3200,34
Eli Raridon,Efton Chism III,3200,29
Eli Raridon,Kyle Williams,3200,22
Eli Raridon,Jacob Rizy,3200,20
Eli Raridon,Lan Larison,3200,18
Eli Raridon,Jam Miller,3200,16
Eli Raridon,Nick DeGennaro,3200,15
Eli Raridon,Ben Brown,3200,14
Eli Raridon,Kayshon Boutte,3200,14
Eli Raridon,Mack Hollins,3200,10
Eli Raridon,Tanner Arkin,3200,9
Eli Raridon,Cameron Dorner,3200,3
Elic Ayomanor,Fernando Carmona,2100,21
Elic Ayomanor,Chimere Dike,2100,18
Elic Ayomanor,Austin Schlottmann,2100,15
Elic Ayomanor,Cam Ward,2100,15
Elic Ayomanor,Dan Moore Jr.,2100,15
Elic Ayomanor,JC Latham,2100,15
Elic Ayomanor,Peter Skoronski,2100,15
Elic Ayomanor,Austin Deculus,2100,13
Elic Ayomanor,Brandon Crenshaw-Dickson,2100,13
Elic Ayomanor,Jackson Slater,2100,13
Elic Ayomanor,Pat Coogan,2100,13
Elic Ayomanor,Wan'Dale Robinson,2100,12
Elic Ayomanor,Nicholas Singleton,2100,10
Elic Ayomanor,Tyjae Spears,2100,10
Elic Ayomanor,Carnell Tate,2100,9
Elic Ayomanor,Daniel Bellinger,2100,9
Elic Ayomanor,David Martin-Robinson,2100,9
Elic Ayomanor,Gunnar Helm,2100,9
Elic Ayomanor,Kylen Granson,2100,9
Elic Ayomanor,Mitchell Trubisky,2100,8
Elic Ayomanor,Cordell Volson,2100,7
Elic Ayomanor,Xavier Restrepo,2100,7
Elic Ayomanor,Tony Pollard,2100,5
Elic Ayomanor,Will Levis,2100,5
Elic Ayomanor,Michael Carter,2100,3
Elic Ayomanor,Calvin Ridley,2100,1
Elic Ayomanor,Jaren Kanak,2100,1
Elijah Cooks,Haynes King,0750,32
Elijah Cooks,Isaia Glass,0750,32
Elijah Cooks,Ja'Tyre Carter,0750,32
Elijah Cooks,Nick Samac,0750,30
Elijah Cooks,Ryan Hayes,0750,28
Elijah Cooks,Casey Washington,0750,24
Elijah Cooks,Jimmy Horn Jr.,0750,24
Elijah Cooks,Caden Prieskorn,0750,23
Elijah Cooks,Stone Forsythe,0750,20
Elijah Cooks,Albert Reese,0750,16
Elijah Cooks,Miles Davis,0750,16
Elijah Cooks,Anthony Tyus III,0750,14
Elijah Cooks,Chamon Metayer,0750,13
Elijah Cooks,Ja'Seem Reed,0750,4
Elijah Cooks,Roc Taylor,0750,4
Elijah Cooks,AJ Dillon,0750,2
Elijah Cooks,James Mitchell,0750,2
Elijah Cooks,John Metchie III,0750,2
Elijah Cooks,Sam Hecht,0750,2
Elijah Culp,Isaiah Oliver,3800,67
Elijah Culp,Wydett Williams Jr.,3800,67
Elijah Culp,Austin Keys,3800,51
Elijah Culp,Jonah Williams,3800,45
Elijah Culp,Elijah Jones,3800,42
Elijah Culp,Karson Sharar,3800,40
Elijah Culp,Damonic Williams,3800,38
Elijah Culp,Cam Robertson,3800,36
Elijah Culp,Owen Pappoe,3800,36
Elijah Culp,Elliott Brown,3800,34
Elijah Culp,BJ Ojulari,3800,33
Elijah Culp,Eku Leota,3800,31
Elijah Culp,Brodric Martin,3800,30
Elijah Culp,Cam Horsley,3800,30
Elijah Culp,Quinton Newsome,3800,30
Elijah Culp,Kalen King,3800,23
Elijah Culp,Kei'Trel Clark,3800,20
Elijah Culp,Eugene Asante,3800,7
Elijah Culp,Andrew Billings,3800,5
Elijah Culp,Starling Thomas V,3800,5
Elijah Garcia,Jackson Kuwatch,0750,16
Elijah Garcia,Demani Richardson,0750,15
Elijah Garcia,Nick Hampton,0750,13
Elijah Garcia,Thomas Incoom,0750,13
Elijah Garcia,Isaiah Simmons,0750,12
Elijah Garcia,Bam Martin-Scott,0750,11
Elijah Garcia,Devonta Smith,0750,10
Elijah Garcia,Aaron Hall,0750,8
Elijah Garcia,Cam Miller,0750,8
Elijah Garcia,Corey Thornton,0750,8
Elijah Garcia,Robert Rochell,0750,8
Elijah Garcia,Zakee Wheatley,0750,8
Elijah Garcia,Akayleb Evans,0750,7
Elijah Garcia,Kyon Barrs,0750,7
Elijah Garcia,Cam Gill,0750,4
Elijah Garcia,Isaiah Smith,0750,4
Elijah Garcia,Jared Harrison-Hunte,0750,4
Elijah Garcia,Lathan Ransom,0750,4
Elijah Garcia,Lee Hunter,0750,4
Elijah Garcia,Maema Njongmeta,0750,4
Elijah Garcia,Tyrek Funderburk,0750,4
Elijah Garcia,Cam Jackson,0750,3
Elijah Garcia,Claudin Cherelus,0750,3
Elijah Garcia,Trevin Wallace,0750,3
Elijah Garcia,Will Lee III,0750,3
Elijah Garcia,Parker Petersen,0750,2
Elijah Garcia,Princely Umanmielen,0750,2
Elijah Garcia,Trevis Gipson,0750,2
Elijah Jones,Isaiah Oliver,3800,63
Elijah Jones,Wydett Williams Jr.,3800,63
Elijah Jones,Karson Sharar,3800,50
Elijah Jones,Jonah Williams,3800,48
Elijah Jones,Austin Keys,3800,45
Elijah Jones,Elijah Culp,3800,42
Elijah Jones,Cam Robertson,3800,40
Elijah Jones,Damonic Williams,3800,40
Elijah Jones,Owen Pappoe,3800,39
Elijah Jones,Elliott Brown,3800,38
Elijah Jones,Cam Horsley,3800,34
Elijah Jones,BJ Ojulari,3800,32
Elijah Jones,Eku Leota,3800,30
Elijah Jones,Quinton Newsome,3800,30
Elijah Jones,Brodric Martin,3800,26
Elijah Jones,Kalen King,3800,26
Elijah Jones,Kei'Trel Clark,3800,16
Elijah Jones,Starling Thomas V,3800,12
Elijah Jones,Dadrion Taylor-Demerson,3800,7
Elijah Jones,Kitan Crawford,3800,7
Elijah Jones,Andrew Billings,3800,5
Elijah Jones,Eugene Asante,3800,4
Elijah Jones,Zachary Carter,3800,3
Elijah Wilkinson,Hjalte Froholdt,3800,10
Elijah Wilkinson,Isaac Seumalo,3800,10
Elijah Wilkinson,Isaiah Adams,3800,10
Elijah Wilkinson,Jacoby Brissett,3800,10
Elijah Wilkinson,Marvin Harrison Jr.,3800,10
Elijah Wilkinson,Paris Johnson Jr.,3800,10
Elijah Wilkinson,Jeremiyah Love,3800,7
Elijah Wilkinson,Kendrick Bourne,3800,7
Elijah Wilkinson,Teagan Quitoriano,3800,7
Elijah Wilkinson,Michael Wilson,3800,6
Elijah Wilkinson,Rivaldo Fairweather,3800,5
Elijah Wilkinson,Jalen Brooks,3800,4
Elijah Wilkinson,Tyler Allgeier,3800,3
Elijah Wilkinson,Trey McBride,3800,1
Elliott Brown,Cam Robertson,3800,52
Elliott Brown,Isaiah Oliver,3800,47
Elliott Brown,Wydett Williams Jr.,3800,47
Elliott Brown,Elijah Jones,3800,38
Elliott Brown,Owen Pappoe,3800,38
Elliott Brown,Jonah Williams,3800,36
Elliott Brown,Elijah Culp,3800,34
Elliott Brown,Austin Keys,3800,33
Elliott Brown,Karson Sharar,3800,29
Elliott Brown,Damonic Williams,3800,27
Elliott Brown,Cam Horsley,3800,26
Elliott Brown,Kalen King,3800,26
Elliott Brown,Kei'Trel Clark,3800,19
Elliott Brown,Brodric Martin,3800,18
Elliott Brown,Quinton Newsome,3800,14
Elliott Brown,Starling Thomas V,3800,12
Elliott Brown,Andrew Billings,3800,10
Elliott Brown,Dadrion Taylor-Demerson,3800,8
Elliott Brown,Kitan Crawford,3800,8
Elliott Brown,Eugene Asante,3800,4
Elliott Brown,Cody Simon,3800,3
Elliott Brown,Denzel Burke,3800,3
Elliott Brown,Jack Gibbens,3800,3
Elliott Brown,Max Melton,3800,3
Elliott Brown,Walter Nolen,3800,3
Elliott Brown,Darius Robinson,3800,2
Elliott Brown,Jordan Burch,3800,2
Elliott Brown,Eku Leota,3800,1
Elliott Brown,L.J. Collier,3800,1
Elliott Brown,Sean Murphy-Bunting,3800,1
Elliott Brown,Will Johnson,3800,1
Elliott Brown,Zachary Carter,3800,1
Emany Johnson,Isas Waxter,4400,16
Emany Johnson,Lander Barton,4400,14
Emany Johnson,Myles Purchase,4400,14
Emany Johnson,Avery Smith,4400,13
Emany Johnson,Eric Rogers,4400,13
Emany Johnson,Terry Webb,4400,13
Emany Johnson,Jahmeer Carter,4400,10
Emany Johnson,Kyle Kennard,4400,10
Emany Johnson,Nadame Tucker,4400,10
Emany Johnson,Andre Carter II,4400,8
Emany Johnson,Devin Grant,4400,8
Emany Johnson,Garmon Randolph,4400,8
Emany Johnson,Jacobian Guillory,4400,8
Emany Johnson,Noah Avinger,4400,6
Emany Johnson,Nick Barrett,4400,5
Emany Johnson,Genesis Smith,4400,4
Emany Johnson,Marlowe Wax,4400,4
Emany Johnson,Nikko Reed,4400,4
Emany Johnson,TeRah Edwards,4400,4
Emany Johnson,Deane Leonard,4400,3
Emany Johnson,R.J. Mickens,4400,3
Emany Johnson,Kendall Williamson,4400,1
Emany Johnson,Rodney Shelley,4400,1
Ennis Rakestraw Jr.,Devin White,1540,21
Ennis Rakestraw Jr.,Nick Whiteside,1540,21
Ennis Rakestraw Jr.,Thomas Harper,1540,21
Ennis Rakestraw Jr.,Trevor Nowaske,1540,21
Ennis Rakestraw Jr.,Anthony Lucas,1540,19
Ennis Rakestraw Jr.,Christian Izien,1540,13
Ennis Rakestraw Jr.,Levi Onwuzurike,1540,13
Ennis Rakestraw Jr.,Tyler Lacy,1540,13
Ennis Rakestraw Jr.,Chris Smith,1540,12
Ennis Rakestraw Jr.,Chuck Clark,1540,11
Ennis Rakestraw Jr.,Aamaris Brown,1540,10
Ennis Rakestraw Jr.,Ahmed Hassanein,1540,8
Ennis Rakestraw Jr.,Mekhi Wingo,1540,8
Ennis Rakestraw Jr.,Keith Abney II,1540,5
Ennis Rakestraw Jr.,Skyler Gill-Howard,1540,5
Ennis Rakestraw Jr.,Myles Adams,1540,4
Ennis Rakestraw Jr.,Joe Bachie,1540,3
Ennis Rakestraw Jr.,Eric O'Neill,1540,2
Enrique Cruz,Adrian Martinez,4500,31
Enrique Cruz,Carver Willis,4500,31
Enrique Cruz,Doug Kramer,4500,31
Enrique Cruz,Isaac Alarcon,4500,31
Enrique Cruz,Kion Smith,4500,31
Enrique Cruz,Josiah Deguara,4500,23
Enrique Cruz,Trenton Irwin,4500,20
Enrique Cruz,Hayden Rucci,4500,19
Enrique Cruz,Jordan Watkins,4500,18
Enrique Cruz,Khalil Herbert,4500,18
Enrique Cruz,Wesley Grimes,4500,13
Enrique Cruz,Will Pauling,4500,13
Enrique Cruz,KhaDarel Hodge,4500,12
Enrique Cruz,Sincere McCormick,4500,7
Enrique Cruz,Malik Turner,4500,6
Enrique Cruz,Zamir White,4500,6
Ephesians Prysock,Jakob Robinson,4500,37
Ephesians Prysock,Darrell Luter Jr.,4500,34
Ephesians Prysock,Jalen Stroman,4500,32
Ephesians Prysock,Titus Leo,4500,27
Ephesians Prysock,Ashtyn Davis,4500,26
Ephesians Prysock,Sebastian Valdez,4500,26
Ephesians Prysock,Tatum Bethune,4500,26
Ephesians Prysock,Gracen Halton,4500,24
Ephesians Prysock,Patrick McMorris,4500,23
Ephesians Prysock,Quinton Bell,4500,23
Ephesians Prysock,Jaden Dugger,4500,21
Ephesians Prysock,Jalen Graham,4500,21
Ephesians Prysock,Nick Martin,4500,21
Ephesians Prysock,Xavier Thomas,4500,20
Ephesians Prysock,James Thompson Jr.,4500,18
Ephesians Prysock,Ogbo Okoronkwo,4500,18
Ephesians Prysock,Bryson Eason,4500,17
Ephesians Prysock,Marques Sigle,4500,17
Ephesians Prysock,Eli Apple,4500,15
Ephesians Prysock,Alfred Collins,4500,13
Ephesians Prysock,Larry Worth,4500,13
Ephesians Prysock,Romello Height,4500,10
Ephesians Prysock,Garret Wallow,4500,8
Eric Butler,Brandon Crossley,3200,21
Eric Butler,Kenneth Harris,3200,21
Eric Butler,Khalil Jacobs,3200,21
Eric Butler,Kobee Minor,3200,21
Eric Butler,Bradyn Swinson,3200,20
Eric Butler,Peter Manuma,3200,17
Eric Butler,Amari Gainer,3200,15
Eric Butler,Namdi Obiazor,3200,12
Eric Butler,Isaiah Iton,3200,11
Eric Butler,Leonard Taylor III,3200,10
Eric Butler,Casey Rogers,3200,8
Eric Butler,Jeremiah Pharms Jr.,3200,8
Eric Butler,Riley Wilson,3200,8
Eric Butler,Eric Gregory,3200,5
Eric Butler,Jesse Luketa,3200,5
Eric Butler,Mike Brown,3200,5
Eric Butler,Quintayvious Hutchins,3200,2
Eric Gregory,Karon Prunty,3200,22
Eric Gregory,Khalil Jacobs,3200,19
Eric Gregory,Channing Canada,3200,17
Eric Gregory,Mike Brown,3200,16
Eric Gregory,Chad Muma,3200,15
Eric Gregory,Dell Pettus,3200,15
Eric Gregory,Gabe Jacas,3200,15
Eric Gregory,John Saunders Jr.,3200,15
Eric Gregory,Quintayvious Hutchins,3200,15
Eric Gregory,Bradyn Swinson,3200,14
Eric Gregory,Joshua Farmer,3200,14
Eric Gregory,Marcellas Dial Jr.,3200,12
Eric Gregory,K.J. Britt,3200,10
Eric Gregory,Kobee Minor,3200,10
Eric Gregory,Leonard Taylor III,3200,10
Eric Gregory,Amari Gainer,3200,9
Eric Gregory,Brandon Crossley,3200,9
Eric Gregory,Namdi Obiazor,3200,9
Eric Gregory,Peter Manuma,3200,9
Eric Gregory,Isaiah Iton,3200,7
Eric Gregory,Eric Butler,3200,5
Eric Gregory,Jesse Luketa,3200,5
Eric Gregory,Kenneth Harris,3200,5
Eric Gregory,Kindle Vildor,3200,5
Eric Gregory,Riley Wilson,3200,5
Eric Gregory,Jeremiah Pharms Jr.,3200,3
Eric O'Neill,Keith Abney II,1540,35
Eric O'Neill,Erick Hunter,1540,32
Eric O'Neill,Aamaris Brown,1540,27
Eric O'Neill,Myles Adams,1540,26
Eric O'Neill,Roger McCreary,1540,26
Eric O'Neill,Skyler Gill-Howard,1540,25
Eric O'Neill,Dan Jackson,1540,20
Eric O'Neill,Ryan Cooper Jr.,1540,20
Eric O'Neill,Troy Reeder,1540,20
Eric O'Neill,Anthony Lucas,1540,17
Eric O'Neill,Joe Bachie,1540,14
Eric O'Neill,Ahmed Hassanein,1540,13
Eric O'Neill,Thomas Harper,1540,12
Eric O'Neill,Khalil Dorsey,1540,11
Eric O'Neill,Ben Stille,1540,10
Eric O'Neill,Amen Ogbongbemiga,1540,9
Eric O'Neill,Chris Smith,1540,9
Eric O'Neill,Nick Whiteside,1540,9
Eric O'Neill,Christian Izien,1540,8
Eric O'Neill,Loren Strickland,1540,7
Eric O'Neill,Mekhi Wingo,1540,7
Eric O'Neill,Trevor Nowaske,1540,4
Eric O'Neill,Tyre West,1540,4
Eric O'Neill,Devin White,1540,2
Eric O'Neill,Ennis Rakestraw Jr.,1540,2
Eric O'Neill,Chuck Clark,1540,1
Eric Rogers,Isas Waxter,4400,17
Eric Rogers,Andre Carter II,4400,13
Eric Rogers,Emany Johnson,4400,13
Eric Rogers,Garmon Randolph,4400,13
Eric Rogers,Lander Barton,4400,13
Eric Rogers,Myles Purchase,4400,13
Eric Rogers,Terry Webb,4400,13
Eric Rogers,Avery Smith,4400,12
Eric Rogers,Jacobian Guillory,4400,12
Eric Rogers,Devin Grant,4400,10
Eric Rogers,Nick Barrett,4400,9
Eric Rogers,Jahmeer Carter,4400,8
Eric Rogers,Junior Colson,4400,7
Eric Rogers,Kendall Williamson,4400,7
Eric Rogers,Kyle Kennard,4400,7
Eric Rogers,Marlowe Wax,4400,7
Eric Rogers,Nadame Tucker,4400,7
Eric Rogers,Noah Avinger,4400,6
Eric Rogers,TeRah Edwards,4400,6
Eric Rogers,R.J. Mickens,4400,4
Eric Rogers,Rodney Shelley,4400,3
Eric Stokes,Darien Porter,2520,10
Eric Stokes,Isaiah Pola-Mao,2520,10
Eric Stokes,Jeremy Chinn,2520,10
Eric Stokes,Kwity Paye,2520,10
Eric Stokes,Malcolm Koonce,2520,10
Eric Stokes,Nakobe Dean,2520,10
Eric Stokes,Quay Walker,2520,10
Eric Stokes,Taron Johnson,2520,8
Eric Stokes,Adam Butler,2520,7
Eric Stokes,Tonka Hemingway,2520,6
Eric Stokes,Jonah Laulu,2520,5
Eric Stokes,Thomas Booker,2520,4
Erick Hallett,Anthony Hill Jr.,2100,28
Erick Hallett,Micah Robinson,2100,28
Erick Hallett,Nazeeh Johnson,2100,28
Erick Hallett,James Williams,2100,21
Erick Hallett,Earnest Brown IV,2100,18
Erick Hallett,Malik Herring,2100,18
Erick Hallett,Kendell Brooks,2100,16
Erick Hallett,Oluwafemi Oladejo,2100,14
Erick Hallett,Tony Adams,2100,14
Erick Hallett,Jalyn Holmes,2100,13
Erick Hallett,Jerrick Reed II,2100,12
Erick Hallett,Keldric Faulk,2100,12
Erick Hallett,Khalen Saunders,2100,11
Erick Hallett,Jaylen Harrell,2100,9
Erick Hallett,Truman Jones,2100,9
Erick Hallett,Bishop Fitzgerald,2100,7
Erick Hallett,Derrick Canteen,2100,7
Erick Hallett,Dorian Mausi,2100,7
Erick Hallett,Timmy Horne,2100,6
Erick Hallett,Laki Tasi,2100,2
Erick Hunter,Keith Abney II,1540,34
Erick Hunter,Eric O'Neill,1540,32
Erick Hunter,Roger McCreary,1540,32
Erick Hunter,Aamaris Brown,1540,29
Erick Hunter,Myles Adams,1540,29
Erick Hunter,Skyler Gill-Howard,1540,29
Erick Hunter,Anthony Lucas,1540,23
Erick Hunter,Joe Bachie,1540,21
Erick Hunter,Dan Jackson,1540,18
Erick Hunter,Ryan Cooper Jr.,1540,18
Erick Hunter,Ahmed Hassanein,1540,17
Erick Hunter,Thomas Harper,1540,17
Erick Hunter,Troy Reeder,1540,17
Erick Hunter,Khalil Dorsey,1540,15
Erick Hunter,Christian Izien,1540,13
Erick Hunter,Chris Smith,1540,12
Erick Hunter,Nick Whiteside,1540,11
Erick Hunter,Ben Stille,1540,10
Erick Hunter,Amen Ogbongbemiga,1540,8
Erick Hunter,Loren Strickland,1540,8
Erick Hunter,Mekhi Wingo,1540,5
Erick Hunter,Trevor Nowaske,1540,5
Erick Hunter,Tyre West,1540,4
Erick Hunter,Levi Onwuzurike,1540,2
Esezi Otomewo,Carson Bruener,3900,21
Esezi Otomewo,Cole Holcomb,3900,20
Esezi Otomewo,Daylen Everette,3900,20
Esezi Otomewo,Sebastian Castro,3900,20
Esezi Otomewo,Jamin Davis,3900,19
Esezi Otomewo,D'Shawn Jamison,3900,15
Esezi Otomewo,Devan Boykin,3900,15
Esezi Otomewo,Robert Spears-Jennings,3900,14
Esezi Otomewo,Jack Sawyer,3900,13
Esezi Otomewo,Julius Welschof,3900,12
Esezi Otomewo,Doneiko Slaughter,3900,11
Esezi Otomewo,Dean Lowry,3900,9
Esezi Otomewo,Gabe Rubio,3900,7
Esezi Otomewo,Kevin Jobity Jr.,3900,7
Esezi Otomewo,Yahya Black,3900,6
Esezi Otomewo,Daryl Porter,3900,2
Esezi Otomewo,Israel Mukuamu,3900,2
Esezi Otomewo,Jack Henderson,3900,2
Esezi Otomewo,Malik Harrison,3900,2
Esezi Otomewo,Tamon Lynum,3900,2
Esezi Otomewo,Jacoby Windmon,3900,1
Eugene Asante,Elijah Culp,3800,7
Eugene Asante,Isaiah Oliver,3800,7
Eugene Asante,Owen Pappoe,3800,7
Eugene Asante,Wydett Williams Jr.,3800,7
Eugene Asante,Jonah Williams,3800,6
Eugene Asante,Cam Horsley,3800,4
Eugene Asante,Cam Robertson,3800,4
Eugene Asante,Elijah Jones,3800,4
Eugene Asante,Elliott Brown,3800,4
Eugene Asante,Quinton Newsome,3800,4
Eugene Asante,BJ Ojulari,3800,3
Eugene Asante,Brodric Martin,3800,3
Eugene Asante,Damonic Williams,3800,3
Eugene Asante,Eku Leota,3800,3
Eugene Asante,Starling Thomas V,3800,3
Eugene Asante,Kalen King,3800,1
Evan Brown,Blake Fisher,2120,26
Evan Brown,Febechi Nwaiwu,2120,26
Evan Brown,Sam Hagen,2120,26
Evan Brown,Lewis Bond,2120,18
Evan Brown,Cade Stover,2120,17
Evan Brown,Graham Mertz,2120,17
Evan Brown,Jared Wayne,2120,17
Evan Brown,Jarrett Patterson,2120,17
Evan Brown,Justin Watson,2120,15
Evan Brown,Noah Whittington,2120,15
Evan Brown,Foster Moreau,2120,14
Evan Brown,Josh Kelly,2120,11
Evan Brown,Davis Mills,2120,9
Evan Brown,Jake Andrews,2120,9
Evan Brown,Joshua Pitsenberger,2120,7
Evan Brown,Layne Pryor,2120,4
Evan Brown,Owen Wright,2120,4
Evan Brown,Treyvhon Saunders,2120,4
Evan Brown,Marlin Klein,2120,3
Evan Brown,Juwann Winfree,2120,1
Evan Hull,Ka'ena Decambra,3800,15
Evan Hull,Kedon Slovis,3800,15
Evan Hull,Reggie Virgil,3800,15
Evan Hull,Valentin Senn,3800,15
Evan Hull,Demontrey Jacobs,3800,13
Evan Hull,Olisaemeka Udoh,3800,13
Evan Hull,Harrison Wallace III,3800,11
Evan Hull,Bryson Green,3800,10
Evan Hull,Jameson Geers,3800,10
Evan Hull,Matt Pryor,3800,10
Evan Hull,Christian Jones,3800,9
Evan Hull,Xavier Weaver,3800,6
Evan Hull,Rivaldo Fairweather,3800,5
Evan Hull,Shawn Bowman,3800,3
Evan Svoboda,Logan Taylor,4400,31
Evan Svoboda,Jacob Spomer,4400,30
Evan Svoboda,Travis Burke,4400,28
Evan Svoboda,Dalevon Campbell,4400,22
Evan Svoboda,Jake Slaughter,4400,18
Evan Svoboda,Johnny Pascuzzi,4400,18
Evan Svoboda,Alex Harkey,4400,17
Evan Svoboda,DJ Uiagalelei,4400,17
Evan Svoboda,JaQuae Jackson,4400,15
Evan Svoboda,Devonte Ross,4400,14
Evan Svoboda,Trey Lance,4400,14
Evan Svoboda,Amar Johnson,4400,13
Evan Svoboda,Josh Kaltenberger,4400,13
Evan Svoboda,Trevor Penning,4400,13
Evan Svoboda,Gregory Desrosiers,4400,11
Evan Svoboda,Brenen Thompson,4400,7
Evan Svoboda,KeAndre Lambert-Smith,4400,7
Evan Svoboda,Derius Davis,4400,6
Evan Svoboda,Jaret Patterson,4400,6
Evan Svoboda,Branson Taylor,4400,4
Evan Svoboda,Luke Grimm,4400,3
Evan Svoboda,Kayode Awosika,4400,1
Evan Svoboda,Kimani Vidal,4400,1
Evan Svoboda,Scott Matlock,4400,1
Evan Williams,Barryn Sorrell,1800,2
Evan Williams,Brandon Cisse,1800,2
Evan Williams,Edgerrin Cooper,1800,2
Evan Williams,Karl Brooks,1800,2
Evan Williams,Keisean Nixon,1800,2
Evan Williams,Lukas Van Ness,1800,2
Evan Williams,Xavier McKinney,1800,2
Evan Williams,Zaire Franklin,1800,2
Evan Williams,Collin Oliver,1800,1
Evan Williams,Jonathan Ford,1800,1
Evan Williams,Kitan Oladapo,1800,1
Evan Williams,Warren Brinson,1800,1
Febechi Nwaiwu,Blake Fisher,2120,26
Febechi Nwaiwu,Evan Brown,2120,26
Febechi Nwaiwu,Sam Hagen,2120,26
Febechi Nwaiwu,Lewis Bond,2120,18
Febechi Nwaiwu,Cade Stover,2120,17
Febechi Nwaiwu,Graham Mertz,2120,17
Febechi Nwaiwu,Jared Wayne,2120,17
Febechi Nwaiwu,Jarrett Patterson,2120,17
Febechi Nwaiwu,Justin Watson,2120,15
Febechi Nwaiwu,Noah Whittington,2120,15
Febechi Nwaiwu,Foster Moreau,2120,14
Febechi Nwaiwu,Josh Kelly,2120,11
Febechi Nwaiwu,Davis Mills,2120,9
Febechi Nwaiwu,Jake Andrews,2120,9
Febechi Nwaiwu,Joshua Pitsenberger,2120,7
Febechi Nwaiwu,Layne Pryor,2120,4
Febechi Nwaiwu,Owen Wright,2120,4
Febechi Nwaiwu,Treyvhon Saunders,2120,4
Febechi Nwaiwu,Marlin Klein,2120,3
Febechi Nwaiwu,Juwann Winfree,2120,1
Feleipe Franks,Albert Reese,0750,21
Feleipe Franks,Sam Hecht,0750,21
Feleipe Franks,Stone Forsythe,0750,21
Feleipe Franks,AJ Dillon,0750,15
Feleipe Franks,Ja'Seem Reed,0750,12
Feleipe Franks,Haynes King,0750,11
Feleipe Franks,Isaia Glass,0750,11
Feleipe Franks,Ja'Tyre Carter,0750,11
Feleipe Franks,John Metchie III,0750,11
Feleipe Franks,Brady Christensen,0750,10
Feleipe Franks,Brycen Tremayne,0750,10
Feleipe Franks,Chandler Zavala,0750,10
Feleipe Franks,Kenny Pickett,0750,10
Feleipe Franks,David Moore,0750,9
Feleipe Franks,James Mitchell,0750,8
Feleipe Franks,Malick Meiga,0750,8
Feleipe Franks,Trevor Etienne,0750,6
Feleipe Franks,Jimmy Horn Jr.,0750,4
Feleipe Franks,Casey Washington,0750,1
Fernando Carmona,Austin Schlottmann,2100,21
Fernando Carmona,Cam Ward,2100,21
Fernando Carmona,Dan Moore Jr.,2100,21
Fernando Carmona,Elic Ayomanor,2100,21
Fernando Carmona,JC Latham,2100,21
Fernando Carmona,Peter Skoronski,2100,21
Fernando Carmona,Wan'Dale Robinson,2100,16
Fernando Carmona,Carnell Tate,2100,15
Fernando Carmona,Daniel Bellinger,2100,13
Fernando Carmona,Gunnar Helm,2100,13
Fernando Carmona,Tyjae Spears,2100,12
Fernando Carmona,Chimere Dike,2100,11
Fernando Carmona,Tony Pollard,2100,9
Fernando Carmona,Calvin Ridley,2100,7
Fernando Carmona,Austin Deculus,2100,6
Fernando Carmona,Brandon Crenshaw-Dickson,2100,6
Fernando Carmona,David Martin-Robinson,2100,6
Fernando Carmona,Jackson Slater,2100,6
Fernando Carmona,Mitchell Trubisky,2100,6
Fernando Carmona,Nicholas Singleton,2100,6
Fernando Carmona,Pat Coogan,2100,6
Fernando Carmona,Kylen Granson,2100,3
Fernando Carmona,Xavier Restrepo,2100,2
Fernando Carmona,Jaren Kanak,2100,1
Fernando Mendoza,Atonio Mafi,2520,28
Fernando Mendoza,Charles Grant,2520,28
Fernando Mendoza,Ian Thomas,2520,28
Fernando Mendoza,Jordan Meredith,2520,28
Fernando Mendoza,Trey Zuhn III,2520,28
Fernando Mendoza,Caleb Rogers,2520,19
Fernando Mendoza,Malik Benson,2520,17
Fernando Mendoza,Deven Thompkins,2520,16
Fernando Mendoza,Mike Washington Jr.,2520,15
Fernando Mendoza,Jack Bech,2520,14
Fernando Mendoza,Dylan Laube,2520,13
Fernando Mendoza,Brandon Johnson,2520,12
Fernando Mendoza,Dareke Young,2520,11
Fernando Mendoza,Jackson Powers-Johnson,2520,9
Fernando Mendoza,Connor Heyward,2520,8
Fernando Mendoza,Albert Okwuegbunam,2520,6
Foster Moreau,Justin Watson,2120,15
Foster Moreau,Blake Fisher,2120,14
Foster Moreau,Evan Brown,2120,14
Foster Moreau,Febechi Nwaiwu,2120,14
Foster Moreau,Jared Wayne,2120,14
Foster Moreau,Noah Whittington,2120,14
Foster Moreau,Sam Hagen,2120,14
Foster Moreau,Graham Mertz,2120,11
Foster Moreau,Jarrett Patterson,2120,11
Foster Moreau,Davis Mills,2120,9
Foster Moreau,Cade Stover,2120,8
Foster Moreau,Aireontae Ersery,2120,6
Foster Moreau,Braden Smith,2120,6
Foster Moreau,Ed Ingram,2120,6
Foster Moreau,Keylan Rutledge,2120,6
Foster Moreau,Lewis Bond,2120,6
Foster Moreau,Wyatt Teller,2120,6
Foster Moreau,Xavier Hutchinson,2120,6
Foster Moreau,Josh Kelly,2120,5
Foster Moreau,Joshua Pitsenberger,2120,5
Foster Moreau,Jake Andrews,2120,3
Foster Moreau,Marlin Klein,2120,3
Foster Moreau,Treyvhon Saunders,2120,2
Foster Moreau,Juwann Winfree,2120,1
Foster Moreau,Owen Wright,2120,1
Gabe Jacas,Chad Muma,3200,25
Gabe Jacas,Dell Pettus,3200,25
Gabe Jacas,Karon Prunty,3200,25
Gabe Jacas,Quintayvious Hutchins,3200,25
Gabe Jacas,Channing Canada,3200,23
Gabe Jacas,John Saunders Jr.,3200,18
Gabe Jacas,Joshua Farmer,3200,18
Gabe Jacas,Eric Gregory,3200,15
Gabe Jacas,K.J. Britt,3200,12
Gabe Jacas,Khalil Jacobs,3200,12
Gabe Jacas,Marcellas Dial Jr.,3200,11
Gabe Jacas,Jeremiah Pharms Jr.,3200,10
Gabe Jacas,Mike Brown,3200,10
Gabe Jacas,Kindle Vildor,3200,8
Gabe Jacas,Isaiah Iton,3200,6
Gabe Jacas,Leonard Taylor III,3200,5
Gabe Jacas,Casey Rogers,3200,2
Gabe Rubio,Julius Welschof,3900,18
Gabe Rubio,Carson Bruener,3900,17
Gabe Rubio,Cole Holcomb,3900,14
Gabe Rubio,Jamin Davis,3900,14
Gabe Rubio,Sebastian Castro,3900,14
Gabe Rubio,Daylen Everette,3900,13
Gabe Rubio,Doneiko Slaughter,3900,12
Gabe Rubio,Devan Boykin,3900,11
Gabe Rubio,D'Shawn Jamison,3900,8
Gabe Rubio,Dean Lowry,3900,8
Gabe Rubio,Esezi Otomewo,3900,7
Gabe Rubio,Kyler Baugh,3900,7
Gabe Rubio,Anthony Goodlow,3900,5
Gabe Rubio,Jack Sawyer,3900,5
Gabe Rubio,Robert Spears-Jennings,3900,5
Gabe Rubio,Daryl Porter,3900,4
Gabe Rubio,Israel Mukuamu,3900,4
Gabe Rubio,Jack Henderson,3900,4
Gabe Rubio,Malik Harrison,3900,4
Gabe Rubio,Tamon Lynum,3900,4
Gabe Rubio,Kevin Jobity Jr.,3900,3
Gabe Rubio,Yahya Black,3900,2
Gabe Rubio,Alex Highsmith,3900,1
Gabe Rubio,Asante Samuel Jr.,3900,1
Gabe Rubio,Jacoby Windmon,3900,1
Gabe Rubio,Jamel Dean,3900,1
Gabe Rubio,Patrick Queen,3900,1
Gabe Rubio,Payton Wilson,3900,1
Gabe Rubio,Rayshawn Jenkins,3900,1
Gardner Minshew,Hayden Conner,3800,29
Gardner Minshew,Jayden Williams,3800,29
Gardner Minshew,Jon Gaines II,3800,29
Gardner Minshew,Josh Fryar,3800,29
Gardner Minshew,Chase Bisontis,3800,28
Gardner Minshew,Jalen Brooks,3800,21
Gardner Minshew,Simi Fehoko,3800,19
Gardner Minshew,Devin Duvernay,3800,18
Gardner Minshew,Ihmir Smith-Marsette,3800,18
Gardner Minshew,Teagan Quitoriano,3800,17
Gardner Minshew,Jeremiyah Love,3800,16
Gardner Minshew,Rivaldo Fairweather,3800,13
Gardner Minshew,Bam Knight,3800,9
Gardner Minshew,Reggie Virgil,3800,8
Gardner Minshew,Tyler Allgeier,3800,3
Gardner Minshew,Corey Kiner,3800,1
Gardner Minshew,Jameson Geers,3800,1
Gardner Minshew,Matt Pryor,3800,1
Gardner Minshew,Shawn Bowman,3800,1
Garmon Randolph,Andre Carter II,4400,18
Garmon Randolph,Eric Rogers,4400,13
Garmon Randolph,Isas Waxter,4400,13
Garmon Randolph,Nick Barrett,4400,13
Garmon Randolph,TeRah Edwards,4400,13
Garmon Randolph,Avery Smith,4400,12
Garmon Randolph,Jacobian Guillory,4400,12
Garmon Randolph,Kendall Williamson,4400,12
Garmon Randolph,Marlowe Wax,4400,12
Garmon Randolph,R.J. Mickens,4400,12
Garmon Randolph,Terry Webb,4400,12
Garmon Randolph,Genesis Smith,4400,11
Garmon Randolph,Junior Colson,4400,10
Garmon Randolph,Nikko Reed,4400,10
Garmon Randolph,Jahmeer Carter,4400,9
Garmon Randolph,Deane Leonard,4400,8
Garmon Randolph,Emany Johnson,4400,8
Garmon Randolph,Del'Shawn Phillips,4400,6
Garmon Randolph,Devin Grant,4400,6
Garmon Randolph,Lander Barton,4400,6
Garmon Randolph,Myles Purchase,4400,6
Garmon Randolph,Troy Dye,4400,6
Garmon Randolph,Akheem Mesidor,4400,5
Garmon Randolph,Noah Avinger,4400,3
Garmon Randolph,Rodney Shelley,4400,3
Garmon Randolph,Nadame Tucker,4400,1
Garret Wallow,Ashtyn Davis,4500,16
Garret Wallow,Darrell Luter Jr.,4500,16
Garret Wallow,Jaden Dugger,4500,16
Garret Wallow,Marques Sigle,4500,16
Garret Wallow,Alfred Collins,4500,12
Garret Wallow,Romello Height,4500,12
Garret Wallow,Sebastian Valdez,4500,9
Garret Wallow,Titus Leo,4500,9
Garret Wallow,Ephesians Prysock,4500,8
Garret Wallow,Jack Jones,4500,8
Garret Wallow,Jakob Robinson,4500,8
Garret Wallow,Nick Martin,4500,8
Garret Wallow,Ogbo Okoronkwo,4500,7
Garret Wallow,James Thompson Jr.,4500,5
Garret Wallow,Gracen Halton,4500,4
Garret Wallow,Quinton Bell,4500,4
Garret Wallow,Bryson Eason,4500,2
Garrett Dellinger,Andre James,2100,10
Garrett Dellinger,Drew Moss,2100,10
Garrett Dellinger,Hendon Hooker,2100,10
Garrett Dellinger,Rasheed Miller,2100,10
Garrett Dellinger,Joel Wilson,2100,9
Garrett Dellinger,Zach Thomas,2100,8
Garrett Dellinger,Julius Chestnut,2100,6
Garrett Dellinger,Tyren Montgomery,2100,6
Garrett Dellinger,Courtney Jackson,2100,4
Garrett Dellinger,David Martin-Robinson,2100,4
Garrett Dellinger,Hank Beatty,2100,4
Garrett Dellinger,Lance McCutcheon,2100,4
Garrett Dellinger,Mason Kinsey,2100,4
Garrett Dellinger,Michael Carter,2100,4
Garrett Dellinger,Kylen Granson,2100,3
Garrett Dellinger,Aamil Wagner,2100,2
Garrett Dellinger,Xavier Restrepo,2100,2
Gary Brightwell,Brian Parker II,0920,17
Gary Brightwell,Jacob Bayer,0920,17
Gary Brightwell,Andrew Coker,0920,15
Gary Brightwell,Jalen Rivers,0920,15
Gary Brightwell,Javon Foster,0920,15
Gary Brightwell,Josh Johnson,0920,15
Gary Brightwell,Dohnte Meyers,0920,14
Gary Brightwell,Jack Endries,0920,11
Gary Brightwell,Ke'Shawn Williams,0920,11
Gary Brightwell,Noah Thomas,0920,6
Gary Brightwell,Tanner Hudson,0920,6
Gary Brightwell,Jordan Moore,0920,5
Gary Brightwell,Xavier Johnson,0920,5
Gary Brightwell,Charlie Jones,0920,4
Gary Brightwell,Colbie Young,0920,4
Gary Brightwell,Christian Jones,0920,2
Gary Brightwell,Corey Robinson II,0920,2
Gary Brightwell,Liam Brown,0920,2
Gary Brightwell,Sean Clifford,0920,2
Gary Brightwell,Cam Grandy,0920,1
Gary Brightwell,Josh Kattus,0920,1
Gary Smith III,Dalton Johnson,2520,17
Gary Smith III,Devin Lafayette,2520,17
Gary Smith III,Buddy Johnson,2520,15
Gary Smith III,Caleb Offord,2520,15
Gary Smith III,Xavian Sorey Jr.,2520,15
Gary Smith III,Brandon Cleveland,2520,14
Gary Smith III,Devyn Perkins,2520,14
Gary Smith III,Jahfari Harvey,2520,13
Gary Smith III,Greedy Vance,2520,12
Gary Smith III,Treven Ma'ae,2520,12
Gary Smith III,Cian Slone,2520,11
Gary Smith III,Patrick Johnson,2520,8
Gary Smith III,Keyron Crawford,2520,6
Gary Smith III,Chigozie Anusiem,2520,5
Gary Smith III,Cameron McGrone,2520,4
Gary Smith III,Segun Olubi,2520,4
Gary Smith III,Hezekiah Masses,2520,2
Gary Smith III,Jermod McCoy,2520,2
Gary Smith III,Treydan Stukes,2520,2
Gary Smith III,Tristin McCollum,2520,2
Genesis Smith,Nikko Reed,4400,23
Genesis Smith,R.J. Mickens,4400,22
Genesis Smith,Deane Leonard,4400,20
Genesis Smith,Avery Smith,4400,19
Genesis Smith,Marlowe Wax,4400,18
Genesis Smith,Nick Barrett,4400,17
Genesis Smith,TeRah Edwards,4400,17
Genesis Smith,Nadame Tucker,4400,16
Genesis Smith,Junior Colson,4400,14
Genesis Smith,Kyle Kennard,4400,14
Genesis Smith,Kendall Williamson,4400,12
Genesis Smith,Garmon Randolph,4400,11
Genesis Smith,Jahmeer Carter,4400,11
Genesis Smith,Terry Webb,4400,11
Genesis Smith,Del'Shawn Phillips,4400,10
Genesis Smith,Troy Dye,4400,10
Genesis Smith,Akheem Mesidor,4400,8
Genesis Smith,Andre Carter II,4400,7
Genesis Smith,Isas Waxter,4400,7
Genesis Smith,Jacobian Guillory,4400,6
Genesis Smith,Emany Johnson,4400,4
Genesis Smith,Rodney Shelley,4400,3
Gennings Dunker,Broderick Jones,3900,26
Gennings Dunker,Doug Nester,3900,26
Gennings Dunker,Drew Allar,3900,26
Gennings Dunker,Jack Driscoll,3900,26
Gennings Dunker,Max Hurleman,3900,23
Gennings Dunker,Eli Heidenreich,3900,21
Gennings Dunker,Greg Crippen,3900,21
Gennings Dunker,Lake McRee,3900,16
Gennings Dunker,Levi Wentz,3900,14
Gennings Dunker,Jakobie Keeney-James,3900,12
Gennings Dunker,Joaquin Davis,3900,11
Gennings Dunker,Jaheim Bell,3900,10
Gennings Dunker,Kaden Wetjen,3900,10
Gennings Dunker,Riley Nowakowski,3900,7
Gennings Dunker,Kaleb Johnson,3900,5
Gennings Dunker,Ryan McCollum,3900,5
Gennings Dunker,Lance Mason,3900,1
Geno VanDeMark,Blake Freeland,2200,30
Geno VanDeMark,Jimmy Morrissey,2200,30
Geno VanDeMark,Riley Leonard,2200,30
Geno VanDeMark,Raylen Sharpe,2200,27
Geno VanDeMark,Anderson Castle,2200,25
Geno VanDeMark,Luke Tenuta,2200,24
Geno VanDeMark,Pharaoh Brown,2200,22
Geno VanDeMark,Josh Kreutz,2200,21
Geno VanDeMark,Sahmir Hagans,2200,21
Geno VanDeMark,E.J. Horton,2200,15
Geno VanDeMark,D.J. Montgomery,2200,9
Geno VanDeMark,Eli Pancol,2200,9
Geno VanDeMark,Jalen Farmer,2200,9
Geno VanDeMark,Will Mallory,2200,9
Geno VanDeMark,Bayron Matos,2200,6
Geno VanDeMark,Ben Nikkel,2200,5
Geno VanDeMark,Roydell Williams,2200,5
Geno VanDeMark,Carson Towt,2200,2
Geno VanDeMark,Deion Burks,2200,1
George Gumbs Jr.,Rob Carter Jr.,2200,34
George Gumbs Jr.,Caden Curry,2200,30
George Gumbs Jr.,Daniel Scott,2200,24
George Gumbs Jr.,Mekhi Rodgers,2200,24
George Gumbs Jr.,Jaylon Carlies,2200,20
George Gumbs Jr.,Cameron Ball,2200,19
George Gumbs Jr.,Adetomiwa Adebawore,2200,18
George Gumbs Jr.,Jaylon Jones,2200,18
George Gumbs Jr.,Juanyeh Thomas,2200,18
George Gumbs Jr.,West Weeks,2200,18
George Gumbs Jr.,Bryce Boettcher,2200,17
George Gumbs Jr.,Jai'Onte' McMillan,2200,14
George Gumbs Jr.,Tim Smith,2200,13
George Gumbs Jr.,Trey Washington,2200,13
George Gumbs Jr.,Jaylahn Tuimolaou,2200,12
George Gumbs Jr.,Jerry Tillery,2200,12
George Gumbs Jr.,Tahj Chambers,2200,12
George Gumbs Jr.,Austin Ajiake,2200,11
George Gumbs Jr.,Johnathan Edwards,2200,11
George Gumbs Jr.,Jonathan Owens,2200,11
George Gumbs Jr.,Micheal Clemons,2200,9
George Gumbs Jr.,A.J. Haulcy,2200,8
George Gumbs Jr.,Cam Taylor-Britt,2200,8
George Gumbs Jr.,Mekhi Blackmon,2200,8
George Gumbs Jr.,Austin Brown,2200,7
George Gumbs Jr.,Derrick Nnadi,2200,7
George Gumbs Jr.,Durell Nchami,2200,7
George Gumbs Jr.,Colby Wooden,2200,6
George Gumbs Jr.,Devin Veresuk,2200,6
George Gumbs Jr.,Hunter Wohler,2200,3
George Gumbs Jr.,Mitchell Melton,2200,2
Germie Bernard,Dylan Cook,3900,25
Germie Bernard,Roman Wilson,3900,22
Germie Bernard,Spencer Anderson,3900,18
Germie Bernard,Lew Nichols III,3900,15
Germie Bernard,Mason McCormick,3900,14
Germie Bernard,Mason Rudolph,3900,14
Germie Bernard,Troy Fautanu,3900,14
Germie Bernard,Zach Frazier,3900,14
Germie Bernard,Brandon Smith,3900,11
Germie Bernard,Brock Hoffman,3900,11
Germie Bernard,Broderick Jones,3900,11
Germie Bernard,Robert Tonyan,3900,11
Germie Bernard,Ryan McCollum,3900,11
Germie Bernard,Will Howard,3900,11
Germie Bernard,Darnell Washington,3900,10
Germie Bernard,Travis Homer,3900,10
Germie Bernard,Ben Skowronek,3900,9
Germie Bernard,Doug Nester,3900,7
Germie Bernard,Pat Freiermuth,3900,5
Germie Bernard,Kaden Wetjen,3900,3
Germie Bernard,Riley Nowakowski,3900,3
Germie Bernard,Jaheim Bell,3900,1
Gracen Halton,Ephesians Prysock,4500,24
Gracen Halton,Jakob Robinson,4500,22
Gracen Halton,Darrell Luter Jr.,4500,20
Gracen Halton,Sebastian Valdez,4500,19
Gracen Halton,Titus Leo,4500,19
Gracen Halton,Jalen Stroman,4500,18
Gracen Halton,Ashtyn Davis,4500,17
Gracen Halton,Tatum Bethune,4500,16
Gracen Halton,Nick Martin,4500,13
Gracen Halton,Jaden Dugger,4500,12
Gracen Halton,Jalen Graham,4500,11
Gracen Halton,Patrick McMorris,4500,11
Gracen Halton,Quinton Bell,4500,11
Gracen Halton,Xavier Thomas,4500,11
Gracen Halton,Marques Sigle,4500,10
Gracen Halton,Eli Apple,4500,8
Gracen Halton,Romello Height,4500,8
Gracen Halton,Ogbo Okoronkwo,4500,7
Gracen Halton,Larry Worth,4500,6
Gracen Halton,Alfred Collins,4500,5
Gracen Halton,Garret Wallow,4500,4
Gracen Halton,Jack Jones,4500,4
Gracen Halton,Bryson Eason,4500,2
Gracen Halton,James Thompson Jr.,4500,2
Graham Mertz,Blake Fisher,2120,17
Graham Mertz,Evan Brown,2120,17
Graham Mertz,Febechi Nwaiwu,2120,17
Graham Mertz,Jared Wayne,2120,17
Graham Mertz,Jarrett Patterson,2120,17
Graham Mertz,Sam Hagen,2120,17
Graham Mertz,Justin Watson,2120,15
Graham Mertz,Cade Stover,2120,11
Graham Mertz,Foster Moreau,2120,11
Graham Mertz,Noah Whittington,2120,10
Graham Mertz,Lewis Bond,2120,9
Graham Mertz,Joshua Pitsenberger,2120,6
Graham Mertz,Marlin Klein,2120,3
Graham Mertz,Josh Kelly,2120,2
Graham Mertz,Owen Wright,2120,1
Greedy Vance,Tristin McCollum,2520,38
Greedy Vance,Keyron Crawford,2520,31
Greedy Vance,Hezekiah Masses,2520,28
Greedy Vance,Jermod McCoy,2520,28
Greedy Vance,Treydan Stukes,2520,28
Greedy Vance,Patrick Johnson,2520,24
Greedy Vance,JJ Pegues,2520,22
Greedy Vance,Cameron McGrone,2520,20
Greedy Vance,Cody Lindenberg,2520,20
Greedy Vance,Dalton Johnson,2520,20
Greedy Vance,Segun Olubi,2520,20
Greedy Vance,Tommy Eichenberg,2520,20
Greedy Vance,Caleb Offord,2520,18
Greedy Vance,Jahfari Harvey,2520,17
Greedy Vance,Benito Jones,2520,14
Greedy Vance,Brandon Cleveland,2520,14
Greedy Vance,Cian Slone,2520,14
Greedy Vance,Jonah Laulu,2520,14
Greedy Vance,Treven Ma'ae,2520,14
Greedy Vance,Chigozie Anusiem,2520,13
Greedy Vance,Gary Smith III,2520,12
Greedy Vance,Brennan Jackson,2520,10
Greedy Vance,Devin Lafayette,2520,10
Greedy Vance,Devyn Perkins,2520,9
Greedy Vance,Buddy Johnson,2520,8
Greedy Vance,Xavian Sorey Jr.,2520,8
Greedy Vance,Thomas Booker,2520,6
Greg Crippen,Broderick Jones,3900,21
Greg Crippen,Doug Nester,3900,21
Greg Crippen,Drew Allar,3900,21
Greg Crippen,Eli Heidenreich,3900,21
Greg Crippen,Gennings Dunker,3900,21
Greg Crippen,Jack Driscoll,3900,21
Greg Crippen,Max Hurleman,3900,18
Greg Crippen,Lake McRee,3900,16
Greg Crippen,Joaquin Davis,3900,11
Greg Crippen,Levi Wentz,3900,11
Greg Crippen,Jakobie Keeney-James,3900,10
Greg Crippen,Kaden Wetjen,3900,8
Greg Crippen,Jaheim Bell,3900,5
Greg Crippen,Riley Nowakowski,3900,4
Greg Crippen,Lance Mason,3900,1
Greg Dortch,Blake Miller,1540,7
Greg Dortch,Cedrick Wilson Jr.,1540,7
Greg Dortch,Christian Mahogany,1540,7
Greg Dortch,Isaac TeSlaa,1540,7
Greg Dortch,Larry Borom,1540,7
Greg Dortch,Luke Altmyer,1540,7
Greg Dortch,Miles Frazier,1540,7
Greg Dortch,Seth McLaughlin,1540,7
Greg Dortch,Tyler Conklin,1540,7
Greg Dortch,Jacob Saylors,1540,4
Greg Dortch,Kye Robichaux,1540,3
Gregory Desrosiers,Alex Harkey,4400,13
Gregory Desrosiers,DJ Uiagalelei,4400,13
Gregory Desrosiers,Dalevon Campbell,4400,13
Gregory Desrosiers,Jacob Spomer,4400,13
Gregory Desrosiers,Logan Taylor,4400,13
Gregory Desrosiers,Travis Burke,4400,13
Gregory Desrosiers,Devonte Ross,4400,11
Gregory Desrosiers,Evan Svoboda,4400,11
Gregory Desrosiers,Johnny Pascuzzi,4400,11
Gregory Desrosiers,Josh Kaltenberger,4400,11
Gregory Desrosiers,JaQuae Jackson,4400,4
Gregory Desrosiers,Jake Slaughter,4400,2
Gregory Desrosiers,Jerand Bradley,4400,2
Gunnar Helm,Austin Schlottmann,2100,13
Gunnar Helm,Cam Ward,2100,13
Gunnar Helm,Dan Moore Jr.,2100,13
Gunnar Helm,Fernando Carmona,2100,13
Gunnar Helm,JC Latham,2100,13
Gunnar Helm,Peter Skoronski,2100,13
Gunnar Helm,Elic Ayomanor,2100,9
Gunnar Helm,Carnell Tate,2100,8
Gunnar Helm,Tyjae Spears,2100,8
Gunnar Helm,Wan'Dale Robinson,2100,8
Gunnar Helm,Calvin Ridley,2100,5
Gunnar Helm,Daniel Bellinger,2100,5
Gunnar Helm,Tony Pollard,2100,5
Gunnar Helm,Chimere Dike,2100,4
Hank Beatty,Zach Thomas,2100,8
Hank Beatty,Joel Wilson,2100,6
Hank Beatty,Andre James,2100,4
Hank Beatty,Brandon Crenshaw-Dickson,2100,4
Hank Beatty,Cordell Volson,2100,4
Hank Beatty,Drew Moss,2100,4
Hank Beatty,Garrett Dellinger,2100,4
Hank Beatty,Hendon Hooker,2100,4
Hank Beatty,Jackson Slater,2100,4
Hank Beatty,Julius Chestnut,2100,4
Hank Beatty,Michael Carter,2100,4
Hank Beatty,Pat Coogan,2100,4
Hank Beatty,Rasheed Miller,2100,4
Hank Beatty,Will Levis,2100,4
Hank Beatty,Bryce Oliver,2100,3
Hank Beatty,K.J. Osborn,2100,3
Hank Beatty,Lance McCutcheon,2100,3
Hank Beatty,Mason Kinsey,2100,3
Hank Beatty,Courtney Jackson,2100,2
Hank Beatty,David Martin-Robinson,2100,2
Hank Beatty,Tyren Montgomery,2100,2
Harrison Wallace III,Reggie Virgil,3800,38
Harrison Wallace III,Ka'ena Decambra,3800,36
Harrison Wallace III,Kedon Slovis,3800,36
Harrison Wallace III,Valentin Senn,3800,36
Harrison Wallace III,Bryson Green,3800,29
Harrison Wallace III,Christian Jones,3800,29
Harrison Wallace III,Matt Pryor,3800,28
Harrison Wallace III,Corey Kiner,3800,27
Harrison Wallace III,Demontrey Jacobs,3800,27
Harrison Wallace III,Olisaemeka Udoh,3800,24
Harrison Wallace III,Jameson Geers,3800,18
Harrison Wallace III,Rivaldo Fairweather,3800,17
Harrison Wallace III,Evan Hull,3800,11
Harrison Wallace III,Xavier Weaver,3800,9
Harrison Wallace III,Carson Beck,3800,3
Harrison Wallace III,Chase Bisontis,3800,3
Harrison Wallace III,Hayden Conner,3800,3
Harrison Wallace III,Jayden Williams,3800,3
Harrison Wallace III,Jon Gaines II,3800,3
Harrison Wallace III,Josh Fryar,3800,3
Harrison Wallace III,Kenny Yeboah,3800,3
Harrison Wallace III,Shawn Bowman,3800,2
Harrison Wallace III,Bam Knight,3800,1
Harrison Wallace III,Simi Fehoko,3800,1
Hassan Haskins,Behren Morton,3200,5
Hassan Haskins,Dametrious Crownover,3200,5
Hassan Haskins,Jacob Rizy,3200,5
Hassan Haskins,Kobe Prentice,3200,5
Hassan Haskins,Mehki Butler,3200,5
Hassan Haskins,Andrew Rupcich,3200,4
Hassan Haskins,CJ Dippre,3200,4
Hassan Haskins,James Hudson,3200,4
Hassan Haskins,Nick DeGennaro,3200,4
Hassan Haskins,Tejhaun Palmer,3200,4
Hassan Haskins,Cameron Dorner,3200,2
Hassan Haskins,JonDarius Morgan,3200,1
Hassan Haskins,Lorenz Metz,3200,1
Hassan Haskins,Mitch Van Vooren,3200,1
Hayden Conner,Jayden Williams,3800,68
Hayden Conner,Jon Gaines II,3800,68
Hayden Conner,Josh Fryar,3800,68
Hayden Conner,Chase Bisontis,3800,67
Hayden Conner,Jalen Brooks,3800,41
Hayden Conner,Simi Fehoko,3800,40
Hayden Conner,Carson Beck,3800,39
Hayden Conner,Bam Knight,3800,38
Hayden Conner,Rivaldo Fairweather,3800,30
Hayden Conner,Gardner Minshew,3800,29
Hayden Conner,Xavier Weaver,3800,28
Hayden Conner,Reggie Virgil,3800,26
Hayden Conner,Kenny Yeboah,3800,19
Hayden Conner,Devin Duvernay,3800,18
Hayden Conner,Ihmir Smith-Marsette,3800,18
Hayden Conner,Teagan Quitoriano,3800,17
Hayden Conner,Bryson Green,3800,16
Hayden Conner,Jeremiyah Love,3800,16
Hayden Conner,Jameson Geers,3800,15
Hayden Conner,Corey Kiner,3800,11
Hayden Conner,Harrison Wallace III,3800,3
Hayden Conner,Tyler Allgeier,3800,3
Hayden Conner,Matt Pryor,3800,1
Hayden Conner,Shawn Bowman,3800,1
Hayden Rucci,Adrian Martinez,4500,26
Hayden Rucci,Jordan Watkins,4500,25
Hayden Rucci,Carver Willis,4500,19
Hayden Rucci,Doug Kramer,4500,19
Hayden Rucci,Enrique Cruz,4500,19
Hayden Rucci,Isaac Alarcon,4500,19
Hayden Rucci,KhaDarel Hodge,4500,19
Hayden Rucci,Kion Smith,4500,19
Hayden Rucci,Austen Pleasants,4500,16
Hayden Rucci,Brandon Parker,4500,16
Hayden Rucci,Connor Colby,4500,16
Hayden Rucci,Drake Nugent,4500,16
Hayden Rucci,Josiah Deguara,4500,16
Hayden Rucci,Robert Jones,4500,16
Hayden Rucci,Malik Turner,4500,12
Hayden Rucci,Sincere McCormick,4500,12
Hayden Rucci,Trenton Irwin,4500,11
Hayden Rucci,Khalil Herbert,4500,10
Hayden Rucci,Brayden Willis,4500,9
Hayden Rucci,Kurtis Rourke,4500,9
Hayden Rucci,Patrick Taylor,4500,7
Hayden Rucci,Zamir White,4500,6
Hayden Rucci,De'Zhaun Stribling,4500,5
Hayden Rucci,Wesley Grimes,4500,4
Hayden Rucci,Will Pauling,4500,4
Haynes King,Isaia Glass,0750,50
Haynes King,Ja'Tyre Carter,0750,50
Haynes King,Stone Forsythe,0750,37
Haynes King,Albert Reese,0750,34
Haynes King,Jimmy Horn Jr.,0750,34
Haynes King,Elijah Cooks,0750,32
Haynes King,Nick Samac,0750,31
Haynes King,Ryan Hayes,0750,29
Haynes King,Casey Washington,0750,27
Haynes King,Caden Prieskorn,0750,23
Haynes King,Ja'Seem Reed,0750,21
Haynes King,AJ Dillon,0750,19
Haynes King,Sam Hecht,0750,19
Haynes King,Miles Davis,0750,17
Haynes King,Anthony Tyus III,0750,14
Haynes King,Chamon Metayer,0750,14
Haynes King,John Metchie III,0750,13
Haynes King,James Mitchell,0750,12
Haynes King,Feleipe Franks,0750,11
Haynes King,Malick Meiga,0750,9
Haynes King,Roc Taylor,0750,4
Hendon Hooker,Andre James,2100,10
Hendon Hooker,Drew Moss,2100,10
Hendon Hooker,Garrett Dellinger,2100,10
Hendon Hooker,Rasheed Miller,2100,10
Hendon Hooker,Joel Wilson,2100,9
Hendon Hooker,Zach Thomas,2100,8
Hendon Hooker,Julius Chestnut,2100,6
Hendon Hooker,Tyren Montgomery,2100,6
Hendon Hooker,Courtney Jackson,2100,4
Hendon Hooker,David Martin-Robinson,2100,4
Hendon Hooker,Hank Beatty,2100,4
Hendon Hooker,Lance McCutcheon,2100,4
Hendon Hooker,Mason Kinsey,2100,4
Hendon Hooker,Michael Carter,2100,4
Hendon Hooker,Kylen Granson,2100,3
Hendon Hooker,Aamil Wagner,2100,2
Hendon Hooker,Xavier Restrepo,2100,2
Hezekiah Masses,Jermod McCoy,2520,29
Hezekiah Masses,Treydan Stukes,2520,29
Hezekiah Masses,Tristin McCollum,2520,29
Hezekiah Masses,Greedy Vance,2520,28
Hezekiah Masses,Cody Lindenberg,2520,21
Hezekiah Masses,Tommy Eichenberg,2520,21
Hezekiah Masses,Keyron Crawford,2520,20
Hezekiah Masses,JJ Pegues,2520,17
Hezekiah Masses,Jonah Laulu,2520,15
Hezekiah Masses,Patrick Johnson,2520,12
Hezekiah Masses,Brennan Jackson,2520,11
Hezekiah Masses,Benito Jones,2520,10
Hezekiah Masses,Jahfari Harvey,2520,9
Hezekiah Masses,Cameron McGrone,2520,8
Hezekiah Masses,Segun Olubi,2520,8
Hezekiah Masses,Treven Ma'ae,2520,7
Hezekiah Masses,Cian Slone,2520,6
Hezekiah Masses,Thomas Booker,2520,6
Hezekiah Masses,Brandon Cleveland,2520,2
Hezekiah Masses,Gary Smith III,2520,2
Hjalte Froholdt,Elijah Wilkinson,3800,10
Hjalte Froholdt,Isaac Seumalo,3800,10
Hjalte Froholdt,Isaiah Adams,3800,10
Hjalte Froholdt,Jacoby Brissett,3800,10
Hjalte Froholdt,Marvin Harrison Jr.,3800,10
Hjalte Froholdt,Paris Johnson Jr.,3800,10
Hjalte Froholdt,Jeremiyah Love,3800,7
Hjalte Froholdt,Kendrick Bourne,3800,7
Hjalte Froholdt,Teagan Quitoriano,3800,7
Hjalte Froholdt,Michael Wilson,3800,6
Hjalte Froholdt,Rivaldo Fairweather,3800,5
Hjalte Froholdt,Jalen Brooks,3800,4
Hjalte Froholdt,Tyler Allgeier,3800,3
Hjalte Froholdt,Trey McBride,3800,1
Howard Cross III,Bralyn Lux,0920,23
Howard Cross III,Ceyair Wright,0920,22
Howard Cross III,Isaiah Foskey,0920,21
Howard Cross III,Russ Yeast,0920,21
Howard Cross III,Daijahn Anthony,0920,20
Howard Cross III,Landon Robinson,0920,17
Howard Cross III,Cedric Johnson,0920,14
Howard Cross III,Joe Giles-Harris,0920,14
Howard Cross III,Jalen Kimber,0920,13
Howard Cross III,Josh Newton,0920,13
Howard Cross III,Shaka Heyward,0920,13
Howard Cross III,Antwaun Powell-Ryland,0920,12
Howard Cross III,Swayze Bozeman,0920,10
Howard Cross III,PJ Jules,0920,9
Howard Cross III,Liam Anderson,0920,8
Howard Cross III,Kris Jenkins,0920,6
Howard Cross III,McKinnley Jackson,0920,6
Howard Cross III,D.J. Ivey,0920,4
Howard Cross III,Cashius Howell,0920,3
Howard Cross III,Oren Burks,0920,3
Howard Cross III,Barrett Carter,0920,1
Howard Cross III,Boye Mafe,0920,1
Howard Cross III,Demetrius Knight Jr.,0920,1
Howard Cross III,Ja'Sir Taylor,0920,1
Howard Cross III,Jack Dingle,0920,1
Howard Cross III,Jordan Battle,0920,1
Howard Cross III,Kyle Dugger,0920,1
Howard Cross III,Myles Murphy,0920,1
Hunter Wohler,Austin Ajiake,2200,8
Hunter Wohler,Jaylon Jones,2200,8
Hunter Wohler,Johnathan Edwards,2200,8
Hunter Wohler,Rob Carter Jr.,2200,8
Hunter Wohler,Colby Wooden,2200,7
Hunter Wohler,Micheal Clemons,2200,6
Hunter Wohler,Jaylahn Tuimolaou,2200,5
Hunter Wohler,Jaylon Carlies,2200,5
Hunter Wohler,Trey Washington,2200,5
Hunter Wohler,Jerry Tillery,2200,4
Hunter Wohler,Bryce Boettcher,2200,3
Hunter Wohler,Caden Curry,2200,3
Hunter Wohler,George Gumbs Jr.,2200,3
Hunter Wohler,Jonathan Owens,2200,3
Hunter Wohler,Tim Smith,2200,2
Hunter Wohler,Adetomiwa Adebawore,2200,1
Hunter Wohler,Derrick Nnadi,2200,1
Ian Thomas,Atonio Mafi,2520,28
Ian Thomas,Charles Grant,2520,28
Ian Thomas,Fernando Mendoza,2520,28
Ian Thomas,Jordan Meredith,2520,28
Ian Thomas,Trey Zuhn III,2520,28
Ian Thomas,Caleb Rogers,2520,19
Ian Thomas,Malik Benson,2520,17
Ian Thomas,Deven Thompkins,2520,16
Ian Thomas,Mike Washington Jr.,2520,16
Ian Thomas,Jack Bech,2520,14
Ian Thomas,Dylan Laube,2520,13
Ian Thomas,Brandon Johnson,2520,12
Ian Thomas,Dareke Young,2520,11
Ian Thomas,Jackson Powers-Johnson,2520,11
Ian Thomas,Connor Heyward,2520,8
Ian Thomas,Albert Okwuegbunam,2520,6
Ian Thomas,DJ Glaze,2520,2
Ian Thomas,Jalen Nailor,2520,2
Ian Thomas,Kirk Cousins,2520,2
Ian Thomas,Kolton Miller,2520,2
Ian Thomas,Michael Mayer,2520,2
Ian Thomas,Spencer Burford,2520,2
Ian Thomas,Tre Tucker,2520,2
Ian Thomas,Tyler Linderbaum,2520,2
Ian Thomas,Ashton Jeanty,2520,1
Ihmir Smith-Marsette,Gardner Minshew,3800,18
Ihmir Smith-Marsette,Hayden Conner,3800,18
Ihmir Smith-Marsette,Jayden Williams,3800,18
Ihmir Smith-Marsette,Jon Gaines II,3800,18
Ihmir Smith-Marsette,Josh Fryar,3800,18
Ihmir Smith-Marsette,Chase Bisontis,3800,17
Ihmir Smith-Marsette,Devin Duvernay,3800,10
Ihmir Smith-Marsette,Jalen Brooks,3800,10
Ihmir Smith-Marsette,Bam Knight,3800,9
Ihmir Smith-Marsette,Teagan Quitoriano,3800,9
Ihmir Smith-Marsette,Jeremiyah Love,3800,8
Ihmir Smith-Marsette,Reggie Virgil,3800,8
Ihmir Smith-Marsette,Rivaldo Fairweather,3800,8
Ihmir Smith-Marsette,Simi Fehoko,3800,8
Ihmir Smith-Marsette,Corey Kiner,3800,1
Ihmir Smith-Marsette,Jameson Geers,3800,1
Ihmir Smith-Marsette,Matt Pryor,3800,1
Isaac Alarcon,Adrian Martinez,4500,31
Isaac Alarcon,Carver Willis,4500,31
Isaac Alarcon,Doug Kramer,4500,31
Isaac Alarcon,Enrique Cruz,4500,31
Isaac Alarcon,Kion Smith,4500,31
Isaac Alarcon,Josiah Deguara,4500,23
Isaac Alarcon,Trenton Irwin,4500,20
Isaac Alarcon,Hayden Rucci,4500,19
Isaac Alarcon,Jordan Watkins,4500,18
Isaac Alarcon,Khalil Herbert,4500,18
Isaac Alarcon,Wesley Grimes,4500,13
Isaac Alarcon,Will Pauling,4500,13
Isaac Alarcon,KhaDarel Hodge,4500,12
Isaac Alarcon,Sincere McCormick,4500,7
Isaac Alarcon,Malik Turner,4500,6
Isaac Alarcon,Zamir White,4500,6
Isaac Seumalo,Elijah Wilkinson,3800,10
Isaac Seumalo,Hjalte Froholdt,3800,10
Isaac Seumalo,Isaiah Adams,3800,10
Isaac Seumalo,Jacoby Brissett,3800,10
Isaac Seumalo,Marvin Harrison Jr.,3800,10
Isaac Seumalo,Paris Johnson Jr.,3800,10
Isaac Seumalo,Jeremiyah Love,3800,7
Isaac Seumalo,Kendrick Bourne,3800,7
Isaac Seumalo,Teagan Quitoriano,3800,7
Isaac Seumalo,Michael Wilson,3800,6
Isaac Seumalo,Rivaldo Fairweather,3800,5
Isaac Seumalo,Jalen Brooks,3800,4
Isaac Seumalo,Tyler Allgeier,3800,3
Isaac Seumalo,Trey McBride,3800,1
Isaac TeSlaa,Blake Miller,1540,15
Isaac TeSlaa,Christian Mahogany,1540,15
Isaac TeSlaa,Larry Borom,1540,15
Isaac TeSlaa,Luke Altmyer,1540,15
Isaac TeSlaa,Miles Frazier,1540,15
Isaac TeSlaa,Seth McLaughlin,1540,15
Isaac TeSlaa,Tyler Conklin,1540,15
Isaac TeSlaa,Cedrick Wilson Jr.,1540,14
Isaac TeSlaa,Jacob Saylors,1540,12
Isaac TeSlaa,Greg Dortch,1540,7
Isaac TeSlaa,Jackson Meeks,1540,7
Isaac TeSlaa,Kye Robichaux,1540,3
Isaac TeSlaa,Tay Martin,1540,1
Isaac TeSlaa,Thomas Gordon,1540,1
Isaia Glass,Haynes King,0750,50
Isaia Glass,Ja'Tyre Carter,0750,50
Isaia Glass,Stone Forsythe,0750,37
Isaia Glass,Albert Reese,0750,34
Isaia Glass,Jimmy Horn Jr.,0750,34
Isaia Glass,Elijah Cooks,0750,32
Isaia Glass,Nick Samac,0750,31
Isaia Glass,Ryan Hayes,0750,29
Isaia Glass,Casey Washington,0750,27
Isaia Glass,Caden Prieskorn,0750,23
Isaia Glass,Ja'Seem Reed,0750,21
Isaia Glass,AJ Dillon,0750,19
Isaia Glass,Sam Hecht,0750,19
Isaia Glass,Miles Davis,0750,17
Isaia Glass,Anthony Tyus III,0750,14
Isaia Glass,Chamon Metayer,0750,14
Isaia Glass,John Metchie III,0750,13
Isaia Glass,James Mitchell,0750,12
Isaia Glass,Feleipe Franks,0750,11
Isaia Glass,Malick Meiga,0750,9
Isaia Glass,Roc Taylor,0750,4
Isaiah Adams,Elijah Wilkinson,3800,10
Isaiah Adams,Hjalte Froholdt,3800,10
Isaiah Adams,Isaac Seumalo,3800,10
Isaiah Adams,Jacoby Brissett,3800,10
Isaiah Adams,Marvin Harrison Jr.,3800,10
Isaiah Adams,Paris Johnson Jr.,3800,10
Isaiah Adams,Jeremiyah Love,3800,7
Isaiah Adams,Kendrick Bourne,3800,7
Isaiah Adams,Teagan Quitoriano,3800,7
Isaiah Adams,Michael Wilson,3800,6
Isaiah Adams,Rivaldo Fairweather,3800,5
Isaiah Adams,Jalen Brooks,3800,4
Isaiah Adams,Tyler Allgeier,3800,3
Isaiah Adams,Trey McBride,3800,1
Isaiah Foskey,Ceyair Wright,0920,32
Isaiah Foskey,Russ Yeast,0920,31
Isaiah Foskey,Daijahn Anthony,0920,27
Isaiah Foskey,Bralyn Lux,0920,26
Isaiah Foskey,Landon Robinson,0920,26
Isaiah Foskey,Joe Giles-Harris,0920,23
Isaiah Foskey,Howard Cross III,0920,21
Isaiah Foskey,Jalen Kimber,0920,20
Isaiah Foskey,Shaka Heyward,0920,20
Isaiah Foskey,Antwaun Powell-Ryland,0920,18
Isaiah Foskey,Cedric Johnson,0920,16
Isaiah Foskey,Josh Newton,0920,14
Isaiah Foskey,Kris Jenkins,0920,12
Isaiah Foskey,McKinnley Jackson,0920,12
Isaiah Foskey,PJ Jules,0920,10
Isaiah Foskey,Swayze Bozeman,0920,10
Isaiah Foskey,Liam Anderson,0920,9
Isaiah Foskey,Jordan Jefferson,0920,8
Isaiah Foskey,D.J. Ivey,0920,2
Isaiah Foskey,Oren Burks,0920,2
Isaiah Foskey,Jack Dingle,0920,1
Isaiah Iton,Khalil Jacobs,3200,17
Isaiah Iton,Bradyn Swinson,3200,16
Isaiah Iton,Brandon Crossley,3200,15
Isaiah Iton,Casey Rogers,3200,12
Isaiah Iton,Karon Prunty,3200,12
Isaiah Iton,Peter Manuma,3200,12
Isaiah Iton,Amari Gainer,3200,11
Isaiah Iton,Eric Butler,3200,11
Isaiah Iton,Kenneth Harris,3200,11
Isaiah Iton,Kobee Minor,3200,11
Isaiah Iton,Mike Brown,3200,10
Isaiah Iton,Namdi Obiazor,3200,10
Isaiah Iton,Channing Canada,3200,9
Isaiah Iton,Chad Muma,3200,8
Isaiah Iton,Dell Pettus,3200,8
Isaiah Iton,Quintayvious Hutchins,3200,8
Isaiah Iton,Eric Gregory,3200,7
Isaiah Iton,Gabe Jacas,3200,6
Isaiah Iton,John Saunders Jr.,3200,6
Isaiah Iton,K.J. Britt,3200,6
Isaiah Iton,Jesse Luketa,3200,5
Isaiah Iton,Riley Wilson,3200,5
Isaiah Iton,Jeremiah Pharms Jr.,3200,4
Isaiah Iton,Joshua Farmer,3200,4
Isaiah Iton,Marcellas Dial Jr.,3200,3
Isaiah Iton,Kindle Vildor,3200,2
Isaiah Iton,Leonard Taylor III,3200,1
Isaiah McDuffie,Kitan Oladapo,1800,19
Isaiah McDuffie,Mark Perry,1800,19
Isaiah McDuffie,Ty'Ron Hopper,1800,16
Isaiah McDuffie,Brandon Cisse,1800,15
Isaiah McDuffie,Keisean Nixon,1800,15
Isaiah McDuffie,Murvin Kenion,1800,15
Isaiah McDuffie,Brenton Cox Jr.,1800,13
Isaiah McDuffie,Warren Brinson,1800,12
Isaiah McDuffie,Chris McClellan,1800,10
Isaiah McDuffie,Collin Oliver,1800,10
Isaiah McDuffie,Nazir Stackhouse,1800,9
Isaiah McDuffie,Anthony Campbell,1800,8
Isaiah McDuffie,Nyjalik Kelly,1800,8
Isaiah McDuffie,Arron Mosby,1800,7
Isaiah McDuffie,Jonathan Ford,1800,5
Isaiah McDuffie,Benjamin St-Juste,1800,4
Isaiah McDuffie,Jaylin Simpson,1800,4
Isaiah McDuffie,Jaden Crumedy,1800,1
Isaiah Neyor,Donovan Jennings,1800,33
Isaiah Neyor,John Williams,1800,29
Isaiah Neyor,Kyle McCord,1800,29
Isaiah Neyor,Drake Dabney,1800,23
Isaiah Neyor,J. Michael Sturdivant,1800,22
Isaiah Neyor,Anthony Belton,1800,17
Isaiah Neyor,Dillon Wade,1800,17
Isaiah Neyor,Jacob Monk,1800,17
Isaiah Neyor,Jager Burton,1800,17
Isaiah Neyor,Messiah Swinson,1800,17
Isaiah Neyor,Travis Glover,1800,16
Isaiah Neyor,Pierre Strong,1800,12
Isaiah Neyor,Savion Williams,1800,12
Isaiah Neyor,Will Sheppard,1800,12
Isaiah Neyor,Damien Martinez,1800,11
Isaiah Neyor,Jaden Nixon,1800,11
Isaiah Neyor,Josh Gesky,1800,9
Isaiah Neyor,Darian Kinnard,1800,8
Isaiah Neyor,Skyy Moore,1800,7
Isaiah Neyor,Jordan Morgan,1800,4
Isaiah Neyor,McCallan Castles,1800,4
Isaiah Neyor,Tyrod Taylor,1800,4
Isaiah Neyor,Bo Melton,1800,2
Isaiah Neyor,Kisean Johnson,1800,2
Isaiah Neyor,Brant Banks,1800,1
Isaiah Neyor,Dalton Cooper,1800,1
Isaiah Neyor,Dylan Barrett,1800,1
Isaiah Neyor,Kyron Drones,1800,1
Isaiah Neyor,Thomas Yassmin,1800,1
Isaiah Oliver,Wydett Williams Jr.,3800,88
Isaiah Oliver,Elijah Culp,3800,67
Isaiah Oliver,Elijah Jones,3800,63
Isaiah Oliver,Austin Keys,3800,60
Isaiah Oliver,Jonah Williams,3800,60
Isaiah Oliver,Owen Pappoe,3800,57
Isaiah Oliver,Karson Sharar,3800,52
Isaiah Oliver,Cam Robertson,3800,49
Isaiah Oliver,Damonic Williams,3800,48
Isaiah Oliver,Elliott Brown,3800,47
Isaiah Oliver,Cam Horsley,3800,44
Isaiah Oliver,BJ Ojulari,3800,41
Isaiah Oliver,Kalen King,3800,40
Isaiah Oliver,Eku Leota,3800,39
Isaiah Oliver,Brodric Martin,3800,37
Isaiah Oliver,Quinton Newsome,3800,30
Isaiah Oliver,Kei'Trel Clark,3800,29
Isaiah Oliver,Starling Thomas V,3800,17
Isaiah Oliver,Eugene Asante,3800,7
Isaiah Oliver,Andrew Billings,3800,5
Isaiah Pola-Mao,Darien Porter,2520,10
Isaiah Pola-Mao,Eric Stokes,2520,10
Isaiah Pola-Mao,Jeremy Chinn,2520,10
Isaiah Pola-Mao,Kwity Paye,2520,10
Isaiah Pola-Mao,Malcolm Koonce,2520,10
Isaiah Pola-Mao,Nakobe Dean,2520,10
Isaiah Pola-Mao,Quay Walker,2520,10
Isaiah Pola-Mao,Taron Johnson,2520,8
Isaiah Pola-Mao,Adam Butler,2520,7
Isaiah Pola-Mao,Tonka Hemingway,2520,6
Isaiah Pola-Mao,Jonah Laulu,2520,5
Isaiah Pola-Mao,Thomas Booker,2520,4
Isaiah Simmons,Demani Richardson,0750,31
Isaiah Simmons,Devonta Smith,0750,28
Isaiah Simmons,Jackson Kuwatch,0750,21
Isaiah Simmons,Kyon Barrs,0750,18
Isaiah Simmons,Maema Njongmeta,0750,17
Isaiah Simmons,Tyrek Funderburk,0750,17
Isaiah Simmons,Nick Hampton,0750,16
Isaiah Simmons,Thomas Incoom,0750,16
Isaiah Simmons,Cam Gill,0750,15
Isaiah Simmons,Isaiah Smith,0750,15
Isaiah Simmons,Cam Miller,0750,14
Isaiah Simmons,Robert Rochell,0750,14
Isaiah Simmons,Tywone Malone,0750,14
Isaiah Simmons,Bam Martin-Scott,0750,13
Isaiah Simmons,Parker Petersen,0750,13
Isaiah Simmons,Elijah Garcia,0750,12
Isaiah Simmons,DeCarlos Nicholson,0750,10
Isaiah Simmons,Mapalo Mwansa,0750,10
Isaiah Simmons,Aaron Hall,0750,8
Isaiah Simmons,Corey Thornton,0750,7
Isaiah Simmons,Zakee Wheatley,0750,1
Isaiah Smith,Cam Gill,0750,18
Isaiah Smith,Demani Richardson,0750,18
Isaiah Smith,Isaiah Simmons,0750,15
Isaiah Smith,Devonta Smith,0750,14
Isaiah Smith,Kyon Barrs,0750,11
Isaiah Smith,DeCarlos Nicholson,0750,10
Isaiah Smith,Maema Njongmeta,0750,10
Isaiah Smith,Mapalo Mwansa,0750,10
Isaiah Smith,Parker Petersen,0750,10
Isaiah Smith,Tyrek Funderburk,0750,10
Isaiah Smith,Bam Martin-Scott,0750,8
Isaiah Smith,Jackson Kuwatch,0750,8
Isaiah Smith,Tywone Malone,0750,7
Isaiah Smith,Cam Miller,0750,5
Isaiah Smith,Robert Rochell,0750,5
Isaiah Smith,Elijah Garcia,0750,4
Isaiah Smith,Akayleb Evans,0750,3
Isaiah Smith,Corey Thornton,0750,3
Isaiah Smith,Jared Harrison-Hunte,0750,3
Isaiah Smith,Lee Hunter,0750,3
Isaiah Smith,Zakee Wheatley,0750,3
Isaiah Smith,Chau Smith-Wade,0750,2
Isas Waxter,Avery Smith,4400,17
Isas Waxter,Eric Rogers,4400,17
Isas Waxter,Emany Johnson,4400,16
Isas Waxter,Lander Barton,4400,14
Isas Waxter,Myles Purchase,4400,14
Isas Waxter,Andre Carter II,4400,13
Isas Waxter,Garmon Randolph,4400,13
Isas Waxter,Jacobian Guillory,4400,13
Isas Waxter,Terry Webb,4400,13
Isas Waxter,Kyle Kennard,4400,12
Isas Waxter,Nadame Tucker,4400,12
Isas Waxter,Nick Barrett,4400,12
Isas Waxter,Marlowe Wax,4400,11
Isas Waxter,TeRah Edwards,4400,11
Isas Waxter,Jahmeer Carter,4400,10
Isas Waxter,Kendall Williamson,4400,10
Isas Waxter,Junior Colson,4400,9
Isas Waxter,Devin Grant,4400,8
Isas Waxter,Genesis Smith,4400,7
Isas Waxter,Noah Avinger,4400,6
Isas Waxter,Nikko Reed,4400,5
Isas Waxter,R.J. Mickens,4400,5
Isas Waxter,Deane Leonard,4400,1
Isas Waxter,Rodney Shelley,4400,1
Israel Mukuamu,Daryl Porter,3900,7
Israel Mukuamu,Jack Henderson,3900,7
Israel Mukuamu,Jamin Davis,3900,7
Israel Mukuamu,Julius Welschof,3900,7
Israel Mukuamu,Malik Harrison,3900,7
Israel Mukuamu,Tamon Lynum,3900,7
Israel Mukuamu,Anthony Goodlow,3900,4
Israel Mukuamu,Carson Bruener,3900,4
Israel Mukuamu,Gabe Rubio,3900,4
Israel Mukuamu,Kevin Jobity Jr.,3900,4
Israel Mukuamu,Kyler Baugh,3900,4
Israel Mukuamu,Devan Boykin,3900,3
Israel Mukuamu,Jacoby Windmon,3900,3
Israel Mukuamu,Esezi Otomewo,3900,2
J. Michael Sturdivant,Donovan Jennings,1800,22
J. Michael Sturdivant,Isaiah Neyor,1800,22
J. Michael Sturdivant,John Williams,1800,22
J. Michael Sturdivant,Kyle McCord,1800,22
J. Michael Sturdivant,Drake Dabney,1800,15
J. Michael Sturdivant,Dillon Wade,1800,14
J. Michael Sturdivant,Messiah Swinson,1800,14
J. Michael Sturdivant,Travis Glover,1800,13
J. Michael Sturdivant,Damien Martinez,1800,12
J. Michael Sturdivant,Anthony Belton,1800,9
J. Michael Sturdivant,Jacob Monk,1800,9
J. Michael Sturdivant,Jager Burton,1800,9
J. Michael Sturdivant,Josh Gesky,1800,8
J. Michael Sturdivant,Will Sheppard,1800,8
J. Michael Sturdivant,Pierre Strong,1800,7
J. Michael Sturdivant,Darian Kinnard,1800,6
J. Michael Sturdivant,Savion Williams,1800,6
J. Michael Sturdivant,Jaden Nixon,1800,4
J. Michael Sturdivant,McCallan Castles,1800,2
J. Michael Sturdivant,Brant Banks,1800,1
J. Michael Sturdivant,Dalton Cooper,1800,1
J. Michael Sturdivant,Dylan Barrett,1800,1
J. Michael Sturdivant,Kisean Johnson,1800,1
J. Michael Sturdivant,Kyron Drones,1800,1
J. Michael Sturdivant,Thomas Yassmin,1800,1
JC Latham,Austin Schlottmann,2100,21
JC Latham,Cam Ward,2100,21
JC Latham,Dan Moore Jr.,2100,21
JC Latham,Fernando Carmona,2100,21
JC Latham,Peter Skoronski,2100,21
JC Latham,Wan'Dale Robinson,2100,16
JC Latham,Carnell Tate,2100,15
JC Latham,Elic Ayomanor,2100,15
JC Latham,Daniel Bellinger,2100,13
JC Latham,Gunnar Helm,2100,13
JC Latham,Tyjae Spears,2100,12
JC Latham,Tony Pollard,2100,9
JC Latham,Calvin Ridley,2100,7
JC Latham,Chimere Dike,2100,5
JJ Pegues,Greedy Vance,2520,22
JJ Pegues,Tristin McCollum,2520,22
JJ Pegues,Hezekiah Masses,2520,17
JJ Pegues,Jermod McCoy,2520,17
JJ Pegues,Keyron Crawford,2520,17
JJ Pegues,Treydan Stukes,2520,17
JJ Pegues,Cameron McGrone,2520,11
JJ Pegues,Cody Lindenberg,2520,11
JJ Pegues,Segun Olubi,2520,11
JJ Pegues,Tommy Eichenberg,2520,11
JJ Pegues,Cian Slone,2520,9
JJ Pegues,Treven Ma'ae,2520,9
JJ Pegues,Patrick Johnson,2520,7
JJ Pegues,Brennan Jackson,2520,6
JJ Pegues,Thomas Booker,2520,6
JJ Pegues,Caleb Offord,2520,5
JJ Pegues,Chigozie Anusiem,2520,5
JJ Pegues,Dalton Johnson,2520,5
JJ Pegues,Jahfari Harvey,2520,5
JJ Pegues,Jonah Laulu,2520,5
JJ Pegues,Brandon Cleveland,2520,2
Ja'Marcus Ingram,Aiden Fisher,2120,11
Ja'Marcus Ingram,Alijah Huzzie,2120,11
Ja'Marcus Ingram,Jamal Hill,2120,11
Ja'Marcus Ingram,Dylan Horton,2120,10
Ja'Marcus Ingram,Solomon Byrd,2120,10
Ja'Marcus Ingram,Kaevon Merriweather,2120,9
Ja'Marcus Ingram,Dominic Bailey,2120,8
Ja'Marcus Ingram,Kayden McDonald,2120,8
Ja'Marcus Ingram,Stephen Hall,2120,8
Ja'Marcus Ingram,Jaylin Smith,2120,7
Ja'Marcus Ingram,Kamari Ramsey,2120,7
Ja'Marcus Ingram,Kyonte Hamilton,2120,7
Ja'Marcus Ingram,Naquan Jones,2120,7
Ja'Marcus Ingram,Ali Gaye,2120,5
Ja'Marcus Ingram,Dominique Robinson,2120,5
Ja'Marcus Ingram,Jaylen Reed,2120,5
Ja'Marcus Ingram,Tremon Smith,2120,5
Ja'Marcus Ingram,Collin Wright,2120,4
Ja'Marcus Ingram,Jacob Hummel,2120,4
Ja'Marcus Ingram,Marte Mapu,2120,3
Ja'Marcus Ingram,Wade Woodaz,2120,3
Ja'Marcus Ingram,K.C. Ossai,2120,1
Ja'Marr Chase,Amarius Mims,0920,12
Ja'Marr Chase,Dalton Risner,0920,12
Ja'Marr Chase,Dylan Fairchild,0920,12
Ja'Marr Chase,Joe Burrow,0920,12
Ja'Marr Chase,Orlando Brown,0920,12
Ja'Marr Chase,Ted Karras,0920,12
Ja'Marr Chase,Drew Sample,0920,10
Ja'Marr Chase,Tee Higgins,0920,10
Ja'Marr Chase,Andrei Iosivas,0920,9
Ja'Marr Chase,Chase Brown,0920,8
Ja'Marr Chase,Samaje Perine,0920,4
Ja'Marr Chase,Mike Gesicki,0920,3
Ja'Marr Chase,Cam Grandy,0920,2
Ja'Marr Chase,Colbie Young,0920,2
Ja'Seem Reed,Albert Reese,0750,23
Ja'Seem Reed,Stone Forsythe,0750,23
Ja'Seem Reed,Haynes King,0750,21
Ja'Seem Reed,Isaia Glass,0750,21
Ja'Seem Reed,Ja'Tyre Carter,0750,21
Ja'Seem Reed,Sam Hecht,0750,21
Ja'Seem Reed,AJ Dillon,0750,20
Ja'Seem Reed,James Mitchell,0750,14
Ja'Seem Reed,John Metchie III,0750,14
Ja'Seem Reed,Feleipe Franks,0750,12
Ja'Seem Reed,Jimmy Horn Jr.,0750,11
Ja'Seem Reed,Malick Meiga,0750,8
Ja'Seem Reed,Elijah Cooks,0750,4
Ja'Seem Reed,Anthony Tyus III,0750,2
Ja'Seem Reed,Brady Christensen,0750,2
Ja'Seem Reed,Brycen Tremayne,0750,2
Ja'Seem Reed,Caden Prieskorn,0750,2
Ja'Seem Reed,Casey Washington,0750,2
Ja'Seem Reed,Chandler Zavala,0750,2
Ja'Seem Reed,Kenny Pickett,0750,2
Ja'Seem Reed,Nick Samac,0750,2
Ja'Seem Reed,Trevor Etienne,0750,1
Ja'Sir Taylor,D.J. Ivey,0920,8
Ja'Sir Taylor,Kyle Dugger,0920,8
Ja'Sir Taylor,Kris Jenkins,0920,6
Ja'Sir Taylor,Barrett Carter,0920,5
Ja'Sir Taylor,Boye Mafe,0920,5
Ja'Sir Taylor,Demetrius Knight Jr.,0920,5
Ja'Sir Taylor,Jordan Battle,0920,5
Ja'Sir Taylor,Josh Newton,0920,5
Ja'Sir Taylor,Myles Murphy,0920,5
Ja'Sir Taylor,Cashius Howell,0920,3
Ja'Sir Taylor,Cedric Johnson,0920,3
Ja'Sir Taylor,DJ Turner II,0920,3
Ja'Sir Taylor,Landon Robinson,0920,3
Ja'Sir Taylor,Oren Burks,0920,3
Ja'Sir Taylor,PJ Jules,0920,3
Ja'Sir Taylor,Swayze Bozeman,0920,3
Ja'Sir Taylor,Dexter Lawrence,0920,2
Ja'Sir Taylor,Jonathan Allen,0920,2
Ja'Sir Taylor,Tedarrell Slaton,0920,2
Ja'Sir Taylor,Howard Cross III,0920,1
Ja'Tavion Sanders,Albert Reese,0750,3
Ja'Tavion Sanders,Brady Christensen,0750,3
Ja'Tavion Sanders,Brycen Tremayne,0750,3
Ja'Tavion Sanders,Chandler Zavala,0750,3
Ja'Tavion Sanders,David Moore,0750,3
Ja'Tavion Sanders,John Metchie III,0750,3
Ja'Tavion Sanders,Kenny Pickett,0750,3
Ja'Tavion Sanders,Sam Hecht,0750,3
Ja'Tavion Sanders,Stone Forsythe,0750,3
Ja'Tavion Sanders,Trevor Etienne,0750,3
Ja'Tyre Carter,Haynes King,0750,50
Ja'Tyre Carter,Isaia Glass,0750,50
Ja'Tyre Carter,Stone Forsythe,0750,37
Ja'Tyre Carter,Albert Reese,0750,34
Ja'Tyre Carter,Jimmy Horn Jr.,0750,34
Ja'Tyre Carter,Elijah Cooks,0750,32
Ja'Tyre Carter,Nick Samac,0750,31
Ja'Tyre Carter,Ryan Hayes,0750,29
Ja'Tyre Carter,Casey Washington,0750,27
Ja'Tyre Carter,Caden Prieskorn,0750,23
Ja'Tyre Carter,Ja'Seem Reed,0750,21
Ja'Tyre Carter,AJ Dillon,0750,19
Ja'Tyre Carter,Sam Hecht,0750,19
Ja'Tyre Carter,Miles Davis,0750,17
Ja'Tyre Carter,Anthony Tyus III,0750,14
Ja'Tyre Carter,Chamon Metayer,0750,14
Ja'Tyre Carter,John Metchie III,0750,13
Ja'Tyre Carter,James Mitchell,0750,12
Ja'Tyre Carter,Feleipe Franks,0750,11
Ja'Tyre Carter,Malick Meiga,0750,9
Ja'Tyre Carter,Roc Taylor,0750,4
JaQuae Jackson,Jacob Spomer,4400,24
JaQuae Jackson,Travis Burke,4400,23
JaQuae Jackson,Logan Taylor,4400,20
JaQuae Jackson,Jake Slaughter,4400,18
JaQuae Jackson,Dalevon Campbell,4400,17
JaQuae Jackson,Amar Johnson,4400,15
JaQuae Jackson,Evan Svoboda,4400,15
JaQuae Jackson,Alex Harkey,4400,12
JaQuae Jackson,DJ Uiagalelei,4400,12
JaQuae Jackson,Trevor Penning,4400,12
JaQuae Jackson,Trey Lance,4400,12
JaQuae Jackson,Johnny Pascuzzi,4400,10
JaQuae Jackson,Devonte Ross,4400,9
JaQuae Jackson,Josh Kaltenberger,4400,6
JaQuae Jackson,Branson Taylor,4400,5
JaQuae Jackson,Jaret Patterson,4400,5
JaQuae Jackson,Derius Davis,4400,4
JaQuae Jackson,Gregory Desrosiers,4400,4
JaQuae Jackson,Scott Matlock,4400,4
JaQuae Jackson,Jerand Bradley,4400,3
JaQuae Jackson,KeAndre Lambert-Smith,4400,3
JaQuae Jackson,Luke Grimm,4400,3
JaQuae Jackson,Brenen Thompson,4400,2
JaQuae Jackson,Oronde Gadsden II,4400,2
Jack Bech,Atonio Mafi,2520,14
Jack Bech,Charles Grant,2520,14
Jack Bech,Fernando Mendoza,2520,14
Jack Bech,Ian Thomas,2520,14
Jack Bech,Jordan Meredith,2520,14
Jack Bech,Malik Benson,2520,14
Jack Bech,Trey Zuhn III,2520,14
Jack Bech,Jackson Powers-Johnson,2520,13
Jack Bech,Mike Washington Jr.,2520,12
Jack Bech,Deven Thompkins,2520,9
Jack Bech,Caleb Rogers,2520,6
Jack Bech,DJ Glaze,2520,5
Jack Bech,Kirk Cousins,2520,5
Jack Bech,Kolton Miller,2520,5
Jack Bech,Michael Mayer,2520,5
Jack Bech,Spencer Burford,2520,5
Jack Bech,Tyler Linderbaum,2520,5
Jack Bech,Ashton Jeanty,2520,4
Jack Bech,Connor Heyward,2520,4
Jack Bech,Jalen Nailor,2520,4
Jack Bech,Tre Tucker,2520,4
Jack Bech,Albert Okwuegbunam,2520,3
Jack Bech,Dylan Laube,2520,3
Jack Dingle,Antwaun Powell-Ryland,0920,1
Jack Dingle,Bralyn Lux,0920,1
Jack Dingle,Ceyair Wright,0920,1
Jack Dingle,Daijahn Anthony,0920,1
Jack Dingle,Howard Cross III,0920,1
Jack Dingle,Isaiah Foskey,0920,1
Jack Dingle,Jalen Kimber,0920,1
Jack Dingle,Landon Robinson,0920,1
Jack Dingle,Liam Anderson,0920,1
Jack Dingle,Russ Yeast,0920,1
Jack Driscoll,Broderick Jones,3900,32
Jack Driscoll,Doug Nester,3900,32
Jack Driscoll,Max Hurleman,3900,29
Jack Driscoll,Drew Allar,3900,26
Jack Driscoll,Gennings Dunker,3900,26
Jack Driscoll,Eli Heidenreich,3900,21
Jack Driscoll,Greg Crippen,3900,21
Jack Driscoll,Levi Wentz,3900,20
Jack Driscoll,Lake McRee,3900,16
Jack Driscoll,Kaden Wetjen,3900,14
Jack Driscoll,Jaheim Bell,3900,13
Jack Driscoll,Jakobie Keeney-James,3900,12
Jack Driscoll,Joaquin Davis,3900,11
Jack Driscoll,Ryan McCollum,3900,11
Jack Driscoll,Riley Nowakowski,3900,7
Jack Driscoll,Brock Hoffman,3900,6
Jack Driscoll,Lew Nichols III,3900,6
Jack Driscoll,Will Howard,3900,6
Jack Driscoll,Kaleb Johnson,3900,5
Jack Driscoll,Robert Tonyan,3900,5
Jack Driscoll,Lance Mason,3900,1
Jack Endries,Brian Parker II,0920,32
Jack Endries,Jacob Bayer,0920,32
Jack Endries,Jalen Rivers,0920,24
Jack Endries,Andrew Coker,0920,21
Jack Endries,Javon Foster,0920,20
Jack Endries,Josh Johnson,0920,19
Jack Endries,Dohnte Meyers,0920,17
Jack Endries,Ke'Shawn Williams,0920,17
Jack Endries,Jordan Moore,0920,15
Jack Endries,Kendall Milton,0920,14
Jack Endries,Noah Thomas,0920,12
Jack Endries,Gary Brightwell,0920,11
Jack Endries,Christian Jones,0920,8
Jack Endries,Corey Robinson II,0920,8
Jack Endries,Liam Brown,0920,8
Jack Endries,Sean Clifford,0920,8
Jack Endries,Cody Ford,0920,7
Jack Endries,Xavier Johnson,0920,7
Jack Endries,Cam Grandy,0920,6
Jack Endries,Colbie Young,0920,6
Jack Endries,Joe Flacco,0920,5
Jack Endries,Tahj Brooks,0920,5
Jack Endries,Andrei Iosivas,0920,4
Jack Endries,Josh Kattus,0920,4
Jack Endries,Mitchell Tinsley,0920,4
Jack Endries,Charlie Jones,0920,3
Jack Endries,Kentrel Bullock,0920,2
Jack Endries,Jamal Haynes,0920,1
Jack Gibbens,Dadrion Taylor-Demerson,3800,22
Jack Gibbens,Denzel Burke,3800,22
Jack Gibbens,Walter Nolen,3800,16
Jack Gibbens,Cody Simon,3800,15
Jack Gibbens,Jordan Burch,3800,15
Jack Gibbens,Kitan Crawford,3800,15
Jack Gibbens,L.J. Collier,3800,15
Jack Gibbens,Darius Robinson,3800,13
Jack Gibbens,Sean Murphy-Bunting,3800,13
Jack Gibbens,Will Johnson,3800,13
Jack Gibbens,Andrew Billings,3800,9
Jack Gibbens,Max Melton,3800,9
Jack Gibbens,Eku Leota,3800,8
Jack Gibbens,Andrew Wingard,3800,7
Jack Gibbens,Mack Wilson,3800,7
Jack Gibbens,BJ Ojulari,3800,6
Jack Gibbens,Zaven Collins,3800,5
Jack Gibbens,Roy Lopez,3800,4
Jack Gibbens,Cam Robertson,3800,3
Jack Gibbens,Elliott Brown,3800,3
Jack Henderson,Daryl Porter,3900,7
Jack Henderson,Israel Mukuamu,3900,7
Jack Henderson,Jamin Davis,3900,7
Jack Henderson,Julius Welschof,3900,7
Jack Henderson,Malik Harrison,3900,7
Jack Henderson,Tamon Lynum,3900,7
Jack Henderson,Anthony Goodlow,3900,4
Jack Henderson,Carson Bruener,3900,4
Jack Henderson,Gabe Rubio,3900,4
Jack Henderson,Kevin Jobity Jr.,3900,4
Jack Henderson,Kyler Baugh,3900,4
Jack Henderson,Devan Boykin,3900,3
Jack Henderson,Jacoby Windmon,3900,3
Jack Henderson,Esezi Otomewo,3900,2
Jack Jones,Ashtyn Davis,4500,8
Jack Jones,Darrell Luter Jr.,4500,8
Jack Jones,Garret Wallow,4500,8
Jack Jones,Jaden Dugger,4500,8
Jack Jones,Marques Sigle,4500,8
Jack Jones,Romello Height,4500,7
Jack Jones,Ogbo Okoronkwo,4500,5
Jack Jones,Alfred Collins,4500,4
Jack Jones,Gracen Halton,4500,4
Jack Jones,Jakob Robinson,4500,4
Jack Jones,Nick Martin,4500,4
Jack Jones,Sebastian Valdez,4500,4
Jack Jones,Titus Leo,4500,3
Jack Jones,Bryson Eason,4500,2
Jack Jones,James Thompson Jr.,4500,2
Jack Jones,Quinton Bell,4500,1
Jack Sawyer,Carson Bruener,3900,23
Jack Sawyer,Cole Holcomb,3900,23
Jack Sawyer,Daylen Everette,3900,23
Jack Sawyer,Robert Spears-Jennings,3900,23
Jack Sawyer,Sebastian Castro,3900,23
Jack Sawyer,D'Shawn Jamison,3900,20
Jack Sawyer,Jamin Davis,3900,16
Jack Sawyer,Devan Boykin,3900,15
Jack Sawyer,Dean Lowry,3900,13
Jack Sawyer,Doneiko Slaughter,3900,13
Jack Sawyer,Esezi Otomewo,3900,13
Jack Sawyer,Yahya Black,3900,12
Jack Sawyer,Julius Welschof,3900,7
Jack Sawyer,Kevin Jobity Jr.,3900,6
Jack Sawyer,Gabe Rubio,3900,5
Jack Sawyer,Asante Samuel Jr.,3900,4
Jack Sawyer,Jamel Dean,3900,4
Jack Sawyer,Kyler Baugh,3900,4
Jack Sawyer,Patrick Queen,3900,4
Jack Sawyer,Payton Wilson,3900,4
Jack Sawyer,Rayshawn Jenkins,3900,4
Jack Sawyer,Anthony Goodlow,3900,3
Jack Sawyer,Alex Highsmith,3900,2
Jack Sawyer,Derrick Harmon,3900,2
Jack Sawyer,Keeanu Benton,3900,2
Jack Sawyer,Nick Herbig,3900,2
Jack Westover,Jacob Rizy,3200,22
Jack Westover,Nick DeGennaro,3200,20
Jack Westover,Behren Morton,3200,18
Jack Westover,Dametrious Crownover,3200,18
Jack Westover,Lan Larison,3200,18
Jack Westover,Mehki Butler,3200,18
Jack Westover,Kobe Prentice,3200,16
Jack Westover,James Hudson,3200,12
Jack Westover,Tejhaun Palmer,3200,12
Jack Westover,Andrew Rupcich,3200,11
Jack Westover,Cameron Dorner,3200,11
Jack Westover,JonDarius Morgan,3200,11
Jack Westover,Lorenz Metz,3200,10
Jack Westover,CJ Dippre,3200,4
Jack Westover,Caleb Lomu,3200,4
Jack Westover,Marcus Bryant,3200,4
Jack Westover,Tommy DeVito,3200,4
Jack Westover,Jam Miller,3200,2
Jack Westover,Jamycal Hasty,3200,2
Jack Westover,Kyle Williams,3200,2
Jack Westover,Tanner Arkin,3200,1
Jackson Kuwatch,Demani Richardson,0750,31
Jackson Kuwatch,Bam Martin-Scott,0750,26
Jackson Kuwatch,Nick Hampton,0750,26
Jackson Kuwatch,Thomas Incoom,0750,26
Jackson Kuwatch,Isaiah Simmons,0750,21
Jackson Kuwatch,Corey Thornton,0750,20
Jackson Kuwatch,Devonta Smith,0750,19
Jackson Kuwatch,Elijah Garcia,0750,16
Jackson Kuwatch,Cam Miller,0750,14
Jackson Kuwatch,Robert Rochell,0750,14
Jackson Kuwatch,Zakee Wheatley,0750,14
Jackson Kuwatch,Aaron Hall,0750,13
Jackson Kuwatch,Akayleb Evans,0750,13
Jackson Kuwatch,Kyon Barrs,0750,10
Jackson Kuwatch,Chau Smith-Wade,0750,9
Jackson Kuwatch,Tywone Malone,0750,9
Jackson Kuwatch,Cam Gill,0750,8
Jackson Kuwatch,Isaiah Smith,0750,8
Jackson Kuwatch,Jared Harrison-Hunte,0750,8
Jackson Kuwatch,Lee Hunter,0750,8
Jackson Kuwatch,Maema Njongmeta,0750,7
Jackson Kuwatch,Tyrek Funderburk,0750,7
Jackson Kuwatch,Cam Jackson,0750,5
Jackson Kuwatch,Parker Petersen,0750,5
Jackson Kuwatch,Lathan Ransom,0750,3
Jackson Meeks,Miles Frazier,1540,20
Jackson Meeks,Blake Miller,1540,17
Jackson Meeks,Christian Mahogany,1540,17
Jackson Meeks,Larry Borom,1540,17
Jackson Meeks,Seth McLaughlin,1540,17
Jackson Meeks,Jacob Saylors,1540,14
Jackson Meeks,Dominic Lovett,1540,10
Jackson Meeks,Joshua Dobbs,1540,10
Jackson Meeks,Luke Altmyer,1540,10
Jackson Meeks,Lucky Jackson,1540,9
Jackson Meeks,Tom Kennedy,1540,8
Jackson Meeks,Cedrick Wilson Jr.,1540,7
Jackson Meeks,Isaac TeSlaa,1540,7
Jackson Meeks,Tyler Conklin,1540,7
Jackson Meeks,Kye Robichaux,1540,6
Jackson Meeks,Thomas Gordon,1540,5
Jackson Meeks,Colby Sorsdal,1540,3
Jackson Meeks,Malik Cunningham,1540,3
Jackson Meeks,Mason Miller,1540,3
Jackson Meeks,Melvin Priestly,1540,3
Jackson Meeks,Michael Niese,1540,3
Jackson Meeks,Tay Martin,1540,3
Jackson Meeks,Zach Horton,1540,1
Jackson Powers-Johnson,Jack Bech,2520,13
Jackson Powers-Johnson,Ian Thomas,2520,11
Jackson Powers-Johnson,DJ Glaze,2520,10
Jackson Powers-Johnson,Kirk Cousins,2520,10
Jackson Powers-Johnson,Kolton Miller,2520,10
Jackson Powers-Johnson,Michael Mayer,2520,10
Jackson Powers-Johnson,Mike Washington Jr.,2520,10
Jackson Powers-Johnson,Spencer Burford,2520,10
Jackson Powers-Johnson,Tyler Linderbaum,2520,10
Jackson Powers-Johnson,Atonio Mafi,2520,9
Jackson Powers-Johnson,Charles Grant,2520,9
Jackson Powers-Johnson,Fernando Mendoza,2520,9
Jackson Powers-Johnson,Jordan Meredith,2520,9
Jackson Powers-Johnson,Tre Tucker,2520,9
Jackson Powers-Johnson,Trey Zuhn III,2520,9
Jackson Powers-Johnson,Jalen Nailor,2520,8
Jackson Powers-Johnson,Malik Benson,2520,8
Jackson Powers-Johnson,Ashton Jeanty,2520,7
Jackson Powers-Johnson,Connor Heyward,2520,7
Jackson Powers-Johnson,Albert Okwuegbunam,2520,4
Jackson Powers-Johnson,Deven Thompkins,2520,4
Jackson Powers-Johnson,Dylan Laube,2520,2
Jackson Powers-Johnson,Brock Bowers,2520,1
Jackson Powers-Johnson,Dareke Young,2520,1
Jackson Slater,Brandon Crenshaw-Dickson,2100,26
Jackson Slater,Pat Coogan,2100,26
Jackson Slater,Austin Deculus,2100,21
Jackson Slater,Cordell Volson,2100,20
Jackson Slater,Will Levis,2100,18
Jackson Slater,Kylen Granson,2100,16
Jackson Slater,Nicholas Singleton,2100,16
Jackson Slater,David Martin-Robinson,2100,14
Jackson Slater,Xavier Restrepo,2100,14
Jackson Slater,Chimere Dike,2100,13
Jackson Slater,Elic Ayomanor,2100,13
Jackson Slater,Bryce Oliver,2100,10
Jackson Slater,K.J. Osborn,2100,10
Jackson Slater,Michael Carter,2100,8
Jackson Slater,Mitchell Trubisky,2100,8
Jackson Slater,Fernando Carmona,2100,6
Jackson Slater,Zach Thomas,2100,5
Jackson Slater,Hank Beatty,2100,4
Jackson Slater,Joel Wilson,2100,3
Jackson Slater,Lance McCutcheon,2100,3
Jackson Slater,Mason Kinsey,2100,3
Jackson Slater,Julius Chestnut,2100,2
Jackson Slater,Jaren Kanak,2100,1
Jacob Bayer,Brian Parker II,0920,55
Jacob Bayer,Jalen Rivers,0920,46
Jacob Bayer,Andrew Coker,0920,38
Jacob Bayer,Javon Foster,0920,34
Jacob Bayer,Jack Endries,0920,32
Jacob Bayer,Josh Johnson,0920,32
Jacob Bayer,Dohnte Meyers,0920,30
Jacob Bayer,Ke'Shawn Williams,0920,23
Jacob Bayer,Cody Ford,0920,20
Jacob Bayer,Colbie Young,0920,20
Jacob Bayer,Kendall Milton,0920,20
Jacob Bayer,Gary Brightwell,0920,17
Jacob Bayer,Jordan Moore,0920,17
Jacob Bayer,Noah Thomas,0920,17
Jacob Bayer,Tahj Brooks,0920,16
Jacob Bayer,Tanner Hudson,0920,15
Jacob Bayer,Joe Flacco,0920,14
Jacob Bayer,Cam Grandy,0920,13
Jacob Bayer,Andrei Iosivas,0920,12
Jacob Bayer,Charlie Jones,0920,12
Jacob Bayer,Mitchell Tinsley,0920,12
Jacob Bayer,Xavier Johnson,0920,10
Jacob Bayer,Christian Jones,0920,9
Jacob Bayer,Corey Robinson II,0920,9
Jacob Bayer,Liam Brown,0920,9
Jacob Bayer,Sean Clifford,0920,9
Jacob Bayer,Josh Kattus,0920,6
Jacob Bayer,Kentrel Bullock,0920,2
Jacob Bayer,Jamal Haynes,0920,1
Jacob Hummel,Jaylen Reed,2120,20
Jacob Hummel,Wade Woodaz,2120,19
Jacob Hummel,Kamari Ramsey,2120,17
Jacob Hummel,Dylan Horton,2120,14
Jacob Hummel,Kaevon Merriweather,2120,14
Jacob Hummel,Solomon Byrd,2120,14
Jacob Hummel,Jaylin Smith,2120,13
Jacob Hummel,Kayden McDonald,2120,13
Jacob Hummel,Marte Mapu,2120,13
Jacob Hummel,Naquan Jones,2120,13
Jacob Hummel,Collin Wright,2120,12
Jacob Hummel,Dominic Bailey,2120,12
Jacob Hummel,Tremon Smith,2120,12
Jacob Hummel,Stephen Hall,2120,11
Jacob Hummel,Ali Gaye,2120,10
Jacob Hummel,Dominique Robinson,2120,10
Jacob Hummel,Kyonte Hamilton,2120,10
Jacob Hummel,Alijah Huzzie,2120,5
Jacob Hummel,Ja'Marcus Ingram,2120,4
Jacob Hummel,Jamal Hill,2120,3
Jacob Monk,Anthony Belton,1800,34
Jacob Monk,Jager Burton,1800,34
Jacob Monk,Drake Dabney,1800,26
Jacob Monk,Donovan Jennings,1800,25
Jacob Monk,Jordan Morgan,1800,21
Jacob Monk,Savion Williams,1800,21
Jacob Monk,Isaiah Neyor,1800,17
Jacob Monk,Pierre Strong,1800,17
Jacob Monk,John Williams,1800,13
Jacob Monk,Kyle McCord,1800,13
Jacob Monk,MarShawn Lloyd,1800,12
Jacob Monk,Skyy Moore,1800,12
Jacob Monk,Tyrod Taylor,1800,12
Jacob Monk,Bo Melton,1800,10
Jacob Monk,J. Michael Sturdivant,1800,9
Jacob Monk,Jordan Love,1800,9
Jacob Monk,Matthew Golden,1800,9
Jacob Monk,Sean Rhyan,1800,9
Jacob Monk,Christian Watson,1800,8
Jacob Monk,Josh Whyle,1800,8
Jacob Monk,Jayden Reed,1800,7
Jacob Monk,Messiah Swinson,1800,7
Jacob Monk,Jaden Nixon,1800,5
Jacob Monk,Will Sheppard,1800,2
Jacob Rizy,Nick DeGennaro,3200,44
Jacob Rizy,James Hudson,3200,40
Jacob Rizy,Andrew Rupcich,3200,39
Jacob Rizy,Lan Larison,3200,33
Jacob Rizy,Behren Morton,3200,29
Jacob Rizy,Dametrious Crownover,3200,29
Jacob Rizy,Mehki Butler,3200,29
Jacob Rizy,Kobe Prentice,3200,27
Jacob Rizy,Caleb Lomu,3200,24
Jacob Rizy,Marcus Bryant,3200,24
Jacob Rizy,Tommy DeVito,3200,24
Jacob Rizy,Jack Westover,3200,22
Jacob Rizy,Cameron Dorner,3200,21
Jacob Rizy,Eli Raridon,3200,20
Jacob Rizy,Kyle Williams,3200,19
Jacob Rizy,Efton Chism III,3200,18
Jacob Rizy,Tejhaun Palmer,3200,18
Jacob Rizy,JonDarius Morgan,3200,14
Jacob Rizy,Lorenz Metz,3200,13
Jacob Rizy,Jam Miller,3200,10
Jacob Rizy,CJ Dippre,3200,9
Jacob Rizy,Tanner Arkin,3200,8
Jacob Rizy,Hassan Haskins,3200,5
Jacob Rizy,Jamycal Hasty,3200,5
Jacob Rizy,Kayshon Boutte,3200,3
Jacob Rizy,Mitch Van Vooren,3200,3
Jacob Saylors,Blake Miller,1540,24
Jacob Saylors,Christian Mahogany,1540,24
Jacob Saylors,Larry Borom,1540,24
Jacob Saylors,Miles Frazier,1540,24
Jacob Saylors,Seth McLaughlin,1540,24
Jacob Saylors,Jackson Meeks,1540,14
Jacob Saylors,Isaac TeSlaa,1540,12
Jacob Saylors,Joshua Dobbs,1540,12
Jacob Saylors,Luke Altmyer,1540,12
Jacob Saylors,Tyler Conklin,1540,12
Jacob Saylors,Cedrick Wilson Jr.,1540,11
Jacob Saylors,Dominic Lovett,1540,9
Jacob Saylors,Thomas Gordon,1540,9
Jacob Saylors,Tom Kennedy,1540,9
Jacob Saylors,Lucky Jackson,1540,8
Jacob Saylors,Tay Martin,1540,5
Jacob Saylors,Greg Dortch,1540,4
Jacob Saylors,Malik Cunningham,1540,3
Jacob Spomer,Travis Burke,4400,39
Jacob Spomer,Logan Taylor,4400,37
Jacob Spomer,Evan Svoboda,4400,30
Jacob Spomer,Jake Slaughter,4400,30
Jacob Spomer,Dalevon Campbell,4400,26
Jacob Spomer,JaQuae Jackson,4400,24
Jacob Spomer,Trevor Penning,4400,24
Jacob Spomer,Trey Lance,4400,24
Jacob Spomer,Alex Harkey,4400,21
Jacob Spomer,DJ Uiagalelei,4400,21
Jacob Spomer,Johnny Pascuzzi,4400,20
Jacob Spomer,Devonte Ross,4400,18
Jacob Spomer,Amar Johnson,4400,17
Jacob Spomer,Jaret Patterson,4400,15
Jacob Spomer,Josh Kaltenberger,4400,15
Jacob Spomer,KeAndre Lambert-Smith,4400,15
Jacob Spomer,Branson Taylor,4400,14
Jacob Spomer,Brenen Thompson,4400,14
Jacob Spomer,Gregory Desrosiers,4400,13
Jacob Spomer,Scott Matlock,4400,11
Jacob Spomer,Derius Davis,4400,10
Jacob Spomer,Oronde Gadsden II,4400,6
Jacob Spomer,Jerand Bradley,4400,3
Jacob Spomer,Luke Grimm,4400,3
Jacobian Guillory,Isas Waxter,4400,13
Jacobian Guillory,Eric Rogers,4400,12
Jacobian Guillory,Garmon Randolph,4400,12
Jacobian Guillory,Andre Carter II,4400,10
Jacobian Guillory,Jahmeer Carter,4400,9
Jacobian Guillory,Junior Colson,4400,9
Jacobian Guillory,Marlowe Wax,4400,9
Jacobian Guillory,TeRah Edwards,4400,9
Jacobian Guillory,Avery Smith,4400,8
Jacobian Guillory,Emany Johnson,4400,8
Jacobian Guillory,Lander Barton,4400,8
Jacobian Guillory,Myles Purchase,4400,8
Jacobian Guillory,Nick Barrett,4400,8
Jacobian Guillory,Terry Webb,4400,8
Jacobian Guillory,Kendall Williamson,4400,7
Jacobian Guillory,Kyle Kennard,4400,7
Jacobian Guillory,Nadame Tucker,4400,7
Jacobian Guillory,R.J. Mickens,4400,7
Jacobian Guillory,Devin Grant,4400,6
Jacobian Guillory,Genesis Smith,4400,6
Jacobian Guillory,Nikko Reed,4400,4
Jacobian Guillory,Noah Avinger,4400,4
Jacobian Guillory,Rodney Shelley,4400,3
Jacobian Guillory,Akheem Mesidor,4400,2
Jacobian Guillory,Deane Leonard,4400,2
Jacobian Guillory,Del'Shawn Phillips,4400,2
Jacobian Guillory,Troy Dye,4400,2
Jacoby Brissett,Elijah Wilkinson,3800,10
Jacoby Brissett,Hjalte Froholdt,3800,10
Jacoby Brissett,Isaac Seumalo,3800,10
Jacoby Brissett,Isaiah Adams,3800,10
Jacoby Brissett,Marvin Harrison Jr.,3800,10
Jacoby Brissett,Paris Johnson Jr.,3800,10
Jacoby Brissett,Jeremiyah Love,3800,7
Jacoby Brissett,Kendrick Bourne,3800,7
Jacoby Brissett,Teagan Quitoriano,3800,7
Jacoby Brissett,Michael Wilson,3800,6
Jacoby Brissett,Rivaldo Fairweather,3800,5
Jacoby Brissett,Jalen Brooks,3800,4
Jacoby Brissett,Tyler Allgeier,3800,3
Jacoby Brissett,Trey McBride,3800,1
Jacoby Windmon,Daryl Porter,3900,3
Jacoby Windmon,Israel Mukuamu,3900,3
Jacoby Windmon,Jack Henderson,3900,3
Jacoby Windmon,Jamin Davis,3900,3
Jacoby Windmon,Julius Welschof,3900,3
Jacoby Windmon,Kevin Jobity Jr.,3900,3
Jacoby Windmon,Malik Harrison,3900,3
Jacoby Windmon,Tamon Lynum,3900,3
Jacoby Windmon,Devan Boykin,3900,2
Jacoby Windmon,Anthony Goodlow,3900,1
Jacoby Windmon,Esezi Otomewo,3900,1
Jacoby Windmon,Gabe Rubio,3900,1
Jacoby Windmon,Kyler Baugh,3900,1
Jaden Crumedy,Jaylin Simpson,1800,25
Jaden Crumedy,Kristian Welch,1800,23
Jaden Crumedy,TJ Quinn,1800,23
Jaden Crumedy,Trey Dean III,1800,23
Jaden Crumedy,Nyjalik Kelly,1800,21
Jaden Crumedy,MJ Devonshire,1800,19
Jaden Crumedy,Nazir Stackhouse,1800,17
Jaden Crumedy,Shemar Bartholomew,1800,17
Jaden Crumedy,Arron Mosby,1800,16
Jaden Crumedy,Mark Perry,1800,15
Jaden Crumedy,Collin Oliver,1800,14
Jaden Crumedy,Jonathan Ford,1800,14
Jaden Crumedy,Tra Fluellen,1800,10
Jaden Crumedy,Benjamin St-Juste,1800,6
Jaden Crumedy,Kitan Oladapo,1800,3
Jaden Crumedy,Ty'Ron Hopper,1800,3
Jaden Crumedy,Anthony Campbell,1800,2
Jaden Crumedy,Nick Niemann,1800,2
Jaden Crumedy,Brandon Cisse,1800,1
Jaden Crumedy,Brenton Cox Jr.,1800,1
Jaden Crumedy,Chris McClellan,1800,1
Jaden Crumedy,Isaiah McDuffie,1800,1
Jaden Crumedy,Keisean Nixon,1800,1
Jaden Crumedy,Murvin Kenion,1800,1
Jaden Crumedy,Warren Brinson,1800,1
Jaden Dugger,Ashtyn Davis,4500,29
Jaden Dugger,Darrell Luter Jr.,4500,29
Jaden Dugger,Marques Sigle,4500,25
Jaden Dugger,Ephesians Prysock,4500,21
Jaden Dugger,Alfred Collins,4500,17
Jaden Dugger,Jakob Robinson,4500,17
Jaden Dugger,Romello Height,4500,17
Jaden Dugger,Garret Wallow,4500,16
Jaden Dugger,Sebastian Valdez,4500,14
Jaden Dugger,Titus Leo,4500,14
Jaden Dugger,Ogbo Okoronkwo,4500,13
Jaden Dugger,Tatum Bethune,4500,13
Jaden Dugger,Gracen Halton,4500,12
Jaden Dugger,Nick Martin,4500,12
Jaden Dugger,Quinton Bell,4500,9
Jaden Dugger,Jack Jones,4500,8
Jaden Dugger,James Thompson Jr.,4500,8
Jaden Dugger,Bryson Eason,4500,7
Jaden Dugger,Xavier Thomas,4500,5
Jaden Dugger,Jalen Stroman,4500,4
Jaden Nixon,Donovan Jennings,1800,11
Jaden Nixon,Isaiah Neyor,1800,11
Jaden Nixon,John Williams,1800,9
Jaden Nixon,Kyle McCord,1800,9
Jaden Nixon,Dillon Wade,1800,7
Jaden Nixon,Drake Dabney,1800,7
Jaden Nixon,Travis Glover,1800,6
Jaden Nixon,Will Sheppard,1800,6
Jaden Nixon,Anthony Belton,1800,5
Jaden Nixon,Jacob Monk,1800,5
Jaden Nixon,Jager Burton,1800,5
Jaden Nixon,Josh Gesky,1800,5
Jaden Nixon,Messiah Swinson,1800,5
Jaden Nixon,J. Michael Sturdivant,1800,4
Jaden Nixon,Savion Williams,1800,4
Jaden Nixon,Kisean Johnson,1800,3
Jaden Nixon,McCallan Castles,1800,3
Jaden Nixon,Skyy Moore,1800,3
Jaden Nixon,Darian Kinnard,1800,2
Jaden Nixon,Jordan Morgan,1800,2
Jaden Nixon,Tyrod Taylor,1800,2
Jaden Nixon,Brant Banks,1800,1
Jaden Nixon,Chris Hilton Jr.,1800,1
Jaden Nixon,Dalton Cooper,1800,1
Jaden Nixon,Dylan Barrett,1800,1
Jaden Nixon,Kyron Drones,1800,1
Jaden Nixon,Thomas Yassmin,1800,1
Jager Burton,Anthony Belton,1800,34
Jager Burton,Jacob Monk,1800,34
Jager Burton,Drake Dabney,1800,26
Jager Burton,Donovan Jennings,1800,25
Jager Burton,Jordan Morgan,1800,21
Jager Burton,Savion Williams,1800,21
Jager Burton,Isaiah Neyor,1800,17
Jager Burton,Pierre Strong,1800,17
Jager Burton,John Williams,1800,13
Jager Burton,Kyle McCord,1800,13
Jager Burton,MarShawn Lloyd,1800,12
Jager Burton,Skyy Moore,1800,12
Jager Burton,Tyrod Taylor,1800,12
Jager Burton,Bo Melton,1800,10
Jager Burton,J. Michael Sturdivant,1800,9
Jager Burton,Jordan Love,1800,9
Jager Burton,Matthew Golden,1800,9
Jager Burton,Sean Rhyan,1800,9
Jager Burton,Christian Watson,1800,8
Jager Burton,Josh Whyle,1800,8
Jager Burton,Jayden Reed,1800,7
Jager Burton,Messiah Swinson,1800,7
Jager Burton,Jaden Nixon,1800,5
Jager Burton,Will Sheppard,1800,2
Jaheim Bell,Broderick Jones,3900,15
Jaheim Bell,Doug Nester,3900,15
Jaheim Bell,Jack Driscoll,3900,13
Jaheim Bell,Max Hurleman,3900,12
Jaheim Bell,Drew Allar,3900,10
Jaheim Bell,Gennings Dunker,3900,10
Jaheim Bell,Ryan McCollum,3900,10
Jaheim Bell,Levi Wentz,3900,8
Jaheim Bell,Riley Nowakowski,3900,6
Jaheim Bell,Brock Hoffman,3900,5
Jaheim Bell,Eli Heidenreich,3900,5
Jaheim Bell,Greg Crippen,3900,5
Jaheim Bell,Jakobie Keeney-James,3900,5
Jaheim Bell,Kaleb Johnson,3900,5
Jaheim Bell,Lew Nichols III,3900,5
Jaheim Bell,Will Howard,3900,5
Jaheim Bell,Joaquin Davis,3900,4
Jaheim Bell,Robert Tonyan,3900,4
Jaheim Bell,Kaden Wetjen,3900,3
Jaheim Bell,Dylan Cook,3900,2
Jaheim Bell,Germie Bernard,3900,1
Jaheim Bell,Lake McRee,3900,1
Jaheim Bell,Roman Wilson,3900,1
Jahfari Harvey,Greedy Vance,2520,17
Jahfari Harvey,Cian Slone,2520,14
Jahfari Harvey,Dalton Johnson,2520,14
Jahfari Harvey,Brandon Cleveland,2520,13
Jahfari Harvey,Gary Smith III,2520,13
Jahfari Harvey,Caleb Offord,2520,12
Jahfari Harvey,Tristin McCollum,2520,12
Jahfari Harvey,Devin Lafayette,2520,11
Jahfari Harvey,Buddy Johnson,2520,9
Jahfari Harvey,Hezekiah Masses,2520,9
Jahfari Harvey,Jermod McCoy,2520,9
Jahfari Harvey,Patrick Johnson,2520,9
Jahfari Harvey,Treven Ma'ae,2520,9
Jahfari Harvey,Treydan Stukes,2520,9
Jahfari Harvey,Xavian Sorey Jr.,2520,9
Jahfari Harvey,Chigozie Anusiem,2520,8
Jahfari Harvey,Devyn Perkins,2520,8
Jahfari Harvey,Cameron McGrone,2520,7
Jahfari Harvey,Cody Lindenberg,2520,7
Jahfari Harvey,Jonah Laulu,2520,7
Jahfari Harvey,Segun Olubi,2520,7
Jahfari Harvey,Tommy Eichenberg,2520,7
Jahfari Harvey,Benito Jones,2520,5
Jahfari Harvey,JJ Pegues,2520,5
Jahmeer Carter,Terry Webb,4400,18
Jahmeer Carter,Nadame Tucker,4400,13
Jahmeer Carter,Kyle Kennard,4400,12
Jahmeer Carter,Genesis Smith,4400,11
Jahmeer Carter,Kendall Williamson,4400,11
Jahmeer Carter,Marlowe Wax,4400,11
Jahmeer Carter,Emany Johnson,4400,10
Jahmeer Carter,Isas Waxter,4400,10
Jahmeer Carter,Avery Smith,4400,9
Jahmeer Carter,Deane Leonard,4400,9
Jahmeer Carter,Garmon Randolph,4400,9
Jahmeer Carter,Jacobian Guillory,4400,9
Jahmeer Carter,R.J. Mickens,4400,9
Jahmeer Carter,Andre Carter II,4400,8
Jahmeer Carter,Eric Rogers,4400,8
Jahmeer Carter,Junior Colson,4400,8
Jahmeer Carter,Nikko Reed,4400,8
Jahmeer Carter,Devin Grant,4400,7
Jahmeer Carter,Lander Barton,4400,7
Jahmeer Carter,Myles Purchase,4400,7
Jahmeer Carter,Rodney Shelley,4400,7
Jahmeer Carter,Del'Shawn Phillips,4400,3
Jahmeer Carter,Troy Dye,4400,3
Jahmeer Carter,Noah Avinger,4400,2
Jahmeer Carter,TeRah Edwards,4400,1
Jai'Onte' McMillan,Caden Curry,2200,16
Jai'Onte' McMillan,Cameron Ball,2200,16
Jai'Onte' McMillan,Juanyeh Thomas,2200,16
Jai'Onte' McMillan,Mekhi Rodgers,2200,16
Jai'Onte' McMillan,Rob Carter Jr.,2200,16
Jai'Onte' McMillan,West Weeks,2200,16
Jai'Onte' McMillan,George Gumbs Jr.,2200,14
Jai'Onte' McMillan,Tahj Chambers,2200,10
Jai'Onte' McMillan,Austin Brown,2200,9
Jai'Onte' McMillan,Tim Smith,2200,9
Jai'Onte' McMillan,Daniel Scott,2200,7
Jai'Onte' McMillan,Devin Veresuk,2200,6
Jai'Onte' McMillan,Durell Nchami,2200,6
Jai'Onte' McMillan,Mitchell Melton,2200,3
Jake Andrews,Blake Fisher,2120,9
Jake Andrews,Davis Mills,2120,9
Jake Andrews,Evan Brown,2120,9
Jake Andrews,Febechi Nwaiwu,2120,9
Jake Andrews,Josh Kelly,2120,9
Jake Andrews,Lewis Bond,2120,9
Jake Andrews,Sam Hagen,2120,9
Jake Andrews,Cade Stover,2120,6
Jake Andrews,Noah Whittington,2120,5
Jake Andrews,Layne Pryor,2120,4
Jake Andrews,Treyvhon Saunders,2120,4
Jake Andrews,Foster Moreau,2120,3
Jake Andrews,Owen Wright,2120,3
Jake Andrews,Joshua Pitsenberger,2120,1
Jake Andrews,Juwann Winfree,2120,1
Jake Slaughter,Travis Burke,4400,37
Jake Slaughter,Trey Lance,4400,37
Jake Slaughter,Logan Taylor,4400,35
Jake Slaughter,Jacob Spomer,4400,30
Jake Slaughter,KeAndre Lambert-Smith,4400,28
Jake Slaughter,Branson Taylor,4400,27
Jake Slaughter,Brenen Thompson,4400,27
Jake Slaughter,Trevor Penning,4400,24
Jake Slaughter,Scott Matlock,4400,19
Jake Slaughter,Evan Svoboda,4400,18
Jake Slaughter,JaQuae Jackson,4400,18
Jake Slaughter,Oronde Gadsden II,4400,18
Jake Slaughter,Jaret Patterson,4400,16
Jake Slaughter,Derius Davis,4400,15
Jake Slaughter,Amar Johnson,4400,13
Jake Slaughter,Dalevon Campbell,4400,13
Jake Slaughter,Kayode Awosika,4400,13
Jake Slaughter,Kimani Vidal,4400,12
Jake Slaughter,Johnny Pascuzzi,4400,8
Jake Slaughter,Alex Harkey,4400,6
Jake Slaughter,DJ Uiagalelei,4400,6
Jake Slaughter,Devonte Ross,4400,4
Jake Slaughter,Luke Grimm,4400,3
Jake Slaughter,Gregory Desrosiers,4400,2
Jake Slaughter,Jerand Bradley,4400,1
Jakob Robinson,Ephesians Prysock,4500,37
Jakob Robinson,Jalen Stroman,4500,28
Jakob Robinson,Darrell Luter Jr.,4500,26
Jakob Robinson,Gracen Halton,4500,22
Jakob Robinson,Sebastian Valdez,4500,22
Jakob Robinson,Ashtyn Davis,4500,21
Jakob Robinson,Patrick McMorris,4500,20
Jakob Robinson,Titus Leo,4500,20
Jakob Robinson,Quinton Bell,4500,18
Jakob Robinson,Tatum Bethune,4500,18
Jakob Robinson,Jaden Dugger,4500,17
Jakob Robinson,Jalen Graham,4500,17
Jakob Robinson,Ogbo Okoronkwo,4500,17
Jakob Robinson,Eli Apple,4500,15
Jakob Robinson,Xavier Thomas,4500,15
Jakob Robinson,Bryson Eason,4500,14
Jakob Robinson,James Thompson Jr.,4500,13
Jakob Robinson,Larry Worth,4500,13
Jakob Robinson,Marques Sigle,4500,13
Jakob Robinson,Romello Height,4500,12
Jakob Robinson,Alfred Collins,4500,11
Jakob Robinson,Nick Martin,4500,9
Jakob Robinson,Garret Wallow,4500,8
Jakob Robinson,Jack Jones,4500,4
Jakobie Keeney-James,Broderick Jones,3900,12
Jakobie Keeney-James,Doug Nester,3900,12
Jakobie Keeney-James,Drew Allar,3900,12
Jakobie Keeney-James,Gennings Dunker,3900,12
Jakobie Keeney-James,Jack Driscoll,3900,12
Jakobie Keeney-James,Eli Heidenreich,3900,10
Jakobie Keeney-James,Greg Crippen,3900,10
Jakobie Keeney-James,Joaquin Davis,3900,10
Jakobie Keeney-James,Max Hurleman,3900,10
Jakobie Keeney-James,Lake McRee,3900,7
Jakobie Keeney-James,Jaheim Bell,3900,5
Jakobie Keeney-James,Riley Nowakowski,3900,4
Jakobie Keeney-James,Kaleb Johnson,3900,2
Jakobie Keeney-James,Ryan McCollum,3900,2
Jalen Brooks,Chase Bisontis,3800,41
Jalen Brooks,Hayden Conner,3800,41
Jalen Brooks,Jayden Williams,3800,41
Jalen Brooks,Jon Gaines II,3800,41
Jalen Brooks,Josh Fryar,3800,41
Jalen Brooks,Simi Fehoko,3800,29
Jalen Brooks,Gardner Minshew,3800,21
Jalen Brooks,Carson Beck,3800,20
Jalen Brooks,Teagan Quitoriano,3800,20
Jalen Brooks,Bam Knight,3800,19
Jalen Brooks,Rivaldo Fairweather,3800,19
Jalen Brooks,Devin Duvernay,3800,18
Jalen Brooks,Jeremiyah Love,3800,17
Jalen Brooks,Xavier Weaver,3800,14
Jalen Brooks,Ihmir Smith-Marsette,3800,10
Jalen Brooks,Kenny Yeboah,3800,9
Jalen Brooks,Jameson Geers,3800,6
Jalen Brooks,Tyler Allgeier,3800,6
Jalen Brooks,Elijah Wilkinson,3800,4
Jalen Brooks,Hjalte Froholdt,3800,4
Jalen Brooks,Isaac Seumalo,3800,4
Jalen Brooks,Isaiah Adams,3800,4
Jalen Brooks,Jacoby Brissett,3800,4
Jalen Brooks,Marvin Harrison Jr.,3800,4
Jalen Brooks,Paris Johnson Jr.,3800,4
Jalen Brooks,Corey Kiner,3800,3
Jalen Brooks,Kendrick Bourne,3800,3
Jalen Brooks,Reggie Virgil,3800,2
Jalen Brooks,Shawn Bowman,3800,1
Jalen Farmer,Blake Freeland,2200,41
Jalen Farmer,Luke Tenuta,2200,36
Jalen Farmer,Will Mallory,2200,34
Jalen Farmer,Josh Sills,2200,32
Jalen Farmer,Eli Pancol,2200,28
Jalen Farmer,Anthony Richardson,2200,27
Jalen Farmer,Dalton Tucker,2200,27
Jalen Farmer,Coleman Owen,2200,22
Jalen Farmer,Deion Burks,2200,20
Jalen Farmer,D.J. Montgomery,2200,16
Jalen Farmer,Jimmy Morrissey,2200,14
Jalen Farmer,Pharaoh Brown,2200,14
Jalen Farmer,Riley Leonard,2200,14
Jalen Farmer,Ulysses Bentley IV,2200,14
Jalen Farmer,Nick Westbrook-Ikhine,2200,13
Jalen Farmer,Seth McGowan,2200,13
Jalen Farmer,Anderson Castle,2200,12
Jalen Farmer,Geno VanDeMark,2200,9
Jalen Farmer,Raylen Sharpe,2200,7
Jalen Farmer,Andrew Ogletree,2200,5
Jalen Farmer,Jalen Travis,2200,5
Jalen Farmer,Laquon Treadwell,2200,5
Jalen Farmer,Roydell Williams,2200,2
Jalen Graham,Ephesians Prysock,4500,21
Jalen Graham,Jalen Stroman,4500,21
Jalen Graham,Patrick McMorris,4500,20
Jalen Graham,Jakob Robinson,4500,17
Jalen Graham,Eli Apple,4500,15
Jalen Graham,Xavier Thomas,4500,14
Jalen Graham,Larry Worth,4500,13
Jalen Graham,Gracen Halton,4500,11
Jalen Graham,Sebastian Valdez,4500,11
Jalen Graham,Titus Leo,4500,11
Jalen Graham,Bryson Eason,4500,10
Jalen Graham,James Thompson Jr.,4500,10
Jalen Graham,Quinton Bell,4500,9
Jalen Graham,Ogbo Okoronkwo,4500,8
Jalen Graham,Darrell Luter Jr.,4500,6
Jalen Graham,Nick Martin,4500,6
Jalen Graham,Tatum Bethune,4500,6
Jalen Graham,Ashtyn Davis,4500,1
Jalen Kimber,Ceyair Wright,0920,21
Jalen Kimber,Daijahn Anthony,0920,21
Jalen Kimber,Isaiah Foskey,0920,20
Jalen Kimber,Joe Giles-Harris,0920,20
Jalen Kimber,Bralyn Lux,0920,18
Jalen Kimber,Russ Yeast,0920,18
Jalen Kimber,Landon Robinson,0920,17
Jalen Kimber,Antwaun Powell-Ryland,0920,15
Jalen Kimber,Howard Cross III,0920,13
Jalen Kimber,Liam Anderson,0920,10
Jalen Kimber,Jordan Jefferson,0920,8
Jalen Kimber,Shaka Heyward,0920,8
Jalen Kimber,Cedric Johnson,0920,7
Jalen Kimber,McKinnley Jackson,0920,6
Jalen Kimber,Kris Jenkins,0920,4
Jalen Kimber,PJ Jules,0920,3
Jalen Kimber,Jack Dingle,0920,1
Jalen McMurray,Keydrain Calligan,2100,10
Jalen McMurray,Mani Powell,2100,10
Jalen McMurray,Mario Goodrich,2100,10
Jalen McMurray,Truman Jones,2100,10
Jalen McMurray,Bishop Fitzgerald,2100,9
Jalen McMurray,Derrick Canteen,2100,9
Jalen McMurray,Jalyn Holmes,2100,9
Jalen McMurray,Sean Brown,2100,9
Jalen McMurray,Malik Herring,2100,8
Jalen McMurray,Timmy Horne,2100,7
Jalen McMurray,Earnest Brown IV,2100,3
Jalen McMurray,Laki Tasi,2100,2
Jalen McMurray,Dorian Mausi,2100,1
Jalen McMurray,Jerrick Reed II,2100,1
Jalen McMurray,Kendell Brooks,2100,1
Jalen McMurray,Khalen Saunders,2100,1
Jalen Nailor,DJ Glaze,2520,8
Jalen Nailor,Jackson Powers-Johnson,2520,8
Jalen Nailor,Kirk Cousins,2520,8
Jalen Nailor,Kolton Miller,2520,8
Jalen Nailor,Michael Mayer,2520,8
Jalen Nailor,Spencer Burford,2520,8
Jalen Nailor,Tre Tucker,2520,8
Jalen Nailor,Tyler Linderbaum,2520,8
Jalen Nailor,Ashton Jeanty,2520,5
Jalen Nailor,Jack Bech,2520,4
Jalen Nailor,Mike Washington Jr.,2520,3
Jalen Nailor,Connor Heyward,2520,2
Jalen Nailor,Ian Thomas,2520,2
Jalen Rivers,Brian Parker II,0920,46
Jalen Rivers,Jacob Bayer,0920,46
Jalen Rivers,Andrew Coker,0920,38
Jalen Rivers,Javon Foster,0920,34
Jalen Rivers,Josh Johnson,0920,32
Jalen Rivers,Dohnte Meyers,0920,30
Jalen Rivers,Jack Endries,0920,24
Jalen Rivers,Cody Ford,0920,20
Jalen Rivers,Colbie Young,0920,20
Jalen Rivers,Ke'Shawn Williams,0920,18
Jalen Rivers,Kendall Milton,0920,16
Jalen Rivers,Gary Brightwell,0920,15
Jalen Rivers,Tahj Brooks,0920,15
Jalen Rivers,Tanner Hudson,0920,15
Jalen Rivers,Joe Flacco,0920,14
Jalen Rivers,Cam Grandy,0920,13
Jalen Rivers,Andrei Iosivas,0920,12
Jalen Rivers,Charlie Jones,0920,12
Jalen Rivers,Jordan Moore,0920,12
Jalen Rivers,Mitchell Tinsley,0920,12
Jalen Rivers,Noah Thomas,0920,11
Jalen Rivers,Xavier Johnson,0920,3
Jalen Rivers,Josh Kattus,0920,2
Jalen Stroman,Ephesians Prysock,4500,32
Jalen Stroman,Jakob Robinson,4500,28
Jalen Stroman,Patrick McMorris,4500,23
Jalen Stroman,Jalen Graham,4500,21
Jalen Stroman,Sebastian Valdez,4500,20
Jalen Stroman,Gracen Halton,4500,18
Jalen Stroman,Titus Leo,4500,18
Jalen Stroman,Darrell Luter Jr.,4500,17
Jalen Stroman,Quinton Bell,4500,17
Jalen Stroman,Tatum Bethune,4500,17
Jalen Stroman,Xavier Thomas,4500,17
Jalen Stroman,Eli Apple,4500,15
Jalen Stroman,Bryson Eason,4500,14
Jalen Stroman,Larry Worth,4500,13
Jalen Stroman,Nick Martin,4500,13
Jalen Stroman,James Thompson Jr.,4500,12
Jalen Stroman,Ogbo Okoronkwo,4500,12
Jalen Stroman,Ashtyn Davis,4500,9
Jalen Stroman,Jaden Dugger,4500,4
Jalen Travis,Andrew Ogletree,2200,5
Jalen Travis,Anthony Richardson,2200,5
Jalen Travis,Blake Freeland,2200,5
Jalen Travis,Dalton Tucker,2200,5
Jalen Travis,Jalen Farmer,2200,5
Jalen Travis,Josh Sills,2200,5
Jalen Travis,Laquon Treadwell,2200,5
Jalen Travis,Nick Westbrook-Ikhine,2200,5
Jalen Travis,Seth McGowan,2200,5
Jalen Travis,Coleman Owen,2200,4
Jalen Travis,Will Mallory,2200,1
Jalyn Holmes,Malik Herring,2100,22
Jalyn Holmes,Earnest Brown IV,2100,19
Jalyn Holmes,Oluwafemi Oladejo,2100,16
Jalyn Holmes,Anthony Hill Jr.,2100,15
Jalyn Holmes,Micah Robinson,2100,15
Jalyn Holmes,Nazeeh Johnson,2100,15
Jalyn Holmes,James Williams,2100,14
Jalyn Holmes,Erick Hallett,2100,13
Jalyn Holmes,Bishop Fitzgerald,2100,12
Jalyn Holmes,Derrick Canteen,2100,12
Jalyn Holmes,Tony Adams,2100,12
Jalyn Holmes,Truman Jones,2100,11
Jalyn Holmes,Jalen McMurray,2100,9
Jalyn Holmes,Keydrain Calligan,2100,9
Jalyn Holmes,Mani Powell,2100,9
Jalyn Holmes,Mario Goodrich,2100,9
Jalyn Holmes,Sean Brown,2100,9
Jalyn Holmes,Alontae Taylor,2100,8
Jalyn Holmes,Amani Hooker,2100,8
Jalyn Holmes,Cedric Gray,2100,8
Jalyn Holmes,Cody Barton,2100,8
Jalyn Holmes,Cordale Flott,2100,8
Jalyn Holmes,Keldric Faulk,2100,8
Jalyn Holmes,Kevin Winston Jr.,2100,8
Jalyn Holmes,Jerrick Reed II,2100,6
Jalyn Holmes,Kendell Brooks,2100,6
Jalyn Holmes,Marcus Harris,2100,6
Jalyn Holmes,Timmy Horne,2100,6
Jalyn Holmes,Dorian Mausi,2100,5
Jalyn Holmes,Jordan Elliott,2100,4
Jalyn Holmes,Khalen Saunders,2100,3
Jalyn Holmes,Jaylen Harrell,2100,2
Jalyn Holmes,Jermaine Johnson II,2100,2
Jalyn Holmes,Laki Tasi,2100,2
Jalyn Holmes,Jeffery Simmons,2100,1
Jam Miller,Andrew Rupcich,3200,18
Jam Miller,James Hudson,3200,18
Jam Miller,Caleb Lomu,3200,16
Jam Miller,Eli Raridon,3200,16
Jam Miller,Marcus Bryant,3200,16
Jam Miller,Tommy DeVito,3200,16
Jam Miller,Efton Chism III,3200,11
Jam Miller,Kyle Williams,3200,11
Jam Miller,Jacob Rizy,3200,10
Jam Miller,Nick DeGennaro,3200,9
Jam Miller,Ben Brown,3200,8
Jam Miller,Tanner Arkin,3200,8
Jam Miller,Kayshon Boutte,3200,6
Jam Miller,Mack Hollins,3200,4
Jam Miller,Cameron Dorner,3200,3
Jam Miller,Behren Morton,3200,2
Jam Miller,CJ Dippre,3200,2
Jam Miller,Dametrious Crownover,3200,2
Jam Miller,Jack Westover,3200,2
Jam Miller,Mehki Butler,3200,2
Jamal Haynes,Brian Parker II,0920,1
Jamal Haynes,Christian Jones,0920,1
Jamal Haynes,Corey Robinson II,0920,1
Jamal Haynes,Jack Endries,0920,1
Jamal Haynes,Jacob Bayer,0920,1
Jamal Haynes,Jordan Moore,0920,1
Jamal Haynes,Ke'Shawn Williams,0920,1
Jamal Haynes,Liam Brown,0920,1
Jamal Haynes,Noah Thomas,0920,1
Jamal Haynes,Sean Clifford,0920,1
Jamal Hill,Kaevon Merriweather,2120,23
Jamal Hill,Stephen Hall,2120,22
Jamal Hill,Alijah Huzzie,2120,19
Jamal Hill,Solomon Byrd,2120,19
Jamal Hill,Naquan Jones,2120,18
Jamal Hill,Dylan Horton,2120,16
Jamal Hill,Kyonte Hamilton,2120,16
Jamal Hill,Aiden Fisher,2120,15
Jamal Hill,Jaylen Reed,2120,14
Jamal Hill,Dominic Bailey,2120,13
Jamal Hill,K.C. Ossai,2120,13
Jamal Hill,Tremon Smith,2120,13
Jamal Hill,Dominique Robinson,2120,12
Jamal Hill,Ja'Marcus Ingram,2120,11
Jamal Hill,Brandon Codrington,2120,10
Jamal Hill,Ali Gaye,2120,9
Jamal Hill,Kayden McDonald,2120,9
Jamal Hill,Kamari Ramsey,2120,8
Jamal Hill,Marte Mapu,2120,8
Jamal Hill,Jaylin Smith,2120,6
Jamal Hill,Collin Wright,2120,3
Jamal Hill,Jacob Hummel,2120,3
Jamel Dean,Asante Samuel Jr.,3900,12
Jamel Dean,Patrick Queen,3900,12
Jamel Dean,Payton Wilson,3900,12
Jamel Dean,Rayshawn Jenkins,3900,12
Jamel Dean,Robert Spears-Jennings,3900,12
Jamel Dean,Alex Highsmith,3900,10
Jamel Dean,Nick Herbig,3900,10
Jamel Dean,Derrick Harmon,3900,9
Jamel Dean,Doneiko Slaughter,3900,9
Jamel Dean,Keeanu Benton,3900,9
Jamel Dean,Yahya Black,3900,5
Jamel Dean,Jack Sawyer,3900,4
Jamel Dean,Dean Lowry,3900,3
Jamel Dean,Gabe Rubio,3900,1
James Hudson,Andrew Rupcich,3200,53
James Hudson,Jacob Rizy,3200,40
James Hudson,Caleb Lomu,3200,38
James Hudson,Marcus Bryant,3200,38
James Hudson,Tommy DeVito,3200,38
James Hudson,Eli Raridon,3200,34
James Hudson,Nick DeGennaro,3200,31
James Hudson,Efton Chism III,3200,29
James Hudson,Lan Larison,3200,29
James Hudson,Kyle Williams,3200,24
James Hudson,Jam Miller,3200,18
James Hudson,Behren Morton,3200,16
James Hudson,Dametrious Crownover,3200,16
James Hudson,Mehki Butler,3200,16
James Hudson,Kobe Prentice,3200,15
James Hudson,Ben Brown,3200,14
James Hudson,Kayshon Boutte,3200,14
James Hudson,Cameron Dorner,3200,13
James Hudson,Tanner Arkin,3200,13
James Hudson,Jack Westover,3200,12
James Hudson,Tejhaun Palmer,3200,12
James Hudson,Mack Hollins,3200,10
James Hudson,CJ Dippre,3200,9
James Hudson,Hassan Haskins,3200,4
James Hudson,Jamycal Hasty,3200,3
James Hudson,JonDarius Morgan,3200,1
James Mitchell,Albert Reese,0750,20
James Mitchell,Sam Hecht,0750,20
James Mitchell,Stone Forsythe,0750,20
James Mitchell,Ja'Seem Reed,0750,14
James Mitchell,AJ Dillon,0750,13
James Mitchell,Haynes King,0750,12
James Mitchell,Isaia Glass,0750,12
James Mitchell,Ja'Tyre Carter,0750,12
James Mitchell,John Metchie III,0750,12
James Mitchell,Brady Christensen,0750,8
James Mitchell,Brycen Tremayne,0750,8
James Mitchell,Chandler Zavala,0750,8
James Mitchell,Feleipe Franks,0750,8
James Mitchell,Kenny Pickett,0750,8
James Mitchell,Trevor Etienne,0750,7
James Mitchell,David Moore,0750,6
James Mitchell,Jimmy Horn Jr.,0750,5
James Mitchell,Malick Meiga,0750,4
James Mitchell,Elijah Cooks,0750,2
James Mitchell,Casey Washington,0750,1
James Neal III,Davis Mills,2120,14
James Neal III,Eli Cox,2120,14
James Neal III,Jarrett Kingston,2120,14
James Neal III,Jarrett Patterson,2120,14
James Neal III,Sam Hagen,2120,14
James Neal III,Treyvhon Saunders,2120,13
James Neal III,Jha'Quan Jackson,2120,10
James Neal III,Joshua Pitsenberger,2120,10
James Neal III,Layne Pryor,2120,10
James Neal III,Cade Stover,2120,8
James Neal III,Daniel Sobkowicz,2120,8
James Neal III,Juwann Winfree,2120,5
James Neal III,Noah Whittington,2120,3
James Neal III,Josh Kelly,2120,1
James Neal III,Lewis Bond,2120,1
James Neal III,Owen Wright,2120,1
James Thompson Jr.,Ephesians Prysock,4500,18
James Thompson Jr.,Bryson Eason,4500,15
James Thompson Jr.,Quinton Bell,4500,14
James Thompson Jr.,Darrell Luter Jr.,4500,13
James Thompson Jr.,Jakob Robinson,4500,13
James Thompson Jr.,Jalen Stroman,4500,12
James Thompson Jr.,Patrick McMorris,4500,12
James Thompson Jr.,Ogbo Okoronkwo,4500,11
James Thompson Jr.,Jalen Graham,4500,10
James Thompson Jr.,Nick Martin,4500,9
James Thompson Jr.,Ashtyn Davis,4500,8
James Thompson Jr.,Jaden Dugger,4500,8
James Thompson Jr.,Marques Sigle,4500,8
James Thompson Jr.,Tatum Bethune,4500,8
James Thompson Jr.,Eli Apple,4500,7
James Thompson Jr.,Larry Worth,4500,7
James Thompson Jr.,Titus Leo,4500,7
James Thompson Jr.,Xavier Thomas,4500,7
James Thompson Jr.,Garret Wallow,4500,5
James Thompson Jr.,Alfred Collins,4500,3
James Thompson Jr.,Gracen Halton,4500,2
James Thompson Jr.,Jack Jones,4500,2
James Thompson Jr.,Romello Height,4500,1
James Williams,Anthony Hill Jr.,2100,26
James Williams,Micah Robinson,2100,26
James Williams,Nazeeh Johnson,2100,26
James Williams,Earnest Brown IV,2100,21
James Williams,Erick Hallett,2100,21
James Williams,Kendell Brooks,2100,18
James Williams,Jerrick Reed II,2100,17
James Williams,Keldric Faulk,2100,17
James Williams,Tony Adams,2100,17
James Williams,Malik Herring,2100,16
James Williams,Jalyn Holmes,2100,14
James Williams,Oluwafemi Oladejo,2100,14
James Williams,Jaylen Harrell,2100,11
James Williams,Khalen Saunders,2100,9
James Williams,Timmy Horne,2100,7
James Williams,Truman Jones,2100,7
James Williams,Dorian Mausi,2100,5
James Williams,Alontae Taylor,2100,4
James Williams,Amani Hooker,2100,4
James Williams,Cedric Gray,2100,4
James Williams,Cody Barton,2100,4
James Williams,Cordale Flott,2100,4
James Williams,Kevin Winston Jr.,2100,4
James Williams,Jordan Elliott,2100,2
James Williams,Jermaine Johnson II,2100,1
James Williams,Solomon Thomas,2100,1
Jameson Geers,Reggie Virgil,3800,32
Jameson Geers,Bryson Green,3800,28
Jameson Geers,Ka'ena Decambra,3800,24
Jameson Geers,Kedon Slovis,3800,24
Jameson Geers,Valentin Senn,3800,24
Jameson Geers,Demontrey Jacobs,3800,20
Jameson Geers,Matt Pryor,3800,20
Jameson Geers,Christian Jones,3800,19
Jameson Geers,Harrison Wallace III,3800,18
Jameson Geers,Corey Kiner,3800,17
Jameson Geers,Hayden Conner,3800,15
Jameson Geers,Jayden Williams,3800,15
Jameson Geers,Jon Gaines II,3800,15
Jameson Geers,Josh Fryar,3800,15
Jameson Geers,Carson Beck,3800,14
Jameson Geers,Chase Bisontis,3800,14
Jameson Geers,Olisaemeka Udoh,3800,14
Jameson Geers,Bam Knight,3800,12
Jameson Geers,Xavier Weaver,3800,12
Jameson Geers,Evan Hull,3800,10
Jameson Geers,Simi Fehoko,3800,8
Jameson Geers,Jalen Brooks,3800,6
Jameson Geers,Kenny Yeboah,3800,5
Jameson Geers,Shawn Bowman,3800,4
Jameson Geers,Rivaldo Fairweather,3800,3
Jameson Geers,Gardner Minshew,3800,1
Jameson Geers,Ihmir Smith-Marsette,3800,1
Jamin Davis,Carson Bruener,3900,32
Jamin Davis,Cole Holcomb,3900,28
Jamin Davis,Sebastian Castro,3900,28
Jamin Davis,Daylen Everette,3900,27
Jamin Davis,Devan Boykin,3900,23
Jamin Davis,D'Shawn Jamison,3900,21
Jamin Davis,Esezi Otomewo,3900,19
Jamin Davis,Julius Welschof,3900,19
Jamin Davis,Doneiko Slaughter,3900,17
Jamin Davis,Robert Spears-Jennings,3900,17
Jamin Davis,Jack Sawyer,3900,16
Jamin Davis,Dean Lowry,3900,15
Jamin Davis,Gabe Rubio,3900,14
Jamin Davis,Kevin Jobity Jr.,3900,11
Jamin Davis,Kyler Baugh,3900,9
Jamin Davis,Yahya Black,3900,9
Jamin Davis,Anthony Goodlow,3900,7
Jamin Davis,Daryl Porter,3900,7
Jamin Davis,Israel Mukuamu,3900,7
Jamin Davis,Jack Henderson,3900,7
Jamin Davis,Malik Harrison,3900,7
Jamin Davis,Tamon Lynum,3900,7
Jamin Davis,Jacoby Windmon,3900,3
Jamycal Hasty,Behren Morton,3200,5
Jamycal Hasty,Dametrious Crownover,3200,5
Jamycal Hasty,Jacob Rizy,3200,5
Jamycal Hasty,Mehki Butler,3200,5
Jamycal Hasty,Cameron Dorner,3200,4
Jamycal Hasty,Kobe Prentice,3200,4
Jamycal Hasty,Nick DeGennaro,3200,4
Jamycal Hasty,Andrew Rupcich,3200,3
Jamycal Hasty,James Hudson,3200,3
Jamycal Hasty,Tanner Arkin,3200,3
Jamycal Hasty,Jack Westover,3200,2
Jamycal Hasty,JonDarius Morgan,3200,2
Jamycal Hasty,Lorenz Metz,3200,2
Jamycal Hasty,Tejhaun Palmer,3200,2
Jamycal Hasty,Mitch Van Vooren,3200,1
Jared Harrison-Hunte,Akayleb Evans,0750,20
Jared Harrison-Hunte,Zakee Wheatley,0750,20
Jared Harrison-Hunte,Lee Hunter,0750,19
Jared Harrison-Hunte,Chau Smith-Wade,0750,15
Jared Harrison-Hunte,Lathan Ransom,0750,15
Jared Harrison-Hunte,Claudin Cherelus,0750,12
Jared Harrison-Hunte,Trevin Wallace,0750,12
Jared Harrison-Hunte,Will Lee III,0750,12
Jared Harrison-Hunte,Nick Hampton,0750,9
Jared Harrison-Hunte,Thomas Incoom,0750,9
Jared Harrison-Hunte,Bam Martin-Scott,0750,8
Jared Harrison-Hunte,Corey Thornton,0750,8
Jared Harrison-Hunte,Jackson Kuwatch,0750,8
Jared Harrison-Hunte,Princely Umanmielen,0750,8
Jared Harrison-Hunte,Trevis Gipson,0750,8
Jared Harrison-Hunte,Demani Richardson,0750,5
Jared Harrison-Hunte,Elijah Garcia,0750,4
Jared Harrison-Hunte,Cam Gill,0750,3
Jared Harrison-Hunte,Isaiah Smith,0750,3
Jared Harrison-Hunte,Aaron Hall,0750,1
Jared Harrison-Hunte,Cam Jackson,0750,1
Jared Wayne,Justin Watson,2120,22
Jared Wayne,Blake Fisher,2120,17
Jared Wayne,Evan Brown,2120,17
Jared Wayne,Febechi Nwaiwu,2120,17
Jared Wayne,Graham Mertz,2120,17
Jared Wayne,Jarrett Patterson,2120,17
Jared Wayne,Sam Hagen,2120,17
Jared Wayne,Foster Moreau,2120,14
Jared Wayne,Noah Whittington,2120,14
Jared Wayne,Cade Stover,2120,11
Jared Wayne,Joshua Pitsenberger,2120,9
Jared Wayne,Lewis Bond,2120,9
Jared Wayne,Aireontae Ersery,2120,7
Jared Wayne,Braden Smith,2120,7
Jared Wayne,Davis Mills,2120,7
Jared Wayne,Ed Ingram,2120,7
Jared Wayne,Keylan Rutledge,2120,7
Jared Wayne,Marlin Klein,2120,7
Jared Wayne,Wyatt Teller,2120,7
Jared Wayne,Xavier Hutchinson,2120,7
Jared Wayne,Josh Kelly,2120,2
Jared Wayne,Owen Wright,2120,1
Jaren Kanak,Austin Deculus,2100,1
Jaren Kanak,Brandon Crenshaw-Dickson,2100,1
Jaren Kanak,Chimere Dike,2100,1
Jaren Kanak,David Martin-Robinson,2100,1
Jaren Kanak,Elic Ayomanor,2100,1
Jaren Kanak,Fernando Carmona,2100,1
Jaren Kanak,Jackson Slater,2100,1
Jaren Kanak,Mitchell Trubisky,2100,1
Jaren Kanak,Nicholas Singleton,2100,1
Jaren Kanak,Pat Coogan,2100,1
Jaret Patterson,Jake Slaughter,4400,16
Jaret Patterson,Trey Lance,4400,16
Jaret Patterson,Jacob Spomer,4400,15
Jaret Patterson,Trevor Penning,4400,15
Jaret Patterson,KeAndre Lambert-Smith,4400,14
Jaret Patterson,Branson Taylor,4400,13
Jaret Patterson,Brenen Thompson,4400,13
Jaret Patterson,Derius Davis,4400,11
Jaret Patterson,Logan Taylor,4400,10
Jaret Patterson,Travis Burke,4400,10
Jaret Patterson,Scott Matlock,4400,9
Jaret Patterson,Evan Svoboda,4400,6
Jaret Patterson,JaQuae Jackson,4400,5
Jaret Patterson,Oronde Gadsden II,4400,5
Jaret Patterson,Johnny Pascuzzi,4400,1
Jaret Patterson,Kayode Awosika,4400,1
Jarrett Kingston,Davis Mills,2120,14
Jarrett Kingston,Eli Cox,2120,14
Jarrett Kingston,James Neal III,2120,14
Jarrett Kingston,Jarrett Patterson,2120,14
Jarrett Kingston,Sam Hagen,2120,14
Jarrett Kingston,Treyvhon Saunders,2120,13
Jarrett Kingston,Jha'Quan Jackson,2120,10
Jarrett Kingston,Joshua Pitsenberger,2120,10
Jarrett Kingston,Layne Pryor,2120,10
Jarrett Kingston,Cade Stover,2120,8
Jarrett Kingston,Daniel Sobkowicz,2120,8
Jarrett Kingston,Juwann Winfree,2120,5
Jarrett Kingston,Noah Whittington,2120,3
Jarrett Kingston,Josh Kelly,2120,1
Jarrett Kingston,Lewis Bond,2120,1
Jarrett Kingston,Owen Wright,2120,1
Jarrett Patterson,Sam Hagen,2120,31
Jarrett Patterson,Cade Stover,2120,19
Jarrett Patterson,Blake Fisher,2120,17
Jarrett Patterson,Evan Brown,2120,17
Jarrett Patterson,Febechi Nwaiwu,2120,17
Jarrett Patterson,Graham Mertz,2120,17
Jarrett Patterson,Jared Wayne,2120,17
Jarrett Patterson,Joshua Pitsenberger,2120,16
Jarrett Patterson,Justin Watson,2120,15
Jarrett Patterson,Davis Mills,2120,14
Jarrett Patterson,Eli Cox,2120,14
Jarrett Patterson,James Neal III,2120,14
Jarrett Patterson,Jarrett Kingston,2120,14
Jarrett Patterson,Noah Whittington,2120,13
Jarrett Patterson,Treyvhon Saunders,2120,13
Jarrett Patterson,Foster Moreau,2120,11
Jarrett Patterson,Jha'Quan Jackson,2120,10
Jarrett Patterson,Layne Pryor,2120,10
Jarrett Patterson,Lewis Bond,2120,10
Jarrett Patterson,Daniel Sobkowicz,2120,8
Jarrett Patterson,Juwann Winfree,2120,5
Jarrett Patterson,Josh Kelly,2120,3
Jarrett Patterson,Marlin Klein,2120,3
Jarrett Patterson,Owen Wright,2120,2
Javon Foster,Brian Parker II,0920,34
Javon Foster,Jacob Bayer,0920,34
Javon Foster,Jalen Rivers,0920,34
Javon Foster,Josh Johnson,0920,32
Javon Foster,Dohnte Meyers,0920,30
Javon Foster,Andrew Coker,0920,26
Javon Foster,Jack Endries,0920,20
Javon Foster,Ke'Shawn Williams,0920,18
Javon Foster,Gary Brightwell,0920,15
Javon Foster,Kendall Milton,0920,14
Javon Foster,Jordan Moore,0920,12
Javon Foster,Charlie Jones,0920,11
Javon Foster,Noah Thomas,0920,11
Javon Foster,Tanner Hudson,0920,10
Javon Foster,Cam Grandy,0920,9
Javon Foster,Colbie Young,0920,9
Javon Foster,Cody Ford,0920,8
Javon Foster,Tahj Brooks,0920,5
Javon Foster,Xavier Johnson,0920,3
Javon Foster,Joe Flacco,0920,2
Javon Foster,Josh Kattus,0920,2
Javon Foster,Mitchell Tinsley,0920,1
Jayden Reed,Anthony Belton,1800,7
Jayden Reed,Jacob Monk,1800,7
Jayden Reed,Jager Burton,1800,7
Jayden Reed,Jordan Love,1800,7
Jayden Reed,Jordan Morgan,1800,7
Jayden Reed,MarShawn Lloyd,1800,7
Jayden Reed,Matthew Golden,1800,7
Jayden Reed,Sean Rhyan,1800,7
Jayden Reed,Christian Watson,1800,6
Jayden Reed,Josh Whyle,1800,6
Jayden Reed,Drake Dabney,1800,1
Jayden Reed,Savion Williams,1800,1
Jayden Williams,Hayden Conner,3800,68
Jayden Williams,Jon Gaines II,3800,68
Jayden Williams,Josh Fryar,3800,68
Jayden Williams,Chase Bisontis,3800,67
Jayden Williams,Jalen Brooks,3800,41
Jayden Williams,Simi Fehoko,3800,40
Jayden Williams,Carson Beck,3800,39
Jayden Williams,Bam Knight,3800,38
Jayden Williams,Rivaldo Fairweather,3800,30
Jayden Williams,Gardner Minshew,3800,29
Jayden Williams,Xavier Weaver,3800,28
Jayden Williams,Reggie Virgil,3800,26
Jayden Williams,Kenny Yeboah,3800,19
Jayden Williams,Devin Duvernay,3800,18
Jayden Williams,Ihmir Smith-Marsette,3800,18
Jayden Williams,Teagan Quitoriano,3800,17
Jayden Williams,Bryson Green,3800,16
Jayden Williams,Jeremiyah Love,3800,16
Jayden Williams,Jameson Geers,3800,15
Jayden Williams,Corey Kiner,3800,11
Jayden Williams,Harrison Wallace III,3800,3
Jayden Williams,Tyler Allgeier,3800,3
Jayden Williams,Matt Pryor,3800,1
Jayden Williams,Shawn Bowman,3800,1
Jaylahn Tuimolaou,Austin Ajiake,2200,31
Jaylahn Tuimolaou,Johnathan Edwards,2200,31
Jaylahn Tuimolaou,Micheal Clemons,2200,27
Jaylahn Tuimolaou,Bryce Boettcher,2200,20
Jaylahn Tuimolaou,A.J. Haulcy,2200,19
Jaylahn Tuimolaou,Cam Taylor-Britt,2200,19
Jaylahn Tuimolaou,Derrick Nnadi,2200,19
Jaylahn Tuimolaou,Jaylon Carlies,2200,19
Jaylahn Tuimolaou,Jonathan Owens,2200,19
Jaylahn Tuimolaou,Mekhi Blackmon,2200,19
Jaylahn Tuimolaou,Adetomiwa Adebawore,2200,18
Jaylahn Tuimolaou,Colby Wooden,2200,17
Jaylahn Tuimolaou,Jaylon Jones,2200,16
Jaylahn Tuimolaou,Trey Washington,2200,16
Jaylahn Tuimolaou,Jerry Tillery,2200,14
Jaylahn Tuimolaou,Rob Carter Jr.,2200,14
Jaylahn Tuimolaou,George Gumbs Jr.,2200,12
Jaylahn Tuimolaou,Daniel Scott,2200,11
Jaylahn Tuimolaou,Hunter Wohler,2200,5
Jaylahn Tuimolaou,Caden Curry,2200,4
Jaylen Harrell,Anthony Hill Jr.,2100,14
Jaylen Harrell,Micah Robinson,2100,14
Jaylen Harrell,Nazeeh Johnson,2100,14
Jaylen Harrell,James Williams,2100,11
Jaylen Harrell,Jerrick Reed II,2100,10
Jaylen Harrell,Khalen Saunders,2100,10
Jaylen Harrell,Erick Hallett,2100,9
Jaylen Harrell,Keldric Faulk,2100,8
Jaylen Harrell,Kendell Brooks,2100,7
Jaylen Harrell,Timmy Horne,2100,7
Jaylen Harrell,Dorian Mausi,2100,6
Jaylen Harrell,Earnest Brown IV,2100,6
Jaylen Harrell,Truman Jones,2100,6
Jaylen Harrell,Tony Adams,2100,5
Jaylen Harrell,Bishop Fitzgerald,2100,3
Jaylen Harrell,Derrick Canteen,2100,3
Jaylen Harrell,Malik Herring,2100,3
Jaylen Harrell,Jalyn Holmes,2100,2
Jaylen Harrell,Mani Powell,2100,2
Jaylen Reed,Tremon Smith,2120,29
Jaylen Reed,Dylan Horton,2120,25
Jaylen Reed,Stephen Hall,2120,25
Jaylen Reed,Solomon Byrd,2120,24
Jaylen Reed,Kaevon Merriweather,2120,23
Jaylen Reed,Naquan Jones,2120,22
Jaylen Reed,Jacob Hummel,2120,20
Jaylen Reed,Dominic Bailey,2120,19
Jaylen Reed,Kyonte Hamilton,2120,18
Jaylen Reed,Marte Mapu,2120,17
Jaylen Reed,Kamari Ramsey,2120,16
Jaylen Reed,Wade Woodaz,2120,16
Jaylen Reed,Ali Gaye,2120,14
Jaylen Reed,Jamal Hill,2120,14
Jaylen Reed,Kayden McDonald,2120,14
Jaylen Reed,Aiden Fisher,2120,13
Jaylen Reed,Dominique Robinson,2120,12
Jaylen Reed,Jaylin Smith,2120,12
Jaylen Reed,Brandon Codrington,2120,10
Jaylen Reed,Alijah Huzzie,2120,9
Jaylen Reed,Collin Wright,2120,8
Jaylen Reed,Ja'Marcus Ingram,2120,5
Jaylen Reed,K.C. Ossai,2120,5
Jaylin Simpson,Mark Perry,1800,30
Jaylin Simpson,Nyjalik Kelly,1800,29
Jaylin Simpson,Kristian Welch,1800,26
Jaylin Simpson,Shemar Bartholomew,1800,26
Jaylin Simpson,TJ Quinn,1800,26
Jaylin Simpson,Trey Dean III,1800,26
Jaylin Simpson,Jaden Crumedy,1800,25
Jaylin Simpson,Nazir Stackhouse,1800,25
Jaylin Simpson,Arron Mosby,1800,24
Jaylin Simpson,Collin Oliver,1800,24
Jaylin Simpson,Benjamin St-Juste,1800,23
Jaylin Simpson,Jonathan Ford,1800,22
Jaylin Simpson,MJ Devonshire,1800,21
Jaylin Simpson,Kitan Oladapo,1800,17
Jaylin Simpson,Ty'Ron Hopper,1800,15
Jaylin Simpson,Nick Niemann,1800,14
Jaylin Simpson,Murvin Kenion,1800,12
Jaylin Simpson,Anthony Campbell,1800,11
Jaylin Simpson,Brenton Cox Jr.,1800,11
Jaylin Simpson,Chris McClellan,1800,11
Jaylin Simpson,Tra Fluellen,1800,11
Jaylin Simpson,Warren Brinson,1800,7
Jaylin Simpson,Isaiah McDuffie,1800,4
Jaylin Smith,Kamari Ramsey,2120,19
Jaylin Smith,Jacob Hummel,2120,13
Jaylin Smith,Jaylen Reed,2120,12
Jaylin Smith,Dylan Horton,2120,11
Jaylin Smith,Kayden McDonald,2120,11
Jaylin Smith,Naquan Jones,2120,11
Jaylin Smith,Solomon Byrd,2120,11
Jaylin Smith,Wade Woodaz,2120,11
Jaylin Smith,Kaevon Merriweather,2120,10
Jaylin Smith,Marte Mapu,2120,9
Jaylin Smith,Ali Gaye,2120,8
Jaylin Smith,Alijah Huzzie,2120,8
Jaylin Smith,Dominic Bailey,2120,8
Jaylin Smith,Dominique Robinson,2120,8
Jaylin Smith,Kyonte Hamilton,2120,8
Jaylin Smith,Ja'Marcus Ingram,2120,7
Jaylin Smith,Tremon Smith,2120,7
Jaylin Smith,Aiden Fisher,2120,6
Jaylin Smith,Collin Wright,2120,6
Jaylin Smith,Jamal Hill,2120,6
Jaylon Carlies,Adetomiwa Adebawore,2200,20
Jaylon Carlies,George Gumbs Jr.,2200,20
Jaylon Carlies,Jaylahn Tuimolaou,2200,19
Jaylon Carlies,Jaylon Jones,2200,18
Jaylon Carlies,Johnathan Edwards,2200,18
Jaylon Carlies,Micheal Clemons,2200,18
Jaylon Carlies,Rob Carter Jr.,2200,18
Jaylon Carlies,Jerry Tillery,2200,17
Jaylon Carlies,Trey Washington,2200,17
Jaylon Carlies,Austin Ajiake,2200,16
Jaylon Carlies,Bryce Boettcher,2200,13
Jaylon Carlies,Daniel Scott,2200,13
Jaylon Carlies,Jonathan Owens,2200,12
Jaylon Carlies,A.J. Haulcy,2200,11
Jaylon Carlies,Cam Taylor-Britt,2200,11
Jaylon Carlies,Mekhi Blackmon,2200,11
Jaylon Carlies,Caden Curry,2200,10
Jaylon Carlies,Colby Wooden,2200,9
Jaylon Carlies,Derrick Nnadi,2200,7
Jaylon Carlies,Mekhi Rodgers,2200,6
Jaylon Carlies,Hunter Wohler,2200,5
Jaylon Carlies,Cameron Ball,2200,1
Jaylon Jones,Rob Carter Jr.,2200,28
Jaylon Jones,Trey Washington,2200,25
Jaylon Jones,Bryce Boettcher,2200,23
Jaylon Jones,Daniel Scott,2200,22
Jaylon Jones,Johnathan Edwards,2200,19
Jaylon Jones,Caden Curry,2200,18
Jaylon Jones,George Gumbs Jr.,2200,18
Jaylon Jones,Jaylon Carlies,2200,18
Jaylon Jones,Jaylahn Tuimolaou,2200,16
Jaylon Jones,Austin Ajiake,2200,15
Jaylon Jones,Adetomiwa Adebawore,2200,14
Jaylon Jones,Colby Wooden,2200,14
Jaylon Jones,Jerry Tillery,2200,14
Jaylon Jones,Micheal Clemons,2200,13
Jaylon Jones,Derrick Nnadi,2200,11
Jaylon Jones,Hunter Wohler,2200,8
Jaylon Jones,Mekhi Rodgers,2200,8
Jaylon Jones,Tim Smith,2200,4
Jaylon Jones,Cameron Ball,2200,3
Jaylon Jones,Jonathan Owens,2200,3
Jaylon Jones,Juanyeh Thomas,2200,2
Jaylon Jones,Tahj Chambers,2200,2
Jaylon Jones,West Weeks,2200,2
Jeffery Simmons,Alontae Taylor,2100,11
Jeffery Simmons,Amani Hooker,2100,11
Jeffery Simmons,Cedric Gray,2100,11
Jeffery Simmons,Cody Barton,2100,11
Jeffery Simmons,Cordale Flott,2100,11
Jeffery Simmons,Jermaine Johnson II,2100,11
Jeffery Simmons,Kevin Winston Jr.,2100,11
Jeffery Simmons,Marcus Harris,2100,11
Jeffery Simmons,Solomon Thomas,2100,8
Jeffery Simmons,Keldric Faulk,2100,6
Jeffery Simmons,Jordan Elliott,2100,3
Jeffery Simmons,Malik Herring,2100,2
Jeffery Simmons,Jalyn Holmes,2100,1
Jeffery Simmons,Oluwafemi Oladejo,2100,1
Jeffery Simmons,Truman Jones,2100,1
Jerand Bradley,Alex Harkey,4400,3
Jerand Bradley,DJ Uiagalelei,4400,3
Jerand Bradley,Dalevon Campbell,4400,3
Jerand Bradley,Devonte Ross,4400,3
Jerand Bradley,JaQuae Jackson,4400,3
Jerand Bradley,Jacob Spomer,4400,3
Jerand Bradley,Logan Taylor,4400,3
Jerand Bradley,Travis Burke,4400,3
Jerand Bradley,Gregory Desrosiers,4400,2
Jerand Bradley,Josh Kaltenberger,4400,2
Jerand Bradley,Amar Johnson,4400,1
Jerand Bradley,Jake Slaughter,4400,1
Jeremiah Pharms Jr.,Khalil Jacobs,3200,19
Jeremiah Pharms Jr.,Karon Prunty,3200,14
Jeremiah Pharms Jr.,Bradyn Swinson,3200,12
Jeremiah Pharms Jr.,Brandon Crossley,3200,12
Jeremiah Pharms Jr.,Leonard Taylor III,3200,12
Jeremiah Pharms Jr.,Quintayvious Hutchins,3200,12
Jeremiah Pharms Jr.,Channing Canada,3200,11
Jeremiah Pharms Jr.,Peter Manuma,3200,11
Jeremiah Pharms Jr.,Chad Muma,3200,10
Jeremiah Pharms Jr.,Dell Pettus,3200,10
Jeremiah Pharms Jr.,Gabe Jacas,3200,10
Jeremiah Pharms Jr.,John Saunders Jr.,3200,9
Jeremiah Pharms Jr.,Mike Brown,3200,9
Jeremiah Pharms Jr.,Namdi Obiazor,3200,9
Jeremiah Pharms Jr.,Eric Butler,3200,8
Jeremiah Pharms Jr.,Kenneth Harris,3200,8
Jeremiah Pharms Jr.,Kobee Minor,3200,8
Jeremiah Pharms Jr.,Jesse Luketa,3200,7
Jeremiah Pharms Jr.,Joshua Farmer,3200,6
Jeremiah Pharms Jr.,Marcellas Dial Jr.,3200,5
Jeremiah Pharms Jr.,Casey Rogers,3200,4
Jeremiah Pharms Jr.,Isaiah Iton,3200,4
Jeremiah Pharms Jr.,Amari Gainer,3200,3
Jeremiah Pharms Jr.,Eric Gregory,3200,3
Jeremiah Pharms Jr.,K.J. Britt,3200,2
Jeremiah Pharms Jr.,Kindle Vildor,3200,1
Jeremiah Pharms Jr.,Riley Wilson,3200,1
Jeremiyah Love,Teagan Quitoriano,3800,18
Jeremiyah Love,Jalen Brooks,3800,17
Jeremiyah Love,Chase Bisontis,3800,16
Jeremiyah Love,Gardner Minshew,3800,16
Jeremiyah Love,Hayden Conner,3800,16
Jeremiyah Love,Jayden Williams,3800,16
Jeremiyah Love,Jon Gaines II,3800,16
Jeremiyah Love,Josh Fryar,3800,16
Jeremiyah Love,Devin Duvernay,3800,15
Jeremiyah Love,Ihmir Smith-Marsette,3800,8
Jeremiyah Love,Simi Fehoko,3800,8
Jeremiyah Love,Elijah Wilkinson,3800,7
Jeremiyah Love,Hjalte Froholdt,3800,7
Jeremiyah Love,Isaac Seumalo,3800,7
Jeremiyah Love,Isaiah Adams,3800,7
Jeremiyah Love,Jacoby Brissett,3800,7
Jeremiyah Love,Marvin Harrison Jr.,3800,7
Jeremiyah Love,Paris Johnson Jr.,3800,7
Jeremiyah Love,Michael Wilson,3800,6
Jeremiyah Love,Rivaldo Fairweather,3800,6
Jeremiyah Love,Kendrick Bourne,3800,5
Jeremiyah Love,Shawn Bowman,3800,1
Jeremiyah Love,Trey McBride,3800,1
Jeremy Chinn,Darien Porter,2520,10
Jeremy Chinn,Eric Stokes,2520,10
Jeremy Chinn,Isaiah Pola-Mao,2520,10
Jeremy Chinn,Kwity Paye,2520,10
Jeremy Chinn,Malcolm Koonce,2520,10
Jeremy Chinn,Nakobe Dean,2520,10
Jeremy Chinn,Quay Walker,2520,10
Jeremy Chinn,Taron Johnson,2520,8
Jeremy Chinn,Adam Butler,2520,7
Jeremy Chinn,Tonka Hemingway,2520,6
Jeremy Chinn,Jonah Laulu,2520,5
Jeremy Chinn,Thomas Booker,2520,4
Jermaine Johnson II,Alontae Taylor,2100,16
Jermaine Johnson II,Amani Hooker,2100,16
Jermaine Johnson II,Cedric Gray,2100,16
Jermaine Johnson II,Cody Barton,2100,16
Jermaine Johnson II,Cordale Flott,2100,16
Jermaine Johnson II,Kevin Winston Jr.,2100,16
Jermaine Johnson II,Marcus Harris,2100,15
Jermaine Johnson II,Solomon Thomas,2100,12
Jermaine Johnson II,Jeffery Simmons,2100,11
Jermaine Johnson II,Keldric Faulk,2100,11
Jermaine Johnson II,Jordan Elliott,2100,8
Jermaine Johnson II,Jalyn Holmes,2100,2
Jermaine Johnson II,Malik Herring,2100,2
Jermaine Johnson II,James Williams,2100,1
Jermaine Johnson II,Oluwafemi Oladejo,2100,1
Jermaine Johnson II,Truman Jones,2100,1
Jermod McCoy,Hezekiah Masses,2520,29
Jermod McCoy,Treydan Stukes,2520,29
Jermod McCoy,Tristin McCollum,2520,29
Jermod McCoy,Greedy Vance,2520,28
Jermod McCoy,Cody Lindenberg,2520,21
Jermod McCoy,Tommy Eichenberg,2520,21
Jermod McCoy,Keyron Crawford,2520,20
Jermod McCoy,JJ Pegues,2520,17
Jermod McCoy,Jonah Laulu,2520,15
Jermod McCoy,Patrick Johnson,2520,12
Jermod McCoy,Brennan Jackson,2520,11
Jermod McCoy,Benito Jones,2520,10
Jermod McCoy,Jahfari Harvey,2520,9
Jermod McCoy,Cameron McGrone,2520,8
Jermod McCoy,Segun Olubi,2520,8
Jermod McCoy,Treven Ma'ae,2520,7
Jermod McCoy,Cian Slone,2520,6
Jermod McCoy,Thomas Booker,2520,6
Jermod McCoy,Brandon Cleveland,2520,2
Jermod McCoy,Gary Smith III,2520,2
Jerrick Reed II,Anthony Hill Jr.,2100,17
Jerrick Reed II,James Williams,2100,17
Jerrick Reed II,Micah Robinson,2100,17
Jerrick Reed II,Nazeeh Johnson,2100,17
Jerrick Reed II,Earnest Brown IV,2100,13
Jerrick Reed II,Kendell Brooks,2100,13
Jerrick Reed II,Malik Herring,2100,13
Jerrick Reed II,Erick Hallett,2100,12
Jerrick Reed II,Jaylen Harrell,2100,10
Jerrick Reed II,Khalen Saunders,2100,10
Jerrick Reed II,Timmy Horne,2100,10
Jerrick Reed II,Dorian Mausi,2100,9
Jerrick Reed II,Keldric Faulk,2100,8
Jerrick Reed II,Tony Adams,2100,8
Jerrick Reed II,Oluwafemi Oladejo,2100,7
Jerrick Reed II,Truman Jones,2100,7
Jerrick Reed II,Jalyn Holmes,2100,6
Jerrick Reed II,Keydrain Calligan,2100,4
Jerrick Reed II,Mani Powell,2100,4
Jerrick Reed II,Mario Goodrich,2100,4
Jerrick Reed II,Dominique Hampton,2100,2
Jerrick Reed II,Derrick Canteen,2100,1
Jerrick Reed II,Jalen McMurray,2100,1
Jerry Tillery,Jaylon Carlies,2200,17
Jerry Tillery,Austin Ajiake,2200,14
Jerry Tillery,Jaylahn Tuimolaou,2200,14
Jerry Tillery,Jaylon Jones,2200,14
Jerry Tillery,Trey Washington,2200,14
Jerry Tillery,Adetomiwa Adebawore,2200,13
Jerry Tillery,Bryce Boettcher,2200,13
Jerry Tillery,George Gumbs Jr.,2200,12
Jerry Tillery,Rob Carter Jr.,2200,12
Jerry Tillery,Caden Curry,2200,10
Jerry Tillery,Daniel Scott,2200,10
Jerry Tillery,Johnathan Edwards,2200,10
Jerry Tillery,Colby Wooden,2200,9
Jerry Tillery,Derrick Nnadi,2200,9
Jerry Tillery,A.J. Haulcy,2200,8
Jerry Tillery,Cam Taylor-Britt,2200,8
Jerry Tillery,Jonathan Owens,2200,8
Jerry Tillery,Mekhi Blackmon,2200,8
Jerry Tillery,Micheal Clemons,2200,8
Jerry Tillery,Mekhi Rodgers,2200,5
Jerry Tillery,Hunter Wohler,2200,4
Jesse Luketa,Khalil Jacobs,3200,15
Jesse Luketa,Bradyn Swinson,3200,14
Jesse Luketa,Namdi Obiazor,3200,13
Jesse Luketa,Peter Manuma,3200,13
Jesse Luketa,Brandon Crossley,3200,10
Jesse Luketa,Kobee Minor,3200,10
Jesse Luketa,Karon Prunty,3200,8
Jesse Luketa,Mike Brown,3200,8
Jesse Luketa,Jeremiah Pharms Jr.,3200,7
Jesse Luketa,Leonard Taylor III,3200,7
Jesse Luketa,John Saunders Jr.,3200,6
Jesse Luketa,Casey Rogers,3200,5
Jesse Luketa,Channing Canada,3200,5
Jesse Luketa,Eric Butler,3200,5
Jesse Luketa,Eric Gregory,3200,5
Jesse Luketa,Isaiah Iton,3200,5
Jesse Luketa,Kenneth Harris,3200,5
Jesse Luketa,Joshua Farmer,3200,4
Jesse Luketa,Marcellas Dial Jr.,3200,4
Jesse Luketa,Amari Gainer,3200,1
Jha'Quan Jackson,Davis Mills,2120,10
Jha'Quan Jackson,Eli Cox,2120,10
Jha'Quan Jackson,James Neal III,2120,10
Jha'Quan Jackson,Jarrett Kingston,2120,10
Jha'Quan Jackson,Jarrett Patterson,2120,10
Jha'Quan Jackson,Sam Hagen,2120,10
Jha'Quan Jackson,Treyvhon Saunders,2120,10
Jha'Quan Jackson,Joshua Pitsenberger,2120,7
Jha'Quan Jackson,Daniel Sobkowicz,2120,6
Jha'Quan Jackson,Layne Pryor,2120,6
Jha'Quan Jackson,Cade Stover,2120,4
Jha'Quan Jackson,Juwann Winfree,2120,4
Jha'Quan Jackson,Noah Whittington,2120,3
Jimmy Horn Jr.,Haynes King,0750,34
Jimmy Horn Jr.,Isaia Glass,0750,34
Jimmy Horn Jr.,Ja'Tyre Carter,0750,34
Jimmy Horn Jr.,Nick Samac,0750,25
Jimmy Horn Jr.,Albert Reese,0750,24
Jimmy Horn Jr.,Elijah Cooks,0750,24
Jimmy Horn Jr.,Ryan Hayes,0750,23
Jimmy Horn Jr.,Stone Forsythe,0750,21
Jimmy Horn Jr.,Casey Washington,0750,19
Jimmy Horn Jr.,Caden Prieskorn,0750,17
Jimmy Horn Jr.,Miles Davis,0750,16
Jimmy Horn Jr.,Ja'Seem Reed,0750,11
Jimmy Horn Jr.,AJ Dillon,0750,9
Jimmy Horn Jr.,Anthony Tyus III,0750,9
Jimmy Horn Jr.,Sam Hecht,0750,9
Jimmy Horn Jr.,Chamon Metayer,0750,8
Jimmy Horn Jr.,John Metchie III,0750,7
Jimmy Horn Jr.,James Mitchell,0750,5
Jimmy Horn Jr.,Feleipe Franks,0750,4
Jimmy Horn Jr.,Roc Taylor,0750,4
Jimmy Horn Jr.,Malick Meiga,0750,3
Jimmy Morrissey,Blake Freeland,2200,35
Jimmy Morrissey,Riley Leonard,2200,35
Jimmy Morrissey,Anderson Castle,2200,30
Jimmy Morrissey,Geno VanDeMark,2200,30
Jimmy Morrissey,Luke Tenuta,2200,29
Jimmy Morrissey,Raylen Sharpe,2200,28
Jimmy Morrissey,Pharaoh Brown,2200,25
Jimmy Morrissey,Josh Kreutz,2200,21
Jimmy Morrissey,Sahmir Hagans,2200,21
Jimmy Morrissey,E.J. Horton,2200,15
Jimmy Morrissey,Eli Pancol,2200,14
Jimmy Morrissey,Jalen Farmer,2200,14
Jimmy Morrissey,Will Mallory,2200,12
Jimmy Morrissey,D.J. Montgomery,2200,11
Jimmy Morrissey,Bayron Matos,2200,6
Jimmy Morrissey,Ben Nikkel,2200,5
Jimmy Morrissey,Josh Sills,2200,5
Jimmy Morrissey,Roydell Williams,2200,5
Jimmy Morrissey,Deion Burks,2200,4
Jimmy Morrissey,Coleman Owen,2200,3
Jimmy Morrissey,Carson Towt,2200,2
Joaquin Davis,Broderick Jones,3900,11
Joaquin Davis,Doug Nester,3900,11
Joaquin Davis,Drew Allar,3900,11
Joaquin Davis,Eli Heidenreich,3900,11
Joaquin Davis,Gennings Dunker,3900,11
Joaquin Davis,Greg Crippen,3900,11
Joaquin Davis,Jack Driscoll,3900,11
Joaquin Davis,Jakobie Keeney-James,3900,10
Joaquin Davis,Max Hurleman,3900,9
Joaquin Davis,Lake McRee,3900,7
Joaquin Davis,Jaheim Bell,3900,4
Joaquin Davis,Riley Nowakowski,3900,2
Joaquin Davis,Levi Wentz,3900,1
Joe Bachie,Anthony Lucas,1540,21
Joe Bachie,Erick Hunter,1540,21
Joe Bachie,Skyler Gill-Howard,1540,19
Joe Bachie,Keith Abney II,1540,16
Joe Bachie,Khalil Dorsey,1540,15
Joe Bachie,Roger McCreary,1540,15
Joe Bachie,Thomas Harper,1540,15
Joe Bachie,Eric O'Neill,1540,14
Joe Bachie,Myles Adams,1540,13
Joe Bachie,Aamaris Brown,1540,12
Joe Bachie,Christian Izien,1540,11
Joe Bachie,Nick Whiteside,1540,11
Joe Bachie,Chris Smith,1540,8
Joe Bachie,Loren Strickland,1540,8
Joe Bachie,Ahmed Hassanein,1540,6
Joe Bachie,Trevor Nowaske,1540,5
Joe Bachie,Ben Stille,1540,4
Joe Bachie,Mekhi Wingo,1540,4
Joe Bachie,Ryan Cooper Jr.,1540,4
Joe Bachie,Devin White,1540,3
Joe Bachie,Ennis Rakestraw Jr.,1540,3
Joe Bachie,Levi Onwuzurike,1540,3
Joe Bachie,Tyler Lacy,1540,3
Joe Bachie,Amen Ogbongbemiga,1540,2
Joe Bachie,Chuck Clark,1540,2
Joe Bachie,Dan Jackson,1540,1
Joe Burrow,Amarius Mims,0920,12
Joe Burrow,Dalton Risner,0920,12
Joe Burrow,Dylan Fairchild,0920,12
Joe Burrow,Ja'Marr Chase,0920,12
Joe Burrow,Orlando Brown,0920,12
Joe Burrow,Ted Karras,0920,12
Joe Burrow,Drew Sample,0920,10
Joe Burrow,Tee Higgins,0920,10
Joe Burrow,Andrei Iosivas,0920,9
Joe Burrow,Chase Brown,0920,8
Joe Burrow,Samaje Perine,0920,4
Joe Burrow,Mike Gesicki,0920,3
Joe Burrow,Cam Grandy,0920,2
Joe Burrow,Colbie Young,0920,2
Joe Flacco,Brian Parker II,0920,14
Joe Flacco,Cody Ford,0920,14
Joe Flacco,Jacob Bayer,0920,14
Joe Flacco,Jalen Rivers,0920,14
Joe Flacco,Colbie Young,0920,13
Joe Flacco,Andrei Iosivas,0920,12
Joe Flacco,Andrew Coker,0920,12
Joe Flacco,Mitchell Tinsley,0920,12
Joe Flacco,Tahj Brooks,0920,12
Joe Flacco,Cam Grandy,0920,6
Joe Flacco,Jack Endries,0920,5
Joe Flacco,Tanner Hudson,0920,5
Joe Flacco,Charlie Jones,0920,2
Joe Flacco,Javon Foster,0920,2
Joe Flacco,Kendall Milton,0920,2
Joe Flacco,Dohnte Meyers,0920,1
Joe Giles-Harris,Ceyair Wright,0920,24
Joe Giles-Harris,Isaiah Foskey,0920,23
Joe Giles-Harris,Daijahn Anthony,0920,21
Joe Giles-Harris,Russ Yeast,0920,21
Joe Giles-Harris,Jalen Kimber,0920,20
Joe Giles-Harris,Bralyn Lux,0920,19
Joe Giles-Harris,Landon Robinson,0920,19
Joe Giles-Harris,Antwaun Powell-Ryland,0920,14
Joe Giles-Harris,Howard Cross III,0920,14
Joe Giles-Harris,Shaka Heyward,0920,12
Joe Giles-Harris,Cedric Johnson,0920,11
Joe Giles-Harris,Liam Anderson,0920,9
Joe Giles-Harris,Jordan Jefferson,0920,8
Joe Giles-Harris,McKinnley Jackson,0920,8
Joe Giles-Harris,Kris Jenkins,0920,7
Joe Giles-Harris,PJ Jules,0920,6
Joe Giles-Harris,Josh Newton,0920,4
Joel Wilson,Zach Thomas,2100,10
Joel Wilson,Andre James,2100,9
Joel Wilson,Drew Moss,2100,9
Joel Wilson,Garrett Dellinger,2100,9
Joel Wilson,Hendon Hooker,2100,9
Joel Wilson,Rasheed Miller,2100,9
Joel Wilson,Julius Chestnut,2100,7
Joel Wilson,Hank Beatty,2100,6
Joel Wilson,Tyren Montgomery,2100,6
Joel Wilson,Michael Carter,2100,5
Joel Wilson,David Martin-Robinson,2100,4
Joel Wilson,Lance McCutcheon,2100,4
Joel Wilson,Brandon Crenshaw-Dickson,2100,3
Joel Wilson,Bryce Oliver,2100,3
Joel Wilson,Cordell Volson,2100,3
Joel Wilson,Courtney Jackson,2100,3
Joel Wilson,Jackson Slater,2100,3
Joel Wilson,K.J. Osborn,2100,3
Joel Wilson,Mason Kinsey,2100,3
Joel Wilson,Pat Coogan,2100,3
Joel Wilson,Will Levis,2100,3
Joel Wilson,Aamil Wagner,2100,2
Joel Wilson,Kylen Granson,2100,2
Joel Wilson,Xavier Restrepo,2100,2
John Metchie III,Albert Reese,0750,26
John Metchie III,Sam Hecht,0750,26
John Metchie III,Stone Forsythe,0750,26
John Metchie III,AJ Dillon,0750,16
John Metchie III,Ja'Seem Reed,0750,14
John Metchie III,Brady Christensen,0750,13
John Metchie III,Brycen Tremayne,0750,13
John Metchie III,Chandler Zavala,0750,13
John Metchie III,Haynes King,0750,13
John Metchie III,Isaia Glass,0750,13
John Metchie III,Ja'Tyre Carter,0750,13
John Metchie III,Kenny Pickett,0750,13
John Metchie III,David Moore,0750,12
John Metchie III,James Mitchell,0750,12
John Metchie III,Feleipe Franks,0750,11
John Metchie III,Trevor Etienne,0750,10
John Metchie III,Jimmy Horn Jr.,0750,7
John Metchie III,Ja'Tavion Sanders,0750,3
John Metchie III,Casey Washington,0750,2
John Metchie III,Elijah Cooks,0750,2
John Metchie III,Malick Meiga,0750,2
John Saunders Jr.,Karon Prunty,3200,24
John Saunders Jr.,Channing Canada,3200,21
John Saunders Jr.,Chad Muma,3200,20
John Saunders Jr.,Dell Pettus,3200,20
John Saunders Jr.,Quintayvious Hutchins,3200,20
John Saunders Jr.,Joshua Farmer,3200,19
John Saunders Jr.,Gabe Jacas,3200,18
John Saunders Jr.,Eric Gregory,3200,15
John Saunders Jr.,K.J. Britt,3200,14
John Saunders Jr.,Marcellas Dial Jr.,3200,13
John Saunders Jr.,Khalil Jacobs,3200,11
John Saunders Jr.,Jeremiah Pharms Jr.,3200,9
John Saunders Jr.,Bradyn Swinson,3200,8
John Saunders Jr.,Kindle Vildor,3200,8
John Saunders Jr.,Leonard Taylor III,3200,7
John Saunders Jr.,Isaiah Iton,3200,6
John Saunders Jr.,Jesse Luketa,3200,6
John Saunders Jr.,Mike Brown,3200,6
John Saunders Jr.,Kobee Minor,3200,5
John Saunders Jr.,Namdi Obiazor,3200,5
John Saunders Jr.,Peter Manuma,3200,4
John Saunders Jr.,Brandon Crossley,3200,1
John Williams,Donovan Jennings,1800,30
John Williams,Kyle McCord,1800,30
John Williams,Isaiah Neyor,1800,29
John Williams,J. Michael Sturdivant,1800,22
John Williams,Drake Dabney,1800,21
John Williams,Dillon Wade,1800,17
John Williams,Messiah Swinson,1800,17
John Williams,Travis Glover,1800,17
John Williams,Anthony Belton,1800,13
John Williams,Jacob Monk,1800,13
John Williams,Jager Burton,1800,13
John Williams,Will Sheppard,1800,12
John Williams,Damien Martinez,1800,11
John Williams,Pierre Strong,1800,10
John Williams,Savion Williams,1800,10
John Williams,Jaden Nixon,1800,9
John Williams,Josh Gesky,1800,9
John Williams,Darian Kinnard,1800,8
John Williams,Kisean Johnson,1800,3
John Williams,McCallan Castles,1800,3
John Williams,Skyy Moore,1800,3
Johnathan Edwards,Jaylahn Tuimolaou,2200,31
Johnathan Edwards,Austin Ajiake,2200,30
Johnathan Edwards,Micheal Clemons,2200,28
Johnathan Edwards,Bryce Boettcher,2200,20
Johnathan Edwards,Jaylon Jones,2200,19
Johnathan Edwards,Colby Wooden,2200,18
Johnathan Edwards,Jaylon Carlies,2200,18
Johnathan Edwards,Jonathan Owens,2200,18
Johnathan Edwards,Rob Carter Jr.,2200,17
Johnathan Edwards,Adetomiwa Adebawore,2200,16
Johnathan Edwards,Trey Washington,2200,16
Johnathan Edwards,A.J. Haulcy,2200,15
Johnathan Edwards,Cam Taylor-Britt,2200,15
Johnathan Edwards,Derrick Nnadi,2200,15
Johnathan Edwards,Mekhi Blackmon,2200,15
Johnathan Edwards,Daniel Scott,2200,11
Johnathan Edwards,George Gumbs Jr.,2200,11
Johnathan Edwards,Jerry Tillery,2200,10
Johnathan Edwards,Hunter Wohler,2200,8
Johnathan Edwards,Caden Curry,2200,7
Johnathan Edwards,Tim Smith,2200,2
Johnny Pascuzzi,Jacob Spomer,4400,20
Johnny Pascuzzi,Logan Taylor,4400,20
Johnny Pascuzzi,Travis Burke,4400,19
Johnny Pascuzzi,Evan Svoboda,4400,18
Johnny Pascuzzi,Alex Harkey,4400,17
Johnny Pascuzzi,DJ Uiagalelei,4400,17
Johnny Pascuzzi,Dalevon Campbell,4400,17
Johnny Pascuzzi,Devonte Ross,4400,12
Johnny Pascuzzi,Josh Kaltenberger,4400,12
Johnny Pascuzzi,Gregory Desrosiers,4400,11
Johnny Pascuzzi,JaQuae Jackson,4400,10
Johnny Pascuzzi,Amar Johnson,4400,8
Johnny Pascuzzi,Jake Slaughter,4400,8
Johnny Pascuzzi,Trevor Penning,4400,3
Johnny Pascuzzi,Trey Lance,4400,3
Johnny Pascuzzi,Branson Taylor,4400,1
Johnny Pascuzzi,Brenen Thompson,4400,1
Johnny Pascuzzi,Jaret Patterson,4400,1
Johnny Pascuzzi,KeAndre Lambert-Smith,4400,1
Johnny Pascuzzi,Scott Matlock,4400,1
Jon Gaines II,Hayden Conner,3800,68
Jon Gaines II,Jayden Williams,3800,68
Jon Gaines II,Josh Fryar,3800,68
Jon Gaines II,Chase Bisontis,3800,67
Jon Gaines II,Jalen Brooks,3800,41
Jon Gaines II,Simi Fehoko,3800,40
Jon Gaines II,Carson Beck,3800,39
Jon Gaines II,Bam Knight,3800,38
Jon Gaines II,Rivaldo Fairweather,3800,30
Jon Gaines II,Gardner Minshew,3800,29
Jon Gaines II,Xavier Weaver,3800,28
Jon Gaines II,Reggie Virgil,3800,26
Jon Gaines II,Kenny Yeboah,3800,19
Jon Gaines II,Devin Duvernay,3800,18
Jon Gaines II,Ihmir Smith-Marsette,3800,18
Jon Gaines II,Teagan Quitoriano,3800,17
Jon Gaines II,Bryson Green,3800,16
Jon Gaines II,Jeremiyah Love,3800,16
Jon Gaines II,Jameson Geers,3800,15
Jon Gaines II,Corey Kiner,3800,11
Jon Gaines II,Harrison Wallace III,3800,3
Jon Gaines II,Tyler Allgeier,3800,3
Jon Gaines II,Matt Pryor,3800,1
Jon Gaines II,Shawn Bowman,3800,1
JonDarius Morgan,Behren Morton,3200,14
JonDarius Morgan,Dametrious Crownover,3200,14
JonDarius Morgan,Jacob Rizy,3200,14
JonDarius Morgan,Mehki Butler,3200,14
JonDarius Morgan,Nick DeGennaro,3200,14
JonDarius Morgan,Lorenz Metz,3200,13
JonDarius Morgan,Kobe Prentice,3200,12
JonDarius Morgan,Jack Westover,3200,11
JonDarius Morgan,Lan Larison,3200,11
JonDarius Morgan,Cameron Dorner,3200,8
JonDarius Morgan,Tejhaun Palmer,3200,7
JonDarius Morgan,Mitch Van Vooren,3200,3
JonDarius Morgan,Jamycal Hasty,3200,2
JonDarius Morgan,CJ Dippre,3200,1
JonDarius Morgan,Hassan Haskins,3200,1
JonDarius Morgan,James Hudson,3200,1
Jonah Laulu,Cody Lindenberg,2520,15
Jonah Laulu,Hezekiah Masses,2520,15
Jonah Laulu,Jermod McCoy,2520,15
Jonah Laulu,Tommy Eichenberg,2520,15
Jonah Laulu,Treydan Stukes,2520,15
Jonah Laulu,Tristin McCollum,2520,15
Jonah Laulu,Greedy Vance,2520,14
Jonah Laulu,Benito Jones,2520,10
Jonah Laulu,Patrick Johnson,2520,10
Jonah Laulu,Keyron Crawford,2520,8
Jonah Laulu,Jahfari Harvey,2520,7
Jonah Laulu,Brennan Jackson,2520,5
Jonah Laulu,Darien Porter,2520,5
Jonah Laulu,Eric Stokes,2520,5
Jonah Laulu,Isaiah Pola-Mao,2520,5
Jonah Laulu,JJ Pegues,2520,5
Jonah Laulu,Jeremy Chinn,2520,5
Jonah Laulu,Kwity Paye,2520,5
Jonah Laulu,Malcolm Koonce,2520,5
Jonah Laulu,Nakobe Dean,2520,5
Jonah Laulu,Quay Walker,2520,5
Jonah Laulu,Taron Johnson,2520,4
Jonah Laulu,Thomas Booker,2520,3
Jonah Laulu,Adam Butler,2520,2
Jonah Laulu,Tonka Hemingway,2520,1
Jonah Laulu,Treven Ma'ae,2520,1
Jonah Williams,Isaiah Oliver,3800,60
Jonah Williams,Wydett Williams Jr.,3800,60
Jonah Williams,Owen Pappoe,3800,50
Jonah Williams,Elijah Jones,3800,48
Jonah Williams,Elijah Culp,3800,45
Jonah Williams,Austin Keys,3800,42
Jonah Williams,Elliott Brown,3800,36
Jonah Williams,Karson Sharar,3800,36
Jonah Williams,Cam Robertson,3800,35
Jonah Williams,Damonic Williams,3800,35
Jonah Williams,Eku Leota,3800,33
Jonah Williams,BJ Ojulari,3800,32
Jonah Williams,Kalen King,3800,32
Jonah Williams,Kei'Trel Clark,3800,26
Jonah Williams,Brodric Martin,3800,22
Jonah Williams,Cam Horsley,3800,21
Jonah Williams,Starling Thomas V,3800,16
Jonah Williams,Quinton Newsome,3800,15
Jonah Williams,Andrew Billings,3800,10
Jonah Williams,Dadrion Taylor-Demerson,3800,8
Jonah Williams,Kitan Crawford,3800,8
Jonah Williams,Eugene Asante,3800,6
Jonah Williams,Zachary Carter,3800,3
Jonah Williams,Max Melton,3800,1
Jonathan Allen,Barrett Carter,0920,3
Jonathan Allen,Boye Mafe,0920,3
Jonathan Allen,D.J. Ivey,0920,3
Jonathan Allen,DJ Turner II,0920,3
Jonathan Allen,Demetrius Knight Jr.,0920,3
Jonathan Allen,Dexter Lawrence,0920,3
Jonathan Allen,Jordan Battle,0920,3
Jonathan Allen,Kyle Dugger,0920,3
Jonathan Allen,Myles Murphy,0920,3
Jonathan Allen,Ja'Sir Taylor,0920,2
Jonathan Allen,Tedarrell Slaton,0920,1
Jonathan Ford,Jaylin Simpson,1800,22
Jonathan Ford,Nazir Stackhouse,1800,20
Jonathan Ford,Mark Perry,1800,19
Jonathan Ford,Nyjalik Kelly,1800,17
Jonathan Ford,Collin Oliver,1800,15
Jonathan Ford,Kristian Welch,1800,15
Jonathan Ford,TJ Quinn,1800,15
Jonathan Ford,Trey Dean III,1800,15
Jonathan Ford,Jaden Crumedy,1800,14
Jonathan Ford,MJ Devonshire,1800,12
Jonathan Ford,Arron Mosby,1800,11
Jonathan Ford,Benjamin St-Juste,1800,10
Jonathan Ford,Kitan Oladapo,1800,10
Jonathan Ford,Brenton Cox Jr.,1800,9
Jonathan Ford,Shemar Bartholomew,1800,9
Jonathan Ford,Murvin Kenion,1800,8
Jonathan Ford,Nick Niemann,1800,6
Jonathan Ford,Tra Fluellen,1800,6
Jonathan Ford,Ty'Ron Hopper,1800,6
Jonathan Ford,Brandon Cisse,1800,5
Jonathan Ford,Chris McClellan,1800,5
Jonathan Ford,Isaiah McDuffie,1800,5
Jonathan Ford,Keisean Nixon,1800,5
Jonathan Ford,Anthony Campbell,1800,3
Jonathan Ford,Barryn Sorrell,1800,1
Jonathan Ford,Edgerrin Cooper,1800,1
Jonathan Ford,Evan Williams,1800,1
Jonathan Ford,Karl Brooks,1800,1
Jonathan Ford,Lukas Van Ness,1800,1
Jonathan Ford,Warren Brinson,1800,1
Jonathan Ford,Xavier McKinney,1800,1
Jonathan Ford,Zaire Franklin,1800,1
Jonathan Owens,Austin Ajiake,2200,22
Jonathan Owens,A.J. Haulcy,2200,19
Jonathan Owens,Cam Taylor-Britt,2200,19
Jonathan Owens,Jaylahn Tuimolaou,2200,19
Jonathan Owens,Mekhi Blackmon,2200,19
Jonathan Owens,Johnathan Edwards,2200,18
Jonathan Owens,Micheal Clemons,2200,16
Jonathan Owens,Adetomiwa Adebawore,2200,12
Jonathan Owens,Jaylon Carlies,2200,12
Jonathan Owens,Derrick Nnadi,2200,11
Jonathan Owens,George Gumbs Jr.,2200,11
Jonathan Owens,Bryce Boettcher,2200,10
Jonathan Owens,Colby Wooden,2200,10
Jonathan Owens,Jerry Tillery,2200,8
Jonathan Owens,Caden Curry,2200,3
Jonathan Owens,Hunter Wohler,2200,3
Jonathan Owens,Jaylon Jones,2200,3
Jonathan Owens,Rob Carter Jr.,2200,3
Jonathan Owens,Tim Smith,2200,2
Jordan Battle,Barrett Carter,0920,8
Jordan Battle,Boye Mafe,0920,8
Jordan Battle,D.J. Ivey,0920,8
Jordan Battle,Demetrius Knight Jr.,0920,8
Jordan Battle,Kyle Dugger,0920,8
Jordan Battle,Myles Murphy,0920,8
Jordan Battle,DJ Turner II,0920,5
Jordan Battle,Ja'Sir Taylor,0920,5
Jordan Battle,Kris Jenkins,0920,5
Jordan Battle,Tedarrell Slaton,0920,5
Jordan Battle,Dexter Lawrence,0920,3
Jordan Battle,Jonathan Allen,0920,3
Jordan Battle,Josh Newton,0920,3
Jordan Battle,Howard Cross III,0920,1
Jordan Battle,Landon Robinson,0920,1
Jordan Battle,McKinnley Jackson,0920,1
Jordan Burch,Dadrion Taylor-Demerson,3800,16
Jordan Burch,Denzel Burke,3800,16
Jordan Burch,Jack Gibbens,3800,15
Jordan Burch,L.J. Collier,3800,13
Jordan Burch,Walter Nolen,3800,12
Jordan Burch,Sean Murphy-Bunting,3800,11
Jordan Burch,Cody Simon,3800,10
Jordan Burch,Kitan Crawford,3800,10
Jordan Burch,Will Johnson,3800,10
Jordan Burch,Darius Robinson,3800,7
Jordan Burch,Andrew Billings,3800,6
Jordan Burch,Andrew Wingard,3800,6
Jordan Burch,Mack Wilson,3800,6
Jordan Burch,Max Melton,3800,6
Jordan Burch,Zaven Collins,3800,6
Jordan Burch,Eku Leota,3800,4
Jordan Burch,Roy Lopez,3800,4
Jordan Burch,Elliott Brown,3800,2
Jordan Elliott,Alontae Taylor,2100,12
Jordan Elliott,Amani Hooker,2100,12
Jordan Elliott,Cedric Gray,2100,12
Jordan Elliott,Cody Barton,2100,12
Jordan Elliott,Cordale Flott,2100,12
Jordan Elliott,Kevin Winston Jr.,2100,12
Jordan Elliott,Marcus Harris,2100,10
Jordan Elliott,Jermaine Johnson II,2100,8
Jordan Elliott,Keldric Faulk,2100,7
Jordan Elliott,Solomon Thomas,2100,5
Jordan Elliott,Jalyn Holmes,2100,4
Jordan Elliott,Malik Herring,2100,4
Jordan Elliott,Jeffery Simmons,2100,3
Jordan Elliott,James Williams,2100,2
Jordan Elliott,Oluwafemi Oladejo,2100,2
Jordan Elliott,Truman Jones,2100,2
Jordan Elliott,Timmy Horne,2100,1
Jordan Jefferson,Ceyair Wright,0920,8
Jordan Jefferson,Daijahn Anthony,0920,8
Jordan Jefferson,Isaiah Foskey,0920,8
Jordan Jefferson,Jalen Kimber,0920,8
Jordan Jefferson,Joe Giles-Harris,0920,8
Jordan Jefferson,Landon Robinson,0920,8
Jordan Jefferson,Antwaun Powell-Ryland,0920,6
Jordan Jefferson,Russ Yeast,0920,6
Jordan Jefferson,Bralyn Lux,0920,5
Jordan Jefferson,Shaka Heyward,0920,4
Jordan Jefferson,McKinnley Jackson,0920,3
Jordan Jefferson,Cedric Johnson,0920,2
Jordan Jefferson,Kris Jenkins,0920,2
Jordan Jefferson,Liam Anderson,0920,2
Jordan Jefferson,PJ Jules,0920,2
Jordan Love,Anthony Belton,1800,9
Jordan Love,Jacob Monk,1800,9
Jordan Love,Jager Burton,1800,9
Jordan Love,Jordan Morgan,1800,9
Jordan Love,MarShawn Lloyd,1800,9
Jordan Love,Matthew Golden,1800,9
Jordan Love,Sean Rhyan,1800,9
Jordan Love,Christian Watson,1800,8
Jordan Love,Josh Whyle,1800,8
Jordan Love,Jayden Reed,1800,7
Jordan Love,Drake Dabney,1800,3
Jordan Love,Savion Williams,1800,1
Jordan Meredith,Atonio Mafi,2520,36
Jordan Meredith,Charles Grant,2520,28
Jordan Meredith,Fernando Mendoza,2520,28
Jordan Meredith,Ian Thomas,2520,28
Jordan Meredith,Trey Zuhn III,2520,28
Jordan Meredith,Caleb Rogers,2520,19
Jordan Meredith,Malik Benson,2520,17
Jordan Meredith,Deven Thompkins,2520,16
Jordan Meredith,Mike Washington Jr.,2520,15
Jordan Meredith,Albert Okwuegbunam,2520,14
Jordan Meredith,Jack Bech,2520,14
Jordan Meredith,Brandon Johnson,2520,13
Jordan Meredith,Dylan Laube,2520,13
Jordan Meredith,Dareke Young,2520,12
Jordan Meredith,Aidan O'Connell,2520,11
Jordan Meredith,Dalton Wagner,2520,11
Jordan Meredith,Kamar Missouri,2520,11
Jordan Meredith,Will Putnam,2520,11
Jordan Meredith,Jackson Powers-Johnson,2520,9
Jordan Meredith,Phillip Dorsett,2520,9
Jordan Meredith,Shedrick Jackson,2520,9
Jordan Meredith,Chase Roberts,2520,8
Jordan Meredith,Connor Heyward,2520,8
Jordan Meredith,Roman Hemby,2520,7
Jordan Meredith,Chris Myarick,2520,6
Jordan Meredith,Dare Ogunbowale,2520,4
Jordan Meredith,Niklas Henning,2520,3
Jordan Meredith,E.J. Williams Jr.,2520,1
Jordan Meredith,Patrick Gurd,2520,1
Jordan Moore,Brian Parker II,0920,17
Jordan Moore,Jacob Bayer,0920,17
Jordan Moore,Jack Endries,0920,15
Jordan Moore,Andrew Coker,0920,12
Jordan Moore,Jalen Rivers,0920,12
Jordan Moore,Javon Foster,0920,12
Jordan Moore,Josh Johnson,0920,12
Jordan Moore,Dohnte Meyers,0920,11
Jordan Moore,Kendall Milton,0920,11
Jordan Moore,Ke'Shawn Williams,0920,10
Jordan Moore,Christian Jones,0920,5
Jordan Moore,Corey Robinson II,0920,5
Jordan Moore,Gary Brightwell,0920,5
Jordan Moore,Josh Kattus,0920,5
Jordan Moore,Liam Brown,0920,5
Jordan Moore,Sean Clifford,0920,5
Jordan Moore,Xavier Johnson,0920,4
Jordan Moore,Cam Grandy,0920,3
Jordan Moore,Noah Thomas,0920,2
Jordan Moore,Jamal Haynes,0920,1
Jordan Moore,Tahj Brooks,0920,1
Jordan Morgan,Anthony Belton,1800,21
Jordan Morgan,Jacob Monk,1800,21
Jordan Morgan,Jager Burton,1800,21
Jordan Morgan,Drake Dabney,1800,14
Jordan Morgan,Donovan Jennings,1800,12
Jordan Morgan,MarShawn Lloyd,1800,12
Jordan Morgan,Tyrod Taylor,1800,12
Jordan Morgan,Savion Williams,1800,11
Jordan Morgan,Bo Melton,1800,10
Jordan Morgan,Jordan Love,1800,9
Jordan Morgan,Matthew Golden,1800,9
Jordan Morgan,Sean Rhyan,1800,9
Jordan Morgan,Skyy Moore,1800,9
Jordan Morgan,Christian Watson,1800,8
Jordan Morgan,Josh Whyle,1800,8
Jordan Morgan,Jayden Reed,1800,7
Jordan Morgan,Pierre Strong,1800,7
Jordan Morgan,Isaiah Neyor,1800,4
Jordan Morgan,Messiah Swinson,1800,4
Jordan Morgan,Jaden Nixon,1800,2
Jordan Watkins,Adrian Martinez,4500,35
Jordan Watkins,Austen Pleasants,4500,35
Jordan Watkins,Brandon Parker,4500,35
Jordan Watkins,Connor Colby,4500,35
Jordan Watkins,Drake Nugent,4500,35
Jordan Watkins,Robert Jones,4500,35
Jordan Watkins,Malik Turner,4500,27
Jordan Watkins,Brayden Willis,4500,26
Jordan Watkins,KhaDarel Hodge,4500,26
Jordan Watkins,Hayden Rucci,4500,25
Jordan Watkins,Sincere McCormick,4500,23
Jordan Watkins,Trenton Irwin,4500,23
Jordan Watkins,Carver Willis,4500,18
Jordan Watkins,Doug Kramer,4500,18
Jordan Watkins,Enrique Cruz,4500,18
Jordan Watkins,Isaac Alarcon,4500,18
Jordan Watkins,Kion Smith,4500,18
Jordan Watkins,Kurtis Rourke,4500,18
Jordan Watkins,Josiah Deguara,4500,17
Jordan Watkins,De'Zhaun Stribling,4500,15
Jordan Watkins,Patrick Taylor,4500,15
Jordan Watkins,Khalil Herbert,4500,12
Jordan Watkins,Zamir White,4500,3
Josh Fryar,Hayden Conner,3800,68
Josh Fryar,Jayden Williams,3800,68
Josh Fryar,Jon Gaines II,3800,68
Josh Fryar,Chase Bisontis,3800,67
Josh Fryar,Jalen Brooks,3800,41
Josh Fryar,Simi Fehoko,3800,40
Josh Fryar,Carson Beck,3800,39
Josh Fryar,Bam Knight,3800,38
Josh Fryar,Rivaldo Fairweather,3800,30
Josh Fryar,Gardner Minshew,3800,29
Josh Fryar,Xavier Weaver,3800,28
Josh Fryar,Reggie Virgil,3800,26
Josh Fryar,Kenny Yeboah,3800,19
Josh Fryar,Devin Duvernay,3800,18
Josh Fryar,Ihmir Smith-Marsette,3800,18
Josh Fryar,Teagan Quitoriano,3800,17
Josh Fryar,Bryson Green,3800,16
Josh Fryar,Jeremiyah Love,3800,16
Josh Fryar,Jameson Geers,3800,15
Josh Fryar,Corey Kiner,3800,11
Josh Fryar,Harrison Wallace III,3800,3
Josh Fryar,Tyler Allgeier,3800,3
Josh Fryar,Matt Pryor,3800,1
Josh Fryar,Shawn Bowman,3800,1
Josh Gesky,Dillon Wade,1800,12
Josh Gesky,Donovan Jennings,1800,9
Josh Gesky,Isaiah Neyor,1800,9
Josh Gesky,John Williams,1800,9
Josh Gesky,Kyle McCord,1800,9
Josh Gesky,Travis Glover,1800,9
Josh Gesky,J. Michael Sturdivant,1800,8
Josh Gesky,Messiah Swinson,1800,8
Josh Gesky,Will Sheppard,1800,8
Josh Gesky,Damien Martinez,1800,7
Josh Gesky,Jaden Nixon,1800,5
Josh Gesky,Kisean Johnson,1800,4
Josh Gesky,McCallan Castles,1800,4
Josh Gesky,Brant Banks,1800,3
Josh Gesky,Dalton Cooper,1800,3
Josh Gesky,Dylan Barrett,1800,3
Josh Gesky,Kyron Drones,1800,3
Josh Gesky,Thomas Yassmin,1800,3
Josh Gesky,Drake Dabney,1800,2
Josh Gesky,Chris Hilton Jr.,1800,1
Josh Gesky,Kaden Prather,1800,1
Josh Johnson,Brian Parker II,0920,32
Josh Johnson,Jacob Bayer,0920,32
Josh Johnson,Jalen Rivers,0920,32
Josh Johnson,Javon Foster,0920,32
Josh Johnson,Dohnte Meyers,0920,29
Josh Johnson,Andrew Coker,0920,26
Josh Johnson,Jack Endries,0920,19
Josh Johnson,Ke'Shawn Williams,0920,18
Josh Johnson,Gary Brightwell,0920,15
Josh Johnson,Kendall Milton,0920,14
Josh Johnson,Jordan Moore,0920,12
Josh Johnson,Noah Thomas,0920,11
Josh Johnson,Charlie Jones,0920,10
Josh Johnson,Tanner Hudson,0920,10
Josh Johnson,Cam Grandy,0920,7
Josh Johnson,Colbie Young,0920,7
Josh Johnson,Cody Ford,0920,6
Josh Johnson,Tahj Brooks,0920,3
Josh Johnson,Xavier Johnson,0920,3
Josh Johnson,Josh Kattus,0920,2
Josh Kaltenberger,Alex Harkey,4400,15
Josh Kaltenberger,DJ Uiagalelei,4400,15
Josh Kaltenberger,Jacob Spomer,4400,15
Josh Kaltenberger,Logan Taylor,4400,15
Josh Kaltenberger,Travis Burke,4400,15
Josh Kaltenberger,Devonte Ross,4400,14
Josh Kaltenberger,Dalevon Campbell,4400,13
Josh Kaltenberger,Evan Svoboda,4400,13
Josh Kaltenberger,Johnny Pascuzzi,4400,12
Josh Kaltenberger,Gregory Desrosiers,4400,11
Josh Kaltenberger,JaQuae Jackson,4400,6
Josh Kaltenberger,Amar Johnson,4400,4
Josh Kaltenberger,Jerand Bradley,4400,2
Josh Kattus,Brian Parker II,0920,6
Josh Kattus,Jacob Bayer,0920,6
Josh Kattus,Jordan Moore,0920,5
Josh Kattus,Christian Jones,0920,4
Josh Kattus,Corey Robinson II,0920,4
Josh Kattus,Jack Endries,0920,4
Josh Kattus,Kendall Milton,0920,4
Josh Kattus,Liam Brown,0920,4
Josh Kattus,Sean Clifford,0920,4
Josh Kattus,Xavier Johnson,0920,3
Josh Kattus,Jalen Rivers,0920,2
Josh Kattus,Javon Foster,0920,2
Josh Kattus,Josh Johnson,0920,2
Josh Kattus,Tahj Brooks,0920,2
Josh Kattus,Andrew Coker,0920,1
Josh Kattus,Cam Grandy,0920,1
Josh Kattus,Charlie Jones,0920,1
Josh Kattus,Cody Ford,0920,1
Josh Kattus,Colbie Young,0920,1
Josh Kattus,Dohnte Meyers,0920,1
Josh Kattus,Gary Brightwell,0920,1
Josh Kattus,Noah Thomas,0920,1
Josh Kelly,Sam Hagen,2120,12
Josh Kelly,Blake Fisher,2120,11
Josh Kelly,Evan Brown,2120,11
Josh Kelly,Febechi Nwaiwu,2120,11
Josh Kelly,Davis Mills,2120,10
Josh Kelly,Lewis Bond,2120,10
Josh Kelly,Cade Stover,2120,9
Josh Kelly,Jake Andrews,2120,9
Josh Kelly,Noah Whittington,2120,7
Josh Kelly,Foster Moreau,2120,5
Josh Kelly,Layne Pryor,2120,5
Josh Kelly,Owen Wright,2120,4
Josh Kelly,Treyvhon Saunders,2120,4
Josh Kelly,Jarrett Patterson,2120,3
Josh Kelly,Graham Mertz,2120,2
Josh Kelly,Jared Wayne,2120,2
Josh Kelly,Eli Cox,2120,1
Josh Kelly,James Neal III,2120,1
Josh Kelly,Jarrett Kingston,2120,1
Josh Kelly,Joshua Pitsenberger,2120,1
Josh Kelly,Juwann Winfree,2120,1
Josh Kreutz,Blake Freeland,2200,21
Josh Kreutz,Geno VanDeMark,2200,21
Josh Kreutz,Jimmy Morrissey,2200,21
Josh Kreutz,Raylen Sharpe,2200,21
Josh Kreutz,Riley Leonard,2200,21
Josh Kreutz,Sahmir Hagans,2200,21
Josh Kreutz,Pharaoh Brown,2200,19
Josh Kreutz,Anderson Castle,2200,18
Josh Kreutz,E.J. Horton,2200,15
Josh Kreutz,Luke Tenuta,2200,15
Josh Kreutz,Bayron Matos,2200,6
Josh Kreutz,Ben Nikkel,2200,5
Josh Kreutz,Roydell Williams,2200,3
Josh Kreutz,Carson Towt,2200,2
Josh Kreutz,D.J. Montgomery,2200,1
Josh Newton,Cedric Johnson,0920,23
Josh Newton,Landon Robinson,0920,23
Josh Newton,Swayze Bozeman,0920,23
Josh Newton,Kris Jenkins,0920,21
Josh Newton,PJ Jules,0920,20
Josh Newton,D.J. Ivey,0920,18
Josh Newton,Bralyn Lux,0920,15
Josh Newton,Daijahn Anthony,0920,14
Josh Newton,Isaiah Foskey,0920,14
Josh Newton,Russ Yeast,0920,14
Josh Newton,Cashius Howell,0920,13
Josh Newton,Howard Cross III,0920,13
Josh Newton,McKinnley Jackson,0920,13
Josh Newton,Oren Burks,0920,13
Josh Newton,Ceyair Wright,0920,12
Josh Newton,Shaka Heyward,0920,12
Josh Newton,Kyle Dugger,0920,9
Josh Newton,Ja'Sir Taylor,0920,5
Josh Newton,Antwaun Powell-Ryland,0920,4
Josh Newton,Joe Giles-Harris,0920,4
Josh Newton,Barrett Carter,0920,3
Josh Newton,Boye Mafe,0920,3
Josh Newton,Demetrius Knight Jr.,0920,3
Josh Newton,Jordan Battle,0920,3
Josh Newton,Myles Murphy,0920,3
Josh Newton,Tedarrell Slaton,0920,2
Josh Sills,Blake Freeland,2200,32
Josh Sills,Jalen Farmer,2200,32
Josh Sills,Anthony Richardson,2200,27
Josh Sills,Dalton Tucker,2200,27
Josh Sills,Luke Tenuta,2200,27
Josh Sills,Will Mallory,2200,25
Josh Sills,Coleman Owen,2200,22
Josh Sills,Deion Burks,2200,19
Josh Sills,Eli Pancol,2200,19
Josh Sills,Ulysses Bentley IV,2200,14
Josh Sills,Nick Westbrook-Ikhine,2200,13
Josh Sills,Seth McGowan,2200,13
Josh Sills,Pharaoh Brown,2200,11
Josh Sills,D.J. Montgomery,2200,8
Josh Sills,Anderson Castle,2200,5
Josh Sills,Andrew Ogletree,2200,5
Josh Sills,Jalen Travis,2200,5
Josh Sills,Jimmy Morrissey,2200,5
Josh Sills,Laquon Treadwell,2200,5
Josh Sills,Riley Leonard,2200,5
Josh Sills,Raylen Sharpe,2200,1
Josh Whyle,Anthony Belton,1800,8
Josh Whyle,Jacob Monk,1800,8
Josh Whyle,Jager Burton,1800,8
Josh Whyle,Jordan Love,1800,8
Josh Whyle,Jordan Morgan,1800,8
Josh Whyle,MarShawn Lloyd,1800,8
Josh Whyle,Matthew Golden,1800,8
Josh Whyle,Sean Rhyan,1800,8
Josh Whyle,Christian Watson,1800,7
Josh Whyle,Jayden Reed,1800,6
Josh Whyle,Drake Dabney,1800,2
Josh Whyle,Savion Williams,1800,1
Joshua Dobbs,Blake Miller,1540,17
Joshua Dobbs,Christian Mahogany,1540,17
Joshua Dobbs,Larry Borom,1540,17
Joshua Dobbs,Miles Frazier,1540,17
Joshua Dobbs,Seth McLaughlin,1540,17
Joshua Dobbs,Tom Kennedy,1540,14
Joshua Dobbs,Dominic Lovett,1540,12
Joshua Dobbs,Jacob Saylors,1540,12
Joshua Dobbs,Jackson Meeks,1540,10
Joshua Dobbs,Lucky Jackson,1540,10
Joshua Dobbs,Thomas Gordon,1540,10
Joshua Dobbs,Tay Martin,1540,7
Joshua Dobbs,Kye Robichaux,1540,5
Joshua Dobbs,Malik Cunningham,1540,5
Joshua Farmer,Karon Prunty,3200,23
Joshua Farmer,Chad Muma,3200,20
Joshua Farmer,Dell Pettus,3200,20
Joshua Farmer,Quintayvious Hutchins,3200,20
Joshua Farmer,Channing Canada,3200,19
Joshua Farmer,John Saunders Jr.,3200,19
Joshua Farmer,Gabe Jacas,3200,18
Joshua Farmer,Eric Gregory,3200,14
Joshua Farmer,Khalil Jacobs,3200,14
Joshua Farmer,Marcellas Dial Jr.,3200,14
Joshua Farmer,K.J. Britt,3200,9
Joshua Farmer,Kindle Vildor,3200,8
Joshua Farmer,Mike Brown,3200,8
Joshua Farmer,Bradyn Swinson,3200,6
Joshua Farmer,Jeremiah Pharms Jr.,3200,6
Joshua Farmer,Isaiah Iton,3200,4
Joshua Farmer,Jesse Luketa,3200,4
Joshua Farmer,Kobee Minor,3200,4
Joshua Farmer,Namdi Obiazor,3200,4
Joshua Farmer,Leonard Taylor III,3200,3
Joshua Farmer,Peter Manuma,3200,3
Joshua Pitsenberger,Sam Hagen,2120,17
Joshua Pitsenberger,Jarrett Patterson,2120,16
Joshua Pitsenberger,Davis Mills,2120,14
Joshua Pitsenberger,Cade Stover,2120,11
Joshua Pitsenberger,Treyvhon Saunders,2120,11
Joshua Pitsenberger,Eli Cox,2120,10
Joshua Pitsenberger,James Neal III,2120,10
Joshua Pitsenberger,Jarrett Kingston,2120,10
Joshua Pitsenberger,Jared Wayne,2120,9
Joshua Pitsenberger,Justin Watson,2120,9
Joshua Pitsenberger,Blake Fisher,2120,7
Joshua Pitsenberger,Daniel Sobkowicz,2120,7
Joshua Pitsenberger,Evan Brown,2120,7
Joshua Pitsenberger,Febechi Nwaiwu,2120,7
Joshua Pitsenberger,Jha'Quan Jackson,2120,7
Joshua Pitsenberger,Graham Mertz,2120,6
Joshua Pitsenberger,Layne Pryor,2120,6
Joshua Pitsenberger,Foster Moreau,2120,5
Joshua Pitsenberger,Lewis Bond,2120,4
Joshua Pitsenberger,Marlin Klein,2120,4
Joshua Pitsenberger,Aireontae Ersery,2120,3
Joshua Pitsenberger,Braden Smith,2120,3
Joshua Pitsenberger,Ed Ingram,2120,3
Joshua Pitsenberger,Juwann Winfree,2120,3
Joshua Pitsenberger,Keylan Rutledge,2120,3
Joshua Pitsenberger,Wyatt Teller,2120,3
Joshua Pitsenberger,Xavier Hutchinson,2120,3
Joshua Pitsenberger,Jake Andrews,2120,1
Joshua Pitsenberger,Josh Kelly,2120,1
Josiah Deguara,Adrian Martinez,4500,30
Josiah Deguara,Carver Willis,4500,23
Josiah Deguara,Doug Kramer,4500,23
Josiah Deguara,Enrique Cruz,4500,23
Josiah Deguara,Isaac Alarcon,4500,23
Josiah Deguara,Kion Smith,4500,23
Josiah Deguara,Khalil Herbert,4500,18
Josiah Deguara,Jordan Watkins,4500,17
Josiah Deguara,Hayden Rucci,4500,16
Josiah Deguara,KhaDarel Hodge,4500,15
Josiah Deguara,Trenton Irwin,4500,14
Josiah Deguara,Wesley Grimes,4500,13
Josiah Deguara,Will Pauling,4500,13
Josiah Deguara,Austen Pleasants,4500,7
Josiah Deguara,Brandon Parker,4500,7
Josiah Deguara,Connor Colby,4500,7
Josiah Deguara,Drake Nugent,4500,7
Josiah Deguara,Robert Jones,4500,7
Josiah Deguara,Sincere McCormick,4500,6
Josiah Deguara,Zamir White,4500,6
Josiah Deguara,Malik Turner,4500,2
Juanyeh Thomas,Caden Curry,2200,20
Juanyeh Thomas,Cameron Ball,2200,20
Juanyeh Thomas,Mekhi Rodgers,2200,20
Juanyeh Thomas,Rob Carter Jr.,2200,20
Juanyeh Thomas,West Weeks,2200,20
Juanyeh Thomas,George Gumbs Jr.,2200,18
Juanyeh Thomas,Jai'Onte' McMillan,2200,16
Juanyeh Thomas,Tahj Chambers,2200,14
Juanyeh Thomas,Tim Smith,2200,13
Juanyeh Thomas,Daniel Scott,2200,11
Juanyeh Thomas,Austin Brown,2200,9
Juanyeh Thomas,Durell Nchami,2200,7
Juanyeh Thomas,Devin Veresuk,2200,6
Juanyeh Thomas,Mitchell Melton,2200,4
Juanyeh Thomas,Jaylon Jones,2200,2
Julius Chestnut,Joel Wilson,2100,7
Julius Chestnut,Zach Thomas,2100,7
Julius Chestnut,Andre James,2100,6
Julius Chestnut,Drew Moss,2100,6
Julius Chestnut,Garrett Dellinger,2100,6
Julius Chestnut,Hendon Hooker,2100,6
Julius Chestnut,Rasheed Miller,2100,6
Julius Chestnut,Hank Beatty,2100,4
Julius Chestnut,Tyren Montgomery,2100,4
Julius Chestnut,Courtney Jackson,2100,3
Julius Chestnut,David Martin-Robinson,2100,3
Julius Chestnut,Lance McCutcheon,2100,3
Julius Chestnut,Brandon Crenshaw-Dickson,2100,2
Julius Chestnut,Bryce Oliver,2100,2
Julius Chestnut,Cordell Volson,2100,2
Julius Chestnut,Jackson Slater,2100,2
Julius Chestnut,K.J. Osborn,2100,2
Julius Chestnut,Mason Kinsey,2100,2
Julius Chestnut,Pat Coogan,2100,2
Julius Chestnut,Will Levis,2100,2
Julius Chestnut,Austin Deculus,2100,1
Julius Chestnut,Kylen Granson,2100,1
Julius Chestnut,Xavier Restrepo,2100,1
Julius Welschof,Carson Bruener,3900,23
Julius Welschof,Cole Holcomb,3900,19
Julius Welschof,Jamin Davis,3900,19
Julius Welschof,Sebastian Castro,3900,19
Julius Welschof,Daylen Everette,3900,18
Julius Welschof,Devan Boykin,3900,18
Julius Welschof,Gabe Rubio,3900,18
Julius Welschof,Doneiko Slaughter,3900,14
Julius Welschof,D'Shawn Jamison,3900,13
Julius Welschof,Esezi Otomewo,3900,12
Julius Welschof,Kyler Baugh,3900,9
Julius Welschof,Dean Lowry,3900,8
Julius Welschof,Robert Spears-Jennings,3900,8
Julius Welschof,Daryl Porter,3900,7
Julius Welschof,Israel Mukuamu,3900,7
Julius Welschof,Jack Henderson,3900,7
Julius Welschof,Jack Sawyer,3900,7
Julius Welschof,Kevin Jobity Jr.,3900,7
Julius Welschof,Malik Harrison,3900,7
Julius Welschof,Tamon Lynum,3900,7
Julius Welschof,Anthony Goodlow,3900,6
Julius Welschof,Yahya Black,3900,4
Julius Welschof,Jacoby Windmon,3900,3
Junior Colson,Marlowe Wax,4400,22
Junior Colson,Kendall Williamson,4400,16
Junior Colson,Genesis Smith,4400,14
Junior Colson,Nick Barrett,4400,14
Junior Colson,R.J. Mickens,4400,14
Junior Colson,Avery Smith,4400,13
Junior Colson,TeRah Edwards,4400,13
Junior Colson,Andre Carter II,4400,12
Junior Colson,Nadame Tucker,4400,12
Junior Colson,Garmon Randolph,4400,10
Junior Colson,Nikko Reed,4400,10
Junior Colson,Isas Waxter,4400,9
Junior Colson,Jacobian Guillory,4400,9
Junior Colson,Kyle Kennard,4400,9
Junior Colson,Terry Webb,4400,9
Junior Colson,Deane Leonard,4400,8
Junior Colson,Jahmeer Carter,4400,8
Junior Colson,Eric Rogers,4400,7
Junior Colson,Rodney Shelley,4400,7
Junior Colson,Devin Grant,4400,3
Junior Colson,Akheem Mesidor,4400,1
Justin Watson,Jared Wayne,2120,22
Justin Watson,Blake Fisher,2120,15
Justin Watson,Evan Brown,2120,15
Justin Watson,Febechi Nwaiwu,2120,15
Justin Watson,Foster Moreau,2120,15
Justin Watson,Graham Mertz,2120,15
Justin Watson,Jarrett Patterson,2120,15
Justin Watson,Noah Whittington,2120,15
Justin Watson,Sam Hagen,2120,15
Justin Watson,Aireontae Ersery,2120,10
Justin Watson,Braden Smith,2120,10
Justin Watson,Davis Mills,2120,10
Justin Watson,Ed Ingram,2120,10
Justin Watson,Keylan Rutledge,2120,10
Justin Watson,Marlin Klein,2120,10
Justin Watson,Wyatt Teller,2120,10
Justin Watson,Xavier Hutchinson,2120,10
Justin Watson,Cade Stover,2120,9
Justin Watson,Joshua Pitsenberger,2120,9
Justin Watson,Lewis Bond,2120,9
Justin Watson,Owen Wright,2120,1
Juwann Winfree,Davis Mills,2120,6
Juwann Winfree,Sam Hagen,2120,6
Juwann Winfree,Eli Cox,2120,5
Juwann Winfree,James Neal III,2120,5
Juwann Winfree,Jarrett Kingston,2120,5
Juwann Winfree,Jarrett Patterson,2120,5
Juwann Winfree,Treyvhon Saunders,2120,5
Juwann Winfree,Jha'Quan Jackson,2120,4
Juwann Winfree,Layne Pryor,2120,4
Juwann Winfree,Joshua Pitsenberger,2120,3
Juwann Winfree,Cade Stover,2120,2
Juwann Winfree,Noah Whittington,2120,2
Juwann Winfree,Blake Fisher,2120,1
Juwann Winfree,Evan Brown,2120,1
Juwann Winfree,Febechi Nwaiwu,2120,1
Juwann Winfree,Foster Moreau,2120,1
Juwann Winfree,Jake Andrews,2120,1
Juwann Winfree,Josh Kelly,2120,1
Juwann Winfree,Lewis Bond,2120,1
Juwann Winfree,Owen Wright,2120,1
K.C. Ossai,Stephen Hall,2120,16
K.C. Ossai,Kaevon Merriweather,2120,15
K.C. Ossai,Kyonte Hamilton,2120,14
K.C. Ossai,Brandon Codrington,2120,13
K.C. Ossai,Jamal Hill,2120,13
K.C. Ossai,Alijah Huzzie,2120,11
K.C. Ossai,Solomon Byrd,2120,11
K.C. Ossai,Dominic Bailey,2120,10
K.C. Ossai,Tremon Smith,2120,10
K.C. Ossai,Dominique Robinson,2120,8
K.C. Ossai,Dylan Horton,2120,8
K.C. Ossai,Naquan Jones,2120,8
K.C. Ossai,Aiden Fisher,2120,6
K.C. Ossai,Marte Mapu,2120,6
K.C. Ossai,Ali Gaye,2120,5
K.C. Ossai,Jaylen Reed,2120,5
K.C. Ossai,Ja'Marcus Ingram,2120,1
K.J. Britt,Chad Muma,3200,14
K.J. Britt,Dell Pettus,3200,14
K.J. Britt,John Saunders Jr.,3200,14
K.J. Britt,Karon Prunty,3200,14
K.J. Britt,Quintayvious Hutchins,3200,14
K.J. Britt,Channing Canada,3200,12
K.J. Britt,Gabe Jacas,3200,12
K.J. Britt,Eric Gregory,3200,10
K.J. Britt,Joshua Farmer,3200,9
K.J. Britt,Kindle Vildor,3200,7
K.J. Britt,Isaiah Iton,3200,6
K.J. Britt,Leonard Taylor III,3200,4
K.J. Britt,Marcellas Dial Jr.,3200,4
K.J. Britt,Bradyn Swinson,3200,2
K.J. Britt,Jeremiah Pharms Jr.,3200,2
K.J. Britt,Mike Brown,3200,2
K.J. Osborn,Brandon Crenshaw-Dickson,2100,10
K.J. Osborn,Bryce Oliver,2100,10
K.J. Osborn,Cordell Volson,2100,10
K.J. Osborn,Jackson Slater,2100,10
K.J. Osborn,Pat Coogan,2100,10
K.J. Osborn,Will Levis,2100,10
K.J. Osborn,Austin Deculus,2100,6
K.J. Osborn,Kylen Granson,2100,5
K.J. Osborn,Nicholas Singleton,2100,5
K.J. Osborn,Xavier Restrepo,2100,5
K.J. Osborn,David Martin-Robinson,2100,4
K.J. Osborn,Zach Thomas,2100,4
K.J. Osborn,Hank Beatty,2100,3
K.J. Osborn,Joel Wilson,2100,3
K.J. Osborn,Michael Carter,2100,3
K.J. Osborn,Julius Chestnut,2100,2
Ka'ena Decambra,Kedon Slovis,3800,51
Ka'ena Decambra,Reggie Virgil,3800,51
Ka'ena Decambra,Valentin Senn,3800,51
Ka'ena Decambra,Bryson Green,3800,44
Ka'ena Decambra,Demontrey Jacobs,3800,41
Ka'ena Decambra,Olisaemeka Udoh,3800,39
Ka'ena Decambra,Christian Jones,3800,37
Ka'ena Decambra,Corey Kiner,3800,36
Ka'ena Decambra,Harrison Wallace III,3800,36
Ka'ena Decambra,Matt Pryor,3800,36
Ka'ena Decambra,Rivaldo Fairweather,3800,26
Ka'ena Decambra,Jameson Geers,3800,24
Ka'ena Decambra,Evan Hull,3800,15
Ka'ena Decambra,Xavier Weaver,3800,14
Ka'ena Decambra,Shawn Bowman,3800,9
Kaden Prather,Brant Banks,1800,1
Kaden Prather,Dalton Cooper,1800,1
Kaden Prather,Damien Martinez,1800,1
Kaden Prather,Dillon Wade,1800,1
Kaden Prather,Dylan Barrett,1800,1
Kaden Prather,Josh Gesky,1800,1
Kaden Prather,Kisean Johnson,1800,1
Kaden Prather,Kyron Drones,1800,1
Kaden Prather,Thomas Yassmin,1800,1
Kaden Prather,Will Sheppard,1800,1
Kaden Wetjen,Broderick Jones,3900,17
Kaden Wetjen,Doug Nester,3900,14
Kaden Wetjen,Jack Driscoll,3900,14
Kaden Wetjen,Levi Wentz,3900,14
Kaden Wetjen,Max Hurleman,3900,14
Kaden Wetjen,Drew Allar,3900,10
Kaden Wetjen,Gennings Dunker,3900,10
Kaden Wetjen,Ryan McCollum,3900,9
Kaden Wetjen,Eli Heidenreich,3900,8
Kaden Wetjen,Greg Crippen,3900,8
Kaden Wetjen,Lake McRee,3900,8
Kaden Wetjen,Brock Hoffman,3900,7
Kaden Wetjen,Will Howard,3900,7
Kaden Wetjen,Robert Tonyan,3900,6
Kaden Wetjen,Lew Nichols III,3900,4
Kaden Wetjen,Brandon Smith,3900,3
Kaden Wetjen,Dylan Cook,3900,3
Kaden Wetjen,Germie Bernard,3900,3
Kaden Wetjen,Jaheim Bell,3900,3
Kaden Wetjen,Spencer Anderson,3900,3
Kaden Wetjen,Travis Homer,3900,3
Kaden Wetjen,Kaleb Johnson,3900,2
Kaevon Merriweather,Stephen Hall,2120,33
Kaevon Merriweather,Solomon Byrd,2120,27
Kaevon Merriweather,Dominic Bailey,2120,25
Kaevon Merriweather,Dylan Horton,2120,25
Kaevon Merriweather,Kyonte Hamilton,2120,25
Kaevon Merriweather,Jamal Hill,2120,23
Kaevon Merriweather,Jaylen Reed,2120,23
Kaevon Merriweather,Naquan Jones,2120,22
Kaevon Merriweather,Tremon Smith,2120,22
Kaevon Merriweather,Marte Mapu,2120,20
Kaevon Merriweather,Aiden Fisher,2120,19
Kaevon Merriweather,Alijah Huzzie,2120,19
Kaevon Merriweather,Brandon Codrington,2120,19
Kaevon Merriweather,Dominique Robinson,2120,18
Kaevon Merriweather,Ali Gaye,2120,17
Kaevon Merriweather,K.C. Ossai,2120,15
Kaevon Merriweather,Jacob Hummel,2120,14
Kaevon Merriweather,Kamari Ramsey,2120,14
Kaevon Merriweather,Kayden McDonald,2120,13
Kaevon Merriweather,Jaylin Smith,2120,10
Kaevon Merriweather,Collin Wright,2120,9
Kaevon Merriweather,Ja'Marcus Ingram,2120,9
Kaevon Merriweather,Wade Woodaz,2120,9
Kaleb Johnson,Broderick Jones,3900,5
Kaleb Johnson,Doug Nester,3900,5
Kaleb Johnson,Drew Allar,3900,5
Kaleb Johnson,Gennings Dunker,3900,5
Kaleb Johnson,Jack Driscoll,3900,5
Kaleb Johnson,Jaheim Bell,3900,5
Kaleb Johnson,Max Hurleman,3900,5
Kaleb Johnson,Ryan McCollum,3900,5
Kaleb Johnson,Levi Wentz,3900,3
Kaleb Johnson,Riley Nowakowski,3900,3
Kaleb Johnson,Jakobie Keeney-James,3900,2
Kaleb Johnson,Kaden Wetjen,3900,2
Kalen King,Owen Pappoe,3800,45
Kalen King,Isaiah Oliver,3800,40
Kalen King,Wydett Williams Jr.,3800,40
Kalen King,Jonah Williams,3800,32
Kalen King,Kei'Trel Clark,3800,28
Kalen King,Austin Keys,3800,26
Kalen King,Elijah Jones,3800,26
Kalen King,Elliott Brown,3800,26
Kalen King,Cam Robertson,3800,25
Kalen King,Cam Horsley,3800,24
Kalen King,Elijah Culp,3800,23
Kalen King,Eku Leota,3800,20
Kalen King,BJ Ojulari,3800,19
Kalen King,Damonic Williams,3800,18
Kalen King,Karson Sharar,3800,16
Kalen King,Starling Thomas V,3800,12
Kalen King,Brodric Martin,3800,10
Kalen King,Andrew Billings,3800,6
Kalen King,Dadrion Taylor-Demerson,3800,5
Kalen King,Kitan Crawford,3800,5
Kalen King,Zachary Carter,3800,2
Kalen King,Eugene Asante,3800,1
Kalen King,Max Melton,3800,1
Kamar Missouri,Aidan O'Connell,2520,16
Kamar Missouri,Dalton Wagner,2520,16
Kamar Missouri,Will Putnam,2520,16
Kamar Missouri,Phillip Dorsett,2520,14
Kamar Missouri,Albert Okwuegbunam,2520,13
Kamar Missouri,Atonio Mafi,2520,13
Kamar Missouri,Chase Roberts,2520,13
Kamar Missouri,Jordan Meredith,2520,11
Kamar Missouri,Dare Ogunbowale,2520,9
Kamar Missouri,Shedrick Jackson,2520,9
Kamar Missouri,Niklas Henning,2520,8
Kamar Missouri,Roman Hemby,2520,7
Kamar Missouri,Chris Myarick,2520,6
Kamar Missouri,E.J. Williams Jr.,2520,6
Kamar Missouri,Brandon Johnson,2520,1
Kamar Missouri,Dareke Young,2520,1
Kamar Missouri,Patrick Gurd,2520,1
Kamari Ramsey,Jaylin Smith,2120,19
Kamari Ramsey,Jacob Hummel,2120,17
Kamari Ramsey,Jaylen Reed,2120,16
Kamari Ramsey,Naquan Jones,2120,15
Kamari Ramsey,Kaevon Merriweather,2120,14
Kamari Ramsey,Dylan Horton,2120,13
Kamari Ramsey,Solomon Byrd,2120,13
Kamari Ramsey,Wade Woodaz,2120,13
Kamari Ramsey,Kayden McDonald,2120,12
Kamari Ramsey,Ali Gaye,2120,10
Kamari Ramsey,Dominique Robinson,2120,10
Kamari Ramsey,Kyonte Hamilton,2120,10
Kamari Ramsey,Dominic Bailey,2120,9
Kamari Ramsey,Marte Mapu,2120,9
Kamari Ramsey,Tremon Smith,2120,9
Kamari Ramsey,Alijah Huzzie,2120,8
Kamari Ramsey,Collin Wright,2120,8
Kamari Ramsey,Jamal Hill,2120,8
Kamari Ramsey,Ja'Marcus Ingram,2120,7
Kamari Ramsey,Aiden Fisher,2120,6
Kamari Ramsey,Stephen Hall,2120,4
Karl Brooks,Barryn Sorrell,1800,2
Karl Brooks,Brandon Cisse,1800,2
Karl Brooks,Edgerrin Cooper,1800,2
Karl Brooks,Evan Williams,1800,2
Karl Brooks,Keisean Nixon,1800,2
Karl Brooks,Lukas Van Ness,1800,2
Karl Brooks,Xavier McKinney,1800,2
Karl Brooks,Zaire Franklin,1800,2
Karl Brooks,Collin Oliver,1800,1
Karl Brooks,Jonathan Ford,1800,1
Karl Brooks,Kitan Oladapo,1800,1
Karl Brooks,Warren Brinson,1800,1
Karon Prunty,Channing Canada,3200,29
Karon Prunty,Chad Muma,3200,27
Karon Prunty,Dell Pettus,3200,27
Karon Prunty,Quintayvious Hutchins,3200,27
Karon Prunty,Gabe Jacas,3200,25
Karon Prunty,John Saunders Jr.,3200,24
Karon Prunty,Khalil Jacobs,3200,24
Karon Prunty,Joshua Farmer,3200,23
Karon Prunty,Eric Gregory,3200,22
Karon Prunty,Mike Brown,3200,19
Karon Prunty,Marcellas Dial Jr.,3200,18
Karon Prunty,Bradyn Swinson,3200,14
Karon Prunty,Jeremiah Pharms Jr.,3200,14
Karon Prunty,K.J. Britt,3200,14
Karon Prunty,Isaiah Iton,3200,12
Karon Prunty,Peter Manuma,3200,12
Karon Prunty,Namdi Obiazor,3200,11
Karon Prunty,Leonard Taylor III,3200,10
Karon Prunty,Brandon Crossley,3200,9
Karon Prunty,Jesse Luketa,3200,8
Karon Prunty,Kindle Vildor,3200,8
Karon Prunty,Casey Rogers,3200,6
Karon Prunty,Amari Gainer,3200,4
Karon Prunty,Kobee Minor,3200,3
Karson Sharar,Isaiah Oliver,3800,52
Karson Sharar,Wydett Williams Jr.,3800,52
Karson Sharar,Elijah Jones,3800,50
Karson Sharar,Elijah Culp,3800,40
Karson Sharar,Jonah Williams,3800,36
Karson Sharar,Austin Keys,3800,31
Karson Sharar,Damonic Williams,3800,31
Karson Sharar,Cam Robertson,3800,30
Karson Sharar,Elliott Brown,3800,29
Karson Sharar,Cam Horsley,3800,28
Karson Sharar,Quinton Newsome,3800,26
Karson Sharar,BJ Ojulari,3800,24
Karson Sharar,Eku Leota,3800,23
Karson Sharar,Brodric Martin,3800,22
Karson Sharar,Owen Pappoe,3800,22
Karson Sharar,Kalen King,3800,16
Karson Sharar,Starling Thomas V,3800,15
Karson Sharar,Dadrion Taylor-Demerson,3800,1
Karson Sharar,Kitan Crawford,3800,1
Karson Sharar,Max Melton,3800,1
Kayden McDonald,Dylan Horton,2120,20
Kayden McDonald,Solomon Byrd,2120,20
Kayden McDonald,Jaylen Reed,2120,14
Kayden McDonald,Jacob Hummel,2120,13
Kayden McDonald,Kaevon Merriweather,2120,13
Kayden McDonald,Naquan Jones,2120,13
Kayden McDonald,Kamari Ramsey,2120,12
Kayden McDonald,Jaylin Smith,2120,11
Kayden McDonald,Marte Mapu,2120,10
Kayden McDonald,Tremon Smith,2120,10
Kayden McDonald,Jamal Hill,2120,9
Kayden McDonald,Stephen Hall,2120,9
Kayden McDonald,Wade Woodaz,2120,9
Kayden McDonald,Alijah Huzzie,2120,8
Kayden McDonald,Ja'Marcus Ingram,2120,8
Kayden McDonald,Aiden Fisher,2120,7
Kayden McDonald,Collin Wright,2120,6
Kayden McDonald,Dominic Bailey,2120,6
Kayden McDonald,Kyonte Hamilton,2120,1
Kayode Awosika,Branson Taylor,4400,13
Kayode Awosika,Brenen Thompson,4400,13
Kayode Awosika,Jake Slaughter,4400,13
Kayode Awosika,KeAndre Lambert-Smith,4400,13
Kayode Awosika,Logan Taylor,4400,13
Kayode Awosika,Travis Burke,4400,13
Kayode Awosika,Trey Lance,4400,13
Kayode Awosika,Kimani Vidal,4400,12
Kayode Awosika,Oronde Gadsden II,4400,12
Kayode Awosika,Scott Matlock,4400,8
Kayode Awosika,Derius Davis,4400,5
Kayode Awosika,Evan Svoboda,4400,1
Kayode Awosika,Jaret Patterson,4400,1
Kayshon Boutte,Andrew Rupcich,3200,14
Kayshon Boutte,Caleb Lomu,3200,14
Kayshon Boutte,Eli Raridon,3200,14
Kayshon Boutte,James Hudson,3200,14
Kayshon Boutte,Marcus Bryant,3200,14
Kayshon Boutte,Tommy DeVito,3200,14
Kayshon Boutte,Ben Brown,3200,11
Kayshon Boutte,Efton Chism III,3200,11
Kayshon Boutte,Mack Hollins,3200,9
Kayshon Boutte,Lan Larison,3200,8
Kayshon Boutte,Jam Miller,3200,6
Kayshon Boutte,Kyle Williams,3200,5
Kayshon Boutte,Jacob Rizy,3200,3
Kayshon Boutte,Tanner Arkin,3200,3
Ke'Shawn Williams,Brian Parker II,0920,23
Ke'Shawn Williams,Jacob Bayer,0920,23
Ke'Shawn Williams,Andrew Coker,0920,18
Ke'Shawn Williams,Jalen Rivers,0920,18
Ke'Shawn Williams,Javon Foster,0920,18
Ke'Shawn Williams,Josh Johnson,0920,18
Ke'Shawn Williams,Dohnte Meyers,0920,17
Ke'Shawn Williams,Jack Endries,0920,17
Ke'Shawn Williams,Noah Thomas,0920,12
Ke'Shawn Williams,Gary Brightwell,0920,11
Ke'Shawn Williams,Jordan Moore,0920,10
Ke'Shawn Williams,Kendall Milton,0920,9
Ke'Shawn Williams,Xavier Johnson,0920,7
Ke'Shawn Williams,Christian Jones,0920,5
Ke'Shawn Williams,Corey Robinson II,0920,5
Ke'Shawn Williams,Liam Brown,0920,5
Ke'Shawn Williams,Sean Clifford,0920,5
Ke'Shawn Williams,Tanner Hudson,0920,4
Ke'Shawn Williams,Cam Grandy,0920,2
Ke'Shawn Williams,Kentrel Bullock,0920,2
Ke'Shawn Williams,Jamal Haynes,0920,1
KeAndre Lambert-Smith,Jake Slaughter,4400,28
KeAndre Lambert-Smith,Trey Lance,4400,28
KeAndre Lambert-Smith,Branson Taylor,4400,25
KeAndre Lambert-Smith,Brenen Thompson,4400,25
KeAndre Lambert-Smith,Logan Taylor,4400,22
KeAndre Lambert-Smith,Travis Burke,4400,22
KeAndre Lambert-Smith,Scott Matlock,4400,18
KeAndre Lambert-Smith,Oronde Gadsden II,4400,16
KeAndre Lambert-Smith,Jacob Spomer,4400,15
KeAndre Lambert-Smith,Trevor Penning,4400,15
KeAndre Lambert-Smith,Derius Davis,4400,14
KeAndre Lambert-Smith,Jaret Patterson,4400,14
KeAndre Lambert-Smith,Kayode Awosika,4400,13
KeAndre Lambert-Smith,Kimani Vidal,4400,12
KeAndre Lambert-Smith,Evan Svoboda,4400,7
KeAndre Lambert-Smith,JaQuae Jackson,4400,3
KeAndre Lambert-Smith,Amar Johnson,4400,2
KeAndre Lambert-Smith,Johnny Pascuzzi,4400,1
Kedon Slovis,Ka'ena Decambra,3800,51
Kedon Slovis,Reggie Virgil,3800,51
Kedon Slovis,Valentin Senn,3800,51
Kedon Slovis,Bryson Green,3800,44
Kedon Slovis,Demontrey Jacobs,3800,41
Kedon Slovis,Olisaemeka Udoh,3800,39
Kedon Slovis,Christian Jones,3800,37
Kedon Slovis,Corey Kiner,3800,36
Kedon Slovis,Harrison Wallace III,3800,36
Kedon Slovis,Matt Pryor,3800,36
Kedon Slovis,Rivaldo Fairweather,3800,26
Kedon Slovis,Jameson Geers,3800,24
Kedon Slovis,Evan Hull,3800,15
Kedon Slovis,Xavier Weaver,3800,14
Kedon Slovis,Shawn Bowman,3800,9
Keeanu Benton,Asante Samuel Jr.,3900,9
Keeanu Benton,Derrick Harmon,3900,9
Keeanu Benton,Jamel Dean,3900,9
Keeanu Benton,Nick Herbig,3900,9
Keeanu Benton,Patrick Queen,3900,9
Keeanu Benton,Payton Wilson,3900,9
Keeanu Benton,Rayshawn Jenkins,3900,9
Keeanu Benton,Robert Spears-Jennings,3900,9
Keeanu Benton,Alex Highsmith,3900,7
Keeanu Benton,Doneiko Slaughter,3900,7
Keeanu Benton,Jack Sawyer,3900,2
Keeanu Benton,Yahya Black,3900,2
Kei'Trel Clark,Owen Pappoe,3800,36
Kei'Trel Clark,Austin Keys,3800,34
Kei'Trel Clark,Isaiah Oliver,3800,29
Kei'Trel Clark,Wydett Williams Jr.,3800,29
Kei'Trel Clark,Kalen King,3800,28
Kei'Trel Clark,Jonah Williams,3800,26
Kei'Trel Clark,Elijah Culp,3800,20
Kei'Trel Clark,Cam Robertson,3800,19
Kei'Trel Clark,Elliott Brown,3800,19
Kei'Trel Clark,BJ Ojulari,3800,17
Kei'Trel Clark,Eku Leota,3800,17
Kei'Trel Clark,Damonic Williams,3800,16
Kei'Trel Clark,Elijah Jones,3800,16
Kei'Trel Clark,Brodric Martin,3800,14
Kei'Trel Clark,Cam Horsley,3800,13
Kei'Trel Clark,Andrew Billings,3800,10
Kei'Trel Clark,Dadrion Taylor-Demerson,3800,7
Kei'Trel Clark,Kitan Crawford,3800,7
Kei'Trel Clark,Zachary Carter,3800,3
Keisean Nixon,Brandon Cisse,1800,17
Keisean Nixon,Kitan Oladapo,1800,16
Keisean Nixon,Isaiah McDuffie,1800,15
Keisean Nixon,Mark Perry,1800,15
Keisean Nixon,Ty'Ron Hopper,1800,13
Keisean Nixon,Murvin Kenion,1800,11
Keisean Nixon,Brenton Cox Jr.,1800,10
Keisean Nixon,Collin Oliver,1800,10
Keisean Nixon,Warren Brinson,1800,10
Keisean Nixon,Chris McClellan,1800,9
Keisean Nixon,Nazir Stackhouse,1800,8
Keisean Nixon,Nyjalik Kelly,1800,8
Keisean Nixon,Anthony Campbell,1800,5
Keisean Nixon,Jonathan Ford,1800,5
Keisean Nixon,Arron Mosby,1800,3
Keisean Nixon,Barryn Sorrell,1800,2
Keisean Nixon,Edgerrin Cooper,1800,2
Keisean Nixon,Evan Williams,1800,2
Keisean Nixon,Karl Brooks,1800,2
Keisean Nixon,Lukas Van Ness,1800,2
Keisean Nixon,Xavier McKinney,1800,2
Keisean Nixon,Zaire Franklin,1800,2
Keisean Nixon,Jaden Crumedy,1800,1
Keith Abney II,Eric O'Neill,1540,35
Keith Abney II,Erick Hunter,1540,34
Keith Abney II,Skyler Gill-Howard,1540,33
Keith Abney II,Aamaris Brown,1540,32
Keith Abney II,Roger McCreary,1540,30
Keith Abney II,Myles Adams,1540,28
Keith Abney II,Anthony Lucas,1540,26
Keith Abney II,Dan Jackson,1540,23
Keith Abney II,Ryan Cooper Jr.,1540,23
Keith Abney II,Troy Reeder,1540,22
Keith Abney II,Ahmed Hassanein,1540,21
Keith Abney II,Joe Bachie,1540,16
Keith Abney II,Thomas Harper,1540,16
Keith Abney II,Khalil Dorsey,1540,12
Keith Abney II,Nick Whiteside,1540,12
Keith Abney II,Amen Ogbongbemiga,1540,11
Keith Abney II,Chris Smith,1540,10
Keith Abney II,Mekhi Wingo,1540,10
Keith Abney II,Ben Stille,1540,9
Keith Abney II,Christian Izien,1540,8
Keith Abney II,Loren Strickland,1540,7
Keith Abney II,Trevor Nowaske,1540,6
Keith Abney II,Devin White,1540,5
Keith Abney II,Ennis Rakestraw Jr.,1540,5
Keith Abney II,Tyre West,1540,4
Keith Abney II,Chuck Clark,1540,2
Keldric Faulk,James Williams,2100,17
Keldric Faulk,Alontae Taylor,2100,14
Keldric Faulk,Amani Hooker,2100,14
Keldric Faulk,Anthony Hill Jr.,2100,14
Keldric Faulk,Cedric Gray,2100,14
Keldric Faulk,Cody Barton,2100,14
Keldric Faulk,Cordale Flott,2100,14
Keldric Faulk,Kevin Winston Jr.,2100,14
Keldric Faulk,Micah Robinson,2100,14
Keldric Faulk,Nazeeh Johnson,2100,14
Keldric Faulk,Erick Hallett,2100,12
Keldric Faulk,Jermaine Johnson II,2100,11
Keldric Faulk,Marcus Harris,2100,11
Keldric Faulk,Solomon Thomas,2100,11
Keldric Faulk,Kendell Brooks,2100,10
Keldric Faulk,Tony Adams,2100,10
Keldric Faulk,Earnest Brown IV,2100,9
Keldric Faulk,Jalyn Holmes,2100,8
Keldric Faulk,Jaylen Harrell,2100,8
Keldric Faulk,Jerrick Reed II,2100,8
Keldric Faulk,Jordan Elliott,2100,7
Keldric Faulk,Khalen Saunders,2100,7
Keldric Faulk,Jeffery Simmons,2100,6
Keldric Faulk,Oluwafemi Oladejo,2100,6
Keldric Faulk,Timmy Horne,2100,5
Keldric Faulk,Malik Herring,2100,4
Keldric Faulk,Dorian Mausi,2100,2
Keldric Faulk,Truman Jones,2100,2
Kendall Milton,Brian Parker II,0920,20
Kendall Milton,Jacob Bayer,0920,20
Kendall Milton,Jalen Rivers,0920,16
Kendall Milton,Jack Endries,0920,14
Kendall Milton,Javon Foster,0920,14
Kendall Milton,Josh Johnson,0920,14
Kendall Milton,Andrew Coker,0920,13
Kendall Milton,Dohnte Meyers,0920,13
Kendall Milton,Jordan Moore,0920,11
Kendall Milton,Ke'Shawn Williams,0920,9
Kendall Milton,Noah Thomas,0920,8
Kendall Milton,Cam Grandy,0920,5
Kendall Milton,Cody Ford,0920,5
Kendall Milton,Charlie Jones,0920,4
Kendall Milton,Christian Jones,0920,4
Kendall Milton,Corey Robinson II,0920,4
Kendall Milton,Josh Kattus,0920,4
Kendall Milton,Liam Brown,0920,4
Kendall Milton,Sean Clifford,0920,4
Kendall Milton,Tanner Hudson,0920,3
Kendall Milton,Xavier Johnson,0920,3
Kendall Milton,Andrei Iosivas,0920,2
Kendall Milton,Joe Flacco,0920,2
Kendall Milton,Mitchell Tinsley,0920,2
Kendall Milton,Colbie Young,0920,1
Kendall Milton,Tahj Brooks,0920,1
Kendall Williamson,Marlowe Wax,4400,17
Kendall Williamson,Junior Colson,4400,16
Kendall Williamson,Garmon Randolph,4400,12
Kendall Williamson,Genesis Smith,4400,12
Kendall Williamson,Terry Webb,4400,12
Kendall Williamson,Jahmeer Carter,4400,11
Kendall Williamson,R.J. Mickens,4400,11
Kendall Williamson,Andre Carter II,4400,10
Kendall Williamson,Isas Waxter,4400,10
Kendall Williamson,Nadame Tucker,4400,9
Kendall Williamson,Nick Barrett,4400,9
Kendall Williamson,Avery Smith,4400,8
Kendall Williamson,Kyle Kennard,4400,8
Kendall Williamson,Nikko Reed,4400,8
Kendall Williamson,TeRah Edwards,4400,8
Kendall Williamson,Deane Leonard,4400,7
Kendall Williamson,Eric Rogers,4400,7
Kendall Williamson,Jacobian Guillory,4400,7
Kendall Williamson,Rodney Shelley,4400,7
Kendall Williamson,Del'Shawn Phillips,4400,3
Kendall Williamson,Devin Grant,4400,3
Kendall Williamson,Troy Dye,4400,3
Kendall Williamson,Akheem Mesidor,4400,1
Kendall Williamson,Emany Johnson,4400,1
Kendell Brooks,Anthony Hill Jr.,2100,18
Kendell Brooks,James Williams,2100,18
Kendell Brooks,Micah Robinson,2100,18
Kendell Brooks,Nazeeh Johnson,2100,18
Kendell Brooks,Erick Hallett,2100,16
Kendell Brooks,Malik Herring,2100,14
Kendell Brooks,Earnest Brown IV,2100,13
Kendell Brooks,Jerrick Reed II,2100,13
Kendell Brooks,Khalen Saunders,2100,11
Kendell Brooks,Keldric Faulk,2100,10
Kendell Brooks,Truman Jones,2100,10
Kendell Brooks,Oluwafemi Oladejo,2100,9
Kendell Brooks,Tony Adams,2100,9
Kendell Brooks,Timmy Horne,2100,8
Kendell Brooks,Jaylen Harrell,2100,7
Kendell Brooks,Dorian Mausi,2100,6
Kendell Brooks,Jalyn Holmes,2100,6
Kendell Brooks,Keydrain Calligan,2100,4
Kendell Brooks,Mani Powell,2100,4
Kendell Brooks,Mario Goodrich,2100,4
Kendell Brooks,Dominique Hampton,2100,2
Kendell Brooks,Derrick Canteen,2100,1
Kendell Brooks,Jalen McMurray,2100,1
Kendrick Bourne,Elijah Wilkinson,3800,7
Kendrick Bourne,Hjalte Froholdt,3800,7
Kendrick Bourne,Isaac Seumalo,3800,7
Kendrick Bourne,Isaiah Adams,3800,7
Kendrick Bourne,Jacoby Brissett,3800,7
Kendrick Bourne,Marvin Harrison Jr.,3800,7
Kendrick Bourne,Paris Johnson Jr.,3800,7
Kendrick Bourne,Jeremiyah Love,3800,5
Kendrick Bourne,Michael Wilson,3800,4
Kendrick Bourne,Teagan Quitoriano,3800,4
Kendrick Bourne,Jalen Brooks,3800,3
Kendrick Bourne,Rivaldo Fairweather,3800,2
Kendrick Bourne,Tyler Allgeier,3800,2
Kendrick Bourne,Trey McBride,3800,1
Kenneth Harris,Brandon Crossley,3200,21
Kenneth Harris,Eric Butler,3200,21
Kenneth Harris,Khalil Jacobs,3200,21
Kenneth Harris,Kobee Minor,3200,21
Kenneth Harris,Bradyn Swinson,3200,20
Kenneth Harris,Peter Manuma,3200,17
Kenneth Harris,Amari Gainer,3200,15
Kenneth Harris,Namdi Obiazor,3200,12
Kenneth Harris,Isaiah Iton,3200,11
Kenneth Harris,Leonard Taylor III,3200,10
Kenneth Harris,Casey Rogers,3200,8
Kenneth Harris,Jeremiah Pharms Jr.,3200,8
Kenneth Harris,Riley Wilson,3200,8
Kenneth Harris,Eric Gregory,3200,5
Kenneth Harris,Jesse Luketa,3200,5
Kenneth Harris,Mike Brown,3200,5
Kenneth Harris,Quintayvious Hutchins,3200,2
Kenny Pickett,Albert Reese,0750,17
Kenny Pickett,Brady Christensen,0750,17
Kenny Pickett,Brycen Tremayne,0750,17
Kenny Pickett,Chandler Zavala,0750,17
Kenny Pickett,Sam Hecht,0750,17
Kenny Pickett,Stone Forsythe,0750,17
Kenny Pickett,David Moore,0750,15
Kenny Pickett,John Metchie III,0750,13
Kenny Pickett,Trevor Etienne,0750,13
Kenny Pickett,Feleipe Franks,0750,10
Kenny Pickett,James Mitchell,0750,8
Kenny Pickett,AJ Dillon,0750,4
Kenny Pickett,Ja'Tavion Sanders,0750,3
Kenny Pickett,Ja'Seem Reed,0750,2
Kenny Yeboah,Carson Beck,3800,19
Kenny Yeboah,Chase Bisontis,3800,19
Kenny Yeboah,Hayden Conner,3800,19
Kenny Yeboah,Jayden Williams,3800,19
Kenny Yeboah,Jon Gaines II,3800,19
Kenny Yeboah,Josh Fryar,3800,19
Kenny Yeboah,Bam Knight,3800,10
Kenny Yeboah,Reggie Virgil,3800,10
Kenny Yeboah,Xavier Weaver,3800,10
Kenny Yeboah,Corey Kiner,3800,9
Kenny Yeboah,Jalen Brooks,3800,9
Kenny Yeboah,Simi Fehoko,3800,9
Kenny Yeboah,Bryson Green,3800,7
Kenny Yeboah,Jameson Geers,3800,5
Kenny Yeboah,Rivaldo Fairweather,3800,4
Kenny Yeboah,Harrison Wallace III,3800,3
Kentrel Bullock,Brian Parker II,0920,2
Kentrel Bullock,Christian Jones,0920,2
Kentrel Bullock,Corey Robinson II,0920,2
Kentrel Bullock,Jack Endries,0920,2
Kentrel Bullock,Jacob Bayer,0920,2
Kentrel Bullock,Ke'Shawn Williams,0920,2
Kentrel Bullock,Liam Brown,0920,2
Kentrel Bullock,Noah Thomas,0920,2
Kentrel Bullock,Sean Clifford,0920,2
Kentrel Bullock,Xavier Johnson,0920,2
Kevin Jobity Jr.,Jamin Davis,3900,11
Kevin Jobity Jr.,Devan Boykin,3900,10
Kevin Jobity Jr.,Carson Bruener,3900,9
Kevin Jobity Jr.,Cole Holcomb,3900,8
Kevin Jobity Jr.,D'Shawn Jamison,3900,8
Kevin Jobity Jr.,Daylen Everette,3900,8
Kevin Jobity Jr.,Robert Spears-Jennings,3900,8
Kevin Jobity Jr.,Sebastian Castro,3900,8
Kevin Jobity Jr.,Esezi Otomewo,3900,7
Kevin Jobity Jr.,Julius Welschof,3900,7
Kevin Jobity Jr.,Jack Sawyer,3900,6
Kevin Jobity Jr.,Daryl Porter,3900,4
Kevin Jobity Jr.,Israel Mukuamu,3900,4
Kevin Jobity Jr.,Jack Henderson,3900,4
Kevin Jobity Jr.,Malik Harrison,3900,4
Kevin Jobity Jr.,Tamon Lynum,3900,4
Kevin Jobity Jr.,Gabe Rubio,3900,3
Kevin Jobity Jr.,Jacoby Windmon,3900,3
Kevin Jobity Jr.,Anthony Goodlow,3900,1
Kevin Jobity Jr.,Dean Lowry,3900,1
Kevin Jobity Jr.,Kyler Baugh,3900,1
Kevin Jobity Jr.,Yahya Black,3900,1
Kevin Winston Jr.,Alontae Taylor,2100,24
Kevin Winston Jr.,Amani Hooker,2100,24
Kevin Winston Jr.,Cedric Gray,2100,24
Kevin Winston Jr.,Cody Barton,2100,24
Kevin Winston Jr.,Cordale Flott,2100,24
Kevin Winston Jr.,Marcus Harris,2100,20
Kevin Winston Jr.,Jermaine Johnson II,2100,16
Kevin Winston Jr.,Keldric Faulk,2100,14
Kevin Winston Jr.,Solomon Thomas,2100,13
Kevin Winston Jr.,Jordan Elliott,2100,12
Kevin Winston Jr.,Jeffery Simmons,2100,11
Kevin Winston Jr.,Jalyn Holmes,2100,8
Kevin Winston Jr.,Malik Herring,2100,8
Kevin Winston Jr.,Oluwafemi Oladejo,2100,6
Kevin Winston Jr.,Earnest Brown IV,2100,4
Kevin Winston Jr.,James Williams,2100,4
Kevin Winston Jr.,Truman Jones,2100,3
Kevin Winston Jr.,Timmy Horne,2100,1
Keydrain Calligan,Mani Powell,2100,13
Keydrain Calligan,Mario Goodrich,2100,13
Keydrain Calligan,Truman Jones,2100,13
Keydrain Calligan,Malik Herring,2100,11
Keydrain Calligan,Derrick Canteen,2100,10
Keydrain Calligan,Jalen McMurray,2100,10
Keydrain Calligan,Timmy Horne,2100,10
Keydrain Calligan,Bishop Fitzgerald,2100,9
Keydrain Calligan,Jalyn Holmes,2100,9
Keydrain Calligan,Sean Brown,2100,9
Keydrain Calligan,Dorian Mausi,2100,4
Keydrain Calligan,Jerrick Reed II,2100,4
Keydrain Calligan,Kendell Brooks,2100,4
Keydrain Calligan,Khalen Saunders,2100,4
Keydrain Calligan,Earnest Brown IV,2100,3
Keydrain Calligan,Dominique Hampton,2100,2
Keydrain Calligan,Laki Tasi,2100,2
Keylan Rutledge,Aireontae Ersery,2120,10
Keylan Rutledge,Braden Smith,2120,10
Keylan Rutledge,Davis Mills,2120,10
Keylan Rutledge,Ed Ingram,2120,10
Keylan Rutledge,Justin Watson,2120,10
Keylan Rutledge,Wyatt Teller,2120,10
Keylan Rutledge,Xavier Hutchinson,2120,10
Keylan Rutledge,Jared Wayne,2120,7
Keylan Rutledge,Marlin Klein,2120,7
Keylan Rutledge,Noah Whittington,2120,7
Keylan Rutledge,Foster Moreau,2120,6
Keylan Rutledge,Joshua Pitsenberger,2120,3
Keyron Crawford,Greedy Vance,2520,31
Keyron Crawford,Tristin McCollum,2520,27
Keyron Crawford,Hezekiah Masses,2520,20
Keyron Crawford,Jermod McCoy,2520,20
Keyron Crawford,Treydan Stukes,2520,20
Keyron Crawford,JJ Pegues,2520,17
Keyron Crawford,Patrick Johnson,2520,16
Keyron Crawford,Cody Lindenberg,2520,14
Keyron Crawford,Tommy Eichenberg,2520,14
Keyron Crawford,Caleb Offord,2520,13
Keyron Crawford,Cameron McGrone,2520,13
Keyron Crawford,Dalton Johnson,2520,13
Keyron Crawford,Segun Olubi,2520,13
Keyron Crawford,Treven Ma'ae,2520,13
Keyron Crawford,Brennan Jackson,2520,11
Keyron Crawford,Benito Jones,2520,10
Keyron Crawford,Brandon Cleveland,2520,8
Keyron Crawford,Jonah Laulu,2520,8
Keyron Crawford,Chigozie Anusiem,2520,7
Keyron Crawford,Buddy Johnson,2520,6
Keyron Crawford,Cian Slone,2520,6
Keyron Crawford,Devin Lafayette,2520,6
Keyron Crawford,Devyn Perkins,2520,6
Keyron Crawford,Gary Smith III,2520,6
Keyron Crawford,Thomas Booker,2520,6
Keyron Crawford,Xavian Sorey Jr.,2520,6
KhaDarel Hodge,Jordan Watkins,4500,26
KhaDarel Hodge,Adrian Martinez,4500,22
KhaDarel Hodge,Hayden Rucci,4500,19
KhaDarel Hodge,Austen Pleasants,4500,15
KhaDarel Hodge,Brandon Parker,4500,15
KhaDarel Hodge,Connor Colby,4500,15
KhaDarel Hodge,Drake Nugent,4500,15
KhaDarel Hodge,Josiah Deguara,4500,15
KhaDarel Hodge,Robert Jones,4500,15
KhaDarel Hodge,Sincere McCormick,4500,13
KhaDarel Hodge,Trenton Irwin,4500,13
KhaDarel Hodge,Carver Willis,4500,12
KhaDarel Hodge,Doug Kramer,4500,12
KhaDarel Hodge,Enrique Cruz,4500,12
KhaDarel Hodge,Isaac Alarcon,4500,12
KhaDarel Hodge,Kion Smith,4500,12
KhaDarel Hodge,Khalil Herbert,4500,9
KhaDarel Hodge,Brayden Willis,4500,6
KhaDarel Hodge,Kurtis Rourke,4500,5
KhaDarel Hodge,Zamir White,4500,3
KhaDarel Hodge,De'Zhaun Stribling,4500,2
KhaDarel Hodge,Patrick Taylor,4500,2
Khalen Saunders,Anthony Hill Jr.,2100,16
Khalen Saunders,Micah Robinson,2100,16
Khalen Saunders,Nazeeh Johnson,2100,16
Khalen Saunders,Dorian Mausi,2100,14
Khalen Saunders,Timmy Horne,2100,12
Khalen Saunders,Erick Hallett,2100,11
Khalen Saunders,Kendell Brooks,2100,11
Khalen Saunders,Malik Herring,2100,11
Khalen Saunders,Jaylen Harrell,2100,10
Khalen Saunders,Jerrick Reed II,2100,10
Khalen Saunders,Truman Jones,2100,10
Khalen Saunders,James Williams,2100,9
Khalen Saunders,Derrick Canteen,2100,8
Khalen Saunders,Bishop Fitzgerald,2100,7
Khalen Saunders,Keldric Faulk,2100,7
Khalen Saunders,Mani Powell,2100,6
Khalen Saunders,Oluwafemi Oladejo,2100,5
Khalen Saunders,Tony Adams,2100,5
Khalen Saunders,Keydrain Calligan,2100,4
Khalen Saunders,Mario Goodrich,2100,4
Khalen Saunders,Jalyn Holmes,2100,3
Khalen Saunders,Dominique Hampton,2100,2
Khalen Saunders,Earnest Brown IV,2100,2
Khalen Saunders,Jalen McMurray,2100,1
Khalil Dorsey,Erick Hunter,1540,15
Khalil Dorsey,Joe Bachie,1540,15
Khalil Dorsey,Skyler Gill-Howard,1540,15
Khalil Dorsey,Anthony Lucas,1540,12
Khalil Dorsey,Keith Abney II,1540,12
Khalil Dorsey,Eric O'Neill,1540,11
Khalil Dorsey,Christian Izien,1540,10
Khalil Dorsey,Myles Adams,1540,10
Khalil Dorsey,Thomas Harper,1540,10
Khalil Dorsey,Roger McCreary,1540,9
Khalil Dorsey,Nick Whiteside,1540,6
Khalil Dorsey,Aamaris Brown,1540,5
Khalil Dorsey,Loren Strickland,1540,5
Khalil Dorsey,Ahmed Hassanein,1540,4
Khalil Dorsey,Mekhi Wingo,1540,4
Khalil Dorsey,Ben Stille,1540,3
Khalil Dorsey,Amen Ogbongbemiga,1540,2
Khalil Dorsey,Chris Smith,1540,1
Khalil Dorsey,Trevor Nowaske,1540,1
Khalil Herbert,Adrian Martinez,4500,22
Khalil Herbert,Carver Willis,4500,18
Khalil Herbert,Doug Kramer,4500,18
Khalil Herbert,Enrique Cruz,4500,18
Khalil Herbert,Isaac Alarcon,4500,18
Khalil Herbert,Josiah Deguara,4500,18
Khalil Herbert,Kion Smith,4500,18
Khalil Herbert,Trenton Irwin,4500,16
Khalil Herbert,Jordan Watkins,4500,12
Khalil Herbert,Hayden Rucci,4500,10
Khalil Herbert,Wesley Grimes,4500,10
Khalil Herbert,Will Pauling,4500,10
Khalil Herbert,KhaDarel Hodge,4500,9
Khalil Herbert,Austen Pleasants,4500,4
Khalil Herbert,Brandon Parker,4500,4
Khalil Herbert,Connor Colby,4500,4
Khalil Herbert,Drake Nugent,4500,4
Khalil Herbert,Robert Jones,4500,4
Khalil Herbert,Malik Turner,4500,3
Khalil Jacobs,Bradyn Swinson,3200,34
Khalil Jacobs,Brandon Crossley,3200,30
Khalil Jacobs,Peter Manuma,3200,29
Khalil Jacobs,Kobee Minor,3200,26
Khalil Jacobs,Namdi Obiazor,3200,25
Khalil Jacobs,Karon Prunty,3200,24
Khalil Jacobs,Mike Brown,3200,23
Khalil Jacobs,Eric Butler,3200,21
Khalil Jacobs,Kenneth Harris,3200,21
Khalil Jacobs,Amari Gainer,3200,19
Khalil Jacobs,Eric Gregory,3200,19
Khalil Jacobs,Jeremiah Pharms Jr.,3200,19
Khalil Jacobs,Channing Canada,3200,18
Khalil Jacobs,Leonard Taylor III,3200,18
Khalil Jacobs,Isaiah Iton,3200,17
Khalil Jacobs,Jesse Luketa,3200,15
Khalil Jacobs,Marcellas Dial Jr.,3200,15
Khalil Jacobs,Casey Rogers,3200,14
Khalil Jacobs,Joshua Farmer,3200,14
Khalil Jacobs,Quintayvious Hutchins,3200,14
Khalil Jacobs,Chad Muma,3200,12
Khalil Jacobs,Dell Pettus,3200,12
Khalil Jacobs,Gabe Jacas,3200,12
Khalil Jacobs,John Saunders Jr.,3200,11
Khalil Jacobs,Riley Wilson,3200,8
Kimani Vidal,Branson Taylor,4400,12
Kimani Vidal,Brenen Thompson,4400,12
Kimani Vidal,Jake Slaughter,4400,12
Kimani Vidal,Kayode Awosika,4400,12
Kimani Vidal,KeAndre Lambert-Smith,4400,12
Kimani Vidal,Logan Taylor,4400,12
Kimani Vidal,Travis Burke,4400,12
Kimani Vidal,Trey Lance,4400,12
Kimani Vidal,Oronde Gadsden II,4400,11
Kimani Vidal,Scott Matlock,4400,8
Kimani Vidal,Derius Davis,4400,4
Kimani Vidal,Evan Svoboda,4400,1
Kindle Vildor,Chad Muma,3200,8
Kindle Vildor,Dell Pettus,3200,8
Kindle Vildor,Gabe Jacas,3200,8
Kindle Vildor,John Saunders Jr.,3200,8
Kindle Vildor,Joshua Farmer,3200,8
Kindle Vildor,Karon Prunty,3200,8
Kindle Vildor,Quintayvious Hutchins,3200,8
Kindle Vildor,K.J. Britt,3200,7
Kindle Vildor,Channing Canada,3200,6
Kindle Vildor,Eric Gregory,3200,5
Kindle Vildor,Isaiah Iton,3200,2
Kindle Vildor,Mike Brown,3200,2
Kindle Vildor,Jeremiah Pharms Jr.,3200,1
Kindle Vildor,Leonard Taylor III,3200,1
Kion Smith,Adrian Martinez,4500,31
Kion Smith,Carver Willis,4500,31
Kion Smith,Doug Kramer,4500,31
Kion Smith,Enrique Cruz,4500,31
Kion Smith,Isaac Alarcon,4500,31
Kion Smith,Josiah Deguara,4500,23
Kion Smith,Trenton Irwin,4500,20
Kion Smith,Hayden Rucci,4500,19
Kion Smith,Jordan Watkins,4500,18
Kion Smith,Khalil Herbert,4500,18
Kion Smith,Wesley Grimes,4500,13
Kion Smith,Will Pauling,4500,13
Kion Smith,KhaDarel Hodge,4500,12
Kion Smith,Sincere McCormick,4500,7
Kion Smith,Malik Turner,4500,6
Kion Smith,Zamir White,4500,6
Kirk Cousins,DJ Glaze,2520,10
Kirk Cousins,Jackson Powers-Johnson,2520,10
Kirk Cousins,Kolton Miller,2520,10
Kirk Cousins,Michael Mayer,2520,10
Kirk Cousins,Spencer Burford,2520,10
Kirk Cousins,Tyler Linderbaum,2520,10
Kirk Cousins,Tre Tucker,2520,9
Kirk Cousins,Jalen Nailor,2520,8
Kirk Cousins,Ashton Jeanty,2520,7
Kirk Cousins,Jack Bech,2520,5
Kirk Cousins,Connor Heyward,2520,4
Kirk Cousins,Mike Washington Jr.,2520,3
Kirk Cousins,Ian Thomas,2520,2
Kirk Cousins,Albert Okwuegbunam,2520,1
Kirk Cousins,Brock Bowers,2520,1
Kisean Johnson,Dillon Wade,1800,5
Kisean Johnson,Josh Gesky,1800,4
Kisean Johnson,Will Sheppard,1800,4
Kisean Johnson,Donovan Jennings,1800,3
Kisean Johnson,Jaden Nixon,1800,3
Kisean Johnson,John Williams,1800,3
Kisean Johnson,Kyle McCord,1800,3
Kisean Johnson,Travis Glover,1800,3
Kisean Johnson,Brant Banks,1800,2
Kisean Johnson,Dalton Cooper,1800,2
Kisean Johnson,Damien Martinez,1800,2
Kisean Johnson,Drake Dabney,1800,2
Kisean Johnson,Dylan Barrett,1800,2
Kisean Johnson,Isaiah Neyor,1800,2
Kisean Johnson,Kyron Drones,1800,2
Kisean Johnson,Thomas Yassmin,1800,2
Kisean Johnson,Chris Hilton Jr.,1800,1
Kisean Johnson,Darian Kinnard,1800,1
Kisean Johnson,J. Michael Sturdivant,1800,1
Kisean Johnson,Kaden Prather,1800,1
Kisean Johnson,McCallan Castles,1800,1
Kisean Johnson,Messiah Swinson,1800,1
Kitan Crawford,Dadrion Taylor-Demerson,3800,23
Kitan Crawford,Cody Simon,3800,15
Kitan Crawford,Denzel Burke,3800,15
Kitan Crawford,Jack Gibbens,3800,15
Kitan Crawford,Andrew Billings,3800,12
Kitan Crawford,Sean Murphy-Bunting,3800,11
Kitan Crawford,Darius Robinson,3800,10
Kitan Crawford,Eku Leota,3800,10
Kitan Crawford,Jordan Burch,3800,10
Kitan Crawford,L.J. Collier,3800,10
Kitan Crawford,Max Melton,3800,10
Kitan Crawford,Walter Nolen,3800,10
Kitan Crawford,Elliott Brown,3800,8
Kitan Crawford,Jonah Williams,3800,8
Kitan Crawford,Owen Pappoe,3800,8
Kitan Crawford,BJ Ojulari,3800,7
Kitan Crawford,Cam Robertson,3800,7
Kitan Crawford,Elijah Jones,3800,7
Kitan Crawford,Kei'Trel Clark,3800,7
Kitan Crawford,Will Johnson,3800,6
Kitan Crawford,Austin Keys,3800,5
Kitan Crawford,Kalen King,3800,5
Kitan Crawford,Zachary Carter,3800,3
Kitan Crawford,Brodric Martin,3800,2
Kitan Crawford,Damonic Williams,3800,2
Kitan Crawford,Cam Horsley,3800,1
Kitan Crawford,Karson Sharar,3800,1
Kitan Crawford,Roy Lopez,3800,1
Kitan Crawford,Starling Thomas V,3800,1
Kitan Oladapo,Mark Perry,1800,29
Kitan Oladapo,Ty'Ron Hopper,1800,27
Kitan Oladapo,Murvin Kenion,1800,22
Kitan Oladapo,Brenton Cox Jr.,1800,21
Kitan Oladapo,Collin Oliver,1800,21
Kitan Oladapo,Chris McClellan,1800,19
Kitan Oladapo,Isaiah McDuffie,1800,19
Kitan Oladapo,Benjamin St-Juste,1800,17
Kitan Oladapo,Jaylin Simpson,1800,17
Kitan Oladapo,Brandon Cisse,1800,16
Kitan Oladapo,Keisean Nixon,1800,16
Kitan Oladapo,Warren Brinson,1800,16
Kitan Oladapo,Anthony Campbell,1800,14
Kitan Oladapo,Nazir Stackhouse,1800,14
Kitan Oladapo,Nick Niemann,1800,13
Kitan Oladapo,Nyjalik Kelly,1800,13
Kitan Oladapo,Arron Mosby,1800,10
Kitan Oladapo,Jonathan Ford,1800,10
Kitan Oladapo,Shemar Bartholomew,1800,6
Kitan Oladapo,Jaden Crumedy,1800,3
Kitan Oladapo,Barryn Sorrell,1800,1
Kitan Oladapo,Edgerrin Cooper,1800,1
Kitan Oladapo,Evan Williams,1800,1
Kitan Oladapo,Karl Brooks,1800,1
Kitan Oladapo,Lukas Van Ness,1800,1
Kitan Oladapo,Xavier McKinney,1800,1
Kitan Oladapo,Zaire Franklin,1800,1
Kobe Prentice,Jacob Rizy,3200,27
Kobe Prentice,Behren Morton,3200,23
Kobe Prentice,Dametrious Crownover,3200,23
Kobe Prentice,Mehki Butler,3200,23
Kobe Prentice,Nick DeGennaro,3200,23
Kobe Prentice,Lan Larison,3200,18
Kobe Prentice,Jack Westover,3200,16
Kobe Prentice,Andrew Rupcich,3200,15
Kobe Prentice,Cameron Dorner,3200,15
Kobe Prentice,James Hudson,3200,15
Kobe Prentice,Tejhaun Palmer,3200,14
Kobe Prentice,JonDarius Morgan,3200,12
Kobe Prentice,Lorenz Metz,3200,12
Kobe Prentice,CJ Dippre,3200,5
Kobe Prentice,Hassan Haskins,3200,5
Kobe Prentice,Caleb Lomu,3200,4
Kobe Prentice,Jamycal Hasty,3200,4
Kobe Prentice,Marcus Bryant,3200,4
Kobe Prentice,Tommy DeVito,3200,4
Kobe Prentice,Mitch Van Vooren,3200,3
Kobe Prentice,Tanner Arkin,3200,3
Kobe Prentice,Kyle Williams,3200,2
Kobee Minor,Khalil Jacobs,3200,26
Kobee Minor,Bradyn Swinson,3200,25
Kobee Minor,Brandon Crossley,3200,21
Kobee Minor,Eric Butler,3200,21
Kobee Minor,Kenneth Harris,3200,21
Kobee Minor,Peter Manuma,3200,20
Kobee Minor,Namdi Obiazor,3200,17
Kobee Minor,Amari Gainer,3200,15
Kobee Minor,Leonard Taylor III,3200,12
Kobee Minor,Isaiah Iton,3200,11
Kobee Minor,Eric Gregory,3200,10
Kobee Minor,Jesse Luketa,3200,10
Kobee Minor,Casey Rogers,3200,8
Kobee Minor,Jeremiah Pharms Jr.,3200,8
Kobee Minor,Riley Wilson,3200,8
Kobee Minor,Mike Brown,3200,7
Kobee Minor,John Saunders Jr.,3200,5
Kobee Minor,Joshua Farmer,3200,4
Kobee Minor,Marcellas Dial Jr.,3200,4
Kobee Minor,Karon Prunty,3200,3
Kobee Minor,Channing Canada,3200,2
Kobee Minor,Quintayvious Hutchins,3200,2
Kolton Miller,DJ Glaze,2520,10
Kolton Miller,Jackson Powers-Johnson,2520,10
Kolton Miller,Kirk Cousins,2520,10
Kolton Miller,Michael Mayer,2520,10
Kolton Miller,Spencer Burford,2520,10
Kolton Miller,Tyler Linderbaum,2520,10
Kolton Miller,Tre Tucker,2520,9
Kolton Miller,Jalen Nailor,2520,8
Kolton Miller,Ashton Jeanty,2520,7
Kolton Miller,Jack Bech,2520,5
Kolton Miller,Connor Heyward,2520,4
Kolton Miller,Mike Washington Jr.,2520,3
Kolton Miller,Ian Thomas,2520,2
Kolton Miller,Albert Okwuegbunam,2520,1
Kolton Miller,Brock Bowers,2520,1
Kris Jenkins,Cedric Johnson,0920,21
Kris Jenkins,Josh Newton,0920,21
Kris Jenkins,PJ Jules,0920,18
Kris Jenkins,D.J. Ivey,0920,17
Kris Jenkins,Landon Robinson,0920,17
Kris Jenkins,Swayze Bozeman,0920,15
Kris Jenkins,Isaiah Foskey,0920,12
Kris Jenkins,Daijahn Anthony,0920,11
Kris Jenkins,Kyle Dugger,0920,11
Kris Jenkins,McKinnley Jackson,0920,11
Kris Jenkins,Bralyn Lux,0920,10
Kris Jenkins,Cashius Howell,0920,10
Kris Jenkins,Ceyair Wright,0920,10
Kris Jenkins,Oren Burks,0920,10
Kris Jenkins,Shaka Heyward,0920,10
Kris Jenkins,Russ Yeast,0920,9
Kris Jenkins,Joe Giles-Harris,0920,7
Kris Jenkins,Howard Cross III,0920,6
Kris Jenkins,Ja'Sir Taylor,0920,6
Kris Jenkins,Barrett Carter,0920,5
Kris Jenkins,Boye Mafe,0920,5
Kris Jenkins,Demetrius Knight Jr.,0920,5
Kris Jenkins,Jordan Battle,0920,5
Kris Jenkins,Myles Murphy,0920,5
Kris Jenkins,Jalen Kimber,0920,4
Kris Jenkins,Tedarrell Slaton,0920,4
Kris Jenkins,DJ Turner II,0920,2
Kris Jenkins,Jordan Jefferson,0920,2
Kris Jenkins,Antwaun Powell-Ryland,0920,1
Kristian Welch,Jaylin Simpson,1800,26
Kristian Welch,TJ Quinn,1800,26
Kristian Welch,Trey Dean III,1800,26
Kristian Welch,Jaden Crumedy,1800,23
Kristian Welch,Nyjalik Kelly,1800,23
Kristian Welch,MJ Devonshire,1800,21
Kristian Welch,Shemar Bartholomew,1800,20
Kristian Welch,Nazir Stackhouse,1800,18
Kristian Welch,Arron Mosby,1800,17
Kristian Welch,Jonathan Ford,1800,15
Kristian Welch,Mark Perry,1800,15
Kristian Welch,Collin Oliver,1800,12
Kristian Welch,Tra Fluellen,1800,11
Kristian Welch,Benjamin St-Juste,1800,5
Kristian Welch,Anthony Campbell,1800,2
Kurtis Rourke,Austen Pleasants,4500,24
Kurtis Rourke,Brandon Parker,4500,24
Kurtis Rourke,Brayden Willis,4500,24
Kurtis Rourke,Connor Colby,4500,24
Kurtis Rourke,Drake Nugent,4500,24
Kurtis Rourke,Robert Jones,4500,24
Kurtis Rourke,De'Zhaun Stribling,4500,20
Kurtis Rourke,Patrick Taylor,4500,20
Kurtis Rourke,Malik Turner,4500,19
Kurtis Rourke,Jordan Watkins,4500,18
Kurtis Rourke,Hayden Rucci,4500,9
Kurtis Rourke,KhaDarel Hodge,4500,5
Kurtis Rourke,Sincere McCormick,4500,4
Kurtis Rourke,Trenton Irwin,4500,1
Kwity Paye,Darien Porter,2520,10
Kwity Paye,Eric Stokes,2520,10
Kwity Paye,Isaiah Pola-Mao,2520,10
Kwity Paye,Jeremy Chinn,2520,10
Kwity Paye,Malcolm Koonce,2520,10
Kwity Paye,Nakobe Dean,2520,10
Kwity Paye,Quay Walker,2520,10
Kwity Paye,Taron Johnson,2520,8
Kwity Paye,Adam Butler,2520,7
Kwity Paye,Tonka Hemingway,2520,6
Kwity Paye,Jonah Laulu,2520,5
Kwity Paye,Thomas Booker,2520,4
Kye Robichaux,Miles Frazier,1540,18
Kye Robichaux,Luke Altmyer,1540,13
Kye Robichaux,Dominic Lovett,1540,12
Kye Robichaux,Colby Sorsdal,1540,10
Kye Robichaux,Mason Miller,1540,10
Kye Robichaux,Melvin Priestly,1540,10
Kye Robichaux,Michael Niese,1540,10
Kye Robichaux,Tay Martin,1540,10
Kye Robichaux,Blake Miller,1540,8
Kye Robichaux,Christian Mahogany,1540,8
Kye Robichaux,Larry Borom,1540,8
Kye Robichaux,Seth McLaughlin,1540,8
Kye Robichaux,Zach Horton,1540,8
Kye Robichaux,Tarik Black,1540,7
Kye Robichaux,Tom Kennedy,1540,7
Kye Robichaux,Jackson Meeks,1540,6
Kye Robichaux,Joshua Dobbs,1540,5
Kye Robichaux,Lucky Jackson,1540,4
Kye Robichaux,Thomas Gordon,1540,4
Kye Robichaux,Cedrick Wilson Jr.,1540,3
Kye Robichaux,Greg Dortch,1540,3
Kye Robichaux,Isaac TeSlaa,1540,3
Kye Robichaux,Tyler Conklin,1540,3
Kye Robichaux,Malik Cunningham,1540,2
Kyle Dugger,D.J. Ivey,0920,14
Kyle Dugger,Kris Jenkins,0920,11
Kyle Dugger,Josh Newton,0920,9
Kyle Dugger,Barrett Carter,0920,8
Kyle Dugger,Boye Mafe,0920,8
Kyle Dugger,Demetrius Knight Jr.,0920,8
Kyle Dugger,Ja'Sir Taylor,0920,8
Kyle Dugger,Jordan Battle,0920,8
Kyle Dugger,Myles Murphy,0920,8
Kyle Dugger,Landon Robinson,0920,7
Kyle Dugger,Cashius Howell,0920,6
Kyle Dugger,Cedric Johnson,0920,6
Kyle Dugger,Oren Burks,0920,6
Kyle Dugger,PJ Jules,0920,6
Kyle Dugger,Swayze Bozeman,0920,6
Kyle Dugger,DJ Turner II,0920,5
Kyle Dugger,Tedarrell Slaton,0920,5
Kyle Dugger,McKinnley Jackson,0920,4
Kyle Dugger,Dexter Lawrence,0920,3
Kyle Dugger,Jonathan Allen,0920,3
Kyle Dugger,Howard Cross III,0920,1
Kyle Kennard,Nadame Tucker,4400,21
Kyle Kennard,Avery Smith,4400,16
Kyle Kennard,Genesis Smith,4400,14
Kyle Kennard,Terry Webb,4400,13
Kyle Kennard,Isas Waxter,4400,12
Kyle Kennard,Jahmeer Carter,4400,12
Kyle Kennard,R.J. Mickens,4400,12
Kyle Kennard,Marlowe Wax,4400,11
Kyle Kennard,Nikko Reed,4400,11
Kyle Kennard,Deane Leonard,4400,10
Kyle Kennard,Emany Johnson,4400,10
Kyle Kennard,Nick Barrett,4400,10
Kyle Kennard,Junior Colson,4400,9
Kyle Kennard,Kendall Williamson,4400,8
Kyle Kennard,Lander Barton,4400,8
Kyle Kennard,Myles Purchase,4400,8
Kyle Kennard,TeRah Edwards,4400,8
Kyle Kennard,Eric Rogers,4400,7
Kyle Kennard,Jacobian Guillory,4400,7
Kyle Kennard,Devin Grant,4400,5
Kyle Kennard,Rodney Shelley,4400,5
Kyle Kennard,Del'Shawn Phillips,4400,4
Kyle Kennard,Troy Dye,4400,4
Kyle Kennard,Noah Avinger,4400,3
Kyle Kennard,Akheem Mesidor,4400,2
Kyle McCord,Donovan Jennings,1800,30
Kyle McCord,John Williams,1800,30
Kyle McCord,Isaiah Neyor,1800,29
Kyle McCord,J. Michael Sturdivant,1800,22
Kyle McCord,Drake Dabney,1800,21
Kyle McCord,Dillon Wade,1800,17
Kyle McCord,Messiah Swinson,1800,17
Kyle McCord,Travis Glover,1800,17
Kyle McCord,Anthony Belton,1800,13
Kyle McCord,Jacob Monk,1800,13
Kyle McCord,Jager Burton,1800,13
Kyle McCord,Will Sheppard,1800,12
Kyle McCord,Damien Martinez,1800,11
Kyle McCord,Pierre Strong,1800,10
Kyle McCord,Savion Williams,1800,10
Kyle McCord,Jaden Nixon,1800,9
Kyle McCord,Josh Gesky,1800,9
Kyle McCord,Darian Kinnard,1800,8
Kyle McCord,Kisean Johnson,1800,3
Kyle McCord,McCallan Castles,1800,3
Kyle McCord,Skyy Moore,1800,3
Kyle Williams,Andrew Rupcich,3200,24
Kyle Williams,Caleb Lomu,3200,24
Kyle Williams,James Hudson,3200,24
Kyle Williams,Marcus Bryant,3200,24
Kyle Williams,Tommy DeVito,3200,24
Kyle Williams,Eli Raridon,3200,22
Kyle Williams,Efton Chism III,3200,20
Kyle Williams,Jacob Rizy,3200,19
Kyle Williams,Nick DeGennaro,3200,14
Kyle Williams,Lan Larison,3200,13
Kyle Williams,Jam Miller,3200,11
Kyle Williams,Tanner Arkin,3200,6
Kyle Williams,Ben Brown,3200,5
Kyle Williams,Kayshon Boutte,3200,5
Kyle Williams,Jack Westover,3200,2
Kyle Williams,Kobe Prentice,3200,2
Kyle Williams,Mack Hollins,3200,1
Kylen Granson,Austin Deculus,2100,16
Kylen Granson,Brandon Crenshaw-Dickson,2100,16
Kylen Granson,Jackson Slater,2100,16
Kylen Granson,Pat Coogan,2100,16
Kylen Granson,Cordell Volson,2100,13
Kylen Granson,Nicholas Singleton,2100,11
Kylen Granson,Will Levis,2100,11
Kylen Granson,Xavier Restrepo,2100,10
Kylen Granson,Chimere Dike,2100,9
Kylen Granson,David Martin-Robinson,2100,9
Kylen Granson,Elic Ayomanor,2100,9
Kylen Granson,Michael Carter,2100,7
Kylen Granson,Bryce Oliver,2100,5
Kylen Granson,K.J. Osborn,2100,5
Kylen Granson,Mitchell Trubisky,2100,5
Kylen Granson,Andre James,2100,3
Kylen Granson,Drew Moss,2100,3
Kylen Granson,Fernando Carmona,2100,3
Kylen Granson,Garrett Dellinger,2100,3
Kylen Granson,Hendon Hooker,2100,3
Kylen Granson,Mason Kinsey,2100,3
Kylen Granson,Rasheed Miller,2100,3
Kylen Granson,Aamil Wagner,2100,2
Kylen Granson,Joel Wilson,2100,2
Kylen Granson,Lance McCutcheon,2100,2
Kylen Granson,Tyren Montgomery,2100,2
Kylen Granson,Courtney Jackson,2100,1
Kylen Granson,Julius Chestnut,2100,1
Kylen Granson,Zach Thomas,2100,1
Kyler Baugh,Carson Bruener,3900,10
Kyler Baugh,Jamin Davis,3900,9
Kyler Baugh,Julius Welschof,3900,9
Kyler Baugh,Devan Boykin,3900,8
Kyler Baugh,Anthony Goodlow,3900,7
Kyler Baugh,Cole Holcomb,3900,7
Kyler Baugh,Doneiko Slaughter,3900,7
Kyler Baugh,Gabe Rubio,3900,7
Kyler Baugh,Sebastian Castro,3900,7
Kyler Baugh,Daylen Everette,3900,6
Kyler Baugh,D'Shawn Jamison,3900,5
Kyler Baugh,Daryl Porter,3900,4
Kyler Baugh,Israel Mukuamu,3900,4
Kyler Baugh,Jack Henderson,3900,4
Kyler Baugh,Jack Sawyer,3900,4
Kyler Baugh,Malik Harrison,3900,4
Kyler Baugh,Tamon Lynum,3900,4
Kyler Baugh,Dean Lowry,3900,2
Kyler Baugh,Jacoby Windmon,3900,1
Kyler Baugh,Kevin Jobity Jr.,3900,1
Kyon Barrs,Demani Richardson,0750,18
Kyon Barrs,Isaiah Simmons,0750,18
Kyon Barrs,Devonta Smith,0750,15
Kyon Barrs,Cam Gill,0750,11
Kyon Barrs,Isaiah Smith,0750,11
Kyon Barrs,Maema Njongmeta,0750,11
Kyon Barrs,Tyrek Funderburk,0750,11
Kyon Barrs,Jackson Kuwatch,0750,10
Kyon Barrs,DeCarlos Nicholson,0750,8
Kyon Barrs,Mapalo Mwansa,0750,8
Kyon Barrs,Parker Petersen,0750,8
Kyon Barrs,Bam Martin-Scott,0750,7
Kyon Barrs,Elijah Garcia,0750,7
Kyon Barrs,Nick Hampton,0750,7
Kyon Barrs,Robert Rochell,0750,7
Kyon Barrs,Thomas Incoom,0750,7
Kyon Barrs,Cam Miller,0750,6
Kyon Barrs,Tywone Malone,0750,6
Kyon Barrs,Corey Thornton,0750,4
Kyonte Hamilton,Kaevon Merriweather,2120,25
Kyonte Hamilton,Stephen Hall,2120,25
Kyonte Hamilton,Dominique Robinson,2120,23
Kyonte Hamilton,Ali Gaye,2120,20
Kyonte Hamilton,Tremon Smith,2120,20
Kyonte Hamilton,Alijah Huzzie,2120,19
Kyonte Hamilton,Dominic Bailey,2120,19
Kyonte Hamilton,Jaylen Reed,2120,18
Kyonte Hamilton,Jamal Hill,2120,16
Kyonte Hamilton,Aiden Fisher,2120,15
Kyonte Hamilton,Brandon Codrington,2120,15
Kyonte Hamilton,K.C. Ossai,2120,14
Kyonte Hamilton,Marte Mapu,2120,14
Kyonte Hamilton,Naquan Jones,2120,13
Kyonte Hamilton,Solomon Byrd,2120,13
Kyonte Hamilton,Dylan Horton,2120,10
Kyonte Hamilton,Jacob Hummel,2120,10
Kyonte Hamilton,Kamari Ramsey,2120,10
Kyonte Hamilton,Wade Woodaz,2120,10
Kyonte Hamilton,Jaylin Smith,2120,8
Kyonte Hamilton,Ja'Marcus Ingram,2120,7
Kyonte Hamilton,Collin Wright,2120,5
Kyonte Hamilton,Kayden McDonald,2120,1
Kyron Drones,Brant Banks,1800,3
Kyron Drones,Dalton Cooper,1800,3
Kyron Drones,Dillon Wade,1800,3
Kyron Drones,Dylan Barrett,1800,3
Kyron Drones,Josh Gesky,1800,3
Kyron Drones,Thomas Yassmin,1800,3
Kyron Drones,Damien Martinez,1800,2
Kyron Drones,Kisean Johnson,1800,2
Kyron Drones,Will Sheppard,1800,2
Kyron Drones,Chris Hilton Jr.,1800,1
Kyron Drones,Isaiah Neyor,1800,1
Kyron Drones,J. Michael Sturdivant,1800,1
Kyron Drones,Jaden Nixon,1800,1
Kyron Drones,Kaden Prather,1800,1
Kyron Drones,McCallan Castles,1800,1
L.J. Collier,Dadrion Taylor-Demerson,3800,17
L.J. Collier,Denzel Burke,3800,17
L.J. Collier,Jack Gibbens,3800,15
L.J. Collier,Sean Murphy-Bunting,3800,14
L.J. Collier,Jordan Burch,3800,13
L.J. Collier,Will Johnson,3800,12
L.J. Collier,Walter Nolen,3800,11
L.J. Collier,Cody Simon,3800,10
L.J. Collier,Kitan Crawford,3800,10
L.J. Collier,Andrew Wingard,3800,7
L.J. Collier,Mack Wilson,3800,7
L.J. Collier,Zaven Collins,3800,7
L.J. Collier,Darius Robinson,3800,6
L.J. Collier,Max Melton,3800,5
L.J. Collier,Roy Lopez,3800,5
L.J. Collier,BJ Ojulari,3800,4
L.J. Collier,Eku Leota,3800,4
L.J. Collier,Andrew Billings,3800,3
L.J. Collier,Cam Robertson,3800,2
L.J. Collier,Elliott Brown,3800,1
Lake McRee,Broderick Jones,3900,17
Lake McRee,Doug Nester,3900,17
Lake McRee,Drew Allar,3900,16
Lake McRee,Eli Heidenreich,3900,16
Lake McRee,Gennings Dunker,3900,16
Lake McRee,Greg Crippen,3900,16
Lake McRee,Jack Driscoll,3900,16
Lake McRee,Max Hurleman,3900,14
Lake McRee,Levi Wentz,3900,9
Lake McRee,Kaden Wetjen,3900,8
Lake McRee,Jakobie Keeney-James,3900,7
Lake McRee,Joaquin Davis,3900,7
Lake McRee,Riley Nowakowski,3900,3
Lake McRee,Brock Hoffman,3900,1
Lake McRee,Dylan Cook,3900,1
Lake McRee,Jaheim Bell,3900,1
Lake McRee,Lance Mason,3900,1
Lake McRee,Lew Nichols III,3900,1
Lake McRee,Robert Tonyan,3900,1
Lake McRee,Ryan McCollum,3900,1
Lake McRee,Will Howard,3900,1
Laki Tasi,Bishop Fitzgerald,2100,4
Laki Tasi,Derrick Canteen,2100,4
Laki Tasi,Truman Jones,2100,4
Laki Tasi,Anthony Hill Jr.,2100,2
Laki Tasi,Dorian Mausi,2100,2
Laki Tasi,Earnest Brown IV,2100,2
Laki Tasi,Erick Hallett,2100,2
Laki Tasi,Jalen McMurray,2100,2
Laki Tasi,Jalyn Holmes,2100,2
Laki Tasi,Keydrain Calligan,2100,2
Laki Tasi,Malik Herring,2100,2
Laki Tasi,Mani Powell,2100,2
Laki Tasi,Mario Goodrich,2100,2
Laki Tasi,Micah Robinson,2100,2
Laki Tasi,Nazeeh Johnson,2100,2
Laki Tasi,Sean Brown,2100,2
Laki Tasi,Timmy Horne,2100,2
Lan Larison,Jacob Rizy,3200,33
Lan Larison,James Hudson,3200,29
Lan Larison,Andrew Rupcich,3200,28
Lan Larison,Nick DeGennaro,3200,27
Lan Larison,Caleb Lomu,3200,22
Lan Larison,Marcus Bryant,3200,22
Lan Larison,Tommy DeVito,3200,22
Lan Larison,Efton Chism III,3200,18
Lan Larison,Eli Raridon,3200,18
Lan Larison,Jack Westover,3200,18
Lan Larison,Kobe Prentice,3200,18
Lan Larison,Behren Morton,3200,17
Lan Larison,Dametrious Crownover,3200,17
Lan Larison,Mehki Butler,3200,17
Lan Larison,Kyle Williams,3200,13
Lan Larison,Cameron Dorner,3200,12
Lan Larison,Tejhaun Palmer,3200,12
Lan Larison,JonDarius Morgan,3200,11
Lan Larison,Lorenz Metz,3200,10
Lan Larison,Kayshon Boutte,3200,8
Lan Larison,Ben Brown,3200,6
Lan Larison,Mack Hollins,3200,6
Lan Larison,CJ Dippre,3200,3
Lan Larison,Tanner Arkin,3200,2
Lan Larison,Mitch Van Vooren,3200,1
Lance Mason,Broderick Jones,3900,1
Lance Mason,Doug Nester,3900,1
Lance Mason,Drew Allar,3900,1
Lance Mason,Eli Heidenreich,3900,1
Lance Mason,Gennings Dunker,3900,1
Lance Mason,Greg Crippen,3900,1
Lance Mason,Jack Driscoll,3900,1
Lance Mason,Lake McRee,3900,1
Lance Mason,Levi Wentz,3900,1
Lance Mason,Riley Nowakowski,3900,1
Lance McCutcheon,Mason Kinsey,2100,6
Lance McCutcheon,Zach Thomas,2100,5
Lance McCutcheon,Andre James,2100,4
Lance McCutcheon,Drew Moss,2100,4
Lance McCutcheon,Garrett Dellinger,2100,4
Lance McCutcheon,Hendon Hooker,2100,4
Lance McCutcheon,Joel Wilson,2100,4
Lance McCutcheon,Rasheed Miller,2100,4
Lance McCutcheon,Brandon Crenshaw-Dickson,2100,3
Lance McCutcheon,Cordell Volson,2100,3
Lance McCutcheon,Hank Beatty,2100,3
Lance McCutcheon,Jackson Slater,2100,3
Lance McCutcheon,Julius Chestnut,2100,3
Lance McCutcheon,Michael Carter,2100,3
Lance McCutcheon,Pat Coogan,2100,3
Lance McCutcheon,Will Levis,2100,3
Lance McCutcheon,Xavier Restrepo,2100,3
Lance McCutcheon,Austin Deculus,2100,2
Lance McCutcheon,David Martin-Robinson,2100,2
Lance McCutcheon,Kylen Granson,2100,2
Lance McCutcheon,Nicholas Singleton,2100,1
Lance McCutcheon,Tyren Montgomery,2100,1
Lander Barton,Emany Johnson,4400,14
Lander Barton,Isas Waxter,4400,14
Lander Barton,Myles Purchase,4400,14
Lander Barton,Eric Rogers,4400,13
Lander Barton,Avery Smith,4400,10
Lander Barton,Terry Webb,4400,10
Lander Barton,Devin Grant,4400,8
Lander Barton,Jacobian Guillory,4400,8
Lander Barton,Kyle Kennard,4400,8
Lander Barton,Nadame Tucker,4400,8
Lander Barton,Jahmeer Carter,4400,7
Lander Barton,Andre Carter II,4400,6
Lander Barton,Garmon Randolph,4400,6
Lander Barton,Noah Avinger,4400,6
Lander Barton,Nick Barrett,4400,4
Lander Barton,TeRah Edwards,4400,3
Lander Barton,Rodney Shelley,4400,1
Landon Robinson,Daijahn Anthony,0920,29
Landon Robinson,Isaiah Foskey,0920,26
Landon Robinson,Ceyair Wright,0920,25
Landon Robinson,Russ Yeast,0920,25
Landon Robinson,Bralyn Lux,0920,24
Landon Robinson,Josh Newton,0920,23
Landon Robinson,Cedric Johnson,0920,21
Landon Robinson,Antwaun Powell-Ryland,0920,19
Landon Robinson,Joe Giles-Harris,0920,19
Landon Robinson,Swayze Bozeman,0920,19
Landon Robinson,PJ Jules,0920,18
Landon Robinson,Howard Cross III,0920,17
Landon Robinson,Jalen Kimber,0920,17
Landon Robinson,Kris Jenkins,0920,17
Landon Robinson,D.J. Ivey,0920,15
Landon Robinson,McKinnley Jackson,0920,15
Landon Robinson,Cashius Howell,0920,12
Landon Robinson,Oren Burks,0920,12
Landon Robinson,Shaka Heyward,0920,12
Landon Robinson,Liam Anderson,0920,10
Landon Robinson,Jordan Jefferson,0920,8
Landon Robinson,Kyle Dugger,0920,7
Landon Robinson,Ja'Sir Taylor,0920,3
Landon Robinson,Barrett Carter,0920,1
Landon Robinson,Boye Mafe,0920,1
Landon Robinson,Demetrius Knight Jr.,0920,1
Landon Robinson,Jack Dingle,0920,1
Landon Robinson,Jordan Battle,0920,1
Landon Robinson,Myles Murphy,0920,1
Landon Robinson,Tedarrell Slaton,0920,1
Laquon Treadwell,Andrew Ogletree,2200,5
Laquon Treadwell,Anthony Richardson,2200,5
Laquon Treadwell,Blake Freeland,2200,5
Laquon Treadwell,Dalton Tucker,2200,5
Laquon Treadwell,Jalen Farmer,2200,5
Laquon Treadwell,Jalen Travis,2200,5
Laquon Treadwell,Josh Sills,2200,5
Laquon Treadwell,Nick Westbrook-Ikhine,2200,5
Laquon Treadwell,Seth McGowan,2200,5
Laquon Treadwell,Coleman Owen,2200,4
Laquon Treadwell,Will Mallory,2200,1
Larry Borom,Blake Miller,1540,32
Larry Borom,Christian Mahogany,1540,32
Larry Borom,Miles Frazier,1540,32
Larry Borom,Seth McLaughlin,1540,32
Larry Borom,Jacob Saylors,1540,24
Larry Borom,Jackson Meeks,1540,17
Larry Borom,Joshua Dobbs,1540,17
Larry Borom,Isaac TeSlaa,1540,15
Larry Borom,Luke Altmyer,1540,15
Larry Borom,Tyler Conklin,1540,15
Larry Borom,Cedrick Wilson Jr.,1540,14
Larry Borom,Tom Kennedy,1540,14
Larry Borom,Dominic Lovett,1540,12
Larry Borom,Thomas Gordon,1540,11
Larry Borom,Lucky Jackson,1540,10
Larry Borom,Kye Robichaux,1540,8
Larry Borom,Tay Martin,1540,8
Larry Borom,Greg Dortch,1540,7
Larry Borom,Malik Cunningham,1540,5
Larry Worth,Eli Apple,4500,13
Larry Worth,Ephesians Prysock,4500,13
Larry Worth,Jakob Robinson,4500,13
Larry Worth,Jalen Graham,4500,13
Larry Worth,Jalen Stroman,4500,13
Larry Worth,Patrick McMorris,4500,13
Larry Worth,Xavier Thomas,4500,8
Larry Worth,Bryson Eason,4500,7
Larry Worth,James Thompson Jr.,4500,7
Larry Worth,Quinton Bell,4500,7
Larry Worth,Gracen Halton,4500,6
Larry Worth,Sebastian Valdez,4500,6
Larry Worth,Titus Leo,4500,6
Larry Worth,Ogbo Okoronkwo,4500,5
Lathan Ransom,Akayleb Evans,0750,22
Lathan Ransom,Zakee Wheatley,0750,22
Lathan Ransom,Claudin Cherelus,0750,19
Lathan Ransom,Trevin Wallace,0750,19
Lathan Ransom,Will Lee III,0750,19
Lathan Ransom,Chau Smith-Wade,0750,17
Lathan Ransom,Jared Harrison-Hunte,0750,15
Lathan Ransom,Lee Hunter,0750,14
Lathan Ransom,Princely Umanmielen,0750,14
Lathan Ransom,Trevis Gipson,0750,14
Lathan Ransom,Aaron Hall,0750,8
Lathan Ransom,Cam Jackson,0750,8
Lathan Ransom,Nick Hampton,0750,8
Lathan Ransom,Thomas Incoom,0750,8
Lathan Ransom,Elijah Garcia,0750,4
Lathan Ransom,Bam Martin-Scott,0750,3
Lathan Ransom,Corey Thornton,0750,3
Lathan Ransom,Jackson Kuwatch,0750,3
Layne Pryor,Davis Mills,2120,14
Layne Pryor,Sam Hagen,2120,14
Layne Pryor,Eli Cox,2120,10
Layne Pryor,James Neal III,2120,10
Layne Pryor,Jarrett Kingston,2120,10
Layne Pryor,Jarrett Patterson,2120,10
Layne Pryor,Treyvhon Saunders,2120,9
Layne Pryor,Cade Stover,2120,8
Layne Pryor,Jha'Quan Jackson,2120,6
Layne Pryor,Joshua Pitsenberger,2120,6
Layne Pryor,Daniel Sobkowicz,2120,5
Layne Pryor,Josh Kelly,2120,5
Layne Pryor,Lewis Bond,2120,5
Layne Pryor,Noah Whittington,2120,5
Layne Pryor,Blake Fisher,2120,4
Layne Pryor,Evan Brown,2120,4
Layne Pryor,Febechi Nwaiwu,2120,4
Layne Pryor,Jake Andrews,2120,4
Layne Pryor,Juwann Winfree,2120,4
Layne Pryor,Owen Wright,2120,3
Lee Hunter,Akayleb Evans,0750,19
Lee Hunter,Jared Harrison-Hunte,0750,19
Lee Hunter,Zakee Wheatley,0750,19
Lee Hunter,Chau Smith-Wade,0750,15
Lee Hunter,Lathan Ransom,0750,14
Lee Hunter,Claudin Cherelus,0750,11
Lee Hunter,Trevin Wallace,0750,11
Lee Hunter,Will Lee III,0750,11
Lee Hunter,Nick Hampton,0750,9
Lee Hunter,Thomas Incoom,0750,9
Lee Hunter,Bam Martin-Scott,0750,8
Lee Hunter,Corey Thornton,0750,8
Lee Hunter,Jackson Kuwatch,0750,8
Lee Hunter,Princely Umanmielen,0750,7
Lee Hunter,Trevis Gipson,0750,7
Lee Hunter,Demani Richardson,0750,5
Lee Hunter,Elijah Garcia,0750,4
Lee Hunter,Cam Gill,0750,3
Lee Hunter,Isaiah Smith,0750,3
Leonard Taylor III,Khalil Jacobs,3200,18
Leonard Taylor III,Bradyn Swinson,3200,17
Leonard Taylor III,Brandon Crossley,3200,15
Leonard Taylor III,Peter Manuma,3200,14
Leonard Taylor III,Jeremiah Pharms Jr.,3200,12
Leonard Taylor III,Kobee Minor,3200,12
Leonard Taylor III,Namdi Obiazor,3200,12
Leonard Taylor III,Eric Butler,3200,10
Leonard Taylor III,Eric Gregory,3200,10
Leonard Taylor III,Karon Prunty,3200,10
Leonard Taylor III,Kenneth Harris,3200,10
Leonard Taylor III,Mike Brown,3200,10
Leonard Taylor III,Amari Gainer,3200,8
Leonard Taylor III,Channing Canada,3200,8
Leonard Taylor III,Jesse Luketa,3200,7
Leonard Taylor III,John Saunders Jr.,3200,7
Leonard Taylor III,Quintayvious Hutchins,3200,7
Leonard Taylor III,Chad Muma,3200,5
Leonard Taylor III,Dell Pettus,3200,5
Leonard Taylor III,Gabe Jacas,3200,5
Leonard Taylor III,K.J. Britt,3200,4
Leonard Taylor III,Marcellas Dial Jr.,3200,4
Leonard Taylor III,Joshua Farmer,3200,3
Leonard Taylor III,Riley Wilson,3200,3
Leonard Taylor III,Casey Rogers,3200,2
Leonard Taylor III,Isaiah Iton,3200,1
Leonard Taylor III,Kindle Vildor,3200,1
Levi Onwuzurike,Anthony Lucas,1540,15
Levi Onwuzurike,Nick Whiteside,1540,15
Levi Onwuzurike,Thomas Harper,1540,15
Levi Onwuzurike,Trevor Nowaske,1540,15
Levi Onwuzurike,Chris Smith,1540,14
Levi Onwuzurike,Devin White,1540,13
Levi Onwuzurike,Ennis Rakestraw Jr.,1540,13
Levi Onwuzurike,Tyler Lacy,1540,13
Levi Onwuzurike,Christian Izien,1540,12
Levi Onwuzurike,Chuck Clark,1540,9
Levi Onwuzurike,Aamaris Brown,1540,6
Levi Onwuzurike,Joe Bachie,1540,3
Levi Onwuzurike,Ahmed Hassanein,1540,2
Levi Onwuzurike,Erick Hunter,1540,2
Levi Onwuzurike,Roger McCreary,1540,2
Levi Onwuzurike,Myles Adams,1540,1
Levi Wentz,Broderick Jones,3900,20
Levi Wentz,Doug Nester,3900,20
Levi Wentz,Jack Driscoll,3900,20
Levi Wentz,Max Hurleman,3900,19
Levi Wentz,Drew Allar,3900,14
Levi Wentz,Gennings Dunker,3900,14
Levi Wentz,Kaden Wetjen,3900,14
Levi Wentz,Eli Heidenreich,3900,11
Levi Wentz,Greg Crippen,3900,11
Levi Wentz,Lake McRee,3900,9
Levi Wentz,Ryan McCollum,3900,9
Levi Wentz,Jaheim Bell,3900,8
Levi Wentz,Brock Hoffman,3900,6
Levi Wentz,Lew Nichols III,3900,6
Levi Wentz,Will Howard,3900,6
Levi Wentz,Robert Tonyan,3900,5
Levi Wentz,Kaleb Johnson,3900,3
Levi Wentz,Riley Nowakowski,3900,3
Levi Wentz,Joaquin Davis,3900,1
Levi Wentz,Lance Mason,3900,1
Lew Nichols III,Dylan Cook,3900,16
Lew Nichols III,Germie Bernard,3900,15
Lew Nichols III,Roman Wilson,3900,15
Lew Nichols III,Brock Hoffman,3900,14
Lew Nichols III,Broderick Jones,3900,14
Lew Nichols III,Doug Nester,3900,14
Lew Nichols III,Ryan McCollum,3900,14
Lew Nichols III,Will Howard,3900,14
Lew Nichols III,Robert Tonyan,3900,13
Lew Nichols III,Mason McCormick,3900,8
Lew Nichols III,Mason Rudolph,3900,8
Lew Nichols III,Spencer Anderson,3900,8
Lew Nichols III,Troy Fautanu,3900,8
Lew Nichols III,Zach Frazier,3900,8
Lew Nichols III,Darnell Washington,3900,7
Lew Nichols III,Ben Skowronek,3900,6
Lew Nichols III,Jack Driscoll,3900,6
Lew Nichols III,Levi Wentz,3900,6
Lew Nichols III,Max Hurleman,3900,6
Lew Nichols III,Brandon Smith,3900,5
Lew Nichols III,Jaheim Bell,3900,5
Lew Nichols III,Kaden Wetjen,3900,4
Lew Nichols III,Riley Nowakowski,3900,3
Lew Nichols III,Pat Freiermuth,3900,2
Lew Nichols III,Lake McRee,3900,1
Lewis Bond,Sam Hagen,2120,19
Lewis Bond,Blake Fisher,2120,18
Lewis Bond,Evan Brown,2120,18
Lewis Bond,Febechi Nwaiwu,2120,18
Lewis Bond,Cade Stover,2120,10
Lewis Bond,Davis Mills,2120,10
Lewis Bond,Jarrett Patterson,2120,10
Lewis Bond,Josh Kelly,2120,10
Lewis Bond,Noah Whittington,2120,10
Lewis Bond,Graham Mertz,2120,9
Lewis Bond,Jake Andrews,2120,9
Lewis Bond,Jared Wayne,2120,9
Lewis Bond,Justin Watson,2120,9
Lewis Bond,Foster Moreau,2120,6
Lewis Bond,Layne Pryor,2120,5
Lewis Bond,Owen Wright,2120,5
Lewis Bond,Joshua Pitsenberger,2120,4
Lewis Bond,Treyvhon Saunders,2120,4
Lewis Bond,Marlin Klein,2120,3
Lewis Bond,Eli Cox,2120,1
Lewis Bond,James Neal III,2120,1
Lewis Bond,Jarrett Kingston,2120,1
Lewis Bond,Juwann Winfree,2120,1
Liam Anderson,Antwaun Powell-Ryland,0920,10
Liam Anderson,Bralyn Lux,0920,10
Liam Anderson,Ceyair Wright,0920,10
Liam Anderson,Daijahn Anthony,0920,10
Liam Anderson,Jalen Kimber,0920,10
Liam Anderson,Landon Robinson,0920,10
Liam Anderson,Russ Yeast,0920,10
Liam Anderson,Isaiah Foskey,0920,9
Liam Anderson,Joe Giles-Harris,0920,9
Liam Anderson,Howard Cross III,0920,8
Liam Anderson,Jordan Jefferson,0920,2
Liam Anderson,Cedric Johnson,0920,1
Liam Anderson,Jack Dingle,0920,1
Liam Brown,Brian Parker II,0920,9
Liam Brown,Christian Jones,0920,9
Liam Brown,Corey Robinson II,0920,9
Liam Brown,Jacob Bayer,0920,9
Liam Brown,Sean Clifford,0920,9
Liam Brown,Jack Endries,0920,8
Liam Brown,Xavier Johnson,0920,7
Liam Brown,Noah Thomas,0920,6
Liam Brown,Jordan Moore,0920,5
Liam Brown,Ke'Shawn Williams,0920,5
Liam Brown,Josh Kattus,0920,4
Liam Brown,Kendall Milton,0920,4
Liam Brown,Gary Brightwell,0920,2
Liam Brown,Kentrel Bullock,0920,2
Liam Brown,Jamal Haynes,0920,1
Liam Brown,Tahj Brooks,0920,1
Logan Taylor,Travis Burke,4400,44
Logan Taylor,Jacob Spomer,4400,37
Logan Taylor,Jake Slaughter,4400,35
Logan Taylor,Evan Svoboda,4400,31
Logan Taylor,Trey Lance,4400,29
Logan Taylor,Dalevon Campbell,4400,26
Logan Taylor,KeAndre Lambert-Smith,4400,22
Logan Taylor,Alex Harkey,4400,21
Logan Taylor,Brenen Thompson,4400,21
Logan Taylor,DJ Uiagalelei,4400,21
Logan Taylor,JaQuae Jackson,4400,20
Logan Taylor,Johnny Pascuzzi,4400,20
Logan Taylor,Branson Taylor,4400,19
Logan Taylor,Devonte Ross,4400,18
Logan Taylor,Trevor Penning,4400,16
Logan Taylor,Amar Johnson,4400,15
Logan Taylor,Josh Kaltenberger,4400,15
Logan Taylor,Gregory Desrosiers,4400,13
Logan Taylor,Kayode Awosika,4400,13
Logan Taylor,Derius Davis,4400,12
Logan Taylor,Kimani Vidal,4400,12
Logan Taylor,Oronde Gadsden II,4400,12
Logan Taylor,Scott Matlock,4400,12
Logan Taylor,Jaret Patterson,4400,10
Logan Taylor,Jerand Bradley,4400,3
Logan Taylor,Luke Grimm,4400,3
Loren Strickland,Aamaris Brown,1540,8
Loren Strickland,Anthony Lucas,1540,8
Loren Strickland,Erick Hunter,1540,8
Loren Strickland,Joe Bachie,1540,8
Loren Strickland,Roger McCreary,1540,8
Loren Strickland,Skyler Gill-Howard,1540,8
Loren Strickland,Eric O'Neill,1540,7
Loren Strickland,Keith Abney II,1540,7
Loren Strickland,Myles Adams,1540,7
Loren Strickland,Khalil Dorsey,1540,5
Loren Strickland,Ryan Cooper Jr.,1540,3
Loren Strickland,Amen Ogbongbemiga,1540,1
Loren Strickland,Ben Stille,1540,1
Loren Strickland,Chris Smith,1540,1
Lorenz Metz,Behren Morton,3200,13
Lorenz Metz,Dametrious Crownover,3200,13
Lorenz Metz,Jacob Rizy,3200,13
Lorenz Metz,JonDarius Morgan,3200,13
Lorenz Metz,Mehki Butler,3200,13
Lorenz Metz,Nick DeGennaro,3200,13
Lorenz Metz,Kobe Prentice,3200,12
Lorenz Metz,Jack Westover,3200,10
Lorenz Metz,Lan Larison,3200,10
Lorenz Metz,Cameron Dorner,3200,8
Lorenz Metz,Tejhaun Palmer,3200,6
Lorenz Metz,Mitch Van Vooren,3200,3
Lorenz Metz,Jamycal Hasty,3200,2
Lorenz Metz,Hassan Haskins,3200,1
Lucky Jackson,Miles Frazier,1540,18
Lucky Jackson,Thomas Gordon,1540,12
Lucky Jackson,Tom Kennedy,1540,12
Lucky Jackson,Malik Cunningham,1540,11
Lucky Jackson,Blake Miller,1540,10
Lucky Jackson,Christian Mahogany,1540,10
Lucky Jackson,Joshua Dobbs,1540,10
Lucky Jackson,Larry Borom,1540,10
Lucky Jackson,Seth McLaughlin,1540,10
Lucky Jackson,Jackson Meeks,1540,9
Lucky Jackson,Colby Sorsdal,1540,8
Lucky Jackson,Jacob Saylors,1540,8
Lucky Jackson,Luke Altmyer,1540,8
Lucky Jackson,Mason Miller,1540,8
Lucky Jackson,Melvin Priestly,1540,8
Lucky Jackson,Michael Niese,1540,8
Lucky Jackson,Dominic Lovett,1540,7
Lucky Jackson,Raheem Blackshear,1540,6
Lucky Jackson,Kye Robichaux,1540,4
Lucky Jackson,Zach Horton,1540,3
Lukas Van Ness,Barryn Sorrell,1800,2
Lukas Van Ness,Brandon Cisse,1800,2
Lukas Van Ness,Edgerrin Cooper,1800,2
Lukas Van Ness,Evan Williams,1800,2
Lukas Van Ness,Karl Brooks,1800,2
Lukas Van Ness,Keisean Nixon,1800,2
Lukas Van Ness,Xavier McKinney,1800,2
Lukas Van Ness,Zaire Franklin,1800,2
Lukas Van Ness,Collin Oliver,1800,1
Lukas Van Ness,Jonathan Ford,1800,1
Lukas Van Ness,Kitan Oladapo,1800,1
Lukas Van Ness,Warren Brinson,1800,1
Luke Altmyer,Miles Frazier,1540,39
Luke Altmyer,Colby Sorsdal,1540,24
Luke Altmyer,Mason Miller,1540,24
Luke Altmyer,Melvin Priestly,1540,24
Luke Altmyer,Michael Niese,1540,24
Luke Altmyer,Zach Horton,1540,19
Luke Altmyer,Tay Martin,1540,16
Luke Altmyer,Blake Miller,1540,15
Luke Altmyer,Christian Mahogany,1540,15
Luke Altmyer,Dominic Lovett,1540,15
Luke Altmyer,Isaac TeSlaa,1540,15
Luke Altmyer,Larry Borom,1540,15
Luke Altmyer,Seth McLaughlin,1540,15
Luke Altmyer,Tyler Conklin,1540,15
Luke Altmyer,Cedrick Wilson Jr.,1540,14
Luke Altmyer,Raheem Blackshear,1540,14
Luke Altmyer,Kye Robichaux,1540,13
Luke Altmyer,Tarik Black,1540,13
Luke Altmyer,Jacob Saylors,1540,12
Luke Altmyer,Thomas Gordon,1540,11
Luke Altmyer,Jackson Meeks,1540,10
Luke Altmyer,Lucky Jackson,1540,8
Luke Altmyer,Malik Cunningham,1540,8
Luke Altmyer,Greg Dortch,1540,7
Luke Altmyer,Tom Kennedy,1540,5
Luke Grimm,Amar Johnson,4400,3
Luke Grimm,Dalevon Campbell,4400,3
Luke Grimm,Evan Svoboda,4400,3
Luke Grimm,JaQuae Jackson,4400,3
Luke Grimm,Jacob Spomer,4400,3
Luke Grimm,Jake Slaughter,4400,3
Luke Grimm,Logan Taylor,4400,3
Luke Grimm,Travis Burke,4400,3
Luke Grimm,Trevor Penning,4400,3
Luke Grimm,Trey Lance,4400,3
Luke Tenuta,Blake Freeland,2200,51
Luke Tenuta,Jalen Farmer,2200,36
Luke Tenuta,Will Mallory,2200,33
Luke Tenuta,Jimmy Morrissey,2200,29
Luke Tenuta,Riley Leonard,2200,29
Luke Tenuta,Eli Pancol,2200,28
Luke Tenuta,Josh Sills,2200,27
Luke Tenuta,Pharaoh Brown,2200,27
Luke Tenuta,Anderson Castle,2200,25
Luke Tenuta,Geno VanDeMark,2200,24
Luke Tenuta,Anthony Richardson,2200,22
Luke Tenuta,Dalton Tucker,2200,22
Luke Tenuta,Raylen Sharpe,2200,22
Luke Tenuta,Deion Burks,2200,20
Luke Tenuta,Coleman Owen,2200,18
Luke Tenuta,D.J. Montgomery,2200,17
Luke Tenuta,Josh Kreutz,2200,15
Luke Tenuta,Sahmir Hagans,2200,15
Luke Tenuta,Ulysses Bentley IV,2200,14
Luke Tenuta,E.J. Horton,2200,9
Luke Tenuta,Nick Westbrook-Ikhine,2200,8
Luke Tenuta,Seth McGowan,2200,8
Luke Tenuta,Ben Nikkel,2200,5
Luke Tenuta,Roydell Williams,2200,4
Luke Tenuta,Carson Towt,2200,2
MJ Devonshire,Jaylin Simpson,1800,21
MJ Devonshire,Kristian Welch,1800,21
MJ Devonshire,TJ Quinn,1800,21
MJ Devonshire,Trey Dean III,1800,21
MJ Devonshire,Jaden Crumedy,1800,19
MJ Devonshire,Nyjalik Kelly,1800,19
MJ Devonshire,Shemar Bartholomew,1800,17
MJ Devonshire,Nazir Stackhouse,1800,15
MJ Devonshire,Arron Mosby,1800,14
MJ Devonshire,Jonathan Ford,1800,12
MJ Devonshire,Tra Fluellen,1800,11
MJ Devonshire,Mark Perry,1800,10
MJ Devonshire,Collin Oliver,1800,9
Mack Hollins,Andrew Rupcich,3200,10
Mack Hollins,Ben Brown,3200,10
Mack Hollins,Caleb Lomu,3200,10
Mack Hollins,Eli Raridon,3200,10
Mack Hollins,James Hudson,3200,10
Mack Hollins,Marcus Bryant,3200,10
Mack Hollins,Tommy DeVito,3200,10
Mack Hollins,Kayshon Boutte,3200,9
Mack Hollins,Efton Chism III,3200,7
Mack Hollins,Lan Larison,3200,6
Mack Hollins,Jam Miller,3200,4
Mack Hollins,Tanner Arkin,3200,3
Mack Hollins,Kyle Williams,3200,1
Mack Wilson,Andrew Wingard,3800,10
Mack Wilson,Dadrion Taylor-Demerson,3800,10
Mack Wilson,Denzel Burke,3800,10
Mack Wilson,Will Johnson,3800,10
Mack Wilson,Walter Nolen,3800,9
Mack Wilson,Jack Gibbens,3800,7
Mack Wilson,L.J. Collier,3800,7
Mack Wilson,Zaven Collins,3800,7
Mack Wilson,Jordan Burch,3800,6
Mack Wilson,Roy Lopez,3800,5
Mack Wilson,Sean Murphy-Bunting,3800,5
Mack Wilson,BJ Ojulari,3800,4
Mack Wilson,Darius Robinson,3800,4
Mack Wilson,Andrew Billings,3800,3
Mack Wilson,Eku Leota,3800,3
Maema Njongmeta,Demani Richardson,0750,17
Maema Njongmeta,Isaiah Simmons,0750,17
Maema Njongmeta,Tyrek Funderburk,0750,17
Maema Njongmeta,Devonta Smith,0750,16
Maema Njongmeta,Kyon Barrs,0750,11
Maema Njongmeta,Cam Gill,0750,10
Maema Njongmeta,DeCarlos Nicholson,0750,10
Maema Njongmeta,Isaiah Smith,0750,10
Maema Njongmeta,Mapalo Mwansa,0750,10
Maema Njongmeta,Parker Petersen,0750,8
Maema Njongmeta,Tywone Malone,0750,8
Maema Njongmeta,Cam Miller,0750,7
Maema Njongmeta,Jackson Kuwatch,0750,7
Maema Njongmeta,Nick Hampton,0750,7
Maema Njongmeta,Thomas Incoom,0750,7
Maema Njongmeta,Aaron Hall,0750,4
Maema Njongmeta,Elijah Garcia,0750,4
Malcolm Koonce,Darien Porter,2520,10
Malcolm Koonce,Eric Stokes,2520,10
Malcolm Koonce,Isaiah Pola-Mao,2520,10
Malcolm Koonce,Jeremy Chinn,2520,10
Malcolm Koonce,Kwity Paye,2520,10
Malcolm Koonce,Nakobe Dean,2520,10
Malcolm Koonce,Quay Walker,2520,10
Malcolm Koonce,Taron Johnson,2520,8
Malcolm Koonce,Adam Butler,2520,7
Malcolm Koonce,Tonka Hemingway,2520,6
Malcolm Koonce,Jonah Laulu,2520,5
Malcolm Koonce,Thomas Booker,2520,4
Malick Meiga,Albert Reese,0750,9
Malick Meiga,Haynes King,0750,9
Malick Meiga,Isaia Glass,0750,9
Malick Meiga,Ja'Tyre Carter,0750,9
Malick Meiga,AJ Dillon,0750,8
Malick Meiga,Feleipe Franks,0750,8
Malick Meiga,Ja'Seem Reed,0750,8
Malick Meiga,Sam Hecht,0750,8
Malick Meiga,Stone Forsythe,0750,8
Malick Meiga,James Mitchell,0750,4
Malick Meiga,Jimmy Horn Jr.,0750,3
Malick Meiga,John Metchie III,0750,2
Malick Meiga,Casey Washington,0750,1
Malick Meiga,Chamon Metayer,0750,1
Malick Meiga,Miles Davis,0750,1
Malick Meiga,Nick Samac,0750,1
Malick Meiga,Ryan Hayes,0750,1
Malik Benson,Atonio Mafi,2520,17
Malik Benson,Charles Grant,2520,17
Malik Benson,Fernando Mendoza,2520,17
Malik Benson,Ian Thomas,2520,17
Malik Benson,Jordan Meredith,2520,17
Malik Benson,Trey Zuhn III,2520,17
Malik Benson,Jack Bech,2520,14
Malik Benson,Mike Washington Jr.,2520,14
Malik Benson,Deven Thompkins,2520,10
Malik Benson,Caleb Rogers,2520,9
Malik Benson,Jackson Powers-Johnson,2520,8
Malik Benson,Albert Okwuegbunam,2520,4
Malik Benson,Brandon Johnson,2520,3
Malik Benson,Connor Heyward,2520,3
Malik Benson,Dylan Laube,2520,3
Malik Cunningham,Miles Frazier,1540,13
Malik Cunningham,Lucky Jackson,1540,11
Malik Cunningham,Colby Sorsdal,1540,8
Malik Cunningham,Luke Altmyer,1540,8
Malik Cunningham,Mason Miller,1540,8
Malik Cunningham,Melvin Priestly,1540,8
Malik Cunningham,Michael Niese,1540,8
Malik Cunningham,Raheem Blackshear,1540,8
Malik Cunningham,Thomas Gordon,1540,8
Malik Cunningham,Tom Kennedy,1540,8
Malik Cunningham,Blake Miller,1540,5
Malik Cunningham,Christian Mahogany,1540,5
Malik Cunningham,Joshua Dobbs,1540,5
Malik Cunningham,Larry Borom,1540,5
Malik Cunningham,Seth McLaughlin,1540,5
Malik Cunningham,Zach Horton,1540,5
Malik Cunningham,Jackson Meeks,1540,3
Malik Cunningham,Jacob Saylors,1540,3
Malik Cunningham,Dominic Lovett,1540,2
Malik Cunningham,Kye Robichaux,1540,2
Malik Cunningham,Tay Martin,1540,2
Malik Harrison,Daryl Porter,3900,7
Malik Harrison,Israel Mukuamu,3900,7
Malik Harrison,Jack Henderson,3900,7
Malik Harrison,Jamin Davis,3900,7
Malik Harrison,Julius Welschof,3900,7
Malik Harrison,Tamon Lynum,3900,7
Malik Harrison,Anthony Goodlow,3900,4
Malik Harrison,Carson Bruener,3900,4
Malik Harrison,Gabe Rubio,3900,4
Malik Harrison,Kevin Jobity Jr.,3900,4
Malik Harrison,Kyler Baugh,3900,4
Malik Harrison,Devan Boykin,3900,3
Malik Harrison,Jacoby Windmon,3900,3
Malik Harrison,Esezi Otomewo,3900,2
Malik Herring,Jalyn Holmes,2100,22
Malik Herring,Anthony Hill Jr.,2100,20
Malik Herring,Earnest Brown IV,2100,20
Malik Herring,Micah Robinson,2100,20
Malik Herring,Nazeeh Johnson,2100,20
Malik Herring,Truman Jones,2100,19
Malik Herring,Erick Hallett,2100,18
Malik Herring,Oluwafemi Oladejo,2100,17
Malik Herring,James Williams,2100,16
Malik Herring,Derrick Canteen,2100,14
Malik Herring,Kendell Brooks,2100,14
Malik Herring,Bishop Fitzgerald,2100,13
Malik Herring,Jerrick Reed II,2100,13
Malik Herring,Dorian Mausi,2100,12
Malik Herring,Keydrain Calligan,2100,11
Malik Herring,Khalen Saunders,2100,11
Malik Herring,Mani Powell,2100,11
Malik Herring,Mario Goodrich,2100,11
Malik Herring,Timmy Horne,2100,11
Malik Herring,Tony Adams,2100,9
Malik Herring,Alontae Taylor,2100,8
Malik Herring,Amani Hooker,2100,8
Malik Herring,Cedric Gray,2100,8
Malik Herring,Cody Barton,2100,8
Malik Herring,Cordale Flott,2100,8
Malik Herring,Jalen McMurray,2100,8
Malik Herring,Kevin Winston Jr.,2100,8
Malik Herring,Sean Brown,2100,7
Malik Herring,Marcus Harris,2100,6
Malik Herring,Jordan Elliott,2100,4
Malik Herring,Keldric Faulk,2100,4
Malik Herring,Jaylen Harrell,2100,3
Malik Herring,Dominique Hampton,2100,2
Malik Herring,Jeffery Simmons,2100,2
Malik Herring,Jermaine Johnson II,2100,2
Malik Herring,Laki Tasi,2100,2
Malik Turner,Jordan Watkins,4500,27
Malik Turner,Austen Pleasants,4500,26
Malik Turner,Brandon Parker,4500,26
Malik Turner,Brayden Willis,4500,26
Malik Turner,Connor Colby,4500,26
Malik Turner,Drake Nugent,4500,26
Malik Turner,Robert Jones,4500,26
Malik Turner,Kurtis Rourke,4500,19
Malik Turner,De'Zhaun Stribling,4500,18
Malik Turner,Patrick Taylor,4500,18
Malik Turner,Adrian Martinez,4500,13
Malik Turner,Hayden Rucci,4500,12
Malik Turner,Sincere McCormick,4500,11
Malik Turner,Trenton Irwin,4500,11
Malik Turner,Carver Willis,4500,6
Malik Turner,Doug Kramer,4500,6
Malik Turner,Enrique Cruz,4500,6
Malik Turner,Isaac Alarcon,4500,6
Malik Turner,Kion Smith,4500,6
Malik Turner,Khalil Herbert,4500,3
Malik Turner,Josiah Deguara,4500,2
Mani Powell,Truman Jones,2100,15
Mani Powell,Keydrain Calligan,2100,13
Mani Powell,Mario Goodrich,2100,13
Mani Powell,Derrick Canteen,2100,12
Mani Powell,Timmy Horne,2100,12
Mani Powell,Bishop Fitzgerald,2100,11
Mani Powell,Malik Herring,2100,11
Mani Powell,Jalen McMurray,2100,10
Mani Powell,Jalyn Holmes,2100,9
Mani Powell,Sean Brown,2100,9
Mani Powell,Dorian Mausi,2100,6
Mani Powell,Khalen Saunders,2100,6
Mani Powell,Jerrick Reed II,2100,4
Mani Powell,Kendell Brooks,2100,4
Mani Powell,Earnest Brown IV,2100,3
Mani Powell,Anthony Hill Jr.,2100,2
Mani Powell,Dominique Hampton,2100,2
Mani Powell,Jaylen Harrell,2100,2
Mani Powell,Laki Tasi,2100,2
Mani Powell,Micah Robinson,2100,2
Mani Powell,Nazeeh Johnson,2100,2
Mapalo Mwansa,Cam Gill,0750,10
Mapalo Mwansa,DeCarlos Nicholson,0750,10
Mapalo Mwansa,Demani Richardson,0750,10
Mapalo Mwansa,Isaiah Simmons,0750,10
Mapalo Mwansa,Isaiah Smith,0750,10
Mapalo Mwansa,Maema Njongmeta,0750,10
Mapalo Mwansa,Tyrek Funderburk,0750,10
Mapalo Mwansa,Devonta Smith,0750,9
Mapalo Mwansa,Kyon Barrs,0750,8
Mapalo Mwansa,Parker Petersen,0750,8
Mapalo Mwansa,Tywone Malone,0750,5
MarShawn Lloyd,Anthony Belton,1800,12
MarShawn Lloyd,Jacob Monk,1800,12
MarShawn Lloyd,Jager Burton,1800,12
MarShawn Lloyd,Jordan Morgan,1800,12
MarShawn Lloyd,Jordan Love,1800,9
MarShawn Lloyd,Matthew Golden,1800,9
MarShawn Lloyd,Sean Rhyan,1800,9
MarShawn Lloyd,Christian Watson,1800,8
MarShawn Lloyd,Josh Whyle,1800,8
MarShawn Lloyd,Jayden Reed,1800,7
MarShawn Lloyd,Drake Dabney,1800,6
MarShawn Lloyd,Savion Williams,1800,4
MarShawn Lloyd,Bo Melton,1800,3
MarShawn Lloyd,Donovan Jennings,1800,3
MarShawn Lloyd,Tyrod Taylor,1800,3
MarShawn Lloyd,Skyy Moore,1800,2
MarShawn Lloyd,Messiah Swinson,1800,1
Marcellas Dial Jr.,Karon Prunty,3200,18
Marcellas Dial Jr.,Khalil Jacobs,3200,15
Marcellas Dial Jr.,Channing Canada,3200,14
Marcellas Dial Jr.,Joshua Farmer,3200,14
Marcellas Dial Jr.,Chad Muma,3200,13
Marcellas Dial Jr.,Dell Pettus,3200,13
Marcellas Dial Jr.,John Saunders Jr.,3200,13
Marcellas Dial Jr.,Quintayvious Hutchins,3200,13
Marcellas Dial Jr.,Eric Gregory,3200,12
Marcellas Dial Jr.,Gabe Jacas,3200,11
Marcellas Dial Jr.,Bradyn Swinson,3200,8
Marcellas Dial Jr.,Mike Brown,3200,7
Marcellas Dial Jr.,Namdi Obiazor,3200,6
Marcellas Dial Jr.,Jeremiah Pharms Jr.,3200,5
Marcellas Dial Jr.,Peter Manuma,3200,5
Marcellas Dial Jr.,Jesse Luketa,3200,4
Marcellas Dial Jr.,K.J. Britt,3200,4
Marcellas Dial Jr.,Kobee Minor,3200,4
Marcellas Dial Jr.,Leonard Taylor III,3200,4
Marcellas Dial Jr.,Isaiah Iton,3200,3
Marcellas Dial Jr.,Amari Gainer,3200,2
Marcellas Dial Jr.,Brandon Crossley,3200,2
Marcus Bryant,Andrew Rupcich,3200,38
Marcus Bryant,Caleb Lomu,3200,38
Marcus Bryant,James Hudson,3200,38
Marcus Bryant,Tommy DeVito,3200,38
Marcus Bryant,Eli Raridon,3200,34
Marcus Bryant,Efton Chism III,3200,29
Marcus Bryant,Jacob Rizy,3200,24
Marcus Bryant,Kyle Williams,3200,24
Marcus Bryant,Lan Larison,3200,22
Marcus Bryant,Nick DeGennaro,3200,18
Marcus Bryant,Jam Miller,3200,16
Marcus Bryant,Ben Brown,3200,14
Marcus Bryant,Kayshon Boutte,3200,14
Marcus Bryant,Mack Hollins,3200,10
Marcus Bryant,Tanner Arkin,3200,9
Marcus Bryant,Cameron Dorner,3200,5
Marcus Bryant,Jack Westover,3200,4
Marcus Bryant,Kobe Prentice,3200,4
Marcus Bryant,Tejhaun Palmer,3200,1
Marcus Harris,Alontae Taylor,2100,20
Marcus Harris,Amani Hooker,2100,20
Marcus Harris,Cedric Gray,2100,20
Marcus Harris,Cody Barton,2100,20
Marcus Harris,Cordale Flott,2100,20
Marcus Harris,Kevin Winston Jr.,2100,20
Marcus Harris,Jermaine Johnson II,2100,15
Marcus Harris,Solomon Thomas,2100,12
Marcus Harris,Jeffery Simmons,2100,11
Marcus Harris,Keldric Faulk,2100,11
Marcus Harris,Jordan Elliott,2100,10
Marcus Harris,Jalyn Holmes,2100,6
Marcus Harris,Malik Herring,2100,6
Marcus Harris,Oluwafemi Oladejo,2100,5
Marcus Harris,Earnest Brown IV,2100,2
Marcus Harris,Truman Jones,2100,2
Mario Goodrich,Keydrain Calligan,2100,13
Mario Goodrich,Mani Powell,2100,13
Mario Goodrich,Truman Jones,2100,13
Mario Goodrich,Malik Herring,2100,11
Mario Goodrich,Derrick Canteen,2100,10
Mario Goodrich,Jalen McMurray,2100,10
Mario Goodrich,Timmy Horne,2100,10
Mario Goodrich,Bishop Fitzgerald,2100,9
Mario Goodrich,Jalyn Holmes,2100,9
Mario Goodrich,Sean Brown,2100,9
Mario Goodrich,Dorian Mausi,2100,4
Mario Goodrich,Jerrick Reed II,2100,4
Mario Goodrich,Kendell Brooks,2100,4
Mario Goodrich,Khalen Saunders,2100,4
Mario Goodrich,Earnest Brown IV,2100,3
Mario Goodrich,Dominique Hampton,2100,2
Mario Goodrich,Laki Tasi,2100,2
Mark Perry,Jaylin Simpson,1800,30
Mark Perry,Kitan Oladapo,1800,29
Mark Perry,Nyjalik Kelly,1800,26
Mark Perry,Collin Oliver,1800,25
Mark Perry,Ty'Ron Hopper,1800,25
Mark Perry,Nazir Stackhouse,1800,23
Mark Perry,Arron Mosby,1800,21
Mark Perry,Benjamin St-Juste,1800,20
Mark Perry,Murvin Kenion,1800,20
Mark Perry,Isaiah McDuffie,1800,19
Mark Perry,Jonathan Ford,1800,19
Mark Perry,Brenton Cox Jr.,1800,18
Mark Perry,Chris McClellan,1800,18
Mark Perry,Anthony Campbell,1800,16
Mark Perry,Shemar Bartholomew,1800,16
Mark Perry,Brandon Cisse,1800,15
Mark Perry,Jaden Crumedy,1800,15
Mark Perry,Keisean Nixon,1800,15
Mark Perry,Kristian Welch,1800,15
Mark Perry,TJ Quinn,1800,15
Mark Perry,Trey Dean III,1800,15
Mark Perry,Warren Brinson,1800,14
Mark Perry,Nick Niemann,1800,11
Mark Perry,MJ Devonshire,1800,10
Marlin Klein,Justin Watson,2120,10
Marlin Klein,Aireontae Ersery,2120,7
Marlin Klein,Braden Smith,2120,7
Marlin Klein,Davis Mills,2120,7
Marlin Klein,Ed Ingram,2120,7
Marlin Klein,Jared Wayne,2120,7
Marlin Klein,Keylan Rutledge,2120,7
Marlin Klein,Wyatt Teller,2120,7
Marlin Klein,Xavier Hutchinson,2120,7
Marlin Klein,Noah Whittington,2120,5
Marlin Klein,Joshua Pitsenberger,2120,4
Marlin Klein,Blake Fisher,2120,3
Marlin Klein,Evan Brown,2120,3
Marlin Klein,Febechi Nwaiwu,2120,3
Marlin Klein,Foster Moreau,2120,3
Marlin Klein,Graham Mertz,2120,3
Marlin Klein,Jarrett Patterson,2120,3
Marlin Klein,Lewis Bond,2120,3
Marlin Klein,Sam Hagen,2120,3
Marlin Klein,Owen Wright,2120,1
Marlowe Wax,Junior Colson,4400,22
Marlowe Wax,Genesis Smith,4400,18
Marlowe Wax,Kendall Williamson,4400,17
Marlowe Wax,R.J. Mickens,4400,17
Marlowe Wax,Avery Smith,4400,16
Marlowe Wax,Nick Barrett,4400,15
Marlowe Wax,Andre Carter II,4400,14
Marlowe Wax,Nadame Tucker,4400,14
Marlowe Wax,Nikko Reed,4400,14
Marlowe Wax,TeRah Edwards,4400,14
Marlowe Wax,Garmon Randolph,4400,12
Marlowe Wax,Terry Webb,4400,12
Marlowe Wax,Deane Leonard,4400,11
Marlowe Wax,Isas Waxter,4400,11
Marlowe Wax,Jahmeer Carter,4400,11
Marlowe Wax,Kyle Kennard,4400,11
Marlowe Wax,Jacobian Guillory,4400,9
Marlowe Wax,Eric Rogers,4400,7
Marlowe Wax,Rodney Shelley,4400,7
Marlowe Wax,Emany Johnson,4400,4
Marlowe Wax,Devin Grant,4400,3
Marlowe Wax,Akheem Mesidor,4400,1
Marques Sigle,Ashtyn Davis,4500,25
Marques Sigle,Darrell Luter Jr.,4500,25
Marques Sigle,Jaden Dugger,4500,25
Marques Sigle,Alfred Collins,4500,17
Marques Sigle,Ephesians Prysock,4500,17
Marques Sigle,Romello Height,4500,17
Marques Sigle,Garret Wallow,4500,16
Marques Sigle,Jakob Robinson,4500,13
Marques Sigle,Nick Martin,4500,12
Marques Sigle,Titus Leo,4500,12
Marques Sigle,Ogbo Okoronkwo,4500,11
Marques Sigle,Gracen Halton,4500,10
Marques Sigle,Sebastian Valdez,4500,10
Marques Sigle,Tatum Bethune,4500,9
Marques Sigle,Jack Jones,4500,8
Marques Sigle,James Thompson Jr.,4500,8
Marques Sigle,Quinton Bell,4500,7
Marques Sigle,Bryson Eason,4500,5
Marques Sigle,Xavier Thomas,4500,3
Marte Mapu,Kaevon Merriweather,2120,20
Marte Mapu,Jaylen Reed,2120,17
Marte Mapu,Stephen Hall,2120,17
Marte Mapu,Solomon Byrd,2120,16
Marte Mapu,Dominic Bailey,2120,15
Marte Mapu,Dylan Horton,2120,14
Marte Mapu,Kyonte Hamilton,2120,14
Marte Mapu,Jacob Hummel,2120,13
Marte Mapu,Tremon Smith,2120,13
Marte Mapu,Brandon Codrington,2120,12
Marte Mapu,Dominique Robinson,2120,12
Marte Mapu,Naquan Jones,2120,12
Marte Mapu,Ali Gaye,2120,11
Marte Mapu,Kayden McDonald,2120,10
Marte Mapu,Wade Woodaz,2120,10
Marte Mapu,Jaylin Smith,2120,9
Marte Mapu,Kamari Ramsey,2120,9
Marte Mapu,Jamal Hill,2120,8
Marte Mapu,Aiden Fisher,2120,7
Marte Mapu,Alijah Huzzie,2120,6
Marte Mapu,Collin Wright,2120,6
Marte Mapu,K.C. Ossai,2120,6
Marte Mapu,Ja'Marcus Ingram,2120,3
Marvin Harrison Jr.,Elijah Wilkinson,3800,10
Marvin Harrison Jr.,Hjalte Froholdt,3800,10
Marvin Harrison Jr.,Isaac Seumalo,3800,10
Marvin Harrison Jr.,Isaiah Adams,3800,10
Marvin Harrison Jr.,Jacoby Brissett,3800,10
Marvin Harrison Jr.,Paris Johnson Jr.,3800,10
Marvin Harrison Jr.,Jeremiyah Love,3800,7
Marvin Harrison Jr.,Kendrick Bourne,3800,7
Marvin Harrison Jr.,Teagan Quitoriano,3800,7
Marvin Harrison Jr.,Michael Wilson,3800,6
Marvin Harrison Jr.,Rivaldo Fairweather,3800,5
Marvin Harrison Jr.,Jalen Brooks,3800,4
Marvin Harrison Jr.,Tyler Allgeier,3800,3
Marvin Harrison Jr.,Trey McBride,3800,1
Mason Kinsey,Lance McCutcheon,2100,6
Mason Kinsey,Zach Thomas,2100,5
Mason Kinsey,Andre James,2100,4
Mason Kinsey,Drew Moss,2100,4
Mason Kinsey,Garrett Dellinger,2100,4
Mason Kinsey,Hendon Hooker,2100,4
Mason Kinsey,Michael Carter,2100,4
Mason Kinsey,Rasheed Miller,2100,4
Mason Kinsey,Xavier Restrepo,2100,4
Mason Kinsey,Brandon Crenshaw-Dickson,2100,3
Mason Kinsey,Cordell Volson,2100,3
Mason Kinsey,Hank Beatty,2100,3
Mason Kinsey,Jackson Slater,2100,3
Mason Kinsey,Joel Wilson,2100,3
Mason Kinsey,Kylen Granson,2100,3
Mason Kinsey,Pat Coogan,2100,3
Mason Kinsey,Will Levis,2100,3
Mason Kinsey,Austin Deculus,2100,2
Mason Kinsey,Julius Chestnut,2100,2
Mason Kinsey,Courtney Jackson,2100,1
Mason Kinsey,David Martin-Robinson,2100,1
Mason Kinsey,Nicholas Singleton,2100,1
Mason McCormick,Dylan Cook,3900,17
Mason McCormick,Mason Rudolph,3900,17
Mason McCormick,Spencer Anderson,3900,17
Mason McCormick,Troy Fautanu,3900,17
Mason McCormick,Zach Frazier,3900,17
Mason McCormick,Roman Wilson,3900,16
Mason McCormick,Germie Bernard,3900,14
Mason McCormick,Darnell Washington,3900,12
Mason McCormick,Brandon Smith,3900,10
Mason McCormick,Travis Homer,3900,9
Mason McCormick,Lew Nichols III,3900,8
Mason McCormick,Pat Freiermuth,3900,8
Mason McCormick,Ben Skowronek,3900,4
Mason McCormick,Riley Nowakowski,3900,3
Mason McCormick,Robert Tonyan,3900,1
Mason Miller,Colby Sorsdal,1540,24
Mason Miller,Luke Altmyer,1540,24
Mason Miller,Melvin Priestly,1540,24
Mason Miller,Michael Niese,1540,24
Mason Miller,Miles Frazier,1540,24
Mason Miller,Zach Horton,1540,19
Mason Miller,Dominic Lovett,1540,15
Mason Miller,Tay Martin,1540,15
Mason Miller,Raheem Blackshear,1540,14
Mason Miller,Tarik Black,1540,13
Mason Miller,Kye Robichaux,1540,10
Mason Miller,Thomas Gordon,1540,10
Mason Miller,Lucky Jackson,1540,8
Mason Miller,Malik Cunningham,1540,8
Mason Miller,Tom Kennedy,1540,5
Mason Miller,Jackson Meeks,1540,3
Mason Rudolph,Dylan Cook,3900,17
Mason Rudolph,Mason McCormick,3900,17
Mason Rudolph,Spencer Anderson,3900,17
Mason Rudolph,Troy Fautanu,3900,17
Mason Rudolph,Zach Frazier,3900,17
Mason Rudolph,Roman Wilson,3900,16
Mason Rudolph,Germie Bernard,3900,14
Mason Rudolph,Darnell Washington,3900,12
Mason Rudolph,Brandon Smith,3900,10
Mason Rudolph,Travis Homer,3900,9
Mason Rudolph,Lew Nichols III,3900,8
Mason Rudolph,Pat Freiermuth,3900,8
Mason Rudolph,Ben Skowronek,3900,4
Mason Rudolph,Riley Nowakowski,3900,3
Mason Rudolph,Robert Tonyan,3900,1
Matt Pryor,Reggie Virgil,3800,37
Matt Pryor,Ka'ena Decambra,3800,36
Matt Pryor,Kedon Slovis,3800,36
Matt Pryor,Valentin Senn,3800,36
Matt Pryor,Bryson Green,3800,29
Matt Pryor,Harrison Wallace III,3800,28
Matt Pryor,Corey Kiner,3800,26
Matt Pryor,Demontrey Jacobs,3800,26
Matt Pryor,Olisaemeka Udoh,3800,24
Matt Pryor,Christian Jones,3800,22
Matt Pryor,Jameson Geers,3800,20
Matt Pryor,Rivaldo Fairweather,3800,16
Matt Pryor,Xavier Weaver,3800,14
Matt Pryor,Evan Hull,3800,10
Matt Pryor,Shawn Bowman,3800,2
Matt Pryor,Bam Knight,3800,1
Matt Pryor,Gardner Minshew,3800,1
Matt Pryor,Hayden Conner,3800,1
Matt Pryor,Ihmir Smith-Marsette,3800,1
Matt Pryor,Jayden Williams,3800,1
Matt Pryor,Jon Gaines II,3800,1
Matt Pryor,Josh Fryar,3800,1
Matt Pryor,Simi Fehoko,3800,1
Matthew Golden,Anthony Belton,1800,9
Matthew Golden,Jacob Monk,1800,9
Matthew Golden,Jager Burton,1800,9
Matthew Golden,Jordan Love,1800,9
Matthew Golden,Jordan Morgan,1800,9
Matthew Golden,MarShawn Lloyd,1800,9
Matthew Golden,Sean Rhyan,1800,9
Matthew Golden,Christian Watson,1800,8
Matthew Golden,Josh Whyle,1800,8
Matthew Golden,Jayden Reed,1800,7
Matthew Golden,Drake Dabney,1800,3
Matthew Golden,Savion Williams,1800,1
Max Hurleman,Broderick Jones,3900,29
Max Hurleman,Doug Nester,3900,29
Max Hurleman,Jack Driscoll,3900,29
Max Hurleman,Drew Allar,3900,23
Max Hurleman,Gennings Dunker,3900,23
Max Hurleman,Levi Wentz,3900,19
Max Hurleman,Eli Heidenreich,3900,18
Max Hurleman,Greg Crippen,3900,18
Max Hurleman,Kaden Wetjen,3900,14
Max Hurleman,Lake McRee,3900,14
Max Hurleman,Jaheim Bell,3900,12
Max Hurleman,Ryan McCollum,3900,11
Max Hurleman,Jakobie Keeney-James,3900,10
Max Hurleman,Joaquin Davis,3900,9
Max Hurleman,Brock Hoffman,3900,6
Max Hurleman,Lew Nichols III,3900,6
Max Hurleman,Will Howard,3900,6
Max Hurleman,Kaleb Johnson,3900,5
Max Hurleman,Robert Tonyan,3900,5
Max Hurleman,Riley Nowakowski,3900,4
Max Melton,Dadrion Taylor-Demerson,3800,10
Max Melton,Kitan Crawford,3800,10
Max Melton,Cody Simon,3800,9
Max Melton,Denzel Burke,3800,9
Max Melton,Jack Gibbens,3800,9
Max Melton,Darius Robinson,3800,7
Max Melton,Jordan Burch,3800,6
Max Melton,Sean Murphy-Bunting,3800,6
Max Melton,Walter Nolen,3800,6
Max Melton,Andrew Billings,3800,5
Max Melton,L.J. Collier,3800,5
Max Melton,Eku Leota,3800,4
Max Melton,Cam Robertson,3800,3
Max Melton,Elliott Brown,3800,3
Max Melton,BJ Ojulari,3800,2
Max Melton,Cam Horsley,3800,1
Max Melton,Jonah Williams,3800,1
Max Melton,Kalen King,3800,1
Max Melton,Karson Sharar,3800,1
Max Melton,Owen Pappoe,3800,1
Max Melton,Starling Thomas V,3800,1
McCallan Castles,Dillon Wade,1800,4
McCallan Castles,Isaiah Neyor,1800,4
McCallan Castles,Josh Gesky,1800,4
McCallan Castles,Donovan Jennings,1800,3
McCallan Castles,Jaden Nixon,1800,3
McCallan Castles,John Williams,1800,3
McCallan Castles,Kyle McCord,1800,3
McCallan Castles,Travis Glover,1800,3
McCallan Castles,J. Michael Sturdivant,1800,2
McCallan Castles,Messiah Swinson,1800,2
McCallan Castles,Will Sheppard,1800,2
McCallan Castles,Brant Banks,1800,1
McCallan Castles,Dalton Cooper,1800,1
McCallan Castles,Damien Martinez,1800,1
McCallan Castles,Dylan Barrett,1800,1
McCallan Castles,Kisean Johnson,1800,1
McCallan Castles,Kyron Drones,1800,1
McCallan Castles,Thomas Yassmin,1800,1
McKinnley Jackson,Landon Robinson,0920,15
McKinnley Jackson,Cedric Johnson,0920,13
McKinnley Jackson,Josh Newton,0920,13
McKinnley Jackson,Daijahn Anthony,0920,12
McKinnley Jackson,Isaiah Foskey,0920,12
McKinnley Jackson,Russ Yeast,0920,12
McKinnley Jackson,Ceyair Wright,0920,11
McKinnley Jackson,Kris Jenkins,0920,11
McKinnley Jackson,PJ Jules,0920,11
McKinnley Jackson,Swayze Bozeman,0920,11
McKinnley Jackson,Bralyn Lux,0920,9
McKinnley Jackson,D.J. Ivey,0920,9
McKinnley Jackson,Joe Giles-Harris,0920,8
McKinnley Jackson,Shaka Heyward,0920,8
McKinnley Jackson,Cashius Howell,0920,7
McKinnley Jackson,Antwaun Powell-Ryland,0920,6
McKinnley Jackson,Howard Cross III,0920,6
McKinnley Jackson,Jalen Kimber,0920,6
McKinnley Jackson,Oren Burks,0920,6
McKinnley Jackson,Kyle Dugger,0920,4
McKinnley Jackson,Jordan Jefferson,0920,3
McKinnley Jackson,Barrett Carter,0920,1
McKinnley Jackson,Boye Mafe,0920,1
McKinnley Jackson,DJ Turner II,0920,1
McKinnley Jackson,Demetrius Knight Jr.,0920,1
McKinnley Jackson,Jordan Battle,0920,1
McKinnley Jackson,Myles Murphy,0920,1
McKinnley Jackson,Tedarrell Slaton,0920,1
Mehki Butler,Behren Morton,3200,29
Mehki Butler,Dametrious Crownover,3200,29
Mehki Butler,Jacob Rizy,3200,29
Mehki Butler,Nick DeGennaro,3200,26
Mehki Butler,Kobe Prentice,3200,23
Mehki Butler,Jack Westover,3200,18
Mehki Butler,Lan Larison,3200,17
Mehki Butler,Tejhaun Palmer,3200,17
Mehki Butler,Cameron Dorner,3200,16
Mehki Butler,James Hudson,3200,16
Mehki Butler,Andrew Rupcich,3200,15
Mehki Butler,JonDarius Morgan,3200,14
Mehki Butler,Lorenz Metz,3200,13
Mehki Butler,CJ Dippre,3200,9
Mehki Butler,Hassan Haskins,3200,5
Mehki Butler,Jamycal Hasty,3200,5
Mehki Butler,Tanner Arkin,3200,4
Mehki Butler,Mitch Van Vooren,3200,3
Mehki Butler,Jam Miller,3200,2
Mekhi Blackmon,A.J. Haulcy,2200,19
Mekhi Blackmon,Austin Ajiake,2200,19
Mekhi Blackmon,Cam Taylor-Britt,2200,19
Mekhi Blackmon,Jaylahn Tuimolaou,2200,19
Mekhi Blackmon,Jonathan Owens,2200,19
Mekhi Blackmon,Johnathan Edwards,2200,15
Mekhi Blackmon,Micheal Clemons,2200,15
Mekhi Blackmon,Adetomiwa Adebawore,2200,11
Mekhi Blackmon,Derrick Nnadi,2200,11
Mekhi Blackmon,Jaylon Carlies,2200,11
Mekhi Blackmon,Bryce Boettcher,2200,8
Mekhi Blackmon,Colby Wooden,2200,8
Mekhi Blackmon,George Gumbs Jr.,2200,8
Mekhi Blackmon,Jerry Tillery,2200,8
Mekhi Rodgers,Caden Curry,2200,26
Mekhi Rodgers,Rob Carter Jr.,2200,26
Mekhi Rodgers,George Gumbs Jr.,2200,24
Mekhi Rodgers,Cameron Ball,2200,21
Mekhi Rodgers,Juanyeh Thomas,2200,20
Mekhi Rodgers,West Weeks,2200,20
Mekhi Rodgers,Daniel Scott,2200,17
Mekhi Rodgers,Jai'Onte' McMillan,2200,16
Mekhi Rodgers,Tahj Chambers,2200,14
Mekhi Rodgers,Tim Smith,2200,13
Mekhi Rodgers,Austin Brown,2200,9
Mekhi Rodgers,Jaylon Jones,2200,8
Mekhi Rodgers,Durell Nchami,2200,7
Mekhi Rodgers,Adetomiwa Adebawore,2200,6
Mekhi Rodgers,Bryce Boettcher,2200,6
Mekhi Rodgers,Devin Veresuk,2200,6
Mekhi Rodgers,Jaylon Carlies,2200,6
Mekhi Rodgers,Trey Washington,2200,6
Mekhi Rodgers,Jerry Tillery,2200,5
Mekhi Rodgers,Mitchell Melton,2200,4
Mekhi Wingo,Nick Whiteside,1540,13
Mekhi Wingo,Thomas Harper,1540,13
Mekhi Wingo,Ahmed Hassanein,1540,11
Mekhi Wingo,Keith Abney II,1540,10
Mekhi Wingo,Skyler Gill-Howard,1540,10
Mekhi Wingo,Trevor Nowaske,1540,9
Mekhi Wingo,Anthony Lucas,1540,8
Mekhi Wingo,Devin White,1540,8
Mekhi Wingo,Ennis Rakestraw Jr.,1540,8
Mekhi Wingo,Aamaris Brown,1540,7
Mekhi Wingo,Christian Izien,1540,7
Mekhi Wingo,Eric O'Neill,1540,7
Mekhi Wingo,Erick Hunter,1540,5
Mekhi Wingo,Joe Bachie,1540,4
Mekhi Wingo,Khalil Dorsey,1540,4
Mekhi Wingo,Myles Adams,1540,3
Mekhi Wingo,Chuck Clark,1540,2
Mekhi Wingo,Roger McCreary,1540,1
Melvin Priestly,Colby Sorsdal,1540,24
Melvin Priestly,Luke Altmyer,1540,24
Melvin Priestly,Mason Miller,1540,24
Melvin Priestly,Michael Niese,1540,24
Melvin Priestly,Miles Frazier,1540,24
Melvin Priestly,Zach Horton,1540,19
Melvin Priestly,Dominic Lovett,1540,15
Melvin Priestly,Tay Martin,1540,15
Melvin Priestly,Raheem Blackshear,1540,14
Melvin Priestly,Tarik Black,1540,13
Melvin Priestly,Kye Robichaux,1540,10
Melvin Priestly,Thomas Gordon,1540,10
Melvin Priestly,Lucky Jackson,1540,8
Melvin Priestly,Malik Cunningham,1540,8
Melvin Priestly,Tom Kennedy,1540,5
Melvin Priestly,Jackson Meeks,1540,3
Messiah Swinson,Donovan Jennings,1800,21
Messiah Swinson,Isaiah Neyor,1800,17
Messiah Swinson,John Williams,1800,17
Messiah Swinson,Kyle McCord,1800,17
Messiah Swinson,Dillon Wade,1800,14
Messiah Swinson,J. Michael Sturdivant,1800,14
Messiah Swinson,Travis Glover,1800,14
Messiah Swinson,Drake Dabney,1800,12
Messiah Swinson,Damien Martinez,1800,10
Messiah Swinson,Josh Gesky,1800,8
Messiah Swinson,Anthony Belton,1800,7
Messiah Swinson,Jacob Monk,1800,7
Messiah Swinson,Jager Burton,1800,7
Messiah Swinson,Will Sheppard,1800,7
Messiah Swinson,Darian Kinnard,1800,6
Messiah Swinson,Jaden Nixon,1800,5
Messiah Swinson,Pierre Strong,1800,5
Messiah Swinson,Savion Williams,1800,5
Messiah Swinson,Bo Melton,1800,4
Messiah Swinson,Jordan Morgan,1800,4
Messiah Swinson,Tyrod Taylor,1800,4
Messiah Swinson,McCallan Castles,1800,2
Messiah Swinson,Kisean Johnson,1800,1
Messiah Swinson,MarShawn Lloyd,1800,1
Messiah Swinson,Skyy Moore,1800,1
Micah Robinson,Anthony Hill Jr.,2100,35
Micah Robinson,Nazeeh Johnson,2100,35
Micah Robinson,Erick Hallett,2100,28
Micah Robinson,James Williams,2100,26
Micah Robinson,Earnest Brown IV,2100,21
Micah Robinson,Malik Herring,2100,20
Micah Robinson,Kendell Brooks,2100,18
Micah Robinson,Jerrick Reed II,2100,17
Micah Robinson,Tony Adams,2100,17
Micah Robinson,Khalen Saunders,2100,16
Micah Robinson,Oluwafemi Oladejo,2100,16
Micah Robinson,Jalyn Holmes,2100,15
Micah Robinson,Dorian Mausi,2100,14
Micah Robinson,Jaylen Harrell,2100,14
Micah Robinson,Keldric Faulk,2100,14
Micah Robinson,Truman Jones,2100,12
Micah Robinson,Timmy Horne,2100,10
Micah Robinson,Bishop Fitzgerald,2100,9
Micah Robinson,Derrick Canteen,2100,9
Micah Robinson,Laki Tasi,2100,2
Micah Robinson,Mani Powell,2100,2
Michael Carter,Brandon Crenshaw-Dickson,2100,8
Michael Carter,Cordell Volson,2100,8
Michael Carter,Jackson Slater,2100,8
Michael Carter,Pat Coogan,2100,8
Michael Carter,Kylen Granson,2100,7
Michael Carter,Will Levis,2100,6
Michael Carter,Xavier Restrepo,2100,6
Michael Carter,Zach Thomas,2100,6
Michael Carter,Joel Wilson,2100,5
Michael Carter,Andre James,2100,4
Michael Carter,Austin Deculus,2100,4
Michael Carter,David Martin-Robinson,2100,4
Michael Carter,Drew Moss,2100,4
Michael Carter,Garrett Dellinger,2100,4
Michael Carter,Hank Beatty,2100,4
Michael Carter,Hendon Hooker,2100,4
Michael Carter,Mason Kinsey,2100,4
Michael Carter,Rasheed Miller,2100,4
Michael Carter,Bryce Oliver,2100,3
Michael Carter,Chimere Dike,2100,3
Michael Carter,Elic Ayomanor,2100,3
Michael Carter,K.J. Osborn,2100,3
Michael Carter,Lance McCutcheon,2100,3
Michael Carter,Aamil Wagner,2100,2
Michael Carter,Mitchell Trubisky,2100,2
Michael Carter,Tyren Montgomery,2100,2
Michael Carter,Courtney Jackson,2100,1
Michael Mayer,DJ Glaze,2520,10
Michael Mayer,Jackson Powers-Johnson,2520,10
Michael Mayer,Kirk Cousins,2520,10
Michael Mayer,Kolton Miller,2520,10
Michael Mayer,Spencer Burford,2520,10
Michael Mayer,Tyler Linderbaum,2520,10
Michael Mayer,Tre Tucker,2520,9
Michael Mayer,Jalen Nailor,2520,8
Michael Mayer,Ashton Jeanty,2520,7
Michael Mayer,Jack Bech,2520,5
Michael Mayer,Connor Heyward,2520,4
Michael Mayer,Mike Washington Jr.,2520,3
Michael Mayer,Ian Thomas,2520,2
Michael Mayer,Albert Okwuegbunam,2520,1
Michael Mayer,Brock Bowers,2520,1
Michael Niese,Colby Sorsdal,1540,24
Michael Niese,Luke Altmyer,1540,24
Michael Niese,Mason Miller,1540,24
Michael Niese,Melvin Priestly,1540,24
Michael Niese,Miles Frazier,1540,24
Michael Niese,Zach Horton,1540,19
Michael Niese,Dominic Lovett,1540,15
Michael Niese,Tay Martin,1540,15
Michael Niese,Raheem Blackshear,1540,14
Michael Niese,Tarik Black,1540,13
Michael Niese,Kye Robichaux,1540,10
Michael Niese,Thomas Gordon,1540,10
Michael Niese,Lucky Jackson,1540,8
Michael Niese,Malik Cunningham,1540,8
Michael Niese,Tom Kennedy,1540,5
Michael Niese,Jackson Meeks,1540,3
Michael Wilson,Elijah Wilkinson,3800,6
Michael Wilson,Hjalte Froholdt,3800,6
Michael Wilson,Isaac Seumalo,3800,6
Michael Wilson,Isaiah Adams,3800,6
Michael Wilson,Jacoby Brissett,3800,6
Michael Wilson,Jeremiyah Love,3800,6
Michael Wilson,Marvin Harrison Jr.,3800,6
Michael Wilson,Paris Johnson Jr.,3800,6
Michael Wilson,Kendrick Bourne,3800,4
Michael Wilson,Teagan Quitoriano,3800,4
Michael Wilson,Rivaldo Fairweather,3800,3
Michael Wilson,Trey McBride,3800,1
Micheal Clemons,Johnathan Edwards,2200,28
Micheal Clemons,Jaylahn Tuimolaou,2200,27
Micheal Clemons,Austin Ajiake,2200,24
Micheal Clemons,Jaylon Carlies,2200,18
Micheal Clemons,Jonathan Owens,2200,16
Micheal Clemons,A.J. Haulcy,2200,15
Micheal Clemons,Cam Taylor-Britt,2200,15
Micheal Clemons,Colby Wooden,2200,15
Micheal Clemons,Mekhi Blackmon,2200,15
Micheal Clemons,Bryce Boettcher,2200,14
Micheal Clemons,Adetomiwa Adebawore,2200,13
Micheal Clemons,Jaylon Jones,2200,13
Micheal Clemons,Rob Carter Jr.,2200,13
Micheal Clemons,Trey Washington,2200,12
Micheal Clemons,Derrick Nnadi,2200,11
Micheal Clemons,George Gumbs Jr.,2200,9
Micheal Clemons,Jerry Tillery,2200,8
Micheal Clemons,Daniel Scott,2200,7
Micheal Clemons,Hunter Wohler,2200,6
Micheal Clemons,Caden Curry,2200,1
Mike Brown,Khalil Jacobs,3200,23
Mike Brown,Karon Prunty,3200,19
Mike Brown,Bradyn Swinson,3200,16
Mike Brown,Eric Gregory,3200,16
Mike Brown,Channing Canada,3200,15
Mike Brown,Brandon Crossley,3200,14
Mike Brown,Namdi Obiazor,3200,11
Mike Brown,Chad Muma,3200,10
Mike Brown,Dell Pettus,3200,10
Mike Brown,Gabe Jacas,3200,10
Mike Brown,Isaiah Iton,3200,10
Mike Brown,Leonard Taylor III,3200,10
Mike Brown,Peter Manuma,3200,10
Mike Brown,Quintayvious Hutchins,3200,10
Mike Brown,Jeremiah Pharms Jr.,3200,9
Mike Brown,Amari Gainer,3200,8
Mike Brown,Jesse Luketa,3200,8
Mike Brown,Joshua Farmer,3200,8
Mike Brown,Kobee Minor,3200,7
Mike Brown,Marcellas Dial Jr.,3200,7
Mike Brown,Casey Rogers,3200,6
Mike Brown,John Saunders Jr.,3200,6
Mike Brown,Eric Butler,3200,5
Mike Brown,Kenneth Harris,3200,5
Mike Brown,Riley Wilson,3200,3
Mike Brown,K.J. Britt,3200,2
Mike Brown,Kindle Vildor,3200,2
Mike Gesicki,Amarius Mims,0920,3
Mike Gesicki,Dalton Risner,0920,3
Mike Gesicki,Dylan Fairchild,0920,3
Mike Gesicki,Ja'Marr Chase,0920,3
Mike Gesicki,Joe Burrow,0920,3
Mike Gesicki,Orlando Brown,0920,3
Mike Gesicki,Ted Karras,0920,3
Mike Gesicki,Tee Higgins,0920,3
Mike Gesicki,Andrei Iosivas,0920,2
Mike Gesicki,Chase Brown,0920,2
Mike Gesicki,Drew Sample,0920,1
Mike Gesicki,Samaje Perine,0920,1
Mike Washington Jr.,Ian Thomas,2520,16
Mike Washington Jr.,Atonio Mafi,2520,15
Mike Washington Jr.,Charles Grant,2520,15
Mike Washington Jr.,Fernando Mendoza,2520,15
Mike Washington Jr.,Jordan Meredith,2520,15
Mike Washington Jr.,Trey Zuhn III,2520,15
Mike Washington Jr.,Malik Benson,2520,14
Mike Washington Jr.,Jack Bech,2520,12
Mike Washington Jr.,Jackson Powers-Johnson,2520,10
Mike Washington Jr.,Caleb Rogers,2520,8
Mike Washington Jr.,Deven Thompkins,2520,7
Mike Washington Jr.,Albert Okwuegbunam,2520,5
Mike Washington Jr.,Connor Heyward,2520,5
Mike Washington Jr.,Brandon Johnson,2520,3
Mike Washington Jr.,DJ Glaze,2520,3
Mike Washington Jr.,Jalen Nailor,2520,3
Mike Washington Jr.,Kirk Cousins,2520,3
Mike Washington Jr.,Kolton Miller,2520,3
Mike Washington Jr.,Michael Mayer,2520,3
Mike Washington Jr.,Spencer Burford,2520,3
Mike Washington Jr.,Tre Tucker,2520,3
Mike Washington Jr.,Tyler Linderbaum,2520,3
Mike Washington Jr.,Dareke Young,2520,1
Miles Davis,Haynes King,0750,17
Miles Davis,Isaia Glass,0750,17
Miles Davis,Ja'Tyre Carter,0750,17
Miles Davis,Nick Samac,0750,17
Miles Davis,Ryan Hayes,0750,17
Miles Davis,Elijah Cooks,0750,16
Miles Davis,Jimmy Horn Jr.,0750,16
Miles Davis,Casey Washington,0750,15
Miles Davis,Albert Reese,0750,13
Miles Davis,Caden Prieskorn,0750,11
Miles Davis,Chamon Metayer,0750,7
Miles Davis,Stone Forsythe,0750,4
Miles Davis,Roc Taylor,0750,2
Miles Davis,Malick Meiga,0750,1
Miles Frazier,Luke Altmyer,1540,39
Miles Frazier,Blake Miller,1540,32
Miles Frazier,Christian Mahogany,1540,32
Miles Frazier,Larry Borom,1540,32
Miles Frazier,Seth McLaughlin,1540,32
Miles Frazier,Dominic Lovett,1540,27
Miles Frazier,Colby Sorsdal,1540,24
Miles Frazier,Jacob Saylors,1540,24
Miles Frazier,Mason Miller,1540,24
Miles Frazier,Melvin Priestly,1540,24
Miles Frazier,Michael Niese,1540,24
Miles Frazier,Tay Martin,1540,23
Miles Frazier,Thomas Gordon,1540,21
Miles Frazier,Jackson Meeks,1540,20
Miles Frazier,Tom Kennedy,1540,19
Miles Frazier,Zach Horton,1540,19
Miles Frazier,Kye Robichaux,1540,18
Miles Frazier,Lucky Jackson,1540,18
Miles Frazier,Joshua Dobbs,1540,17
Miles Frazier,Isaac TeSlaa,1540,15
Miles Frazier,Tyler Conklin,1540,15
Miles Frazier,Cedrick Wilson Jr.,1540,14
Miles Frazier,Raheem Blackshear,1540,14
Miles Frazier,Malik Cunningham,1540,13
Miles Frazier,Tarik Black,1540,13
Miles Frazier,Greg Dortch,1540,7
Mitch Van Vooren,Behren Morton,3200,3
Mitch Van Vooren,Dametrious Crownover,3200,3
Mitch Van Vooren,Jacob Rizy,3200,3
Mitch Van Vooren,JonDarius Morgan,3200,3
Mitch Van Vooren,Kobe Prentice,3200,3
Mitch Van Vooren,Lorenz Metz,3200,3
Mitch Van Vooren,Mehki Butler,3200,3
Mitch Van Vooren,Nick DeGennaro,3200,3
Mitch Van Vooren,Cameron Dorner,3200,2
Mitch Van Vooren,Hassan Haskins,3200,1
Mitch Van Vooren,Jamycal Hasty,3200,1
Mitch Van Vooren,Lan Larison,3200,1
Mitch Van Vooren,Tejhaun Palmer,3200,1
Mitchell Melton,Caden Curry,2200,4
Mitchell Melton,Cameron Ball,2200,4
Mitchell Melton,Juanyeh Thomas,2200,4
Mitchell Melton,Mekhi Rodgers,2200,4
Mitchell Melton,Rob Carter Jr.,2200,4
Mitchell Melton,Tahj Chambers,2200,4
Mitchell Melton,West Weeks,2200,4
Mitchell Melton,Jai'Onte' McMillan,2200,3
Mitchell Melton,Tim Smith,2200,3
Mitchell Melton,Austin Brown,2200,2
Mitchell Melton,Daniel Scott,2200,2
Mitchell Melton,George Gumbs Jr.,2200,2
Mitchell Tinsley,Brian Parker II,0920,12
Mitchell Tinsley,Cody Ford,0920,12
Mitchell Tinsley,Jacob Bayer,0920,12
Mitchell Tinsley,Jalen Rivers,0920,12
Mitchell Tinsley,Joe Flacco,0920,12
Mitchell Tinsley,Andrei Iosivas,0920,11
Mitchell Tinsley,Andrew Coker,0920,11
Mitchell Tinsley,Colbie Young,0920,11
Mitchell Tinsley,Tahj Brooks,0920,10
Mitchell Tinsley,Tanner Hudson,0920,5
Mitchell Tinsley,Cam Grandy,0920,4
Mitchell Tinsley,Jack Endries,0920,4
Mitchell Tinsley,Kendall Milton,0920,2
Mitchell Tinsley,Charlie Jones,0920,1
Mitchell Tinsley,Javon Foster,0920,1
Mitchell Trubisky,Austin Deculus,2100,8
Mitchell Trubisky,Brandon Crenshaw-Dickson,2100,8
Mitchell Trubisky,Chimere Dike,2100,8
Mitchell Trubisky,Elic Ayomanor,2100,8
Mitchell Trubisky,Jackson Slater,2100,8
Mitchell Trubisky,Pat Coogan,2100,8
Mitchell Trubisky,David Martin-Robinson,2100,6
Mitchell Trubisky,Fernando Carmona,2100,6
Mitchell Trubisky,Nicholas Singleton,2100,6
Mitchell Trubisky,Kylen Granson,2100,5
Mitchell Trubisky,Xavier Restrepo,2100,4
Mitchell Trubisky,Cordell Volson,2100,2
Mitchell Trubisky,Michael Carter,2100,2
Mitchell Trubisky,Jaren Kanak,2100,1
Murvin Kenion,Kitan Oladapo,1800,22
Murvin Kenion,Mark Perry,1800,20
Murvin Kenion,Ty'Ron Hopper,1800,18
Murvin Kenion,Collin Oliver,1800,16
Murvin Kenion,Brenton Cox Jr.,1800,15
Murvin Kenion,Isaiah McDuffie,1800,15
Murvin Kenion,Warren Brinson,1800,13
Murvin Kenion,Benjamin St-Juste,1800,12
Murvin Kenion,Chris McClellan,1800,12
Murvin Kenion,Jaylin Simpson,1800,12
Murvin Kenion,Brandon Cisse,1800,11
Murvin Kenion,Keisean Nixon,1800,11
Murvin Kenion,Nazir Stackhouse,1800,10
Murvin Kenion,Anthony Campbell,1800,9
Murvin Kenion,Jonathan Ford,1800,8
Murvin Kenion,Nick Niemann,1800,8
Murvin Kenion,Nyjalik Kelly,1800,8
Murvin Kenion,Arron Mosby,1800,7
Murvin Kenion,Shemar Bartholomew,1800,2
Murvin Kenion,Jaden Crumedy,1800,1
Myles Adams,Erick Hunter,1540,29
Myles Adams,Aamaris Brown,1540,28
Myles Adams,Keith Abney II,1540,28
Myles Adams,Roger McCreary,1540,27
Myles Adams,Eric O'Neill,1540,26
Myles Adams,Skyler Gill-Howard,1540,23
Myles Adams,Anthony Lucas,1540,20
Myles Adams,Dan Jackson,1540,18
Myles Adams,Troy Reeder,1540,18
Myles Adams,Ryan Cooper Jr.,1540,17
Myles Adams,Ahmed Hassanein,1540,15
Myles Adams,Joe Bachie,1540,13
Myles Adams,Thomas Harper,1540,12
Myles Adams,Khalil Dorsey,1540,10
Myles Adams,Christian Izien,1540,9
Myles Adams,Amen Ogbongbemiga,1540,8
Myles Adams,Ben Stille,1540,8
Myles Adams,Loren Strickland,1540,7
Myles Adams,Nick Whiteside,1540,7
Myles Adams,Trevor Nowaske,1540,6
Myles Adams,Chris Smith,1540,5
Myles Adams,Devin White,1540,4
Myles Adams,Ennis Rakestraw Jr.,1540,4
Myles Adams,Mekhi Wingo,1540,3
Myles Adams,Tyre West,1540,3
Myles Adams,Levi Onwuzurike,1540,1
Myles Adams,Tyler Lacy,1540,1
Myles Murphy,Barrett Carter,0920,8
Myles Murphy,Boye Mafe,0920,8
Myles Murphy,D.J. Ivey,0920,8
Myles Murphy,Demetrius Knight Jr.,0920,8
Myles Murphy,Jordan Battle,0920,8
Myles Murphy,Kyle Dugger,0920,8
Myles Murphy,DJ Turner II,0920,5
Myles Murphy,Ja'Sir Taylor,0920,5
Myles Murphy,Kris Jenkins,0920,5
Myles Murphy,Tedarrell Slaton,0920,5
Myles Murphy,Dexter Lawrence,0920,3
Myles Murphy,Jonathan Allen,0920,3
Myles Murphy,Josh Newton,0920,3
Myles Murphy,Howard Cross III,0920,1
Myles Murphy,Landon Robinson,0920,1
Myles Murphy,McKinnley Jackson,0920,1
Myles Purchase,Emany Johnson,4400,14
Myles Purchase,Isas Waxter,4400,14
Myles Purchase,Lander Barton,4400,14
Myles Purchase,Eric Rogers,4400,13
Myles Purchase,Avery Smith,4400,10
Myles Purchase,Terry Webb,4400,10
Myles Purchase,Devin Grant,4400,8
Myles Purchase,Jacobian Guillory,4400,8
Myles Purchase,Kyle Kennard,4400,8
Myles Purchase,Nadame Tucker,4400,8
Myles Purchase,Jahmeer Carter,4400,7
Myles Purchase,Andre Carter II,4400,6
Myles Purchase,Garmon Randolph,4400,6
Myles Purchase,Noah Avinger,4400,6
Myles Purchase,Nick Barrett,4400,4
Myles Purchase,TeRah Edwards,4400,3
Myles Purchase,Rodney Shelley,4400,1
Nadame Tucker,Kyle Kennard,4400,21
Nadame Tucker,Avery Smith,4400,17
Nadame Tucker,Genesis Smith,4400,16
Nadame Tucker,Marlowe Wax,4400,14
Nadame Tucker,R.J. Mickens,4400,14
Nadame Tucker,Terry Webb,4400,14
Nadame Tucker,Jahmeer Carter,4400,13
Nadame Tucker,Nikko Reed,4400,13
Nadame Tucker,Deane Leonard,4400,12
Nadame Tucker,Isas Waxter,4400,12
Nadame Tucker,Junior Colson,4400,12
Nadame Tucker,Nick Barrett,4400,11
Nadame Tucker,Emany Johnson,4400,10
Nadame Tucker,Kendall Williamson,4400,9
Nadame Tucker,TeRah Edwards,4400,9
Nadame Tucker,Lander Barton,4400,8
Nadame Tucker,Myles Purchase,4400,8
Nadame Tucker,Eric Rogers,4400,7
Nadame Tucker,Jacobian Guillory,4400,7
Nadame Tucker,Devin Grant,4400,5
Nadame Tucker,Rodney Shelley,4400,5
Nadame Tucker,Del'Shawn Phillips,4400,3
Nadame Tucker,Noah Avinger,4400,3
Nadame Tucker,Troy Dye,4400,3
Nadame Tucker,Andre Carter II,4400,2
Nadame Tucker,Akheem Mesidor,4400,1
Nadame Tucker,Garmon Randolph,4400,1
Nakobe Dean,Darien Porter,2520,10
Nakobe Dean,Eric Stokes,2520,10
Nakobe Dean,Isaiah Pola-Mao,2520,10
Nakobe Dean,Jeremy Chinn,2520,10
Nakobe Dean,Kwity Paye,2520,10
Nakobe Dean,Malcolm Koonce,2520,10
Nakobe Dean,Quay Walker,2520,10
Nakobe Dean,Taron Johnson,2520,8
Nakobe Dean,Adam Butler,2520,7
Nakobe Dean,Tonka Hemingway,2520,6
Nakobe Dean,Jonah Laulu,2520,5
Nakobe Dean,Thomas Booker,2520,4
Namdi Obiazor,Khalil Jacobs,3200,25
Namdi Obiazor,Bradyn Swinson,3200,24
Namdi Obiazor,Peter Manuma,3200,22
Namdi Obiazor,Brandon Crossley,3200,20
Namdi Obiazor,Kobee Minor,3200,17
Namdi Obiazor,Jesse Luketa,3200,13
Namdi Obiazor,Amari Gainer,3200,12
Namdi Obiazor,Eric Butler,3200,12
Namdi Obiazor,Kenneth Harris,3200,12
Namdi Obiazor,Leonard Taylor III,3200,12
Namdi Obiazor,Karon Prunty,3200,11
Namdi Obiazor,Mike Brown,3200,11
Namdi Obiazor,Casey Rogers,3200,10
Namdi Obiazor,Isaiah Iton,3200,10
Namdi Obiazor,Eric Gregory,3200,9
Namdi Obiazor,Jeremiah Pharms Jr.,3200,9
Namdi Obiazor,Marcellas Dial Jr.,3200,6
Namdi Obiazor,Channing Canada,3200,5
Namdi Obiazor,John Saunders Jr.,3200,5
Namdi Obiazor,Joshua Farmer,3200,4
Namdi Obiazor,Quintayvious Hutchins,3200,1
Naquan Jones,Jaylen Reed,2120,22
Naquan Jones,Kaevon Merriweather,2120,22
Naquan Jones,Solomon Byrd,2120,22
Naquan Jones,Stephen Hall,2120,20
Naquan Jones,Dylan Horton,2120,19
Naquan Jones,Jamal Hill,2120,18
Naquan Jones,Tremon Smith,2120,18
Naquan Jones,Kamari Ramsey,2120,15
Naquan Jones,Jacob Hummel,2120,13
Naquan Jones,Kayden McDonald,2120,13
Naquan Jones,Kyonte Hamilton,2120,13
Naquan Jones,Aiden Fisher,2120,12
Naquan Jones,Alijah Huzzie,2120,12
Naquan Jones,Dominique Robinson,2120,12
Naquan Jones,Marte Mapu,2120,12
Naquan Jones,Jaylin Smith,2120,11
Naquan Jones,Wade Woodaz,2120,10
Naquan Jones,Ali Gaye,2120,9
Naquan Jones,Brandon Codrington,2120,9
Naquan Jones,K.C. Ossai,2120,8
Naquan Jones,Collin Wright,2120,7
Naquan Jones,Ja'Marcus Ingram,2120,7
Naquan Jones,Dominic Bailey,2120,5
Nazeeh Johnson,Anthony Hill Jr.,2100,35
Nazeeh Johnson,Micah Robinson,2100,35
Nazeeh Johnson,Erick Hallett,2100,28
Nazeeh Johnson,James Williams,2100,26
Nazeeh Johnson,Earnest Brown IV,2100,21
Nazeeh Johnson,Malik Herring,2100,20
Nazeeh Johnson,Kendell Brooks,2100,18
Nazeeh Johnson,Jerrick Reed II,2100,17
Nazeeh Johnson,Tony Adams,2100,17
Nazeeh Johnson,Khalen Saunders,2100,16
Nazeeh Johnson,Oluwafemi Oladejo,2100,16
Nazeeh Johnson,Jalyn Holmes,2100,15
Nazeeh Johnson,Dorian Mausi,2100,14
Nazeeh Johnson,Jaylen Harrell,2100,14
Nazeeh Johnson,Keldric Faulk,2100,14
Nazeeh Johnson,Truman Jones,2100,12
Nazeeh Johnson,Timmy Horne,2100,10
Nazeeh Johnson,Bishop Fitzgerald,2100,9
Nazeeh Johnson,Derrick Canteen,2100,9
Nazeeh Johnson,Laki Tasi,2100,2
Nazeeh Johnson,Mani Powell,2100,2
Nazir Stackhouse,Jaylin Simpson,1800,25
Nazir Stackhouse,Mark Perry,1800,23
Nazir Stackhouse,Nyjalik Kelly,1800,21
Nazir Stackhouse,Jonathan Ford,1800,20
Nazir Stackhouse,Collin Oliver,1800,18
Nazir Stackhouse,Kristian Welch,1800,18
Nazir Stackhouse,TJ Quinn,1800,18
Nazir Stackhouse,Trey Dean III,1800,18
Nazir Stackhouse,Jaden Crumedy,1800,17
Nazir Stackhouse,Arron Mosby,1800,15
Nazir Stackhouse,MJ Devonshire,1800,15
Nazir Stackhouse,Kitan Oladapo,1800,14
Nazir Stackhouse,Brenton Cox Jr.,1800,12
Nazir Stackhouse,Shemar Bartholomew,1800,12
Nazir Stackhouse,Benjamin St-Juste,1800,10
Nazir Stackhouse,Murvin Kenion,1800,10
Nazir Stackhouse,Ty'Ron Hopper,1800,10
Nazir Stackhouse,Isaiah McDuffie,1800,9
Nazir Stackhouse,Tra Fluellen,1800,9
Nazir Stackhouse,Brandon Cisse,1800,8
Nazir Stackhouse,Keisean Nixon,1800,8
Nazir Stackhouse,Chris McClellan,1800,7
Nazir Stackhouse,Nick Niemann,1800,6
Nazir Stackhouse,Anthony Campbell,1800,5
Nazir Stackhouse,Warren Brinson,1800,2
Nicholas Singleton,Austin Deculus,2100,16
Nicholas Singleton,Brandon Crenshaw-Dickson,2100,16
Nicholas Singleton,Jackson Slater,2100,16
Nicholas Singleton,Pat Coogan,2100,16
Nicholas Singleton,David Martin-Robinson,2100,11
Nicholas Singleton,Kylen Granson,2100,11
Nicholas Singleton,Chimere Dike,2100,10
Nicholas Singleton,Cordell Volson,2100,10
Nicholas Singleton,Elic Ayomanor,2100,10
Nicholas Singleton,Will Levis,2100,10
Nicholas Singleton,Xavier Restrepo,2100,9
Nicholas Singleton,Fernando Carmona,2100,6
Nicholas Singleton,Mitchell Trubisky,2100,6
Nicholas Singleton,Bryce Oliver,2100,5
Nicholas Singleton,K.J. Osborn,2100,5
Nicholas Singleton,Jaren Kanak,2100,1
Nicholas Singleton,Lance McCutcheon,2100,1
Nicholas Singleton,Mason Kinsey,2100,1
Nick Barrett,TeRah Edwards,4400,22
Nick Barrett,Avery Smith,4400,19
Nick Barrett,R.J. Mickens,4400,18
Nick Barrett,Genesis Smith,4400,17
Nick Barrett,Nikko Reed,4400,16
Nick Barrett,Marlowe Wax,4400,15
Nick Barrett,Junior Colson,4400,14
Nick Barrett,Garmon Randolph,4400,13
Nick Barrett,Deane Leonard,4400,12
Nick Barrett,Isas Waxter,4400,12
Nick Barrett,Nadame Tucker,4400,11
Nick Barrett,Andre Carter II,4400,10
Nick Barrett,Kyle Kennard,4400,10
Nick Barrett,Eric Rogers,4400,9
Nick Barrett,Kendall Williamson,4400,9
Nick Barrett,Akheem Mesidor,4400,8
Nick Barrett,Jacobian Guillory,4400,8
Nick Barrett,Del'Shawn Phillips,4400,7
Nick Barrett,Troy Dye,4400,7
Nick Barrett,Emany Johnson,4400,5
Nick Barrett,Lander Barton,4400,4
Nick Barrett,Myles Purchase,4400,4
Nick Barrett,Terry Webb,4400,4
Nick Barrett,Devin Grant,4400,3
Nick Barrett,Noah Avinger,4400,2
Nick Barrett,Rodney Shelley,4400,1
Nick DeGennaro,Jacob Rizy,3200,44
Nick DeGennaro,James Hudson,3200,31
Nick DeGennaro,Andrew Rupcich,3200,30
Nick DeGennaro,Lan Larison,3200,27
Nick DeGennaro,Behren Morton,3200,26
Nick DeGennaro,Dametrious Crownover,3200,26
Nick DeGennaro,Mehki Butler,3200,26
Nick DeGennaro,Kobe Prentice,3200,23
Nick DeGennaro,Jack Westover,3200,20
Nick DeGennaro,Caleb Lomu,3200,18
Nick DeGennaro,Marcus Bryant,3200,18
Nick DeGennaro,Tommy DeVito,3200,18
Nick DeGennaro,Cameron Dorner,3200,17
Nick DeGennaro,Eli Raridon,3200,15
Nick DeGennaro,JonDarius Morgan,3200,14
Nick DeGennaro,Kyle Williams,3200,14
Nick DeGennaro,Tejhaun Palmer,3200,14
Nick DeGennaro,Efton Chism III,3200,13
Nick DeGennaro,Lorenz Metz,3200,13
Nick DeGennaro,Jam Miller,3200,9
Nick DeGennaro,CJ Dippre,3200,8
Nick DeGennaro,Tanner Arkin,3200,5
Nick DeGennaro,Hassan Haskins,3200,4
Nick DeGennaro,Jamycal Hasty,3200,4
Nick DeGennaro,Mitch Van Vooren,3200,3
Nick Hampton,Thomas Incoom,0750,31
Nick Hampton,Jackson Kuwatch,0750,26
Nick Hampton,Demani Richardson,0750,23
Nick Hampton,Bam Martin-Scott,0750,18
Nick Hampton,Corey Thornton,0750,17
Nick Hampton,Isaiah Simmons,0750,16
Nick Hampton,Zakee Wheatley,0750,16
Nick Hampton,Akayleb Evans,0750,15
Nick Hampton,Aaron Hall,0750,14
Nick Hampton,Devonta Smith,0750,14
Nick Hampton,Elijah Garcia,0750,13
Nick Hampton,Chau Smith-Wade,0750,11
Nick Hampton,Cam Miller,0750,9
Nick Hampton,Jared Harrison-Hunte,0750,9
Nick Hampton,Lee Hunter,0750,9
Nick Hampton,Robert Rochell,0750,9
Nick Hampton,Lathan Ransom,0750,8
Nick Hampton,Kyon Barrs,0750,7
Nick Hampton,Maema Njongmeta,0750,7
Nick Hampton,Tyrek Funderburk,0750,7
Nick Hampton,Tywone Malone,0750,7
Nick Hampton,Cam Jackson,0750,6
Nick Hampton,Claudin Cherelus,0750,5
Nick Hampton,Trevin Wallace,0750,5
Nick Hampton,Will Lee III,0750,5
Nick Hampton,Parker Petersen,0750,3
Nick Herbig,Asante Samuel Jr.,3900,10
Nick Herbig,Jamel Dean,3900,10
Nick Herbig,Patrick Queen,3900,10
Nick Herbig,Payton Wilson,3900,10
Nick Herbig,Rayshawn Jenkins,3900,10
Nick Herbig,Robert Spears-Jennings,3900,10
Nick Herbig,Derrick Harmon,3900,9
Nick Herbig,Keeanu Benton,3900,9
Nick Herbig,Alex Highsmith,3900,8
Nick Herbig,Doneiko Slaughter,3900,8
Nick Herbig,Yahya Black,3900,3
Nick Herbig,Jack Sawyer,3900,2
Nick Herbig,Dean Lowry,3900,1
Nick Martin,Darrell Luter Jr.,4500,23
Nick Martin,Ephesians Prysock,4500,21
Nick Martin,Ashtyn Davis,4500,17
Nick Martin,Titus Leo,4500,17
Nick Martin,Sebastian Valdez,4500,15
Nick Martin,Tatum Bethune,4500,15
Nick Martin,Gracen Halton,4500,13
Nick Martin,Jalen Stroman,4500,13
Nick Martin,Jaden Dugger,4500,12
Nick Martin,Marques Sigle,4500,12
Nick Martin,Quinton Bell,4500,12
Nick Martin,Jakob Robinson,4500,9
Nick Martin,James Thompson Jr.,4500,9
Nick Martin,Garret Wallow,4500,8
Nick Martin,Ogbo Okoronkwo,4500,8
Nick Martin,Patrick McMorris,4500,8
Nick Martin,Xavier Thomas,4500,8
Nick Martin,Bryson Eason,4500,7
Nick Martin,Alfred Collins,4500,6
Nick Martin,Jalen Graham,4500,6
Nick Martin,Romello Height,4500,5
Nick Martin,Jack Jones,4500,4
Nick Martin,Eli Apple,4500,2
Nick Niemann,Benjamin St-Juste,1800,14
Nick Niemann,Jaylin Simpson,1800,14
Nick Niemann,Kitan Oladapo,1800,13
Nick Niemann,Ty'Ron Hopper,1800,12
Nick Niemann,Collin Oliver,1800,11
Nick Niemann,Mark Perry,1800,11
Nick Niemann,Chris McClellan,1800,10
Nick Niemann,Brenton Cox Jr.,1800,8
Nick Niemann,Murvin Kenion,1800,8
Nick Niemann,Anthony Campbell,1800,6
Nick Niemann,Jonathan Ford,1800,6
Nick Niemann,Nazir Stackhouse,1800,6
Nick Niemann,Nyjalik Kelly,1800,6
Nick Niemann,Shemar Bartholomew,1800,6
Nick Niemann,Warren Brinson,1800,4
Nick Niemann,Arron Mosby,1800,3
Nick Niemann,Jaden Crumedy,1800,2
Nick Samac,Haynes King,0750,31
Nick Samac,Isaia Glass,0750,31
Nick Samac,Ja'Tyre Carter,0750,31
Nick Samac,Elijah Cooks,0750,30
Nick Samac,Ryan Hayes,0750,29
Nick Samac,Casey Washington,0750,25
Nick Samac,Jimmy Horn Jr.,0750,25
Nick Samac,Caden Prieskorn,0750,23
Nick Samac,Stone Forsythe,0750,18
Nick Samac,Miles Davis,0750,17
Nick Samac,Albert Reese,0750,15
Nick Samac,Anthony Tyus III,0750,14
Nick Samac,Chamon Metayer,0750,14
Nick Samac,Roc Taylor,0750,4
Nick Samac,Ja'Seem Reed,0750,2
Nick Samac,Malick Meiga,0750,1
Nick Westbrook-Ikhine,Anthony Richardson,2200,13
Nick Westbrook-Ikhine,Blake Freeland,2200,13
Nick Westbrook-Ikhine,Dalton Tucker,2200,13
Nick Westbrook-Ikhine,Jalen Farmer,2200,13
Nick Westbrook-Ikhine,Josh Sills,2200,13
Nick Westbrook-Ikhine,Seth McGowan,2200,13
Nick Westbrook-Ikhine,Will Mallory,2200,9
Nick Westbrook-Ikhine,Coleman Owen,2200,8
Nick Westbrook-Ikhine,Deion Burks,2200,8
Nick Westbrook-Ikhine,Luke Tenuta,2200,8
Nick Westbrook-Ikhine,Andrew Ogletree,2200,5
Nick Westbrook-Ikhine,Jalen Travis,2200,5
Nick Westbrook-Ikhine,Laquon Treadwell,2200,5
Nick Westbrook-Ikhine,Pharaoh Brown,2200,4
Nick Whiteside,Thomas Harper,1540,32
Nick Whiteside,Anthony Lucas,1540,27
Nick Whiteside,Trevor Nowaske,1540,25
Nick Whiteside,Christian Izien,1540,22
Nick Whiteside,Devin White,1540,21
Nick Whiteside,Ennis Rakestraw Jr.,1540,21
Nick Whiteside,Chris Smith,1540,16
Nick Whiteside,Aamaris Brown,1540,15
Nick Whiteside,Levi Onwuzurike,1540,15
Nick Whiteside,Ahmed Hassanein,1540,14
Nick Whiteside,Mekhi Wingo,1540,13
Nick Whiteside,Tyler Lacy,1540,13
Nick Whiteside,Keith Abney II,1540,12
Nick Whiteside,Skyler Gill-Howard,1540,12
Nick Whiteside,Chuck Clark,1540,11
Nick Whiteside,Erick Hunter,1540,11
Nick Whiteside,Joe Bachie,1540,11
Nick Whiteside,Eric O'Neill,1540,9
Nick Whiteside,Myles Adams,1540,7
Nick Whiteside,Khalil Dorsey,1540,6
Nick Whiteside,Roger McCreary,1540,5
Nick Whiteside,Ben Stille,1540,1
Nikko Reed,Genesis Smith,4400,23
Nikko Reed,R.J. Mickens,4400,20
Nikko Reed,Deane Leonard,4400,18
Nikko Reed,Avery Smith,4400,17
Nikko Reed,Nick Barrett,4400,16
Nikko Reed,TeRah Edwards,4400,16
Nikko Reed,Marlowe Wax,4400,14
Nikko Reed,Nadame Tucker,4400,13
Nikko Reed,Kyle Kennard,4400,11
Nikko Reed,Del'Shawn Phillips,4400,10
Nikko Reed,Garmon Randolph,4400,10
Nikko Reed,Junior Colson,4400,10
Nikko Reed,Troy Dye,4400,10
Nikko Reed,Akheem Mesidor,4400,8
Nikko Reed,Jahmeer Carter,4400,8
Nikko Reed,Kendall Williamson,4400,8
Nikko Reed,Terry Webb,4400,8
Nikko Reed,Andre Carter II,4400,6
Nikko Reed,Isas Waxter,4400,5
Nikko Reed,Emany Johnson,4400,4
Nikko Reed,Jacobian Guillory,4400,4
Nikko Reed,Rodney Shelley,4400,1
Niklas Henning,Aidan O'Connell,2520,8
Niklas Henning,Albert Okwuegbunam,2520,8
Niklas Henning,Dalton Wagner,2520,8
Niklas Henning,Kamar Missouri,2520,8
Niklas Henning,Will Putnam,2520,8
Niklas Henning,Chase Roberts,2520,6
Niklas Henning,Dare Ogunbowale,2520,6
Niklas Henning,E.J. Williams Jr.,2520,6
Niklas Henning,Phillip Dorsett,2520,6
Niklas Henning,Atonio Mafi,2520,5
Niklas Henning,Jordan Meredith,2520,3
Niklas Henning,Chris Myarick,2520,2
Niklas Henning,Roman Hemby,2520,2
Niklas Henning,Brandon Johnson,2520,1
Niklas Henning,Dareke Young,2520,1
Niklas Henning,Patrick Gurd,2520,1
Niklas Henning,Shedrick Jackson,2520,1
Noah Avinger,Emany Johnson,4400,6
Noah Avinger,Eric Rogers,4400,6
Noah Avinger,Isas Waxter,4400,6
Noah Avinger,Lander Barton,4400,6
Noah Avinger,Myles Purchase,4400,6
Noah Avinger,Terry Webb,4400,5
Noah Avinger,Avery Smith,4400,4
Noah Avinger,Jacobian Guillory,4400,4
Noah Avinger,Andre Carter II,4400,3
Noah Avinger,Garmon Randolph,4400,3
Noah Avinger,Kyle Kennard,4400,3
Noah Avinger,Nadame Tucker,4400,3
Noah Avinger,Jahmeer Carter,4400,2
Noah Avinger,Nick Barrett,4400,2
Noah Avinger,TeRah Edwards,4400,1
Noah Thomas,Brian Parker II,0920,17
Noah Thomas,Jacob Bayer,0920,17
Noah Thomas,Jack Endries,0920,12
Noah Thomas,Ke'Shawn Williams,0920,12
Noah Thomas,Jalen Rivers,0920,11
Noah Thomas,Javon Foster,0920,11
Noah Thomas,Josh Johnson,0920,11
Noah Thomas,Dohnte Meyers,0920,10
Noah Thomas,Andrew Coker,0920,8
Noah Thomas,Kendall Milton,0920,8
Noah Thomas,Christian Jones,0920,6
Noah Thomas,Corey Robinson II,0920,6
Noah Thomas,Gary Brightwell,0920,6
Noah Thomas,Liam Brown,0920,6
Noah Thomas,Sean Clifford,0920,6
Noah Thomas,Xavier Johnson,0920,5
Noah Thomas,Cam Grandy,0920,3
Noah Thomas,Charlie Jones,0920,3
Noah Thomas,Cody Ford,0920,3
Noah Thomas,Tanner Hudson,0920,3
Noah Thomas,Jordan Moore,0920,2
Noah Thomas,Kentrel Bullock,0920,2
Noah Thomas,Jamal Haynes,0920,1
Noah Thomas,Josh Kattus,0920,1
Noah Whittington,Sam Hagen,2120,18
Noah Whittington,Blake Fisher,2120,15
Noah Whittington,Davis Mills,2120,15
Noah Whittington,Evan Brown,2120,15
Noah Whittington,Febechi Nwaiwu,2120,15
Noah Whittington,Justin Watson,2120,15
Noah Whittington,Foster Moreau,2120,14
Noah Whittington,Jared Wayne,2120,14
Noah Whittington,Jarrett Patterson,2120,13
Noah Whittington,Cade Stover,2120,11
Noah Whittington,Graham Mertz,2120,10
Noah Whittington,Lewis Bond,2120,10
Noah Whittington,Aireontae Ersery,2120,7
Noah Whittington,Braden Smith,2120,7
Noah Whittington,Ed Ingram,2120,7
Noah Whittington,Josh Kelly,2120,7
Noah Whittington,Keylan Rutledge,2120,7
Noah Whittington,Wyatt Teller,2120,7
Noah Whittington,Xavier Hutchinson,2120,7
Noah Whittington,Treyvhon Saunders,2120,6
Noah Whittington,Jake Andrews,2120,5
Noah Whittington,Layne Pryor,2120,5
Noah Whittington,Marlin Klein,2120,5
Noah Whittington,Eli Cox,2120,3
Noah Whittington,James Neal III,2120,3
Noah Whittington,Jarrett Kingston,2120,3
Noah Whittington,Jha'Quan Jackson,2120,3
Noah Whittington,Juwann Winfree,2120,2
Noah Whittington,Daniel Sobkowicz,2120,1
Nyjalik Kelly,Jaylin Simpson,1800,29
Nyjalik Kelly,Mark Perry,1800,26
Nyjalik Kelly,Kristian Welch,1800,23
Nyjalik Kelly,TJ Quinn,1800,23
Nyjalik Kelly,Trey Dean III,1800,23
Nyjalik Kelly,Jaden Crumedy,1800,21
Nyjalik Kelly,Nazir Stackhouse,1800,21
Nyjalik Kelly,MJ Devonshire,1800,19
Nyjalik Kelly,Shemar Bartholomew,1800,19
Nyjalik Kelly,Arron Mosby,1800,17
Nyjalik Kelly,Jonathan Ford,1800,17
Nyjalik Kelly,Collin Oliver,1800,14
Nyjalik Kelly,Ty'Ron Hopper,1800,14
Nyjalik Kelly,Kitan Oladapo,1800,13
Nyjalik Kelly,Chris McClellan,1800,11
Nyjalik Kelly,Tra Fluellen,1800,11
Nyjalik Kelly,Benjamin St-Juste,1800,10
Nyjalik Kelly,Warren Brinson,1800,9
Nyjalik Kelly,Brandon Cisse,1800,8
Nyjalik Kelly,Isaiah McDuffie,1800,8
Nyjalik Kelly,Keisean Nixon,1800,8
Nyjalik Kelly,Murvin Kenion,1800,8
Nyjalik Kelly,Anthony Campbell,1800,6
Nyjalik Kelly,Brenton Cox Jr.,1800,6
Nyjalik Kelly,Nick Niemann,1800,6
Ogbo Okoronkwo,Darrell Luter Jr.,4500,18
Ogbo Okoronkwo,Ephesians Prysock,4500,18
Ogbo Okoronkwo,Jakob Robinson,4500,17
Ogbo Okoronkwo,Ashtyn Davis,4500,13
Ogbo Okoronkwo,Jaden Dugger,4500,13
Ogbo Okoronkwo,Jalen Stroman,4500,12
Ogbo Okoronkwo,Quinton Bell,4500,12
Ogbo Okoronkwo,Bryson Eason,4500,11
Ogbo Okoronkwo,James Thompson Jr.,4500,11
Ogbo Okoronkwo,Marques Sigle,4500,11
Ogbo Okoronkwo,Tatum Bethune,4500,11
Ogbo Okoronkwo,Patrick McMorris,4500,10
Ogbo Okoronkwo,Alfred Collins,4500,9
Ogbo Okoronkwo,Romello Height,4500,9
Ogbo Okoronkwo,Jalen Graham,4500,8
Ogbo Okoronkwo,Nick Martin,4500,8
Ogbo Okoronkwo,Sebastian Valdez,4500,8
Ogbo Okoronkwo,Garret Wallow,4500,7
Ogbo Okoronkwo,Gracen Halton,4500,7
Ogbo Okoronkwo,Eli Apple,4500,5
Ogbo Okoronkwo,Jack Jones,4500,5
Ogbo Okoronkwo,Larry Worth,4500,5
Ogbo Okoronkwo,Xavier Thomas,4500,2
Olisaemeka Udoh,Ka'ena Decambra,3800,39
Olisaemeka Udoh,Kedon Slovis,3800,39
Olisaemeka Udoh,Reggie Virgil,3800,39
Olisaemeka Udoh,Valentin Senn,3800,39
Olisaemeka Udoh,Bryson Green,3800,32
Olisaemeka Udoh,Demontrey Jacobs,3800,29
Olisaemeka Udoh,Corey Kiner,3800,26
Olisaemeka Udoh,Rivaldo Fairweather,3800,26
Olisaemeka Udoh,Christian Jones,3800,25
Olisaemeka Udoh,Harrison Wallace III,3800,24
Olisaemeka Udoh,Matt Pryor,3800,24
Olisaemeka Udoh,Jameson Geers,3800,14
Olisaemeka Udoh,Xavier Weaver,3800,14
Olisaemeka Udoh,Evan Hull,3800,13
Olisaemeka Udoh,Shawn Bowman,3800,7
Oluwafemi Oladejo,Malik Herring,2100,17
Oluwafemi Oladejo,Anthony Hill Jr.,2100,16
Oluwafemi Oladejo,Jalyn Holmes,2100,16
Oluwafemi Oladejo,Micah Robinson,2100,16
Oluwafemi Oladejo,Nazeeh Johnson,2100,16
Oluwafemi Oladejo,Earnest Brown IV,2100,14
Oluwafemi Oladejo,Erick Hallett,2100,14
Oluwafemi Oladejo,James Williams,2100,14
Oluwafemi Oladejo,Tony Adams,2100,10
Oluwafemi Oladejo,Kendell Brooks,2100,9
Oluwafemi Oladejo,Jerrick Reed II,2100,7
Oluwafemi Oladejo,Alontae Taylor,2100,6
Oluwafemi Oladejo,Amani Hooker,2100,6
Oluwafemi Oladejo,Cedric Gray,2100,6
Oluwafemi Oladejo,Cody Barton,2100,6
Oluwafemi Oladejo,Cordale Flott,2100,6
Oluwafemi Oladejo,Keldric Faulk,2100,6
Oluwafemi Oladejo,Kevin Winston Jr.,2100,6
Oluwafemi Oladejo,Dorian Mausi,2100,5
Oluwafemi Oladejo,Khalen Saunders,2100,5
Oluwafemi Oladejo,Marcus Harris,2100,5
Oluwafemi Oladejo,Bishop Fitzgerald,2100,3
Oluwafemi Oladejo,Derrick Canteen,2100,3
Oluwafemi Oladejo,Jordan Elliott,2100,2
Oluwafemi Oladejo,Timmy Horne,2100,2
Oluwafemi Oladejo,Jeffery Simmons,2100,1
Oluwafemi Oladejo,Jermaine Johnson II,2100,1
Oluwafemi Oladejo,Solomon Thomas,2100,1
Oluwafemi Oladejo,Truman Jones,2100,1
Oren Burks,D.J. Ivey,0920,13
Oren Burks,Josh Newton,0920,13
Oren Burks,Swayze Bozeman,0920,13
Oren Burks,Cedric Johnson,0920,12
Oren Burks,Landon Robinson,0920,12
Oren Burks,Cashius Howell,0920,11
Oren Burks,PJ Jules,0920,11
Oren Burks,Kris Jenkins,0920,10
Oren Burks,Daijahn Anthony,0920,7
Oren Burks,Kyle Dugger,0920,6
Oren Burks,McKinnley Jackson,0920,6
Oren Burks,Bralyn Lux,0920,5
Oren Burks,Howard Cross III,0920,3
Oren Burks,Ja'Sir Taylor,0920,3
Oren Burks,Isaiah Foskey,0920,2
Oren Burks,Russ Yeast,0920,2
Oren Burks,Antwaun Powell-Ryland,0920,1
Orlando Brown,Amarius Mims,0920,12
Orlando Brown,Dalton Risner,0920,12
Orlando Brown,Dylan Fairchild,0920,12
Orlando Brown,Ja'Marr Chase,0920,12
Orlando Brown,Joe Burrow,0920,12
Orlando Brown,Ted Karras,0920,12
Orlando Brown,Drew Sample,0920,10
Orlando Brown,Tee Higgins,0920,10
Orlando Brown,Andrei Iosivas,0920,9
Orlando Brown,Chase Brown,0920,8
Orlando Brown,Samaje Perine,0920,4
Orlando Brown,Mike Gesicki,0920,3
Orlando Brown,Cam Grandy,0920,2
Orlando Brown,Colbie Young,0920,2
Oronde Gadsden II,Branson Taylor,4400,18
Oronde Gadsden II,Brenen Thompson,4400,18
Oronde Gadsden II,Jake Slaughter,4400,18
Oronde Gadsden II,Travis Burke,4400,18
Oronde Gadsden II,Trey Lance,4400,18
Oronde Gadsden II,KeAndre Lambert-Smith,4400,16
Oronde Gadsden II,Scott Matlock,4400,13
Oronde Gadsden II,Kayode Awosika,4400,12
Oronde Gadsden II,Logan Taylor,4400,12
Oronde Gadsden II,Kimani Vidal,4400,11
Oronde Gadsden II,Jacob Spomer,4400,6
Oronde Gadsden II,Trevor Penning,4400,6
Oronde Gadsden II,Derius Davis,4400,5
Oronde Gadsden II,Jaret Patterson,4400,5
Oronde Gadsden II,Amar Johnson,4400,2
Oronde Gadsden II,JaQuae Jackson,4400,2
Owen Pappoe,Isaiah Oliver,3800,57
Owen Pappoe,Wydett Williams Jr.,3800,57
Owen Pappoe,Jonah Williams,3800,50
Owen Pappoe,Kalen King,3800,45
Owen Pappoe,Elijah Jones,3800,39
Owen Pappoe,Elliott Brown,3800,38
Owen Pappoe,Cam Robertson,3800,37
Owen Pappoe,Elijah Culp,3800,36
Owen Pappoe,Kei'Trel Clark,3800,36
Owen Pappoe,Austin Keys,3800,34
Owen Pappoe,Cam Horsley,3800,30
Owen Pappoe,Damonic Williams,3800,28
Owen Pappoe,Eku Leota,3800,28
Owen Pappoe,BJ Ojulari,3800,27
Owen Pappoe,Brodric Martin,3800,26
Owen Pappoe,Karson Sharar,3800,22
Owen Pappoe,Starling Thomas V,3800,18
Owen Pappoe,Andrew Billings,3800,10
Owen Pappoe,Dadrion Taylor-Demerson,3800,8
Owen Pappoe,Kitan Crawford,3800,8
Owen Pappoe,Eugene Asante,3800,7
Owen Pappoe,Quinton Newsome,3800,5
Owen Pappoe,Zachary Carter,3800,3
Owen Pappoe,Max Melton,3800,1
Owen Wright,Lewis Bond,2120,5
Owen Wright,Sam Hagen,2120,5
Owen Wright,Blake Fisher,2120,4
Owen Wright,Davis Mills,2120,4
Owen Wright,Evan Brown,2120,4
Owen Wright,Febechi Nwaiwu,2120,4
Owen Wright,Josh Kelly,2120,4
Owen Wright,Cade Stover,2120,3
Owen Wright,Jake Andrews,2120,3
Owen Wright,Layne Pryor,2120,3
Owen Wright,Jarrett Patterson,2120,2
Owen Wright,Eli Cox,2120,1
Owen Wright,Foster Moreau,2120,1
Owen Wright,Graham Mertz,2120,1
Owen Wright,James Neal III,2120,1
Owen Wright,Jared Wayne,2120,1
Owen Wright,Jarrett Kingston,2120,1
Owen Wright,Justin Watson,2120,1
Owen Wright,Juwann Winfree,2120,1
Owen Wright,Marlin Klein,2120,1
PJ Jules,Cedric Johnson,0920,21
PJ Jules,Josh Newton,0920,20
PJ Jules,Kris Jenkins,0920,18
PJ Jules,Landon Robinson,0920,18
PJ Jules,Swayze Bozeman,0920,17
PJ Jules,Cashius Howell,0920,13
PJ Jules,D.J. Ivey,0920,13
PJ Jules,McKinnley Jackson,0920,11
PJ Jules,Oren Burks,0920,11
PJ Jules,Bralyn Lux,0920,10
PJ Jules,Ceyair Wright,0920,10
PJ Jules,Daijahn Anthony,0920,10
PJ Jules,Isaiah Foskey,0920,10
PJ Jules,Shaka Heyward,0920,10
PJ Jules,Howard Cross III,0920,9
PJ Jules,Russ Yeast,0920,7
PJ Jules,Joe Giles-Harris,0920,6
PJ Jules,Kyle Dugger,0920,6
PJ Jules,Ja'Sir Taylor,0920,3
PJ Jules,Jalen Kimber,0920,3
PJ Jules,Antwaun Powell-Ryland,0920,2
PJ Jules,Jordan Jefferson,0920,2
Paris Johnson Jr.,Elijah Wilkinson,3800,10
Paris Johnson Jr.,Hjalte Froholdt,3800,10
Paris Johnson Jr.,Isaac Seumalo,3800,10
Paris Johnson Jr.,Isaiah Adams,3800,10
Paris Johnson Jr.,Jacoby Brissett,3800,10
Paris Johnson Jr.,Marvin Harrison Jr.,3800,10
Paris Johnson Jr.,Jeremiyah Love,3800,7
Paris Johnson Jr.,Kendrick Bourne,3800,7
Paris Johnson Jr.,Teagan Quitoriano,3800,7
Paris Johnson Jr.,Michael Wilson,3800,6
Paris Johnson Jr.,Rivaldo Fairweather,3800,5
Paris Johnson Jr.,Jalen Brooks,3800,4
Paris Johnson Jr.,Tyler Allgeier,3800,3
Paris Johnson Jr.,Trey McBride,3800,1
Parker Petersen,Demani Richardson,0750,13
Parker Petersen,Isaiah Simmons,0750,13
Parker Petersen,Cam Gill,0750,10
Parker Petersen,Devonta Smith,0750,10
Parker Petersen,Isaiah Smith,0750,10
Parker Petersen,DeCarlos Nicholson,0750,8
Parker Petersen,Kyon Barrs,0750,8
Parker Petersen,Maema Njongmeta,0750,8
Parker Petersen,Mapalo Mwansa,0750,8
Parker Petersen,Tyrek Funderburk,0750,8
Parker Petersen,Tywone Malone,0750,6
Parker Petersen,Bam Martin-Scott,0750,5
Parker Petersen,Jackson Kuwatch,0750,5
Parker Petersen,Robert Rochell,0750,5
Parker Petersen,Cam Miller,0750,3
Parker Petersen,Nick Hampton,0750,3
Parker Petersen,Thomas Incoom,0750,3
Parker Petersen,Corey Thornton,0750,2
Parker Petersen,Elijah Garcia,0750,2
Pat Coogan,Brandon Crenshaw-Dickson,2100,26
Pat Coogan,Jackson Slater,2100,26
Pat Coogan,Austin Deculus,2100,21
Pat Coogan,Cordell Volson,2100,20
Pat Coogan,Will Levis,2100,18
Pat Coogan,Kylen Granson,2100,16
Pat Coogan,Nicholas Singleton,2100,16
Pat Coogan,David Martin-Robinson,2100,14
Pat Coogan,Xavier Restrepo,2100,14
Pat Coogan,Chimere Dike,2100,13
Pat Coogan,Elic Ayomanor,2100,13
Pat Coogan,Bryce Oliver,2100,10
Pat Coogan,K.J. Osborn,2100,10
Pat Coogan,Michael Carter,2100,8
Pat Coogan,Mitchell Trubisky,2100,8
Pat Coogan,Fernando Carmona,2100,6
Pat Coogan,Zach Thomas,2100,5
Pat Coogan,Hank Beatty,2100,4
Pat Coogan,Joel Wilson,2100,3
Pat Coogan,Lance McCutcheon,2100,3
Pat Coogan,Mason Kinsey,2100,3
Pat Coogan,Julius Chestnut,2100,2
Pat Coogan,Jaren Kanak,2100,1
Pat Freiermuth,Dylan Cook,3900,8
Pat Freiermuth,Mason McCormick,3900,8
Pat Freiermuth,Mason Rudolph,3900,8
Pat Freiermuth,Spencer Anderson,3900,8
Pat Freiermuth,Troy Fautanu,3900,8
Pat Freiermuth,Zach Frazier,3900,8
Pat Freiermuth,Roman Wilson,3900,7
Pat Freiermuth,Travis Homer,3900,6
Pat Freiermuth,Brandon Smith,3900,5
Pat Freiermuth,Germie Bernard,3900,5
Pat Freiermuth,Ben Skowronek,3900,3
Pat Freiermuth,Darnell Washington,3900,3
Pat Freiermuth,Lew Nichols III,3900,2
Pat Freiermuth,Robert Tonyan,3900,1
Patrick Gurd,Aidan O'Connell,2520,1
Patrick Gurd,Albert Okwuegbunam,2520,1
Patrick Gurd,Chris Myarick,2520,1
Patrick Gurd,Dalton Wagner,2520,1
Patrick Gurd,Dareke Young,2520,1
Patrick Gurd,Jordan Meredith,2520,1
Patrick Gurd,Kamar Missouri,2520,1
Patrick Gurd,Niklas Henning,2520,1
Patrick Gurd,Roman Hemby,2520,1
Patrick Gurd,Will Putnam,2520,1
Patrick Johnson,Greedy Vance,2520,24
Patrick Johnson,Tristin McCollum,2520,19
Patrick Johnson,Keyron Crawford,2520,16
Patrick Johnson,Caleb Offord,2520,13
Patrick Johnson,Dalton Johnson,2520,13
Patrick Johnson,Hezekiah Masses,2520,12
Patrick Johnson,Jermod McCoy,2520,12
Patrick Johnson,Treydan Stukes,2520,12
Patrick Johnson,Benito Jones,2520,10
Patrick Johnson,Brandon Cleveland,2520,10
Patrick Johnson,Cody Lindenberg,2520,10
Patrick Johnson,Jonah Laulu,2520,10
Patrick Johnson,Tommy Eichenberg,2520,10
Patrick Johnson,Cameron McGrone,2520,9
Patrick Johnson,Jahfari Harvey,2520,9
Patrick Johnson,Segun Olubi,2520,9
Patrick Johnson,Gary Smith III,2520,8
Patrick Johnson,Chigozie Anusiem,2520,7
Patrick Johnson,JJ Pegues,2520,7
Patrick Johnson,Buddy Johnson,2520,6
Patrick Johnson,Devin Lafayette,2520,6
Patrick Johnson,Devyn Perkins,2520,6
Patrick Johnson,Treven Ma'ae,2520,6
Patrick Johnson,Xavian Sorey Jr.,2520,6
Patrick McMorris,Ephesians Prysock,4500,23
Patrick McMorris,Jalen Stroman,4500,23
Patrick McMorris,Jakob Robinson,4500,20
Patrick McMorris,Jalen Graham,4500,20
Patrick McMorris,Eli Apple,4500,15
Patrick McMorris,Xavier Thomas,4500,15
Patrick McMorris,Larry Worth,4500,13
Patrick McMorris,Bryson Eason,4500,12
Patrick McMorris,James Thompson Jr.,4500,12
Patrick McMorris,Gracen Halton,4500,11
Patrick McMorris,Sebastian Valdez,4500,11
Patrick McMorris,Titus Leo,4500,11
Patrick McMorris,Ogbo Okoronkwo,4500,10
Patrick McMorris,Quinton Bell,4500,10
Patrick McMorris,Darrell Luter Jr.,4500,8
Patrick McMorris,Nick Martin,4500,8
Patrick McMorris,Tatum Bethune,4500,8
Patrick Queen,Asante Samuel Jr.,3900,12
Patrick Queen,Jamel Dean,3900,12
Patrick Queen,Payton Wilson,3900,12
Patrick Queen,Rayshawn Jenkins,3900,12
Patrick Queen,Robert Spears-Jennings,3900,12
Patrick Queen,Alex Highsmith,3900,10
Patrick Queen,Nick Herbig,3900,10
Patrick Queen,Derrick Harmon,3900,9
Patrick Queen,Doneiko Slaughter,3900,9
Patrick Queen,Keeanu Benton,3900,9
Patrick Queen,Yahya Black,3900,5
Patrick Queen,Jack Sawyer,3900,4
Patrick Queen,Dean Lowry,3900,3
Patrick Queen,Gabe Rubio,3900,1
Patrick Taylor,Austen Pleasants,4500,20
Patrick Taylor,Brandon Parker,4500,20
Patrick Taylor,Brayden Willis,4500,20
Patrick Taylor,Connor Colby,4500,20
Patrick Taylor,Drake Nugent,4500,20
Patrick Taylor,Kurtis Rourke,4500,20
Patrick Taylor,Robert Jones,4500,20
Patrick Taylor,De'Zhaun Stribling,4500,18
Patrick Taylor,Malik Turner,4500,18
Patrick Taylor,Jordan Watkins,4500,15
Patrick Taylor,Hayden Rucci,4500,7
Patrick Taylor,KhaDarel Hodge,4500,2
Payton Wilson,Asante Samuel Jr.,3900,12
Payton Wilson,Jamel Dean,3900,12
Payton Wilson,Patrick Queen,3900,12
Payton Wilson,Rayshawn Jenkins,3900,12
Payton Wilson,Robert Spears-Jennings,3900,12
Payton Wilson,Alex Highsmith,3900,10
Payton Wilson,Nick Herbig,3900,10
Payton Wilson,Derrick Harmon,3900,9
Payton Wilson,Doneiko Slaughter,3900,9
Payton Wilson,Keeanu Benton,3900,9
Payton Wilson,Yahya Black,3900,5
Payton Wilson,Jack Sawyer,3900,4
Payton Wilson,Dean Lowry,3900,3
Payton Wilson,Gabe Rubio,3900,1
Peter Manuma,Khalil Jacobs,3200,29
Peter Manuma,Bradyn Swinson,3200,28
Peter Manuma,Brandon Crossley,3200,26
Peter Manuma,Namdi Obiazor,3200,22
Peter Manuma,Kobee Minor,3200,20
Peter Manuma,Eric Butler,3200,17
Peter Manuma,Kenneth Harris,3200,17
Peter Manuma,Amari Gainer,3200,15
Peter Manuma,Leonard Taylor III,3200,14
Peter Manuma,Jesse Luketa,3200,13
Peter Manuma,Casey Rogers,3200,12
Peter Manuma,Isaiah Iton,3200,12
Peter Manuma,Karon Prunty,3200,12
Peter Manuma,Jeremiah Pharms Jr.,3200,11
Peter Manuma,Mike Brown,3200,10
Peter Manuma,Eric Gregory,3200,9
Peter Manuma,Marcellas Dial Jr.,3200,5
Peter Manuma,Riley Wilson,3200,5
Peter Manuma,Channing Canada,3200,4
Peter Manuma,John Saunders Jr.,3200,4
Peter Manuma,Joshua Farmer,3200,3
Peter Manuma,Quintayvious Hutchins,3200,2
Peter Skoronski,Austin Schlottmann,2100,21
Peter Skoronski,Cam Ward,2100,21
Peter Skoronski,Dan Moore Jr.,2100,21
Peter Skoronski,Fernando Carmona,2100,21
Peter Skoronski,JC Latham,2100,21
Peter Skoronski,Wan'Dale Robinson,2100,16
Peter Skoronski,Carnell Tate,2100,15
Peter Skoronski,Elic Ayomanor,2100,15
Peter Skoronski,Daniel Bellinger,2100,13
Peter Skoronski,Gunnar Helm,2100,13
Peter Skoronski,Tyjae Spears,2100,12
Peter Skoronski,Tony Pollard,2100,9
Peter Skoronski,Calvin Ridley,2100,7
Peter Skoronski,Chimere Dike,2100,5
Pharaoh Brown,Blake Freeland,2200,33
Pharaoh Brown,Luke Tenuta,2200,27
Pharaoh Brown,Jimmy Morrissey,2200,25
Pharaoh Brown,Riley Leonard,2200,25
Pharaoh Brown,Geno VanDeMark,2200,22
Pharaoh Brown,Anderson Castle,2200,21
Pharaoh Brown,Josh Kreutz,2200,19
Pharaoh Brown,Raylen Sharpe,2200,19
Pharaoh Brown,Sahmir Hagans,2200,19
Pharaoh Brown,Jalen Farmer,2200,14
Pharaoh Brown,E.J. Horton,2200,13
Pharaoh Brown,Josh Sills,2200,11
Pharaoh Brown,Will Mallory,2200,11
Pharaoh Brown,Eli Pancol,2200,10
Pharaoh Brown,Anthony Richardson,2200,8
Pharaoh Brown,D.J. Montgomery,2200,8
Pharaoh Brown,Dalton Tucker,2200,8
Pharaoh Brown,Deion Burks,2200,7
Pharaoh Brown,Bayron Matos,2200,6
Pharaoh Brown,Ben Nikkel,2200,5
Pharaoh Brown,Nick Westbrook-Ikhine,2200,4
Pharaoh Brown,Roydell Williams,2200,4
Pharaoh Brown,Seth McGowan,2200,4
Pharaoh Brown,Ulysses Bentley IV,2200,4
Pharaoh Brown,Coleman Owen,2200,3
Phillip Dorsett,Aidan O'Connell,2520,14
Phillip Dorsett,Dalton Wagner,2520,14
Phillip Dorsett,Kamar Missouri,2520,14
Phillip Dorsett,Will Putnam,2520,14
Phillip Dorsett,Atonio Mafi,2520,13
Phillip Dorsett,Chase Roberts,2520,13
Phillip Dorsett,Albert Okwuegbunam,2520,11
Phillip Dorsett,Dare Ogunbowale,2520,9
Phillip Dorsett,Jordan Meredith,2520,9
Phillip Dorsett,Shedrick Jackson,2520,8
Phillip Dorsett,E.J. Williams Jr.,2520,6
Phillip Dorsett,Niklas Henning,2520,6
Phillip Dorsett,Roman Hemby,2520,5
Phillip Dorsett,Chris Myarick,2520,4
Pierre Strong,Anthony Belton,1800,17
Pierre Strong,Donovan Jennings,1800,17
Pierre Strong,Jacob Monk,1800,17
Pierre Strong,Jager Burton,1800,17
Pierre Strong,Drake Dabney,1800,15
Pierre Strong,Savion Williams,1800,13
Pierre Strong,Isaiah Neyor,1800,12
Pierre Strong,John Williams,1800,10
Pierre Strong,Kyle McCord,1800,10
Pierre Strong,Bo Melton,1800,7
Pierre Strong,J. Michael Sturdivant,1800,7
Pierre Strong,Jordan Morgan,1800,7
Pierre Strong,Skyy Moore,1800,7
Pierre Strong,Tyrod Taylor,1800,7
Pierre Strong,Messiah Swinson,1800,5
Pierre Strong,Will Sheppard,1800,2
Princely Umanmielen,Akayleb Evans,0750,14
Princely Umanmielen,Claudin Cherelus,0750,14
Princely Umanmielen,Lathan Ransom,0750,14
Princely Umanmielen,Trevin Wallace,0750,14
Princely Umanmielen,Trevis Gipson,0750,14
Princely Umanmielen,Will Lee III,0750,14
Princely Umanmielen,Zakee Wheatley,0750,14
Princely Umanmielen,Chau Smith-Wade,0750,11
Princely Umanmielen,Jared Harrison-Hunte,0750,8
Princely Umanmielen,Aaron Hall,0750,7
Princely Umanmielen,Cam Jackson,0750,7
Princely Umanmielen,Lee Hunter,0750,7
Princely Umanmielen,Elijah Garcia,0750,2
Quay Walker,Darien Porter,2520,10
Quay Walker,Eric Stokes,2520,10
Quay Walker,Isaiah Pola-Mao,2520,10
Quay Walker,Jeremy Chinn,2520,10
Quay Walker,Kwity Paye,2520,10
Quay Walker,Malcolm Koonce,2520,10
Quay Walker,Nakobe Dean,2520,10
Quay Walker,Taron Johnson,2520,8
Quay Walker,Adam Butler,2520,7
Quay Walker,Tonka Hemingway,2520,6
Quay Walker,Jonah Laulu,2520,5
Quay Walker,Thomas Booker,2520,4
Quintayvious Hutchins,Chad Muma,3200,27
Quintayvious Hutchins,Dell Pettus,3200,27
Quintayvious Hutchins,Karon Prunty,3200,27
Quintayvious Hutchins,Channing Canada,3200,25
Quintayvious Hutchins,Gabe Jacas,3200,25
Quintayvious Hutchins,John Saunders Jr.,3200,20
Quintayvious Hutchins,Joshua Farmer,3200,20
Quintayvious Hutchins,Eric Gregory,3200,15
Quintayvious Hutchins,K.J. Britt,3200,14
Quintayvious Hutchins,Khalil Jacobs,3200,14
Quintayvious Hutchins,Marcellas Dial Jr.,3200,13
Quintayvious Hutchins,Jeremiah Pharms Jr.,3200,12
Quintayvious Hutchins,Mike Brown,3200,10
Quintayvious Hutchins,Isaiah Iton,3200,8
Quintayvious Hutchins,Kindle Vildor,3200,8
Quintayvious Hutchins,Leonard Taylor III,3200,7
Quintayvious Hutchins,Bradyn Swinson,3200,4
Quintayvious Hutchins,Brandon Crossley,3200,2
Quintayvious Hutchins,Casey Rogers,3200,2
Quintayvious Hutchins,Eric Butler,3200,2
Quintayvious Hutchins,Kenneth Harris,3200,2
Quintayvious Hutchins,Kobee Minor,3200,2
Quintayvious Hutchins,Peter Manuma,3200,2
Quintayvious Hutchins,Namdi Obiazor,3200,1
Quintayvious Hutchins,Riley Wilson,3200,1
Quinton Bell,Ephesians Prysock,4500,23
Quinton Bell,Jakob Robinson,4500,18
Quinton Bell,Darrell Luter Jr.,4500,17
Quinton Bell,Jalen Stroman,4500,17
Quinton Bell,Ashtyn Davis,4500,14
Quinton Bell,James Thompson Jr.,4500,14
Quinton Bell,Tatum Bethune,4500,13
Quinton Bell,Nick Martin,4500,12
Quinton Bell,Ogbo Okoronkwo,4500,12
Quinton Bell,Gracen Halton,4500,11
Quinton Bell,Bryson Eason,4500,10
Quinton Bell,Patrick McMorris,4500,10
Quinton Bell,Jaden Dugger,4500,9
Quinton Bell,Jalen Graham,4500,9
Quinton Bell,Sebastian Valdez,4500,8
Quinton Bell,Titus Leo,4500,8
Quinton Bell,Eli Apple,4500,7
Quinton Bell,Larry Worth,4500,7
Quinton Bell,Marques Sigle,4500,7
Quinton Bell,Alfred Collins,4500,5
Quinton Bell,Garret Wallow,4500,4
Quinton Bell,Romello Height,4500,2
Quinton Bell,Xavier Thomas,4500,2
Quinton Bell,Jack Jones,4500,1
Quinton Newsome,Elijah Culp,3800,30
Quinton Newsome,Elijah Jones,3800,30
Quinton Newsome,Isaiah Oliver,3800,30
Quinton Newsome,Wydett Williams Jr.,3800,30
Quinton Newsome,Karson Sharar,3800,26
Quinton Newsome,Austin Keys,3800,25
Quinton Newsome,Damonic Williams,3800,20
Quinton Newsome,BJ Ojulari,3800,16
Quinton Newsome,Cam Robertson,3800,16
Quinton Newsome,Cam Horsley,3800,15
Quinton Newsome,Jonah Williams,3800,15
Quinton Newsome,Eku Leota,3800,14
Quinton Newsome,Elliott Brown,3800,14
Quinton Newsome,Brodric Martin,3800,10
Quinton Newsome,Owen Pappoe,3800,5
Quinton Newsome,Eugene Asante,3800,4
R.J. Mickens,Genesis Smith,4400,22
R.J. Mickens,Deane Leonard,4400,21
R.J. Mickens,Nikko Reed,4400,20
R.J. Mickens,Nick Barrett,4400,18
R.J. Mickens,TeRah Edwards,4400,18
R.J. Mickens,Marlowe Wax,4400,17
R.J. Mickens,Avery Smith,4400,14
R.J. Mickens,Junior Colson,4400,14
R.J. Mickens,Nadame Tucker,4400,14
R.J. Mickens,Garmon Randolph,4400,12
R.J. Mickens,Kyle Kennard,4400,12
R.J. Mickens,Kendall Williamson,4400,11
R.J. Mickens,Del'Shawn Phillips,4400,10
R.J. Mickens,Troy Dye,4400,10
R.J. Mickens,Jahmeer Carter,4400,9
R.J. Mickens,Terry Webb,4400,9
R.J. Mickens,Akheem Mesidor,4400,8
R.J. Mickens,Andre Carter II,4400,8
R.J. Mickens,Jacobian Guillory,4400,7
R.J. Mickens,Isas Waxter,4400,5
R.J. Mickens,Eric Rogers,4400,4
R.J. Mickens,Rodney Shelley,4400,4
R.J. Mickens,Emany Johnson,4400,3
Raheem Blackshear,Colby Sorsdal,1540,14
Raheem Blackshear,Luke Altmyer,1540,14
Raheem Blackshear,Mason Miller,1540,14
Raheem Blackshear,Melvin Priestly,1540,14
Raheem Blackshear,Michael Niese,1540,14
Raheem Blackshear,Miles Frazier,1540,14
Raheem Blackshear,Zach Horton,1540,11
Raheem Blackshear,Malik Cunningham,1540,8
Raheem Blackshear,Tay Martin,1540,8
Raheem Blackshear,Thomas Gordon,1540,8
Raheem Blackshear,Dominic Lovett,1540,6
Raheem Blackshear,Lucky Jackson,1540,6
Raheem Blackshear,Tarik Black,1540,6
Raheem Blackshear,Tom Kennedy,1540,3
Rasheed Miller,Andre James,2100,10
Rasheed Miller,Drew Moss,2100,10
Rasheed Miller,Garrett Dellinger,2100,10
Rasheed Miller,Hendon Hooker,2100,10
Rasheed Miller,Joel Wilson,2100,9
Rasheed Miller,Zach Thomas,2100,8
Rasheed Miller,Julius Chestnut,2100,6
Rasheed Miller,Tyren Montgomery,2100,6
Rasheed Miller,Courtney Jackson,2100,4
Rasheed Miller,David Martin-Robinson,2100,4
Rasheed Miller,Hank Beatty,2100,4
Rasheed Miller,Lance McCutcheon,2100,4
Rasheed Miller,Mason Kinsey,2100,4
Rasheed Miller,Michael Carter,2100,4
Rasheed Miller,Kylen Granson,2100,3
Rasheed Miller,Aamil Wagner,2100,2
Rasheed Miller,Xavier Restrepo,2100,2
Raylen Sharpe,Blake Freeland,2200,28
Raylen Sharpe,Jimmy Morrissey,2200,28
Raylen Sharpe,Riley Leonard,2200,28
Raylen Sharpe,Geno VanDeMark,2200,27
Raylen Sharpe,Anderson Castle,2200,24
Raylen Sharpe,Luke Tenuta,2200,22
Raylen Sharpe,Josh Kreutz,2200,21
Raylen Sharpe,Sahmir Hagans,2200,21
Raylen Sharpe,Pharaoh Brown,2200,19
Raylen Sharpe,E.J. Horton,2200,15
Raylen Sharpe,D.J. Montgomery,2200,7
Raylen Sharpe,Eli Pancol,2200,7
Raylen Sharpe,Jalen Farmer,2200,7
Raylen Sharpe,Will Mallory,2200,7
Raylen Sharpe,Bayron Matos,2200,6
Raylen Sharpe,Ben Nikkel,2200,5
Raylen Sharpe,Roydell Williams,2200,4
Raylen Sharpe,Carson Towt,2200,2
Raylen Sharpe,Deion Burks,2200,1
Raylen Sharpe,Josh Sills,2200,1
Rayshawn Jenkins,Asante Samuel Jr.,3900,12
Rayshawn Jenkins,Jamel Dean,3900,12
Rayshawn Jenkins,Patrick Queen,3900,12
Rayshawn Jenkins,Payton Wilson,3900,12
Rayshawn Jenkins,Robert Spears-Jennings,3900,12
Rayshawn Jenkins,Alex Highsmith,3900,10
Rayshawn Jenkins,Nick Herbig,3900,10
Rayshawn Jenkins,Derrick Harmon,3900,9
Rayshawn Jenkins,Doneiko Slaughter,3900,9
Rayshawn Jenkins,Keeanu Benton,3900,9
Rayshawn Jenkins,Yahya Black,3900,5
Rayshawn Jenkins,Jack Sawyer,3900,4
Rayshawn Jenkins,Dean Lowry,3900,3
Rayshawn Jenkins,Gabe Rubio,3900,1
Reggie Virgil,Bryson Green,3800,58
Reggie Virgil,Ka'ena Decambra,3800,51
Reggie Virgil,Kedon Slovis,3800,51
Reggie Virgil,Valentin Senn,3800,51
Reggie Virgil,Corey Kiner,3800,44
Reggie Virgil,Demontrey Jacobs,3800,41
Reggie Virgil,Olisaemeka Udoh,3800,39
Reggie Virgil,Rivaldo Fairweather,3800,39
Reggie Virgil,Harrison Wallace III,3800,38
Reggie Virgil,Christian Jones,3800,37
Reggie Virgil,Matt Pryor,3800,37
Reggie Virgil,Jameson Geers,3800,32
Reggie Virgil,Xavier Weaver,3800,27
Reggie Virgil,Hayden Conner,3800,26
Reggie Virgil,Jayden Williams,3800,26
Reggie Virgil,Jon Gaines II,3800,26
Reggie Virgil,Josh Fryar,3800,26
Reggie Virgil,Chase Bisontis,3800,25
Reggie Virgil,Bam Knight,3800,18
Reggie Virgil,Carson Beck,3800,18
Reggie Virgil,Evan Hull,3800,15
Reggie Virgil,Kenny Yeboah,3800,10
Reggie Virgil,Shawn Bowman,3800,9
Reggie Virgil,Gardner Minshew,3800,8
Reggie Virgil,Ihmir Smith-Marsette,3800,8
Reggie Virgil,Simi Fehoko,3800,8
Reggie Virgil,Jalen Brooks,3800,2
Riley Leonard,Blake Freeland,2200,35
Riley Leonard,Jimmy Morrissey,2200,35
Riley Leonard,Anderson Castle,2200,30
Riley Leonard,Geno VanDeMark,2200,30
Riley Leonard,Luke Tenuta,2200,29
Riley Leonard,Raylen Sharpe,2200,28
Riley Leonard,Pharaoh Brown,2200,25
Riley Leonard,Josh Kreutz,2200,21
Riley Leonard,Sahmir Hagans,2200,21
Riley Leonard,E.J. Horton,2200,15
Riley Leonard,Eli Pancol,2200,14
Riley Leonard,Jalen Farmer,2200,14
Riley Leonard,Will Mallory,2200,12
Riley Leonard,D.J. Montgomery,2200,11
Riley Leonard,Bayron Matos,2200,6
Riley Leonard,Ben Nikkel,2200,5
Riley Leonard,Josh Sills,2200,5
Riley Leonard,Roydell Williams,2200,5
Riley Leonard,Deion Burks,2200,4
Riley Leonard,Coleman Owen,2200,3
Riley Leonard,Carson Towt,2200,2
Riley Nowakowski,Broderick Jones,3900,8
Riley Nowakowski,Doug Nester,3900,8
Riley Nowakowski,Drew Allar,3900,7
Riley Nowakowski,Gennings Dunker,3900,7
Riley Nowakowski,Jack Driscoll,3900,7
Riley Nowakowski,Jaheim Bell,3900,6
Riley Nowakowski,Dylan Cook,3900,4
Riley Nowakowski,Eli Heidenreich,3900,4
Riley Nowakowski,Greg Crippen,3900,4
Riley Nowakowski,Jakobie Keeney-James,3900,4
Riley Nowakowski,Max Hurleman,3900,4
Riley Nowakowski,Ryan McCollum,3900,4
Riley Nowakowski,Darnell Washington,3900,3
Riley Nowakowski,Germie Bernard,3900,3
Riley Nowakowski,Kaleb Johnson,3900,3
Riley Nowakowski,Lake McRee,3900,3
Riley Nowakowski,Levi Wentz,3900,3
Riley Nowakowski,Lew Nichols III,3900,3
Riley Nowakowski,Mason McCormick,3900,3
Riley Nowakowski,Mason Rudolph,3900,3
Riley Nowakowski,Roman Wilson,3900,3
Riley Nowakowski,Spencer Anderson,3900,3
Riley Nowakowski,Troy Fautanu,3900,3
Riley Nowakowski,Zach Frazier,3900,3
Riley Nowakowski,Joaquin Davis,3900,2
Riley Nowakowski,Brock Hoffman,3900,1
Riley Nowakowski,Lance Mason,3900,1
Riley Nowakowski,Robert Tonyan,3900,1
Riley Nowakowski,Travis Homer,3900,1
Riley Nowakowski,Will Howard,3900,1
Riley Wilson,Bradyn Swinson,3200,8
Riley Wilson,Brandon Crossley,3200,8
Riley Wilson,Eric Butler,3200,8
Riley Wilson,Kenneth Harris,3200,8
Riley Wilson,Khalil Jacobs,3200,8
Riley Wilson,Kobee Minor,3200,8
Riley Wilson,Amari Gainer,3200,7
Riley Wilson,Eric Gregory,3200,5
Riley Wilson,Isaiah Iton,3200,5
Riley Wilson,Peter Manuma,3200,5
Riley Wilson,Leonard Taylor III,3200,3
Riley Wilson,Mike Brown,3200,3
Riley Wilson,Casey Rogers,3200,2
Riley Wilson,Jeremiah Pharms Jr.,3200,1
Riley Wilson,Quintayvious Hutchins,3200,1
Rivaldo Fairweather,Reggie Virgil,3800,39
Rivaldo Fairweather,Chase Bisontis,3800,30
Rivaldo Fairweather,Hayden Conner,3800,30
Rivaldo Fairweather,Jayden Williams,3800,30
Rivaldo Fairweather,Jon Gaines II,3800,30
Rivaldo Fairweather,Josh Fryar,3800,30
Rivaldo Fairweather,Bryson Green,3800,28
Rivaldo Fairweather,Ka'ena Decambra,3800,26
Rivaldo Fairweather,Kedon Slovis,3800,26
Rivaldo Fairweather,Olisaemeka Udoh,3800,26
Rivaldo Fairweather,Valentin Senn,3800,26
Rivaldo Fairweather,Corey Kiner,3800,24
Rivaldo Fairweather,Simi Fehoko,3800,23
Rivaldo Fairweather,Bam Knight,3800,21
Rivaldo Fairweather,Xavier Weaver,3800,20
Rivaldo Fairweather,Demontrey Jacobs,3800,19
Rivaldo Fairweather,Jalen Brooks,3800,19
Rivaldo Fairweather,Carson Beck,3800,17
Rivaldo Fairweather,Christian Jones,3800,17
Rivaldo Fairweather,Harrison Wallace III,3800,17
Rivaldo Fairweather,Matt Pryor,3800,16
Rivaldo Fairweather,Gardner Minshew,3800,13
Rivaldo Fairweather,Ihmir Smith-Marsette,3800,8
Rivaldo Fairweather,Jeremiyah Love,3800,6
Rivaldo Fairweather,Elijah Wilkinson,3800,5
Rivaldo Fairweather,Evan Hull,3800,5
Rivaldo Fairweather,Hjalte Froholdt,3800,5
Rivaldo Fairweather,Isaac Seumalo,3800,5
Rivaldo Fairweather,Isaiah Adams,3800,5
Rivaldo Fairweather,Jacoby Brissett,3800,5
Rivaldo Fairweather,Marvin Harrison Jr.,3800,5
Rivaldo Fairweather,Paris Johnson Jr.,3800,5
Rivaldo Fairweather,Teagan Quitoriano,3800,5
Rivaldo Fairweather,Tyler Allgeier,3800,5
Rivaldo Fairweather,Devin Duvernay,3800,4
Rivaldo Fairweather,Kenny Yeboah,3800,4
Rivaldo Fairweather,Jameson Geers,3800,3
Rivaldo Fairweather,Michael Wilson,3800,3
Rivaldo Fairweather,Shawn Bowman,3800,3
Rivaldo Fairweather,Kendrick Bourne,3800,2
Rob Carter Jr.,Caden Curry,2200,34
Rob Carter Jr.,George Gumbs Jr.,2200,34
Rob Carter Jr.,Daniel Scott,2200,29
Rob Carter Jr.,Jaylon Jones,2200,28
Rob Carter Jr.,Mekhi Rodgers,2200,26
Rob Carter Jr.,Trey Washington,2200,23
Rob Carter Jr.,Bryce Boettcher,2200,21
Rob Carter Jr.,Cameron Ball,2200,21
Rob Carter Jr.,Juanyeh Thomas,2200,20
Rob Carter Jr.,West Weeks,2200,20
Rob Carter Jr.,Jaylon Carlies,2200,18
Rob Carter Jr.,Johnathan Edwards,2200,17
Rob Carter Jr.,Jai'Onte' McMillan,2200,16
Rob Carter Jr.,Tim Smith,2200,15
Rob Carter Jr.,Jaylahn Tuimolaou,2200,14
Rob Carter Jr.,Tahj Chambers,2200,14
Rob Carter Jr.,Adetomiwa Adebawore,2200,13
Rob Carter Jr.,Austin Ajiake,2200,13
Rob Carter Jr.,Colby Wooden,2200,13
Rob Carter Jr.,Micheal Clemons,2200,13
Rob Carter Jr.,Jerry Tillery,2200,12
Rob Carter Jr.,Austin Brown,2200,9
Rob Carter Jr.,Derrick Nnadi,2200,9
Rob Carter Jr.,Hunter Wohler,2200,8
Rob Carter Jr.,Durell Nchami,2200,7
Rob Carter Jr.,Devin Veresuk,2200,6
Rob Carter Jr.,Mitchell Melton,2200,4
Rob Carter Jr.,Jonathan Owens,2200,3
Robert Jones,Austen Pleasants,4500,41
Robert Jones,Brandon Parker,4500,41
Robert Jones,Connor Colby,4500,41
Robert Jones,Drake Nugent,4500,41
Robert Jones,Jordan Watkins,4500,35
Robert Jones,Brayden Willis,4500,32
Robert Jones,Malik Turner,4500,26
Robert Jones,Kurtis Rourke,4500,24
Robert Jones,De'Zhaun Stribling,4500,20
Robert Jones,Patrick Taylor,4500,20
Robert Jones,Adrian Martinez,4500,17
Robert Jones,Sincere McCormick,4500,17
Robert Jones,Hayden Rucci,4500,16
Robert Jones,KhaDarel Hodge,4500,15
Robert Jones,Trenton Irwin,4500,13
Robert Jones,Josiah Deguara,4500,7
Robert Jones,Khalil Herbert,4500,4
Robert Rochell,Demani Richardson,0750,14
Robert Rochell,Isaiah Simmons,0750,14
Robert Rochell,Jackson Kuwatch,0750,14
Robert Rochell,Bam Martin-Scott,0750,13
Robert Rochell,Devonta Smith,0750,12
Robert Rochell,Nick Hampton,0750,9
Robert Rochell,Thomas Incoom,0750,9
Robert Rochell,Elijah Garcia,0750,8
Robert Rochell,Cam Miller,0750,7
Robert Rochell,Corey Thornton,0750,7
Robert Rochell,Kyon Barrs,0750,7
Robert Rochell,Tywone Malone,0750,6
Robert Rochell,Cam Gill,0750,5
Robert Rochell,Isaiah Smith,0750,5
Robert Rochell,Parker Petersen,0750,5
Robert Rochell,Aaron Hall,0750,4
Robert Rochell,Zakee Wheatley,0750,1
Robert Spears-Jennings,Jack Sawyer,3900,23
Robert Spears-Jennings,Carson Bruener,3900,22
Robert Spears-Jennings,Cole Holcomb,3900,22
Robert Spears-Jennings,Daylen Everette,3900,22
Robert Spears-Jennings,Sebastian Castro,3900,22
Robert Spears-Jennings,D'Shawn Jamison,3900,20
Robert Spears-Jennings,Doneiko Slaughter,3900,17
Robert Spears-Jennings,Jamin Davis,3900,17
Robert Spears-Jennings,Yahya Black,3900,16
Robert Spears-Jennings,Dean Lowry,3900,14
Robert Spears-Jennings,Esezi Otomewo,3900,14
Robert Spears-Jennings,Asante Samuel Jr.,3900,12
Robert Spears-Jennings,Devan Boykin,3900,12
Robert Spears-Jennings,Jamel Dean,3900,12
Robert Spears-Jennings,Patrick Queen,3900,12
Robert Spears-Jennings,Payton Wilson,3900,12
Robert Spears-Jennings,Rayshawn Jenkins,3900,12
Robert Spears-Jennings,Alex Highsmith,3900,10
Robert Spears-Jennings,Nick Herbig,3900,10
Robert Spears-Jennings,Derrick Harmon,3900,9
Robert Spears-Jennings,Keeanu Benton,3900,9
Robert Spears-Jennings,Julius Welschof,3900,8
Robert Spears-Jennings,Kevin Jobity Jr.,3900,8
Robert Spears-Jennings,Gabe Rubio,3900,5
Robert Tonyan,Brock Hoffman,3900,17
Robert Tonyan,Broderick Jones,3900,17
Robert Tonyan,Ryan McCollum,3900,17
Robert Tonyan,Will Howard,3900,17
Robert Tonyan,Doug Nester,3900,13
Robert Tonyan,Dylan Cook,3900,13
Robert Tonyan,Lew Nichols III,3900,13
Robert Tonyan,Germie Bernard,3900,11
Robert Tonyan,Roman Wilson,3900,8
Robert Tonyan,Ben Skowronek,3900,6
Robert Tonyan,Kaden Wetjen,3900,6
Robert Tonyan,Brandon Smith,3900,5
Robert Tonyan,Jack Driscoll,3900,5
Robert Tonyan,Levi Wentz,3900,5
Robert Tonyan,Max Hurleman,3900,5
Robert Tonyan,Spencer Anderson,3900,5
Robert Tonyan,Travis Homer,3900,5
Robert Tonyan,Jaheim Bell,3900,4
Robert Tonyan,Darnell Washington,3900,1
Robert Tonyan,Lake McRee,3900,1
Robert Tonyan,Mason McCormick,3900,1
Robert Tonyan,Mason Rudolph,3900,1
Robert Tonyan,Pat Freiermuth,3900,1
Robert Tonyan,Riley Nowakowski,3900,1
Robert Tonyan,Troy Fautanu,3900,1
Robert Tonyan,Zach Frazier,3900,1
Roc Taylor,Elijah Cooks,0750,4
Roc Taylor,Haynes King,0750,4
Roc Taylor,Isaia Glass,0750,4
Roc Taylor,Ja'Tyre Carter,0750,4
Roc Taylor,Jimmy Horn Jr.,0750,4
Roc Taylor,Nick Samac,0750,4
Roc Taylor,Ryan Hayes,0750,4
Roc Taylor,Caden Prieskorn,0750,3
Roc Taylor,Stone Forsythe,0750,3
Roc Taylor,Anthony Tyus III,0750,2
Roc Taylor,Miles Davis,0750,2
Roc Taylor,Albert Reese,0750,1
Roc Taylor,Chamon Metayer,0750,1
Rodney Shelley,Jahmeer Carter,4400,7
Rodney Shelley,Junior Colson,4400,7
Rodney Shelley,Kendall Williamson,4400,7
Rodney Shelley,Marlowe Wax,4400,7
Rodney Shelley,Terry Webb,4400,7
Rodney Shelley,Kyle Kennard,4400,5
Rodney Shelley,Nadame Tucker,4400,5
Rodney Shelley,Deane Leonard,4400,4
Rodney Shelley,Devin Grant,4400,4
Rodney Shelley,R.J. Mickens,4400,4
Rodney Shelley,Andre Carter II,4400,3
Rodney Shelley,Eric Rogers,4400,3
Rodney Shelley,Garmon Randolph,4400,3
Rodney Shelley,Genesis Smith,4400,3
Rodney Shelley,Jacobian Guillory,4400,3
Rodney Shelley,Avery Smith,4400,1
Rodney Shelley,Emany Johnson,4400,1
Rodney Shelley,Isas Waxter,4400,1
Rodney Shelley,Lander Barton,4400,1
Rodney Shelley,Myles Purchase,4400,1
Rodney Shelley,Nick Barrett,4400,1
Rodney Shelley,Nikko Reed,4400,1
Rodney Shelley,TeRah Edwards,4400,1
Roger McCreary,Erick Hunter,1540,32
Roger McCreary,Aamaris Brown,1540,31
Roger McCreary,Keith Abney II,1540,30
Roger McCreary,Myles Adams,1540,27
Roger McCreary,Eric O'Neill,1540,26
Roger McCreary,Skyler Gill-Howard,1540,25
Roger McCreary,Anthony Lucas,1540,24
Roger McCreary,Dan Jackson,1540,20
Roger McCreary,Ryan Cooper Jr.,1540,20
Roger McCreary,Troy Reeder,1540,19
Roger McCreary,Ahmed Hassanein,1540,17
Roger McCreary,Joe Bachie,1540,15
Roger McCreary,Chris Smith,1540,14
Roger McCreary,Thomas Harper,1540,11
Roger McCreary,Amen Ogbongbemiga,1540,10
Roger McCreary,Ben Stille,1540,10
Roger McCreary,Khalil Dorsey,1540,9
Roger McCreary,Loren Strickland,1540,8
Roger McCreary,Christian Izien,1540,7
Roger McCreary,Nick Whiteside,1540,5
Roger McCreary,Trevor Nowaske,1540,5
Roger McCreary,Levi Onwuzurike,1540,2
Roger McCreary,Mekhi Wingo,1540,1
Roger McCreary,Tyre West,1540,1
Roman Hemby,Aidan O'Connell,2520,7
Roman Hemby,Dalton Wagner,2520,7
Roman Hemby,Jordan Meredith,2520,7
Roman Hemby,Kamar Missouri,2520,7
Roman Hemby,Will Putnam,2520,7
Roman Hemby,Chris Myarick,2520,6
Roman Hemby,Shedrick Jackson,2520,6
Roman Hemby,Atonio Mafi,2520,5
Roman Hemby,Phillip Dorsett,2520,5
Roman Hemby,Albert Okwuegbunam,2520,4
Roman Hemby,Chase Roberts,2520,4
Roman Hemby,Niklas Henning,2520,2
Roman Hemby,Brandon Johnson,2520,1
Roman Hemby,Dareke Young,2520,1
Roman Hemby,Patrick Gurd,2520,1
Roman Wilson,Dylan Cook,3900,24
Roman Wilson,Germie Bernard,3900,22
Roman Wilson,Spencer Anderson,3900,17
Roman Wilson,Mason McCormick,3900,16
Roman Wilson,Mason Rudolph,3900,16
Roman Wilson,Troy Fautanu,3900,16
Roman Wilson,Zach Frazier,3900,16
Roman Wilson,Lew Nichols III,3900,15
Roman Wilson,Darnell Washington,3900,11
Roman Wilson,Ben Skowronek,3900,10
Roman Wilson,Brandon Smith,3900,10
Roman Wilson,Travis Homer,3900,9
Roman Wilson,Brock Hoffman,3900,8
Roman Wilson,Broderick Jones,3900,8
Roman Wilson,Robert Tonyan,3900,8
Roman Wilson,Ryan McCollum,3900,8
Roman Wilson,Will Howard,3900,8
Roman Wilson,Doug Nester,3900,7
Roman Wilson,Pat Freiermuth,3900,7
Roman Wilson,Riley Nowakowski,3900,3
Roman Wilson,Jaheim Bell,3900,1
Romello Height,Ashtyn Davis,4500,17
Romello Height,Darrell Luter Jr.,4500,17
Romello Height,Jaden Dugger,4500,17
Romello Height,Marques Sigle,4500,17
Romello Height,Alfred Collins,4500,14
Romello Height,Garret Wallow,4500,12
Romello Height,Jakob Robinson,4500,12
Romello Height,Ephesians Prysock,4500,10
Romello Height,Ogbo Okoronkwo,4500,9
Romello Height,Sebastian Valdez,4500,9
Romello Height,Gracen Halton,4500,8
Romello Height,Jack Jones,4500,7
Romello Height,Titus Leo,4500,6
Romello Height,Nick Martin,4500,5
Romello Height,Tatum Bethune,4500,5
Romello Height,Bryson Eason,4500,2
Romello Height,Quinton Bell,4500,2
Romello Height,James Thompson Jr.,4500,1
Roy Lopez,Dadrion Taylor-Demerson,3800,6
Roy Lopez,Denzel Burke,3800,6
Roy Lopez,Walter Nolen,3800,6
Roy Lopez,Will Johnson,3800,6
Roy Lopez,Andrew Wingard,3800,5
Roy Lopez,L.J. Collier,3800,5
Roy Lopez,Mack Wilson,3800,5
Roy Lopez,Zaven Collins,3800,5
Roy Lopez,Jack Gibbens,3800,4
Roy Lopez,Jordan Burch,3800,4
Roy Lopez,BJ Ojulari,3800,2
Roy Lopez,Sean Murphy-Bunting,3800,2
Roy Lopez,Cody Simon,3800,1
Roy Lopez,Darius Robinson,3800,1
Roy Lopez,Eku Leota,3800,1
Roy Lopez,Kitan Crawford,3800,1
Roydell Williams,Blake Freeland,2200,5
Roydell Williams,Geno VanDeMark,2200,5
Roydell Williams,Jimmy Morrissey,2200,5
Roydell Williams,Riley Leonard,2200,5
Roydell Williams,Luke Tenuta,2200,4
Roydell Williams,Pharaoh Brown,2200,4
Roydell Williams,Raylen Sharpe,2200,4
Roydell Williams,D.J. Montgomery,2200,3
Roydell Williams,Josh Kreutz,2200,3
Roydell Williams,Sahmir Hagans,2200,3
Roydell Williams,E.J. Horton,2200,2
Roydell Williams,Eli Pancol,2200,2
Roydell Williams,Jalen Farmer,2200,2
Roydell Williams,Will Mallory,2200,2
Roydell Williams,Bayron Matos,2200,1
Russ Yeast,Isaiah Foskey,0920,31
Russ Yeast,Ceyair Wright,0920,30
Russ Yeast,Bralyn Lux,0920,26
Russ Yeast,Daijahn Anthony,0920,25
Russ Yeast,Landon Robinson,0920,25
Russ Yeast,Howard Cross III,0920,21
Russ Yeast,Joe Giles-Harris,0920,21
Russ Yeast,Antwaun Powell-Ryland,0920,19
Russ Yeast,Jalen Kimber,0920,18
Russ Yeast,Shaka Heyward,0920,17
Russ Yeast,Cedric Johnson,0920,14
Russ Yeast,Josh Newton,0920,14
Russ Yeast,McKinnley Jackson,0920,12
Russ Yeast,Liam Anderson,0920,10
Russ Yeast,Swayze Bozeman,0920,10
Russ Yeast,Kris Jenkins,0920,9
Russ Yeast,PJ Jules,0920,7
Russ Yeast,Jordan Jefferson,0920,6
Russ Yeast,D.J. Ivey,0920,2
Russ Yeast,Oren Burks,0920,2
Russ Yeast,Jack Dingle,0920,1
Ryan Cooper Jr.,Keith Abney II,1540,23
Ryan Cooper Jr.,Aamaris Brown,1540,21
Ryan Cooper Jr.,Dan Jackson,1540,20
Ryan Cooper Jr.,Eric O'Neill,1540,20
Ryan Cooper Jr.,Roger McCreary,1540,20
Ryan Cooper Jr.,Troy Reeder,1540,19
Ryan Cooper Jr.,Erick Hunter,1540,18
Ryan Cooper Jr.,Myles Adams,1540,17
Ryan Cooper Jr.,Skyler Gill-Howard,1540,13
Ryan Cooper Jr.,Anthony Lucas,1540,12
Ryan Cooper Jr.,Ahmed Hassanein,1540,11
Ryan Cooper Jr.,Chris Smith,1540,9
Ryan Cooper Jr.,Amen Ogbongbemiga,1540,8
Ryan Cooper Jr.,Ben Stille,1540,7
Ryan Cooper Jr.,Joe Bachie,1540,4
Ryan Cooper Jr.,Loren Strickland,1540,3
Ryan Cooper Jr.,Tyre West,1540,3
Ryan Cooper Jr.,Thomas Harper,1540,2
Ryan Hayes,Haynes King,0750,29
Ryan Hayes,Isaia Glass,0750,29
Ryan Hayes,Ja'Tyre Carter,0750,29
Ryan Hayes,Nick Samac,0750,29
Ryan Hayes,Elijah Cooks,0750,28
Ryan Hayes,Casey Washington,0750,25
Ryan Hayes,Jimmy Horn Jr.,0750,23
Ryan Hayes,Caden Prieskorn,0750,21
Ryan Hayes,Miles Davis,0750,17
Ryan Hayes,Stone Forsythe,0750,16
Ryan Hayes,Chamon Metayer,0750,14
Ryan Hayes,Albert Reese,0750,13
Ryan Hayes,Anthony Tyus III,0750,12
Ryan Hayes,Roc Taylor,0750,4
Ryan Hayes,Malick Meiga,0750,1
Ryan McCollum,Broderick Jones,3900,23
Ryan McCollum,Doug Nester,3900,19
Ryan McCollum,Brock Hoffman,3900,18
Ryan McCollum,Will Howard,3900,18
Ryan McCollum,Robert Tonyan,3900,17
Ryan McCollum,Lew Nichols III,3900,14
Ryan McCollum,Dylan Cook,3900,12
Ryan McCollum,Germie Bernard,3900,11
Ryan McCollum,Jack Driscoll,3900,11
Ryan McCollum,Max Hurleman,3900,11
Ryan McCollum,Jaheim Bell,3900,10
Ryan McCollum,Kaden Wetjen,3900,9
Ryan McCollum,Levi Wentz,3900,9
Ryan McCollum,Roman Wilson,3900,8
Ryan McCollum,Ben Skowronek,3900,6
Ryan McCollum,Drew Allar,3900,5
Ryan McCollum,Gennings Dunker,3900,5
Ryan McCollum,Kaleb Johnson,3900,5
Ryan McCollum,Brandon Smith,3900,4
Ryan McCollum,Riley Nowakowski,3900,4
Ryan McCollum,Spencer Anderson,3900,4
Ryan McCollum,Travis Homer,3900,4
Ryan McCollum,Jakobie Keeney-James,3900,2
Ryan McCollum,Lake McRee,3900,1
Sahmir Hagans,Blake Freeland,2200,21
Sahmir Hagans,Geno VanDeMark,2200,21
Sahmir Hagans,Jimmy Morrissey,2200,21
Sahmir Hagans,Josh Kreutz,2200,21
Sahmir Hagans,Raylen Sharpe,2200,21
Sahmir Hagans,Riley Leonard,2200,21
Sahmir Hagans,Pharaoh Brown,2200,19
Sahmir Hagans,Anderson Castle,2200,18
Sahmir Hagans,E.J. Horton,2200,15
Sahmir Hagans,Luke Tenuta,2200,15
Sahmir Hagans,Bayron Matos,2200,6
Sahmir Hagans,Ben Nikkel,2200,5
Sahmir Hagans,Roydell Williams,2200,3
Sahmir Hagans,Carson Towt,2200,2
Sahmir Hagans,D.J. Montgomery,2200,1
Sam Hagen,Jarrett Patterson,2120,31
Sam Hagen,Blake Fisher,2120,26
Sam Hagen,Evan Brown,2120,26
Sam Hagen,Febechi Nwaiwu,2120,26
Sam Hagen,Cade Stover,2120,25
Sam Hagen,Davis Mills,2120,23
Sam Hagen,Lewis Bond,2120,19
Sam Hagen,Noah Whittington,2120,18
Sam Hagen,Graham Mertz,2120,17
Sam Hagen,Jared Wayne,2120,17
Sam Hagen,Joshua Pitsenberger,2120,17
Sam Hagen,Treyvhon Saunders,2120,17
Sam Hagen,Justin Watson,2120,15
Sam Hagen,Eli Cox,2120,14
Sam Hagen,Foster Moreau,2120,14
Sam Hagen,James Neal III,2120,14
Sam Hagen,Jarrett Kingston,2120,14
Sam Hagen,Layne Pryor,2120,14
Sam Hagen,Josh Kelly,2120,12
Sam Hagen,Jha'Quan Jackson,2120,10
Sam Hagen,Jake Andrews,2120,9
Sam Hagen,Daniel Sobkowicz,2120,8
Sam Hagen,Juwann Winfree,2120,6
Sam Hagen,Owen Wright,2120,5
Sam Hagen,Marlin Klein,2120,3
Sam Hecht,Albert Reese,0750,36
Sam Hecht,Stone Forsythe,0750,36
Sam Hecht,John Metchie III,0750,26
Sam Hecht,AJ Dillon,0750,23
Sam Hecht,Feleipe Franks,0750,21
Sam Hecht,Ja'Seem Reed,0750,21
Sam Hecht,James Mitchell,0750,20
Sam Hecht,Haynes King,0750,19
Sam Hecht,Isaia Glass,0750,19
Sam Hecht,Ja'Tyre Carter,0750,19
Sam Hecht,Brady Christensen,0750,17
Sam Hecht,Brycen Tremayne,0750,17
Sam Hecht,Chandler Zavala,0750,17
Sam Hecht,Kenny Pickett,0750,17
Sam Hecht,David Moore,0750,15
Sam Hecht,Trevor Etienne,0750,13
Sam Hecht,Jimmy Horn Jr.,0750,9
Sam Hecht,Malick Meiga,0750,8
Sam Hecht,Ja'Tavion Sanders,0750,3
Sam Hecht,Casey Washington,0750,2
Sam Hecht,Elijah Cooks,0750,2
Samaje Perine,Amarius Mims,0920,4
Samaje Perine,Dalton Risner,0920,4
Samaje Perine,Dylan Fairchild,0920,4
Samaje Perine,Ja'Marr Chase,0920,4
Samaje Perine,Joe Burrow,0920,4
Samaje Perine,Orlando Brown,0920,4
Samaje Perine,Ted Karras,0920,4
Samaje Perine,Andrei Iosivas,0920,3
Samaje Perine,Drew Sample,0920,3
Samaje Perine,Tee Higgins,0920,3
Samaje Perine,Cam Grandy,0920,1
Samaje Perine,Colbie Young,0920,1
Samaje Perine,Mike Gesicki,0920,1
Savion Williams,Anthony Belton,1800,21
Savion Williams,Jacob Monk,1800,21
Savion Williams,Jager Burton,1800,21
Savion Williams,Donovan Jennings,1800,20
Savion Williams,Drake Dabney,1800,19
Savion Williams,Pierre Strong,1800,13
Savion Williams,Isaiah Neyor,1800,12
Savion Williams,Jordan Morgan,1800,11
Savion Williams,John Williams,1800,10
Savion Williams,Kyle McCord,1800,10
Savion Williams,Skyy Moore,1800,10
Savion Williams,Tyrod Taylor,1800,10
Savion Williams,Bo Melton,1800,8
Savion Williams,J. Michael Sturdivant,1800,6
Savion Williams,Messiah Swinson,1800,5
Savion Williams,Jaden Nixon,1800,4
Savion Williams,MarShawn Lloyd,1800,4
Savion Williams,Jayden Reed,1800,1
Savion Williams,Jordan Love,1800,1
Savion Williams,Josh Whyle,1800,1
Savion Williams,Matthew Golden,1800,1
Savion Williams,Sean Rhyan,1800,1
Scott Matlock,Jake Slaughter,4400,19
Scott Matlock,Trey Lance,4400,19
Scott Matlock,Branson Taylor,4400,18
Scott Matlock,KeAndre Lambert-Smith,4400,18
Scott Matlock,Brenen Thompson,4400,16
Scott Matlock,Travis Burke,4400,16
Scott Matlock,Oronde Gadsden II,4400,13
Scott Matlock,Logan Taylor,4400,12
Scott Matlock,Jacob Spomer,4400,11
Scott Matlock,Trevor Penning,4400,11
Scott Matlock,Jaret Patterson,4400,9
Scott Matlock,Kayode Awosika,4400,8
Scott Matlock,Kimani Vidal,4400,8
Scott Matlock,Derius Davis,4400,4
Scott Matlock,JaQuae Jackson,4400,4
Scott Matlock,Amar Johnson,4400,2
Scott Matlock,Evan Svoboda,4400,1
Scott Matlock,Johnny Pascuzzi,4400,1
Sean Brown,Bishop Fitzgerald,2100,9
Sean Brown,Derrick Canteen,2100,9
Sean Brown,Jalen McMurray,2100,9
Sean Brown,Jalyn Holmes,2100,9
Sean Brown,Keydrain Calligan,2100,9
Sean Brown,Mani Powell,2100,9
Sean Brown,Mario Goodrich,2100,9
Sean Brown,Truman Jones,2100,9
Sean Brown,Malik Herring,2100,7
Sean Brown,Timmy Horne,2100,6
Sean Brown,Earnest Brown IV,2100,3
Sean Brown,Laki Tasi,2100,2
Sean Clifford,Brian Parker II,0920,9
Sean Clifford,Christian Jones,0920,9
Sean Clifford,Corey Robinson II,0920,9
Sean Clifford,Jacob Bayer,0920,9
Sean Clifford,Liam Brown,0920,9
Sean Clifford,Jack Endries,0920,8
Sean Clifford,Xavier Johnson,0920,7
Sean Clifford,Noah Thomas,0920,6
Sean Clifford,Jordan Moore,0920,5
Sean Clifford,Ke'Shawn Williams,0920,5
Sean Clifford,Josh Kattus,0920,4
Sean Clifford,Kendall Milton,0920,4
Sean Clifford,Gary Brightwell,0920,2
Sean Clifford,Kentrel Bullock,0920,2
Sean Clifford,Jamal Haynes,0920,1
Sean Clifford,Tahj Brooks,0920,1
Sean Murphy-Bunting,Dadrion Taylor-Demerson,3800,16
Sean Murphy-Bunting,Denzel Burke,3800,16
Sean Murphy-Bunting,L.J. Collier,3800,14
Sean Murphy-Bunting,Jack Gibbens,3800,13
Sean Murphy-Bunting,Cody Simon,3800,11
Sean Murphy-Bunting,Jordan Burch,3800,11
Sean Murphy-Bunting,Kitan Crawford,3800,11
Sean Murphy-Bunting,Walter Nolen,3800,10
Sean Murphy-Bunting,Will Johnson,3800,10
Sean Murphy-Bunting,Darius Robinson,3800,8
Sean Murphy-Bunting,Max Melton,3800,6
Sean Murphy-Bunting,Andrew Billings,3800,5
Sean Murphy-Bunting,Andrew Wingard,3800,5
Sean Murphy-Bunting,BJ Ojulari,3800,5
Sean Murphy-Bunting,Eku Leota,3800,5
Sean Murphy-Bunting,Mack Wilson,3800,5
Sean Murphy-Bunting,Zaven Collins,3800,4
Sean Murphy-Bunting,Cam Robertson,3800,2
Sean Murphy-Bunting,Roy Lopez,3800,2
Sean Murphy-Bunting,Elliott Brown,3800,1
Sean Rhyan,Anthony Belton,1800,9
Sean Rhyan,Jacob Monk,1800,9
Sean Rhyan,Jager Burton,1800,9
Sean Rhyan,Jordan Love,1800,9
Sean Rhyan,Jordan Morgan,1800,9
Sean Rhyan,MarShawn Lloyd,1800,9
Sean Rhyan,Matthew Golden,1800,9
Sean Rhyan,Christian Watson,1800,8
Sean Rhyan,Josh Whyle,1800,8
Sean Rhyan,Jayden Reed,1800,7
Sean Rhyan,Drake Dabney,1800,3
Sean Rhyan,Savion Williams,1800,1
Sebastian Castro,Carson Bruener,3900,35
Sebastian Castro,Cole Holcomb,3900,35
Sebastian Castro,Daylen Everette,3900,34
Sebastian Castro,Jamin Davis,3900,28
Sebastian Castro,D'Shawn Jamison,3900,27
Sebastian Castro,Devan Boykin,3900,25
Sebastian Castro,Jack Sawyer,3900,23
Sebastian Castro,Robert Spears-Jennings,3900,22
Sebastian Castro,Doneiko Slaughter,3900,21
Sebastian Castro,Esezi Otomewo,3900,20
Sebastian Castro,Julius Welschof,3900,19
Sebastian Castro,Dean Lowry,3900,17
Sebastian Castro,Gabe Rubio,3900,14
Sebastian Castro,Yahya Black,3900,11
Sebastian Castro,Kevin Jobity Jr.,3900,8
Sebastian Castro,Kyler Baugh,3900,7
Sebastian Castro,Anthony Goodlow,3900,4
Sebastian Valdez,Ephesians Prysock,4500,26
Sebastian Valdez,Darrell Luter Jr.,4500,22
Sebastian Valdez,Jakob Robinson,4500,22
Sebastian Valdez,Titus Leo,4500,22
Sebastian Valdez,Jalen Stroman,4500,20
Sebastian Valdez,Ashtyn Davis,4500,19
Sebastian Valdez,Gracen Halton,4500,19
Sebastian Valdez,Nick Martin,4500,15
Sebastian Valdez,Jaden Dugger,4500,14
Sebastian Valdez,Tatum Bethune,4500,13
Sebastian Valdez,Xavier Thomas,4500,13
Sebastian Valdez,Jalen Graham,4500,11
Sebastian Valdez,Patrick McMorris,4500,11
Sebastian Valdez,Marques Sigle,4500,10
Sebastian Valdez,Alfred Collins,4500,9
Sebastian Valdez,Garret Wallow,4500,9
Sebastian Valdez,Romello Height,4500,9
Sebastian Valdez,Eli Apple,4500,8
Sebastian Valdez,Ogbo Okoronkwo,4500,8
Sebastian Valdez,Quinton Bell,4500,8
Sebastian Valdez,Larry Worth,4500,6
Sebastian Valdez,Jack Jones,4500,4
Sebastian Valdez,Bryson Eason,4500,2
Segun Olubi,Cameron McGrone,2520,20
Segun Olubi,Greedy Vance,2520,20
Segun Olubi,Tristin McCollum,2520,18
Segun Olubi,Keyron Crawford,2520,13
Segun Olubi,Chigozie Anusiem,2520,12
Segun Olubi,Dalton Johnson,2520,12
Segun Olubi,Brandon Cleveland,2520,11
Segun Olubi,Cian Slone,2520,11
Segun Olubi,JJ Pegues,2520,11
Segun Olubi,Caleb Offord,2520,10
Segun Olubi,Patrick Johnson,2520,9
Segun Olubi,Treven Ma'ae,2520,9
Segun Olubi,Hezekiah Masses,2520,8
Segun Olubi,Jermod McCoy,2520,8
Segun Olubi,Treydan Stukes,2520,8
Segun Olubi,Jahfari Harvey,2520,7
Segun Olubi,Benito Jones,2520,5
Segun Olubi,Gary Smith III,2520,4
Segun Olubi,Devin Lafayette,2520,2
Segun Olubi,Devyn Perkins,2520,2
Seth McGowan,Anthony Richardson,2200,13
Seth McGowan,Blake Freeland,2200,13
Seth McGowan,Dalton Tucker,2200,13
Seth McGowan,Jalen Farmer,2200,13
Seth McGowan,Josh Sills,2200,13
Seth McGowan,Nick Westbrook-Ikhine,2200,13
Seth McGowan,Will Mallory,2200,9
Seth McGowan,Coleman Owen,2200,8
Seth McGowan,Deion Burks,2200,8
Seth McGowan,Luke Tenuta,2200,8
Seth McGowan,Andrew Ogletree,2200,5
Seth McGowan,Jalen Travis,2200,5
Seth McGowan,Laquon Treadwell,2200,5
Seth McGowan,Pharaoh Brown,2200,4
Seth McLaughlin,Blake Miller,1540,32
Seth McLaughlin,Christian Mahogany,1540,32
Seth McLaughlin,Larry Borom,1540,32
Seth McLaughlin,Miles Frazier,1540,32
Seth McLaughlin,Jacob Saylors,1540,24
Seth McLaughlin,Jackson Meeks,1540,17
Seth McLaughlin,Joshua Dobbs,1540,17
Seth McLaughlin,Isaac TeSlaa,1540,15
Seth McLaughlin,Luke Altmyer,1540,15
Seth McLaughlin,Tyler Conklin,1540,15
Seth McLaughlin,Cedrick Wilson Jr.,1540,14
Seth McLaughlin,Tom Kennedy,1540,14
Seth McLaughlin,Dominic Lovett,1540,12
Seth McLaughlin,Thomas Gordon,1540,11
Seth McLaughlin,Lucky Jackson,1540,10
Seth McLaughlin,Kye Robichaux,1540,8
Seth McLaughlin,Tay Martin,1540,8
Seth McLaughlin,Greg Dortch,1540,7
Seth McLaughlin,Malik Cunningham,1540,5
Shaka Heyward,Ceyair Wright,0920,20
Shaka Heyward,Isaiah Foskey,0920,20
Shaka Heyward,Russ Yeast,0920,17
Shaka Heyward,Cedric Johnson,0920,15
Shaka Heyward,Bralyn Lux,0920,13
Shaka Heyward,Daijahn Anthony,0920,13
Shaka Heyward,Howard Cross III,0920,13
Shaka Heyward,Joe Giles-Harris,0920,12
Shaka Heyward,Josh Newton,0920,12
Shaka Heyward,Landon Robinson,0920,12
Shaka Heyward,Kris Jenkins,0920,10
Shaka Heyward,PJ Jules,0920,10
Shaka Heyward,Jalen Kimber,0920,8
Shaka Heyward,McKinnley Jackson,0920,8
Shaka Heyward,Swayze Bozeman,0920,8
Shaka Heyward,Antwaun Powell-Ryland,0920,5
Shaka Heyward,Jordan Jefferson,0920,4
Shawn Bowman,Bryson Green,3800,9
Shawn Bowman,Christian Jones,3800,9
Shawn Bowman,Demontrey Jacobs,3800,9
Shawn Bowman,Ka'ena Decambra,3800,9
Shawn Bowman,Kedon Slovis,3800,9
Shawn Bowman,Reggie Virgil,3800,9
Shawn Bowman,Valentin Senn,3800,9
Shawn Bowman,Olisaemeka Udoh,3800,7
Shawn Bowman,Corey Kiner,3800,6
Shawn Bowman,Jameson Geers,3800,4
Shawn Bowman,Evan Hull,3800,3
Shawn Bowman,Rivaldo Fairweather,3800,3
Shawn Bowman,Harrison Wallace III,3800,2
Shawn Bowman,Matt Pryor,3800,2
Shawn Bowman,Chase Bisontis,3800,1
Shawn Bowman,Gardner Minshew,3800,1
Shawn Bowman,Hayden Conner,3800,1
Shawn Bowman,Jalen Brooks,3800,1
Shawn Bowman,Jayden Williams,3800,1
Shawn Bowman,Jeremiyah Love,3800,1
Shawn Bowman,Jon Gaines II,3800,1
Shawn Bowman,Josh Fryar,3800,1
Shawn Bowman,Simi Fehoko,3800,1
Shawn Bowman,Teagan Quitoriano,3800,1
Shedrick Jackson,Aidan O'Connell,2520,9
Shedrick Jackson,Dalton Wagner,2520,9
Shedrick Jackson,Jordan Meredith,2520,9
Shedrick Jackson,Kamar Missouri,2520,9
Shedrick Jackson,Will Putnam,2520,9
Shedrick Jackson,Atonio Mafi,2520,8
Shedrick Jackson,Phillip Dorsett,2520,8
Shedrick Jackson,Chase Roberts,2520,7
Shedrick Jackson,Albert Okwuegbunam,2520,6
Shedrick Jackson,Roman Hemby,2520,6
Shedrick Jackson,Chris Myarick,2520,5
Shedrick Jackson,Dare Ogunbowale,2520,3
Shedrick Jackson,Brandon Johnson,2520,1
Shedrick Jackson,Niklas Henning,2520,1
Shemar Bartholomew,Jaylin Simpson,1800,26
Shemar Bartholomew,Kristian Welch,1800,20
Shemar Bartholomew,TJ Quinn,1800,20
Shemar Bartholomew,Trey Dean III,1800,20
Shemar Bartholomew,Nyjalik Kelly,1800,19
Shemar Bartholomew,Jaden Crumedy,1800,17
Shemar Bartholomew,MJ Devonshire,1800,17
Shemar Bartholomew,Mark Perry,1800,16
Shemar Bartholomew,Arron Mosby,1800,15
Shemar Bartholomew,Collin Oliver,1800,14
Shemar Bartholomew,Nazir Stackhouse,1800,12
Shemar Bartholomew,Benjamin St-Juste,1800,9
Shemar Bartholomew,Jonathan Ford,1800,9
Shemar Bartholomew,Tra Fluellen,1800,8
Shemar Bartholomew,Anthony Campbell,1800,6
Shemar Bartholomew,Chris McClellan,1800,6
Shemar Bartholomew,Kitan Oladapo,1800,6
Shemar Bartholomew,Nick Niemann,1800,6
Shemar Bartholomew,Ty'Ron Hopper,1800,6
Shemar Bartholomew,Brenton Cox Jr.,1800,4
Shemar Bartholomew,Murvin Kenion,1800,2
Shemar Bartholomew,Warren Brinson,1800,2
Simi Fehoko,Hayden Conner,3800,40
Simi Fehoko,Jayden Williams,3800,40
Simi Fehoko,Jon Gaines II,3800,40
Simi Fehoko,Josh Fryar,3800,40
Simi Fehoko,Chase Bisontis,3800,39
Simi Fehoko,Jalen Brooks,3800,29
Simi Fehoko,Bam Knight,3800,25
Simi Fehoko,Rivaldo Fairweather,3800,23
Simi Fehoko,Carson Beck,3800,21
Simi Fehoko,Gardner Minshew,3800,19
Simi Fehoko,Xavier Weaver,3800,15
Simi Fehoko,Kenny Yeboah,3800,9
Simi Fehoko,Devin Duvernay,3800,8
Simi Fehoko,Ihmir Smith-Marsette,3800,8
Simi Fehoko,Jameson Geers,3800,8
Simi Fehoko,Jeremiyah Love,3800,8
Simi Fehoko,Reggie Virgil,3800,8
Simi Fehoko,Teagan Quitoriano,3800,8
Simi Fehoko,Corey Kiner,3800,4
Simi Fehoko,Tyler Allgeier,3800,3
Simi Fehoko,Bryson Green,3800,2
Simi Fehoko,Harrison Wallace III,3800,1
Simi Fehoko,Matt Pryor,3800,1
Simi Fehoko,Shawn Bowman,3800,1
Sincere McCormick,Jordan Watkins,4500,23
Sincere McCormick,Adrian Martinez,4500,20
Sincere McCormick,Austen Pleasants,4500,17
Sincere McCormick,Brandon Parker,4500,17
Sincere McCormick,Connor Colby,4500,17
Sincere McCormick,Drake Nugent,4500,17
Sincere McCormick,Robert Jones,4500,17
Sincere McCormick,Trenton Irwin,4500,17
Sincere McCormick,KhaDarel Hodge,4500,13
Sincere McCormick,Brayden Willis,4500,12
Sincere McCormick,Hayden Rucci,4500,12
Sincere McCormick,Malik Turner,4500,11
Sincere McCormick,Carver Willis,4500,7
Sincere McCormick,Doug Kramer,4500,7
Sincere McCormick,Enrique Cruz,4500,7
Sincere McCormick,Isaac Alarcon,4500,7
Sincere McCormick,Kion Smith,4500,7
Sincere McCormick,Josiah Deguara,4500,6
Sincere McCormick,Kurtis Rourke,4500,4
Sincere McCormick,De'Zhaun Stribling,4500,2
Skyler Gill-Howard,Keith Abney II,1540,33
Skyler Gill-Howard,Erick Hunter,1540,29
Skyler Gill-Howard,Eric O'Neill,1540,25
Skyler Gill-Howard,Roger McCreary,1540,25
Skyler Gill-Howard,Anthony Lucas,1540,24
Skyler Gill-Howard,Myles Adams,1540,23
Skyler Gill-Howard,Aamaris Brown,1540,22
Skyler Gill-Howard,Joe Bachie,1540,19
Skyler Gill-Howard,Ahmed Hassanein,1540,18
Skyler Gill-Howard,Thomas Harper,1540,18
Skyler Gill-Howard,Khalil Dorsey,1540,15
Skyler Gill-Howard,Ryan Cooper Jr.,1540,13
Skyler Gill-Howard,Dan Jackson,1540,12
Skyler Gill-Howard,Nick Whiteside,1540,12
Skyler Gill-Howard,Troy Reeder,1540,11
Skyler Gill-Howard,Christian Izien,1540,10
Skyler Gill-Howard,Mekhi Wingo,1540,10
Skyler Gill-Howard,Loren Strickland,1540,8
Skyler Gill-Howard,Trevor Nowaske,1540,7
Skyler Gill-Howard,Amen Ogbongbemiga,1540,6
Skyler Gill-Howard,Devin White,1540,5
Skyler Gill-Howard,Ennis Rakestraw Jr.,1540,5
Skyler Gill-Howard,Ben Stille,1540,4
Skyler Gill-Howard,Chris Smith,1540,3
Skyler Gill-Howard,Chuck Clark,1540,2
Skyler Gill-Howard,Tyre West,1540,1
Skyy Moore,Anthony Belton,1800,12
Skyy Moore,Donovan Jennings,1800,12
Skyy Moore,Jacob Monk,1800,12
Skyy Moore,Jager Burton,1800,12
Skyy Moore,Drake Dabney,1800,11
Skyy Moore,Savion Williams,1800,10
Skyy Moore,Jordan Morgan,1800,9
Skyy Moore,Tyrod Taylor,1800,9
Skyy Moore,Bo Melton,1800,7
Skyy Moore,Isaiah Neyor,1800,7
Skyy Moore,Pierre Strong,1800,7
Skyy Moore,Jaden Nixon,1800,3
Skyy Moore,John Williams,1800,3
Skyy Moore,Kyle McCord,1800,3
Skyy Moore,MarShawn Lloyd,1800,2
Skyy Moore,Messiah Swinson,1800,1
Solomon Byrd,Dylan Horton,2120,31
Solomon Byrd,Kaevon Merriweather,2120,27
Solomon Byrd,Stephen Hall,2120,25
Solomon Byrd,Jaylen Reed,2120,24
Solomon Byrd,Naquan Jones,2120,22
Solomon Byrd,Tremon Smith,2120,22
Solomon Byrd,Kayden McDonald,2120,20
Solomon Byrd,Jamal Hill,2120,19
Solomon Byrd,Dominic Bailey,2120,16
Solomon Byrd,Marte Mapu,2120,16
Solomon Byrd,Aiden Fisher,2120,15
Solomon Byrd,Alijah Huzzie,2120,15
Solomon Byrd,Jacob Hummel,2120,14
Solomon Byrd,Brandon Codrington,2120,13
Solomon Byrd,Kamari Ramsey,2120,13
Solomon Byrd,Kyonte Hamilton,2120,13
Solomon Byrd,Jaylin Smith,2120,11
Solomon Byrd,K.C. Ossai,2120,11
Solomon Byrd,Ja'Marcus Ingram,2120,10
Solomon Byrd,Wade Woodaz,2120,9
Solomon Byrd,Collin Wright,2120,7
Solomon Byrd,Dominique Robinson,2120,5
Solomon Byrd,Ali Gaye,2120,1
Solomon Thomas,Alontae Taylor,2100,13
Solomon Thomas,Amani Hooker,2100,13
Solomon Thomas,Cedric Gray,2100,13
Solomon Thomas,Cody Barton,2100,13
Solomon Thomas,Cordale Flott,2100,13
Solomon Thomas,Kevin Winston Jr.,2100,13
Solomon Thomas,Jermaine Johnson II,2100,12
Solomon Thomas,Marcus Harris,2100,12
Solomon Thomas,Keldric Faulk,2100,11
Solomon Thomas,Jeffery Simmons,2100,8
Solomon Thomas,Jordan Elliott,2100,5
Solomon Thomas,Truman Jones,2100,2
Solomon Thomas,James Williams,2100,1
Solomon Thomas,Oluwafemi Oladejo,2100,1
Spencer Anderson,Dylan Cook,3900,21
Spencer Anderson,Germie Bernard,3900,18
Spencer Anderson,Mason McCormick,3900,17
Spencer Anderson,Mason Rudolph,3900,17
Spencer Anderson,Roman Wilson,3900,17
Spencer Anderson,Troy Fautanu,3900,17
Spencer Anderson,Zach Frazier,3900,17
Spencer Anderson,Brandon Smith,3900,14
Spencer Anderson,Travis Homer,3900,13
Spencer Anderson,Darnell Washington,3900,12
Spencer Anderson,Lew Nichols III,3900,8
Spencer Anderson,Pat Freiermuth,3900,8
Spencer Anderson,Robert Tonyan,3900,5
Spencer Anderson,Ben Skowronek,3900,4
Spencer Anderson,Brock Hoffman,3900,4
Spencer Anderson,Broderick Jones,3900,4
Spencer Anderson,Ryan McCollum,3900,4
Spencer Anderson,Will Howard,3900,4
Spencer Anderson,Kaden Wetjen,3900,3
Spencer Anderson,Riley Nowakowski,3900,3
Spencer Burford,DJ Glaze,2520,10
Spencer Burford,Jackson Powers-Johnson,2520,10
Spencer Burford,Kirk Cousins,2520,10
Spencer Burford,Kolton Miller,2520,10
Spencer Burford,Michael Mayer,2520,10
Spencer Burford,Tyler Linderbaum,2520,10
Spencer Burford,Tre Tucker,2520,9
Spencer Burford,Jalen Nailor,2520,8
Spencer Burford,Ashton Jeanty,2520,7
Spencer Burford,Jack Bech,2520,5
Spencer Burford,Connor Heyward,2520,4
Spencer Burford,Mike Washington Jr.,2520,3
Spencer Burford,Ian Thomas,2520,2
Spencer Burford,Albert Okwuegbunam,2520,1
Spencer Burford,Brock Bowers,2520,1
Starling Thomas V,Owen Pappoe,3800,18
Starling Thomas V,Isaiah Oliver,3800,17
Starling Thomas V,Wydett Williams Jr.,3800,17
Starling Thomas V,Jonah Williams,3800,16
Starling Thomas V,Karson Sharar,3800,15
Starling Thomas V,Cam Horsley,3800,12
Starling Thomas V,Elijah Jones,3800,12
Starling Thomas V,Elliott Brown,3800,12
Starling Thomas V,Kalen King,3800,12
Starling Thomas V,Cam Robertson,3800,11
Starling Thomas V,Brodric Martin,3800,8
Starling Thomas V,Eku Leota,3800,7
Starling Thomas V,BJ Ojulari,3800,6
Starling Thomas V,Damonic Williams,3800,6
Starling Thomas V,Elijah Culp,3800,5
Starling Thomas V,Eugene Asante,3800,3
Starling Thomas V,Dadrion Taylor-Demerson,3800,1
Starling Thomas V,Kitan Crawford,3800,1
Starling Thomas V,Max Melton,3800,1
Stephen Hall,Kaevon Merriweather,2120,33
Stephen Hall,Tremon Smith,2120,27
Stephen Hall,Jaylen Reed,2120,25
Stephen Hall,Kyonte Hamilton,2120,25
Stephen Hall,Solomon Byrd,2120,25
Stephen Hall,Dominic Bailey,2120,23
Stephen Hall,Dylan Horton,2120,23
Stephen Hall,Jamal Hill,2120,22
Stephen Hall,Naquan Jones,2120,20
Stephen Hall,Alijah Huzzie,2120,19
Stephen Hall,Brandon Codrington,2120,19
Stephen Hall,Aiden Fisher,2120,18
Stephen Hall,Marte Mapu,2120,17
Stephen Hall,Dominique Robinson,2120,16
Stephen Hall,K.C. Ossai,2120,16
Stephen Hall,Ali Gaye,2120,15
Stephen Hall,Jacob Hummel,2120,11
Stephen Hall,Kayden McDonald,2120,9
Stephen Hall,Ja'Marcus Ingram,2120,8
Stephen Hall,Wade Woodaz,2120,8
Stephen Hall,Collin Wright,2120,6
Stephen Hall,Kamari Ramsey,2120,4
Stone Forsythe,Albert Reese,0750,38
Stone Forsythe,Haynes King,0750,37
Stone Forsythe,Isaia Glass,0750,37
Stone Forsythe,Ja'Tyre Carter,0750,37
Stone Forsythe,Sam Hecht,0750,36
Stone Forsythe,John Metchie III,0750,26
Stone Forsythe,AJ Dillon,0750,23
Stone Forsythe,Ja'Seem Reed,0750,23
Stone Forsythe,Feleipe Franks,0750,21
Stone Forsythe,Jimmy Horn Jr.,0750,21
Stone Forsythe,Elijah Cooks,0750,20
Stone Forsythe,James Mitchell,0750,20
Stone Forsythe,Nick Samac,0750,18
Stone Forsythe,Brady Christensen,0750,17
Stone Forsythe,Brycen Tremayne,0750,17
Stone Forsythe,Chandler Zavala,0750,17
Stone Forsythe,Kenny Pickett,0750,17
Stone Forsythe,Ryan Hayes,0750,16
Stone Forsythe,Casey Washington,0750,15
Stone Forsythe,David Moore,0750,15
Stone Forsythe,Anthony Tyus III,0750,14
Stone Forsythe,Caden Prieskorn,0750,13
Stone Forsythe,Trevor Etienne,0750,13
Stone Forsythe,Chamon Metayer,0750,11
Stone Forsythe,Malick Meiga,0750,8
Stone Forsythe,Miles Davis,0750,4
Stone Forsythe,Ja'Tavion Sanders,0750,3
Stone Forsythe,Roc Taylor,0750,3
Swayze Bozeman,Josh Newton,0920,23
Swayze Bozeman,Cedric Johnson,0920,19
Swayze Bozeman,Landon Robinson,0920,19
Swayze Bozeman,PJ Jules,0920,17
Swayze Bozeman,D.J. Ivey,0920,15
Swayze Bozeman,Kris Jenkins,0920,15
Swayze Bozeman,Bralyn Lux,0920,13
Swayze Bozeman,Cashius Howell,0920,13
Swayze Bozeman,Daijahn Anthony,0920,13
Swayze Bozeman,Oren Burks,0920,13
Swayze Bozeman,McKinnley Jackson,0920,11
Swayze Bozeman,Howard Cross III,0920,10
Swayze Bozeman,Isaiah Foskey,0920,10
Swayze Bozeman,Russ Yeast,0920,10
Swayze Bozeman,Ceyair Wright,0920,8
Swayze Bozeman,Shaka Heyward,0920,8
Swayze Bozeman,Kyle Dugger,0920,6
Swayze Bozeman,Antwaun Powell-Ryland,0920,4
Swayze Bozeman,Ja'Sir Taylor,0920,3
TJ Quinn,Jaylin Simpson,1800,26
TJ Quinn,Kristian Welch,1800,26
TJ Quinn,Trey Dean III,1800,26
TJ Quinn,Jaden Crumedy,1800,23
TJ Quinn,Nyjalik Kelly,1800,23
TJ Quinn,MJ Devonshire,1800,21
TJ Quinn,Shemar Bartholomew,1800,20
TJ Quinn,Nazir Stackhouse,1800,18
TJ Quinn,Arron Mosby,1800,17
TJ Quinn,Jonathan Ford,1800,15
TJ Quinn,Mark Perry,1800,15
TJ Quinn,Collin Oliver,1800,12
TJ Quinn,Tra Fluellen,1800,11
TJ Quinn,Benjamin St-Juste,1800,5
TJ Quinn,Anthony Campbell,1800,2
Tahj Brooks,Brian Parker II,0920,16
Tahj Brooks,Jacob Bayer,0920,16
Tahj Brooks,Cody Ford,0920,15
Tahj Brooks,Colbie Young,0920,15
Tahj Brooks,Jalen Rivers,0920,15
Tahj Brooks,Joe Flacco,0920,12
Tahj Brooks,Andrei Iosivas,0920,10
Tahj Brooks,Andrew Coker,0920,10
Tahj Brooks,Mitchell Tinsley,0920,10
Tahj Brooks,Cam Grandy,0920,7
Tahj Brooks,Tanner Hudson,0920,6
Tahj Brooks,Jack Endries,0920,5
Tahj Brooks,Javon Foster,0920,5
Tahj Brooks,Charlie Jones,0920,4
Tahj Brooks,Dohnte Meyers,0920,3
Tahj Brooks,Josh Johnson,0920,3
Tahj Brooks,Josh Kattus,0920,2
Tahj Brooks,Christian Jones,0920,1
Tahj Brooks,Corey Robinson II,0920,1
Tahj Brooks,Jordan Moore,0920,1
Tahj Brooks,Kendall Milton,0920,1
Tahj Brooks,Liam Brown,0920,1
Tahj Brooks,Sean Clifford,0920,1
Tahj Chambers,Caden Curry,2200,14
Tahj Chambers,Cameron Ball,2200,14
Tahj Chambers,Juanyeh Thomas,2200,14
Tahj Chambers,Mekhi Rodgers,2200,14
Tahj Chambers,Rob Carter Jr.,2200,14
Tahj Chambers,West Weeks,2200,14
Tahj Chambers,George Gumbs Jr.,2200,12
Tahj Chambers,Daniel Scott,2200,11
Tahj Chambers,Tim Smith,2200,11
Tahj Chambers,Jai'Onte' McMillan,2200,10
Tahj Chambers,Mitchell Melton,2200,4
Tahj Chambers,Austin Brown,2200,3
Tahj Chambers,Durell Nchami,2200,3
Tahj Chambers,Jaylon Jones,2200,2
Tamon Lynum,Daryl Porter,3900,7
Tamon Lynum,Israel Mukuamu,3900,7
Tamon Lynum,Jack Henderson,3900,7
Tamon Lynum,Jamin Davis,3900,7
Tamon Lynum,Julius Welschof,3900,7
Tamon Lynum,Malik Harrison,3900,7
Tamon Lynum,Anthony Goodlow,3900,4
Tamon Lynum,Carson Bruener,3900,4
Tamon Lynum,Gabe Rubio,3900,4
Tamon Lynum,Kevin Jobity Jr.,3900,4
Tamon Lynum,Kyler Baugh,3900,4
Tamon Lynum,Devan Boykin,3900,3
Tamon Lynum,Jacoby Windmon,3900,3
Tamon Lynum,Esezi Otomewo,3900,2
Tanner Arkin,Andrew Rupcich,3200,13
Tanner Arkin,James Hudson,3200,13
Tanner Arkin,Caleb Lomu,3200,9
Tanner Arkin,Eli Raridon,3200,9
Tanner Arkin,Marcus Bryant,3200,9
Tanner Arkin,Tommy DeVito,3200,9
Tanner Arkin,Jacob Rizy,3200,8
Tanner Arkin,Jam Miller,3200,8
Tanner Arkin,Kyle Williams,3200,6
Tanner Arkin,Ben Brown,3200,5
Tanner Arkin,Nick DeGennaro,3200,5
Tanner Arkin,Behren Morton,3200,4
Tanner Arkin,Dametrious Crownover,3200,4
Tanner Arkin,Efton Chism III,3200,4
Tanner Arkin,Mehki Butler,3200,4
Tanner Arkin,Cameron Dorner,3200,3
Tanner Arkin,Jamycal Hasty,3200,3
Tanner Arkin,Kayshon Boutte,3200,3
Tanner Arkin,Kobe Prentice,3200,3
Tanner Arkin,Mack Hollins,3200,3
Tanner Arkin,Lan Larison,3200,2
Tanner Arkin,Tejhaun Palmer,3200,2
Tanner Arkin,Jack Westover,3200,1
Tanner Hudson,Brian Parker II,0920,15
Tanner Hudson,Jacob Bayer,0920,15
Tanner Hudson,Jalen Rivers,0920,15
Tanner Hudson,Andrew Coker,0920,12
Tanner Hudson,Dohnte Meyers,0920,10
Tanner Hudson,Javon Foster,0920,10
Tanner Hudson,Josh Johnson,0920,10
Tanner Hudson,Colbie Young,0920,9
Tanner Hudson,Cody Ford,0920,8
Tanner Hudson,Charlie Jones,0920,7
Tanner Hudson,Gary Brightwell,0920,6
Tanner Hudson,Tahj Brooks,0920,6
Tanner Hudson,Andrei Iosivas,0920,5
Tanner Hudson,Joe Flacco,0920,5
Tanner Hudson,Mitchell Tinsley,0920,5
Tanner Hudson,Ke'Shawn Williams,0920,4
Tanner Hudson,Kendall Milton,0920,3
Tanner Hudson,Noah Thomas,0920,3
Tanner Hudson,Xavier Johnson,0920,2
Tarik Black,Colby Sorsdal,1540,13
Tarik Black,Luke Altmyer,1540,13
Tarik Black,Mason Miller,1540,13
Tarik Black,Melvin Priestly,1540,13
Tarik Black,Michael Niese,1540,13
Tarik Black,Miles Frazier,1540,13
Tarik Black,Tay Martin,1540,13
Tarik Black,Zach Horton,1540,13
Tarik Black,Dominic Lovett,1540,10
Tarik Black,Kye Robichaux,1540,7
Tarik Black,Raheem Blackshear,1540,6
Tarik Black,Thomas Gordon,1540,2
Tarik Black,Tom Kennedy,1540,1
Taron Johnson,Darien Porter,2520,8
Taron Johnson,Eric Stokes,2520,8
Taron Johnson,Isaiah Pola-Mao,2520,8
Taron Johnson,Jeremy Chinn,2520,8
Taron Johnson,Kwity Paye,2520,8
Taron Johnson,Malcolm Koonce,2520,8
Taron Johnson,Nakobe Dean,2520,8
Taron Johnson,Quay Walker,2520,8
Taron Johnson,Adam Butler,2520,5
Taron Johnson,Tonka Hemingway,2520,5
Taron Johnson,Jonah Laulu,2520,4
Taron Johnson,Thomas Booker,2520,2
Tatum Bethune,Darrell Luter Jr.,4500,26
Tatum Bethune,Ephesians Prysock,4500,26
Tatum Bethune,Ashtyn Davis,4500,18
Tatum Bethune,Jakob Robinson,4500,18
Tatum Bethune,Jalen Stroman,4500,17
Tatum Bethune,Gracen Halton,4500,16
Tatum Bethune,Nick Martin,4500,15
Tatum Bethune,Jaden Dugger,4500,13
Tatum Bethune,Quinton Bell,4500,13
Tatum Bethune,Sebastian Valdez,4500,13
Tatum Bethune,Titus Leo,4500,13
Tatum Bethune,Ogbo Okoronkwo,4500,11
Tatum Bethune,Bryson Eason,4500,10
Tatum Bethune,Xavier Thomas,4500,10
Tatum Bethune,Marques Sigle,4500,9
Tatum Bethune,James Thompson Jr.,4500,8
Tatum Bethune,Patrick McMorris,4500,8
Tatum Bethune,Jalen Graham,4500,6
Tatum Bethune,Alfred Collins,4500,5
Tatum Bethune,Romello Height,4500,5
Tay Martin,Miles Frazier,1540,23
Tay Martin,Dominic Lovett,1540,19
Tay Martin,Luke Altmyer,1540,16
Tay Martin,Colby Sorsdal,1540,15
Tay Martin,Mason Miller,1540,15
Tay Martin,Melvin Priestly,1540,15
Tay Martin,Michael Niese,1540,15
Tay Martin,Zach Horton,1540,15
Tay Martin,Tarik Black,1540,13
Tay Martin,Kye Robichaux,1540,10
Tay Martin,Blake Miller,1540,8
Tay Martin,Christian Mahogany,1540,8
Tay Martin,Larry Borom,1540,8
Tay Martin,Raheem Blackshear,1540,8
Tay Martin,Seth McLaughlin,1540,8
Tay Martin,Thomas Gordon,1540,8
Tay Martin,Joshua Dobbs,1540,7
Tay Martin,Tom Kennedy,1540,7
Tay Martin,Jacob Saylors,1540,5
Tay Martin,Jackson Meeks,1540,3
Tay Martin,Malik Cunningham,1540,2
Tay Martin,Isaac TeSlaa,1540,1
Tay Martin,Tyler Conklin,1540,1
TeRah Edwards,Nick Barrett,4400,22
TeRah Edwards,R.J. Mickens,4400,18
TeRah Edwards,Genesis Smith,4400,17
TeRah Edwards,Avery Smith,4400,16
TeRah Edwards,Nikko Reed,4400,16
TeRah Edwards,Marlowe Wax,4400,14
TeRah Edwards,Garmon Randolph,4400,13
TeRah Edwards,Junior Colson,4400,13
TeRah Edwards,Deane Leonard,4400,12
TeRah Edwards,Isas Waxter,4400,11
TeRah Edwards,Andre Carter II,4400,10
TeRah Edwards,Jacobian Guillory,4400,9
TeRah Edwards,Nadame Tucker,4400,9
TeRah Edwards,Akheem Mesidor,4400,8
TeRah Edwards,Kendall Williamson,4400,8
TeRah Edwards,Kyle Kennard,4400,8
TeRah Edwards,Del'Shawn Phillips,4400,7
TeRah Edwards,Troy Dye,4400,7
TeRah Edwards,Eric Rogers,4400,6
TeRah Edwards,Emany Johnson,4400,4
TeRah Edwards,Lander Barton,4400,3
TeRah Edwards,Myles Purchase,4400,3
TeRah Edwards,Devin Grant,4400,2
TeRah Edwards,Jahmeer Carter,4400,1
TeRah Edwards,Noah Avinger,4400,1
TeRah Edwards,Rodney Shelley,4400,1
TeRah Edwards,Terry Webb,4400,1
Teagan Quitoriano,Jalen Brooks,3800,20
Teagan Quitoriano,Jeremiyah Love,3800,18
Teagan Quitoriano,Chase Bisontis,3800,17
Teagan Quitoriano,Gardner Minshew,3800,17
Teagan Quitoriano,Hayden Conner,3800,17
Teagan Quitoriano,Jayden Williams,3800,17
Teagan Quitoriano,Jon Gaines II,3800,17
Teagan Quitoriano,Josh Fryar,3800,17
Teagan Quitoriano,Devin Duvernay,3800,14
Teagan Quitoriano,Ihmir Smith-Marsette,3800,9
Teagan Quitoriano,Simi Fehoko,3800,8
Teagan Quitoriano,Elijah Wilkinson,3800,7
Teagan Quitoriano,Hjalte Froholdt,3800,7
Teagan Quitoriano,Isaac Seumalo,3800,7
Teagan Quitoriano,Isaiah Adams,3800,7
Teagan Quitoriano,Jacoby Brissett,3800,7
Teagan Quitoriano,Marvin Harrison Jr.,3800,7
Teagan Quitoriano,Paris Johnson Jr.,3800,7
Teagan Quitoriano,Rivaldo Fairweather,3800,5
Teagan Quitoriano,Kendrick Bourne,3800,4
Teagan Quitoriano,Michael Wilson,3800,4
Teagan Quitoriano,Tyler Allgeier,3800,4
Teagan Quitoriano,Bam Knight,3800,2
Teagan Quitoriano,Shawn Bowman,3800,1
Ted Karras,Amarius Mims,0920,12
Ted Karras,Dalton Risner,0920,12
Ted Karras,Dylan Fairchild,0920,12
Ted Karras,Ja'Marr Chase,0920,12
Ted Karras,Joe Burrow,0920,12
Ted Karras,Orlando Brown,0920,12
Ted Karras,Drew Sample,0920,10
Ted Karras,Tee Higgins,0920,10
Ted Karras,Andrei Iosivas,0920,9
Ted Karras,Chase Brown,0920,8
Ted Karras,Samaje Perine,0920,4
Ted Karras,Mike Gesicki,0920,3
Ted Karras,Cam Grandy,0920,2
Ted Karras,Colbie Young,0920,2
Tedarrell Slaton,Barrett Carter,0920,5
Tedarrell Slaton,Boye Mafe,0920,5
Tedarrell Slaton,D.J. Ivey,0920,5
Tedarrell Slaton,Demetrius Knight Jr.,0920,5
Tedarrell Slaton,Jordan Battle,0920,5
Tedarrell Slaton,Kyle Dugger,0920,5
Tedarrell Slaton,Myles Murphy,0920,5
Tedarrell Slaton,Kris Jenkins,0920,4
Tedarrell Slaton,DJ Turner II,0920,3
Tedarrell Slaton,Ja'Sir Taylor,0920,2
Tedarrell Slaton,Josh Newton,0920,2
Tedarrell Slaton,Dexter Lawrence,0920,1
Tedarrell Slaton,Jonathan Allen,0920,1
Tedarrell Slaton,Landon Robinson,0920,1
Tedarrell Slaton,McKinnley Jackson,0920,1
Tee Higgins,Amarius Mims,0920,10
Tee Higgins,Dalton Risner,0920,10
Tee Higgins,Dylan Fairchild,0920,10
Tee Higgins,Ja'Marr Chase,0920,10
Tee Higgins,Joe Burrow,0920,10
Tee Higgins,Orlando Brown,0920,10
Tee Higgins,Ted Karras,0920,10
Tee Higgins,Andrei Iosivas,0920,8
Tee Higgins,Drew Sample,0920,8
Tee Higgins,Chase Brown,0920,7
Tee Higgins,Mike Gesicki,0920,3
Tee Higgins,Samaje Perine,0920,3
Tee Higgins,Cam Grandy,0920,1
Tejhaun Palmer,Jacob Rizy,3200,18
Tejhaun Palmer,Behren Morton,3200,17
Tejhaun Palmer,Dametrious Crownover,3200,17
Tejhaun Palmer,Mehki Butler,3200,17
Tejhaun Palmer,Kobe Prentice,3200,14
Tejhaun Palmer,Nick DeGennaro,3200,14
Tejhaun Palmer,Jack Westover,3200,12
Tejhaun Palmer,James Hudson,3200,12
Tejhaun Palmer,Lan Larison,3200,12
Tejhaun Palmer,Andrew Rupcich,3200,11
Tejhaun Palmer,JonDarius Morgan,3200,7
Tejhaun Palmer,CJ Dippre,3200,6
Tejhaun Palmer,Lorenz Metz,3200,6
Tejhaun Palmer,Cameron Dorner,3200,5
Tejhaun Palmer,Hassan Haskins,3200,4
Tejhaun Palmer,Jamycal Hasty,3200,2
Tejhaun Palmer,Tanner Arkin,3200,2
Tejhaun Palmer,Caleb Lomu,3200,1
Tejhaun Palmer,Marcus Bryant,3200,1
Tejhaun Palmer,Mitch Van Vooren,3200,1
Tejhaun Palmer,Tommy DeVito,3200,1
Terry Webb,Jahmeer Carter,4400,18
Terry Webb,Avery Smith,4400,14
Terry Webb,Nadame Tucker,4400,14
Terry Webb,Emany Johnson,4400,13
Terry Webb,Eric Rogers,4400,13
Terry Webb,Isas Waxter,4400,13
Terry Webb,Kyle Kennard,4400,13
Terry Webb,Garmon Randolph,4400,12
Terry Webb,Kendall Williamson,4400,12
Terry Webb,Marlowe Wax,4400,12
Terry Webb,Andre Carter II,4400,11
Terry Webb,Genesis Smith,4400,11
Terry Webb,Lander Barton,4400,10
Terry Webb,Myles Purchase,4400,10
Terry Webb,Deane Leonard,4400,9
Terry Webb,Junior Colson,4400,9
Terry Webb,R.J. Mickens,4400,9
Terry Webb,Devin Grant,4400,8
Terry Webb,Jacobian Guillory,4400,8
Terry Webb,Nikko Reed,4400,8
Terry Webb,Rodney Shelley,4400,7
Terry Webb,Noah Avinger,4400,5
Terry Webb,Nick Barrett,4400,4
Terry Webb,Del'Shawn Phillips,4400,3
Terry Webb,Troy Dye,4400,3
Terry Webb,TeRah Edwards,4400,1
Thomas Booker,Brennan Jackson,2520,6
Thomas Booker,Cody Lindenberg,2520,6
Thomas Booker,Greedy Vance,2520,6
Thomas Booker,Hezekiah Masses,2520,6
Thomas Booker,JJ Pegues,2520,6
Thomas Booker,Jermod McCoy,2520,6
Thomas Booker,Keyron Crawford,2520,6
Thomas Booker,Tommy Eichenberg,2520,6
Thomas Booker,Treydan Stukes,2520,6
Thomas Booker,Tristin McCollum,2520,6
Thomas Booker,Darien Porter,2520,4
Thomas Booker,Eric Stokes,2520,4
Thomas Booker,Isaiah Pola-Mao,2520,4
Thomas Booker,Jeremy Chinn,2520,4
Thomas Booker,Kwity Paye,2520,4
Thomas Booker,Malcolm Koonce,2520,4
Thomas Booker,Nakobe Dean,2520,4
Thomas Booker,Quay Walker,2520,4
Thomas Booker,Jonah Laulu,2520,3
Thomas Booker,Adam Butler,2520,2
Thomas Booker,Taron Johnson,2520,2
Thomas Booker,Tonka Hemingway,2520,1
Thomas Gordon,Miles Frazier,1540,21
Thomas Gordon,Lucky Jackson,1540,12
Thomas Gordon,Blake Miller,1540,11
Thomas Gordon,Christian Mahogany,1540,11
Thomas Gordon,Larry Borom,1540,11
Thomas Gordon,Luke Altmyer,1540,11
Thomas Gordon,Seth McLaughlin,1540,11
Thomas Gordon,Colby Sorsdal,1540,10
Thomas Gordon,Dominic Lovett,1540,10
Thomas Gordon,Joshua Dobbs,1540,10
Thomas Gordon,Mason Miller,1540,10
Thomas Gordon,Melvin Priestly,1540,10
Thomas Gordon,Michael Niese,1540,10
Thomas Gordon,Tom Kennedy,1540,10
Thomas Gordon,Jacob Saylors,1540,9
Thomas Gordon,Malik Cunningham,1540,8
Thomas Gordon,Raheem Blackshear,1540,8
Thomas Gordon,Tay Martin,1540,8
Thomas Gordon,Zach Horton,1540,6
Thomas Gordon,Jackson Meeks,1540,5
Thomas Gordon,Kye Robichaux,1540,4
Thomas Gordon,Tarik Black,1540,2
Thomas Gordon,Isaac TeSlaa,1540,1
Thomas Gordon,Tyler Conklin,1540,1
Thomas Harper,Nick Whiteside,1540,32
Thomas Harper,Anthony Lucas,1540,30
Thomas Harper,Christian Izien,1540,26
Thomas Harper,Trevor Nowaske,1540,26
Thomas Harper,Devin White,1540,21
Thomas Harper,Ennis Rakestraw Jr.,1540,21
Thomas Harper,Ahmed Hassanein,1540,18
Thomas Harper,Skyler Gill-Howard,1540,18
Thomas Harper,Chris Smith,1540,17
Thomas Harper,Erick Hunter,1540,17
Thomas Harper,Keith Abney II,1540,16
Thomas Harper,Aamaris Brown,1540,15
Thomas Harper,Joe Bachie,1540,15
Thomas Harper,Levi Onwuzurike,1540,15
Thomas Harper,Mekhi Wingo,1540,13
Thomas Harper,Tyler Lacy,1540,13
Thomas Harper,Eric O'Neill,1540,12
Thomas Harper,Myles Adams,1540,12
Thomas Harper,Chuck Clark,1540,11
Thomas Harper,Roger McCreary,1540,11
Thomas Harper,Khalil Dorsey,1540,10
Thomas Harper,Ben Stille,1540,3
Thomas Harper,Dan Jackson,1540,2
Thomas Harper,Ryan Cooper Jr.,1540,2
Thomas Harper,Troy Reeder,1540,2
Thomas Harper,Amen Ogbongbemiga,1540,1
Thomas Incoom,Nick Hampton,0750,31
Thomas Incoom,Jackson Kuwatch,0750,26
Thomas Incoom,Demani Richardson,0750,23
Thomas Incoom,Bam Martin-Scott,0750,18
Thomas Incoom,Corey Thornton,0750,17
Thomas Incoom,Isaiah Simmons,0750,16
Thomas Incoom,Zakee Wheatley,0750,16
Thomas Incoom,Akayleb Evans,0750,15
Thomas Incoom,Aaron Hall,0750,14
Thomas Incoom,Devonta Smith,0750,14
Thomas Incoom,Elijah Garcia,0750,13
Thomas Incoom,Chau Smith-Wade,0750,11
Thomas Incoom,Cam Miller,0750,9
Thomas Incoom,Jared Harrison-Hunte,0750,9
Thomas Incoom,Lee Hunter,0750,9
Thomas Incoom,Robert Rochell,0750,9
Thomas Incoom,Lathan Ransom,0750,8
Thomas Incoom,Kyon Barrs,0750,7
Thomas Incoom,Maema Njongmeta,0750,7
Thomas Incoom,Tyrek Funderburk,0750,7
Thomas Incoom,Tywone Malone,0750,7
Thomas Incoom,Cam Jackson,0750,6
Thomas Incoom,Claudin Cherelus,0750,5
Thomas Incoom,Trevin Wallace,0750,5
Thomas Incoom,Will Lee III,0750,5
Thomas Incoom,Parker Petersen,0750,3
Thomas Yassmin,Brant Banks,1800,3
Thomas Yassmin,Dalton Cooper,1800,3
Thomas Yassmin,Dillon Wade,1800,3
Thomas Yassmin,Dylan Barrett,1800,3
Thomas Yassmin,Josh Gesky,1800,3
Thomas Yassmin,Kyron Drones,1800,3
Thomas Yassmin,Damien Martinez,1800,2
Thomas Yassmin,Kisean Johnson,1800,2
Thomas Yassmin,Will Sheppard,1800,2
Thomas Yassmin,Chris Hilton Jr.,1800,1
Thomas Yassmin,Isaiah Neyor,1800,1
Thomas Yassmin,J. Michael Sturdivant,1800,1
Thomas Yassmin,Jaden Nixon,1800,1
Thomas Yassmin,Kaden Prather,1800,1
Thomas Yassmin,McCallan Castles,1800,1
Tim Smith,Caden Curry,2200,15
Tim Smith,Rob Carter Jr.,2200,15
Tim Smith,Cameron Ball,2200,13
Tim Smith,George Gumbs Jr.,2200,13
Tim Smith,Juanyeh Thomas,2200,13
Tim Smith,Mekhi Rodgers,2200,13
Tim Smith,West Weeks,2200,13
Tim Smith,Tahj Chambers,2200,11
Tim Smith,Daniel Scott,2200,9
Tim Smith,Jai'Onte' McMillan,2200,9
Tim Smith,Austin Brown,2200,4
Tim Smith,Jaylon Jones,2200,4
Tim Smith,Mitchell Melton,2200,3
Tim Smith,Austin Ajiake,2200,2
Tim Smith,Bryce Boettcher,2200,2
Tim Smith,Colby Wooden,2200,2
Tim Smith,Devin Veresuk,2200,2
Tim Smith,Hunter Wohler,2200,2
Tim Smith,Johnathan Edwards,2200,2
Tim Smith,Jonathan Owens,2200,2
Tim Smith,Durell Nchami,2200,1
Timmy Horne,Truman Jones,2100,15
Timmy Horne,Khalen Saunders,2100,12
Timmy Horne,Mani Powell,2100,12
Timmy Horne,Derrick Canteen,2100,11
Timmy Horne,Malik Herring,2100,11
Timmy Horne,Anthony Hill Jr.,2100,10
Timmy Horne,Bishop Fitzgerald,2100,10
Timmy Horne,Dorian Mausi,2100,10
Timmy Horne,Jerrick Reed II,2100,10
Timmy Horne,Keydrain Calligan,2100,10
Timmy Horne,Mario Goodrich,2100,10
Timmy Horne,Micah Robinson,2100,10
Timmy Horne,Nazeeh Johnson,2100,10
Timmy Horne,Kendell Brooks,2100,8
Timmy Horne,Jalen McMurray,2100,7
Timmy Horne,James Williams,2100,7
Timmy Horne,Jaylen Harrell,2100,7
Timmy Horne,Erick Hallett,2100,6
Timmy Horne,Jalyn Holmes,2100,6
Timmy Horne,Sean Brown,2100,6
Timmy Horne,Keldric Faulk,2100,5
Timmy Horne,Dominique Hampton,2100,2
Timmy Horne,Earnest Brown IV,2100,2
Timmy Horne,Laki Tasi,2100,2
Timmy Horne,Oluwafemi Oladejo,2100,2
Timmy Horne,Tony Adams,2100,2
Timmy Horne,Alontae Taylor,2100,1
Timmy Horne,Amani Hooker,2100,1
Timmy Horne,Cedric Gray,2100,1
Timmy Horne,Cody Barton,2100,1
Timmy Horne,Cordale Flott,2100,1
Timmy Horne,Jordan Elliott,2100,1
Timmy Horne,Kevin Winston Jr.,2100,1
Titus Leo,Ephesians Prysock,4500,27
Titus Leo,Darrell Luter Jr.,4500,22
Titus Leo,Sebastian Valdez,4500,22
Titus Leo,Jakob Robinson,4500,20
Titus Leo,Ashtyn Davis,4500,19
Titus Leo,Gracen Halton,4500,19
Titus Leo,Jalen Stroman,4500,18
Titus Leo,Nick Martin,4500,17
Titus Leo,Xavier Thomas,4500,16
Titus Leo,Jaden Dugger,4500,14
Titus Leo,Tatum Bethune,4500,13
Titus Leo,Marques Sigle,4500,12
Titus Leo,Jalen Graham,4500,11
Titus Leo,Patrick McMorris,4500,11
Titus Leo,Garret Wallow,4500,9
Titus Leo,Eli Apple,4500,8
Titus Leo,Quinton Bell,4500,8
Titus Leo,James Thompson Jr.,4500,7
Titus Leo,Alfred Collins,4500,6
Titus Leo,Bryson Eason,4500,6
Titus Leo,Larry Worth,4500,6
Titus Leo,Romello Height,4500,6
Titus Leo,Jack Jones,4500,3
Tom Kennedy,Miles Frazier,1540,19
Tom Kennedy,Blake Miller,1540,14
Tom Kennedy,Christian Mahogany,1540,14
Tom Kennedy,Joshua Dobbs,1540,14
Tom Kennedy,Larry Borom,1540,14
Tom Kennedy,Seth McLaughlin,1540,14
Tom Kennedy,Lucky Jackson,1540,12
Tom Kennedy,Dominic Lovett,1540,10
Tom Kennedy,Thomas Gordon,1540,10
Tom Kennedy,Jacob Saylors,1540,9
Tom Kennedy,Jackson Meeks,1540,8
Tom Kennedy,Malik Cunningham,1540,8
Tom Kennedy,Kye Robichaux,1540,7
Tom Kennedy,Tay Martin,1540,7
Tom Kennedy,Colby Sorsdal,1540,5
Tom Kennedy,Luke Altmyer,1540,5
Tom Kennedy,Mason Miller,1540,5
Tom Kennedy,Melvin Priestly,1540,5
Tom Kennedy,Michael Niese,1540,5
Tom Kennedy,Raheem Blackshear,1540,3
Tom Kennedy,Tarik Black,1540,1
Tom Kennedy,Zach Horton,1540,1
Tommy DeVito,Andrew Rupcich,3200,38
Tommy DeVito,Caleb Lomu,3200,38
Tommy DeVito,James Hudson,3200,38
Tommy DeVito,Marcus Bryant,3200,38
Tommy DeVito,Eli Raridon,3200,34
Tommy DeVito,Efton Chism III,3200,29
Tommy DeVito,Jacob Rizy,3200,24
Tommy DeVito,Kyle Williams,3200,24
Tommy DeVito,Lan Larison,3200,22
Tommy DeVito,Nick DeGennaro,3200,18
Tommy DeVito,Jam Miller,3200,16
Tommy DeVito,Ben Brown,3200,14
Tommy DeVito,Kayshon Boutte,3200,14
Tommy DeVito,Mack Hollins,3200,10
Tommy DeVito,Tanner Arkin,3200,9
Tommy DeVito,Cameron Dorner,3200,5
Tommy DeVito,Jack Westover,3200,4
Tommy DeVito,Kobe Prentice,3200,4
Tommy DeVito,Tejhaun Palmer,3200,1
Tommy Eichenberg,Cody Lindenberg,2520,21
Tommy Eichenberg,Hezekiah Masses,2520,21
Tommy Eichenberg,Jermod McCoy,2520,21
Tommy Eichenberg,Treydan Stukes,2520,21
Tommy Eichenberg,Tristin McCollum,2520,21
Tommy Eichenberg,Greedy Vance,2520,20
Tommy Eichenberg,Jonah Laulu,2520,15
Tommy Eichenberg,Keyron Crawford,2520,14
Tommy Eichenberg,Brennan Jackson,2520,11
Tommy Eichenberg,JJ Pegues,2520,11
Tommy Eichenberg,Benito Jones,2520,10
Tommy Eichenberg,Patrick Johnson,2520,10
Tommy Eichenberg,Jahfari Harvey,2520,7
Tommy Eichenberg,Thomas Booker,2520,6
Tommy Eichenberg,Treven Ma'ae,2520,1
Tonka Hemingway,Darien Porter,2520,6
Tonka Hemingway,Eric Stokes,2520,6
Tonka Hemingway,Isaiah Pola-Mao,2520,6
Tonka Hemingway,Jeremy Chinn,2520,6
Tonka Hemingway,Kwity Paye,2520,6
Tonka Hemingway,Malcolm Koonce,2520,6
Tonka Hemingway,Nakobe Dean,2520,6
Tonka Hemingway,Quay Walker,2520,6
Tonka Hemingway,Adam Butler,2520,5
Tonka Hemingway,Taron Johnson,2520,5
Tonka Hemingway,Jonah Laulu,2520,1
Tonka Hemingway,Thomas Booker,2520,1
Tony Adams,Anthony Hill Jr.,2100,17
Tony Adams,James Williams,2100,17
Tony Adams,Micah Robinson,2100,17
Tony Adams,Nazeeh Johnson,2100,17
Tony Adams,Erick Hallett,2100,14
Tony Adams,Earnest Brown IV,2100,12
Tony Adams,Jalyn Holmes,2100,12
Tony Adams,Keldric Faulk,2100,10
Tony Adams,Oluwafemi Oladejo,2100,10
Tony Adams,Kendell Brooks,2100,9
Tony Adams,Malik Herring,2100,9
Tony Adams,Jerrick Reed II,2100,8
Tony Adams,Jaylen Harrell,2100,5
Tony Adams,Khalen Saunders,2100,5
Tony Adams,Dorian Mausi,2100,3
Tony Adams,Truman Jones,2100,3
Tony Adams,Timmy Horne,2100,2
Tony Pollard,Austin Schlottmann,2100,9
Tony Pollard,Cam Ward,2100,9
Tony Pollard,Dan Moore Jr.,2100,9
Tony Pollard,Fernando Carmona,2100,9
Tony Pollard,JC Latham,2100,9
Tony Pollard,Peter Skoronski,2100,9
Tony Pollard,Carnell Tate,2100,8
Tony Pollard,Wan'Dale Robinson,2100,7
Tony Pollard,Daniel Bellinger,2100,6
Tony Pollard,Calvin Ridley,2100,5
Tony Pollard,Elic Ayomanor,2100,5
Tony Pollard,Gunnar Helm,2100,5
Tra Fluellen,Jaylin Simpson,1800,11
Tra Fluellen,Kristian Welch,1800,11
Tra Fluellen,MJ Devonshire,1800,11
Tra Fluellen,Nyjalik Kelly,1800,11
Tra Fluellen,TJ Quinn,1800,11
Tra Fluellen,Trey Dean III,1800,11
Tra Fluellen,Jaden Crumedy,1800,10
Tra Fluellen,Nazir Stackhouse,1800,9
Tra Fluellen,Shemar Bartholomew,1800,8
Tra Fluellen,Arron Mosby,1800,6
Tra Fluellen,Jonathan Ford,1800,6
Tra Fluellen,Collin Oliver,1800,5
Travis Burke,Logan Taylor,4400,44
Travis Burke,Jacob Spomer,4400,39
Travis Burke,Jake Slaughter,4400,37
Travis Burke,Trey Lance,4400,31
Travis Burke,Evan Svoboda,4400,28
Travis Burke,Dalevon Campbell,4400,26
Travis Burke,JaQuae Jackson,4400,23
Travis Burke,Brenen Thompson,4400,22
Travis Burke,KeAndre Lambert-Smith,4400,22
Travis Burke,Alex Harkey,4400,21
Travis Burke,Branson Taylor,4400,21
Travis Burke,DJ Uiagalelei,4400,21
Travis Burke,Johnny Pascuzzi,4400,19
Travis Burke,Devonte Ross,4400,18
Travis Burke,Oronde Gadsden II,4400,18
Travis Burke,Trevor Penning,4400,18
Travis Burke,Amar Johnson,4400,17
Travis Burke,Scott Matlock,4400,16
Travis Burke,Josh Kaltenberger,4400,15
Travis Burke,Gregory Desrosiers,4400,13
Travis Burke,Kayode Awosika,4400,13
Travis Burke,Kimani Vidal,4400,12
Travis Burke,Derius Davis,4400,10
Travis Burke,Jaret Patterson,4400,10
Travis Burke,Jerand Bradley,4400,3
Travis Burke,Luke Grimm,4400,3
Travis Glover,Dillon Wade,1800,17
Travis Glover,Donovan Jennings,1800,17
Travis Glover,John Williams,1800,17
Travis Glover,Kyle McCord,1800,17
Travis Glover,Isaiah Neyor,1800,16
Travis Glover,Messiah Swinson,1800,14
Travis Glover,J. Michael Sturdivant,1800,13
Travis Glover,Damien Martinez,1800,11
Travis Glover,Will Sheppard,1800,10
Travis Glover,Drake Dabney,1800,9
Travis Glover,Josh Gesky,1800,9
Travis Glover,Darian Kinnard,1800,8
Travis Glover,Jaden Nixon,1800,6
Travis Glover,Kisean Johnson,1800,3
Travis Glover,McCallan Castles,1800,3
Travis Homer,Dylan Cook,3900,13
Travis Homer,Spencer Anderson,3900,13
Travis Homer,Germie Bernard,3900,10
Travis Homer,Brandon Smith,3900,9
Travis Homer,Mason McCormick,3900,9
Travis Homer,Mason Rudolph,3900,9
Travis Homer,Roman Wilson,3900,9
Travis Homer,Troy Fautanu,3900,9
Travis Homer,Zach Frazier,3900,9
Travis Homer,Pat Freiermuth,3900,6
Travis Homer,Darnell Washington,3900,5
Travis Homer,Robert Tonyan,3900,5
Travis Homer,Ben Skowronek,3900,4
Travis Homer,Brock Hoffman,3900,4
Travis Homer,Broderick Jones,3900,4
Travis Homer,Ryan McCollum,3900,4
Travis Homer,Will Howard,3900,4
Travis Homer,Kaden Wetjen,3900,3
Travis Homer,Riley Nowakowski,3900,1
Tre Tucker,DJ Glaze,2520,9
Tre Tucker,Jackson Powers-Johnson,2520,9
Tre Tucker,Kirk Cousins,2520,9
Tre Tucker,Kolton Miller,2520,9
Tre Tucker,Michael Mayer,2520,9
Tre Tucker,Spencer Burford,2520,9
Tre Tucker,Tyler Linderbaum,2520,9
Tre Tucker,Jalen Nailor,2520,8
Tre Tucker,Ashton Jeanty,2520,6
Tre Tucker,Jack Bech,2520,4
Tre Tucker,Connor Heyward,2520,3
Tre Tucker,Mike Washington Jr.,2520,3
Tre Tucker,Ian Thomas,2520,2
Tre Tucker,Brock Bowers,2520,1
Tremon Smith,Jaylen Reed,2120,29
Tremon Smith,Stephen Hall,2120,27
Tremon Smith,Dylan Horton,2120,23
Tremon Smith,Kaevon Merriweather,2120,22
Tremon Smith,Solomon Byrd,2120,22
Tremon Smith,Kyonte Hamilton,2120,20
Tremon Smith,Dominic Bailey,2120,19
Tremon Smith,Aiden Fisher,2120,18
Tremon Smith,Naquan Jones,2120,18
Tremon Smith,Alijah Huzzie,2120,14
Tremon Smith,Ali Gaye,2120,13
Tremon Smith,Brandon Codrington,2120,13
Tremon Smith,Jamal Hill,2120,13
Tremon Smith,Marte Mapu,2120,13
Tremon Smith,Jacob Hummel,2120,12
Tremon Smith,Wade Woodaz,2120,12
Tremon Smith,Dominique Robinson,2120,11
Tremon Smith,K.C. Ossai,2120,10
Tremon Smith,Kayden McDonald,2120,10
Tremon Smith,Kamari Ramsey,2120,9
Tremon Smith,Jaylin Smith,2120,7
Tremon Smith,Ja'Marcus Ingram,2120,5
Trenton Irwin,Adrian Martinez,4500,32
Trenton Irwin,Jordan Watkins,4500,23
Trenton Irwin,Carver Willis,4500,20
Trenton Irwin,Doug Kramer,4500,20
Trenton Irwin,Enrique Cruz,4500,20
Trenton Irwin,Isaac Alarcon,4500,20
Trenton Irwin,Kion Smith,4500,20
Trenton Irwin,Sincere McCormick,4500,17
Trenton Irwin,Khalil Herbert,4500,16
Trenton Irwin,Josiah Deguara,4500,14
Trenton Irwin,Austen Pleasants,4500,13
Trenton Irwin,Brandon Parker,4500,13
Trenton Irwin,Connor Colby,4500,13
Trenton Irwin,Drake Nugent,4500,13
Trenton Irwin,KhaDarel Hodge,4500,13
Trenton Irwin,Robert Jones,4500,13
Trenton Irwin,Hayden Rucci,4500,11
Trenton Irwin,Malik Turner,4500,11
Trenton Irwin,Brayden Willis,4500,9
Trenton Irwin,Wesley Grimes,4500,9
Trenton Irwin,Will Pauling,4500,9
Trenton Irwin,Kurtis Rourke,4500,1
Treven Ma'ae,Caleb Offord,2520,15
Treven Ma'ae,Cian Slone,2520,15
Treven Ma'ae,Dalton Johnson,2520,15
Treven Ma'ae,Greedy Vance,2520,14
Treven Ma'ae,Keyron Crawford,2520,13
Treven Ma'ae,Buddy Johnson,2520,12
Treven Ma'ae,Devin Lafayette,2520,12
Treven Ma'ae,Gary Smith III,2520,12
Treven Ma'ae,Xavian Sorey Jr.,2520,12
Treven Ma'ae,Devyn Perkins,2520,10
Treven Ma'ae,Tristin McCollum,2520,10
Treven Ma'ae,Cameron McGrone,2520,9
Treven Ma'ae,JJ Pegues,2520,9
Treven Ma'ae,Jahfari Harvey,2520,9
Treven Ma'ae,Segun Olubi,2520,9
Treven Ma'ae,Brandon Cleveland,2520,7
Treven Ma'ae,Hezekiah Masses,2520,7
Treven Ma'ae,Jermod McCoy,2520,7
Treven Ma'ae,Treydan Stukes,2520,7
Treven Ma'ae,Patrick Johnson,2520,6
Treven Ma'ae,Chigozie Anusiem,2520,5
Treven Ma'ae,Benito Jones,2520,1
Treven Ma'ae,Brennan Jackson,2520,1
Treven Ma'ae,Cody Lindenberg,2520,1
Treven Ma'ae,Jonah Laulu,2520,1
Treven Ma'ae,Tommy Eichenberg,2520,1
Trevin Wallace,Akayleb Evans,0750,19
Trevin Wallace,Claudin Cherelus,0750,19
Trevin Wallace,Lathan Ransom,0750,19
Trevin Wallace,Will Lee III,0750,19
Trevin Wallace,Zakee Wheatley,0750,19
Trevin Wallace,Chau Smith-Wade,0750,15
Trevin Wallace,Princely Umanmielen,0750,14
Trevin Wallace,Trevis Gipson,0750,14
Trevin Wallace,Jared Harrison-Hunte,0750,12
Trevin Wallace,Lee Hunter,0750,11
Trevin Wallace,Aaron Hall,0750,8
Trevin Wallace,Cam Jackson,0750,8
Trevin Wallace,Nick Hampton,0750,5
Trevin Wallace,Thomas Incoom,0750,5
Trevin Wallace,Elijah Garcia,0750,3
Trevis Gipson,Akayleb Evans,0750,14
Trevis Gipson,Claudin Cherelus,0750,14
Trevis Gipson,Lathan Ransom,0750,14
Trevis Gipson,Princely Umanmielen,0750,14
Trevis Gipson,Trevin Wallace,0750,14
Trevis Gipson,Will Lee III,0750,14
Trevis Gipson,Zakee Wheatley,0750,14
Trevis Gipson,Chau Smith-Wade,0750,11
Trevis Gipson,Jared Harrison-Hunte,0750,8
Trevis Gipson,Aaron Hall,0750,7
Trevis Gipson,Cam Jackson,0750,7
Trevis Gipson,Lee Hunter,0750,7
Trevis Gipson,Elijah Garcia,0750,2
Trevor Etienne,Albert Reese,0750,13
Trevor Etienne,Brady Christensen,0750,13
Trevor Etienne,Brycen Tremayne,0750,13
Trevor Etienne,Chandler Zavala,0750,13
Trevor Etienne,Kenny Pickett,0750,13
Trevor Etienne,Sam Hecht,0750,13
Trevor Etienne,Stone Forsythe,0750,13
Trevor Etienne,David Moore,0750,12
Trevor Etienne,John Metchie III,0750,10
Trevor Etienne,James Mitchell,0750,7
Trevor Etienne,Feleipe Franks,0750,6
Trevor Etienne,Ja'Tavion Sanders,0750,3
Trevor Etienne,Ja'Seem Reed,0750,1
Trevor Nowaske,Thomas Harper,1540,26
Trevor Nowaske,Nick Whiteside,1540,25
Trevor Nowaske,Anthony Lucas,1540,22
Trevor Nowaske,Devin White,1540,21
Trevor Nowaske,Ennis Rakestraw Jr.,1540,21
Trevor Nowaske,Christian Izien,1540,16
Trevor Nowaske,Chris Smith,1540,15
Trevor Nowaske,Levi Onwuzurike,1540,15
Trevor Nowaske,Aamaris Brown,1540,14
Trevor Nowaske,Tyler Lacy,1540,13
Trevor Nowaske,Ahmed Hassanein,1540,11
Trevor Nowaske,Chuck Clark,1540,11
Trevor Nowaske,Mekhi Wingo,1540,9
Trevor Nowaske,Skyler Gill-Howard,1540,7
Trevor Nowaske,Keith Abney II,1540,6
Trevor Nowaske,Myles Adams,1540,6
Trevor Nowaske,Erick Hunter,1540,5
Trevor Nowaske,Joe Bachie,1540,5
Trevor Nowaske,Roger McCreary,1540,5
Trevor Nowaske,Eric O'Neill,1540,4
Trevor Nowaske,Ben Stille,1540,2
Trevor Nowaske,Khalil Dorsey,1540,1
Trevor Penning,Jacob Spomer,4400,24
Trevor Penning,Jake Slaughter,4400,24
Trevor Penning,Trey Lance,4400,24
Trevor Penning,Travis Burke,4400,18
Trevor Penning,Logan Taylor,4400,16
Trevor Penning,Jaret Patterson,4400,15
Trevor Penning,KeAndre Lambert-Smith,4400,15
Trevor Penning,Branson Taylor,4400,14
Trevor Penning,Brenen Thompson,4400,14
Trevor Penning,Evan Svoboda,4400,13
Trevor Penning,JaQuae Jackson,4400,12
Trevor Penning,Scott Matlock,4400,11
Trevor Penning,Derius Davis,4400,10
Trevor Penning,Amar Johnson,4400,9
Trevor Penning,Dalevon Campbell,4400,7
Trevor Penning,Oronde Gadsden II,4400,6
Trevor Penning,Johnny Pascuzzi,4400,3
Trevor Penning,Luke Grimm,4400,3
Trevor Penning,Devonte Ross,4400,2
Trey Dean III,Jaylin Simpson,1800,26
Trey Dean III,Kristian Welch,1800,26
Trey Dean III,TJ Quinn,1800,26
Trey Dean III,Jaden Crumedy,1800,23
Trey Dean III,Nyjalik Kelly,1800,23
Trey Dean III,MJ Devonshire,1800,21
Trey Dean III,Shemar Bartholomew,1800,20
Trey Dean III,Nazir Stackhouse,1800,18
Trey Dean III,Arron Mosby,1800,17
Trey Dean III,Jonathan Ford,1800,15
Trey Dean III,Mark Perry,1800,15
Trey Dean III,Collin Oliver,1800,12
Trey Dean III,Tra Fluellen,1800,11
Trey Dean III,Benjamin St-Juste,1800,5
Trey Dean III,Anthony Campbell,1800,2
Trey Lance,Jake Slaughter,4400,37
Trey Lance,Travis Burke,4400,31
Trey Lance,Logan Taylor,4400,29
Trey Lance,KeAndre Lambert-Smith,4400,28
Trey Lance,Branson Taylor,4400,27
Trey Lance,Brenen Thompson,4400,27
Trey Lance,Jacob Spomer,4400,24
Trey Lance,Trevor Penning,4400,24
Trey Lance,Scott Matlock,4400,19
Trey Lance,Oronde Gadsden II,4400,18
Trey Lance,Jaret Patterson,4400,16
Trey Lance,Derius Davis,4400,15
Trey Lance,Evan Svoboda,4400,14
Trey Lance,Kayode Awosika,4400,13
Trey Lance,JaQuae Jackson,4400,12
Trey Lance,Kimani Vidal,4400,12
Trey Lance,Amar Johnson,4400,9
Trey Lance,Dalevon Campbell,4400,7
Trey Lance,Johnny Pascuzzi,4400,3
Trey Lance,Luke Grimm,4400,3
Trey Lance,Devonte Ross,4400,2
Trey McBride,Elijah Wilkinson,3800,1
Trey McBride,Hjalte Froholdt,3800,1
Trey McBride,Isaac Seumalo,3800,1
Trey McBride,Isaiah Adams,3800,1
Trey McBride,Jacoby Brissett,3800,1
Trey McBride,Jeremiyah Love,3800,1
Trey McBride,Kendrick Bourne,3800,1
Trey McBride,Marvin Harrison Jr.,3800,1
Trey McBride,Michael Wilson,3800,1
Trey McBride,Paris Johnson Jr.,3800,1
Trey Washington,Jaylon Jones,2200,25
Trey Washington,Rob Carter Jr.,2200,23
Trey Washington,Bryce Boettcher,2200,21
Trey Washington,Daniel Scott,2200,20
Trey Washington,Jaylon Carlies,2200,17
Trey Washington,Jaylahn Tuimolaou,2200,16
Trey Washington,Johnathan Edwards,2200,16
Trey Washington,Jerry Tillery,2200,14
Trey Washington,Adetomiwa Adebawore,2200,13
Trey Washington,Caden Curry,2200,13
Trey Washington,George Gumbs Jr.,2200,13
Trey Washington,Austin Ajiake,2200,12
Trey Washington,Colby Wooden,2200,12
Trey Washington,Micheal Clemons,2200,12
Trey Washington,Derrick Nnadi,2200,11
Trey Washington,Mekhi Rodgers,2200,6
Trey Washington,Hunter Wohler,2200,5
Trey Washington,Cameron Ball,2200,1
Trey Zuhn III,Atonio Mafi,2520,28
Trey Zuhn III,Charles Grant,2520,28
Trey Zuhn III,Fernando Mendoza,2520,28
Trey Zuhn III,Ian Thomas,2520,28
Trey Zuhn III,Jordan Meredith,2520,28
Trey Zuhn III,Caleb Rogers,2520,19
Trey Zuhn III,Malik Benson,2520,17
Trey Zuhn III,Deven Thompkins,2520,16
Trey Zuhn III,Mike Washington Jr.,2520,15
Trey Zuhn III,Jack Bech,2520,14
Trey Zuhn III,Dylan Laube,2520,13
Trey Zuhn III,Brandon Johnson,2520,12
Trey Zuhn III,Dareke Young,2520,11
Trey Zuhn III,Jackson Powers-Johnson,2520,9
Trey Zuhn III,Connor Heyward,2520,8
Trey Zuhn III,Albert Okwuegbunam,2520,6
Treydan Stukes,Hezekiah Masses,2520,29
Treydan Stukes,Jermod McCoy,2520,29
Treydan Stukes,Tristin McCollum,2520,29
Treydan Stukes,Greedy Vance,2520,28
Treydan Stukes,Cody Lindenberg,2520,21
Treydan Stukes,Tommy Eichenberg,2520,21
Treydan Stukes,Keyron Crawford,2520,20
Treydan Stukes,JJ Pegues,2520,17
Treydan Stukes,Jonah Laulu,2520,15
Treydan Stukes,Patrick Johnson,2520,12
Treydan Stukes,Brennan Jackson,2520,11
Treydan Stukes,Benito Jones,2520,10
Treydan Stukes,Jahfari Harvey,2520,9
Treydan Stukes,Cameron McGrone,2520,8
Treydan Stukes,Segun Olubi,2520,8
Treydan Stukes,Treven Ma'ae,2520,7
Treydan Stukes,Cian Slone,2520,6
Treydan Stukes,Thomas Booker,2520,6
Treydan Stukes,Brandon Cleveland,2520,2
Treydan Stukes,Gary Smith III,2520,2
Treyvhon Saunders,Davis Mills,2120,17
Treyvhon Saunders,Sam Hagen,2120,17
Treyvhon Saunders,Eli Cox,2120,13
Treyvhon Saunders,James Neal III,2120,13
Treyvhon Saunders,Jarrett Kingston,2120,13
Treyvhon Saunders,Jarrett Patterson,2120,13
Treyvhon Saunders,Joshua Pitsenberger,2120,11
Treyvhon Saunders,Jha'Quan Jackson,2120,10
Treyvhon Saunders,Cade Stover,2120,9
Treyvhon Saunders,Layne Pryor,2120,9
Treyvhon Saunders,Daniel Sobkowicz,2120,8
Treyvhon Saunders,Noah Whittington,2120,6
Treyvhon Saunders,Juwann Winfree,2120,5
Treyvhon Saunders,Blake Fisher,2120,4
Treyvhon Saunders,Evan Brown,2120,4
Treyvhon Saunders,Febechi Nwaiwu,2120,4
Treyvhon Saunders,Jake Andrews,2120,4
Treyvhon Saunders,Josh Kelly,2120,4
Treyvhon Saunders,Lewis Bond,2120,4
Treyvhon Saunders,Foster Moreau,2120,2
Tristin McCollum,Greedy Vance,2520,38
Tristin McCollum,Hezekiah Masses,2520,29
Tristin McCollum,Jermod McCoy,2520,29
Tristin McCollum,Treydan Stukes,2520,29
Tristin McCollum,Keyron Crawford,2520,27
Tristin McCollum,JJ Pegues,2520,22
Tristin McCollum,Cody Lindenberg,2520,21
Tristin McCollum,Tommy Eichenberg,2520,21
Tristin McCollum,Patrick Johnson,2520,19
Tristin McCollum,Cameron McGrone,2520,18
Tristin McCollum,Segun Olubi,2520,18
Tristin McCollum,Benito Jones,2520,15
Tristin McCollum,Jonah Laulu,2520,15
Tristin McCollum,Jahfari Harvey,2520,12
Tristin McCollum,Brennan Jackson,2520,11
Tristin McCollum,Caleb Offord,2520,10
Tristin McCollum,Chigozie Anusiem,2520,10
Tristin McCollum,Dalton Johnson,2520,10
Tristin McCollum,Treven Ma'ae,2520,10
Tristin McCollum,Brandon Cleveland,2520,9
Tristin McCollum,Cian Slone,2520,9
Tristin McCollum,Thomas Booker,2520,6
Tristin McCollum,Gary Smith III,2520,2
Troy Dye,Deane Leonard,4400,10
Troy Dye,Del'Shawn Phillips,4400,10
Troy Dye,Genesis Smith,4400,10
Troy Dye,Nikko Reed,4400,10
Troy Dye,R.J. Mickens,4400,10
Troy Dye,Akheem Mesidor,4400,7
Troy Dye,Nick Barrett,4400,7
Troy Dye,TeRah Edwards,4400,7
Troy Dye,Garmon Randolph,4400,6
Troy Dye,Avery Smith,4400,5
Troy Dye,Kyle Kennard,4400,4
Troy Dye,Jahmeer Carter,4400,3
Troy Dye,Kendall Williamson,4400,3
Troy Dye,Nadame Tucker,4400,3
Troy Dye,Terry Webb,4400,3
Troy Dye,Jacobian Guillory,4400,2
Troy Fautanu,Dylan Cook,3900,17
Troy Fautanu,Mason McCormick,3900,17
Troy Fautanu,Mason Rudolph,3900,17
Troy Fautanu,Spencer Anderson,3900,17
Troy Fautanu,Zach Frazier,3900,17
Troy Fautanu,Roman Wilson,3900,16
Troy Fautanu,Germie Bernard,3900,14
Troy Fautanu,Darnell Washington,3900,12
Troy Fautanu,Brandon Smith,3900,10
Troy Fautanu,Travis Homer,3900,9
Troy Fautanu,Lew Nichols III,3900,8
Troy Fautanu,Pat Freiermuth,3900,8
Troy Fautanu,Ben Skowronek,3900,4
Troy Fautanu,Riley Nowakowski,3900,3
Troy Fautanu,Robert Tonyan,3900,1
Troy Reeder,Dan Jackson,1540,22
Troy Reeder,Keith Abney II,1540,22
Troy Reeder,Aamaris Brown,1540,20
Troy Reeder,Eric O'Neill,1540,20
Troy Reeder,Roger McCreary,1540,19
Troy Reeder,Ryan Cooper Jr.,1540,19
Troy Reeder,Myles Adams,1540,18
Troy Reeder,Erick Hunter,1540,17
Troy Reeder,Amen Ogbongbemiga,1540,11
Troy Reeder,Skyler Gill-Howard,1540,11
Troy Reeder,Ahmed Hassanein,1540,10
Troy Reeder,Ben Stille,1540,9
Troy Reeder,Anthony Lucas,1540,8
Troy Reeder,Chris Smith,1540,8
Troy Reeder,Tyre West,1540,4
Troy Reeder,Thomas Harper,1540,2
Truman Jones,Malik Herring,2100,19
Truman Jones,Derrick Canteen,2100,16
Truman Jones,Bishop Fitzgerald,2100,15
Truman Jones,Mani Powell,2100,15
Truman Jones,Timmy Horne,2100,15
Truman Jones,Keydrain Calligan,2100,13
Truman Jones,Mario Goodrich,2100,13
Truman Jones,Anthony Hill Jr.,2100,12
Truman Jones,Micah Robinson,2100,12
Truman Jones,Nazeeh Johnson,2100,12
Truman Jones,Dorian Mausi,2100,11
Truman Jones,Jalyn Holmes,2100,11
Truman Jones,Earnest Brown IV,2100,10
Truman Jones,Jalen McMurray,2100,10
Truman Jones,Kendell Brooks,2100,10
Truman Jones,Khalen Saunders,2100,10
Truman Jones,Erick Hallett,2100,9
Truman Jones,Sean Brown,2100,9
Truman Jones,James Williams,2100,7
Truman Jones,Jerrick Reed II,2100,7
Truman Jones,Jaylen Harrell,2100,6
Truman Jones,Laki Tasi,2100,4
Truman Jones,Alontae Taylor,2100,3
Truman Jones,Amani Hooker,2100,3
Truman Jones,Cedric Gray,2100,3
Truman Jones,Cody Barton,2100,3
Truman Jones,Cordale Flott,2100,3
Truman Jones,Kevin Winston Jr.,2100,3
Truman Jones,Tony Adams,2100,3
Truman Jones,Dominique Hampton,2100,2
Truman Jones,Jordan Elliott,2100,2
Truman Jones,Keldric Faulk,2100,2
Truman Jones,Marcus Harris,2100,2
Truman Jones,Solomon Thomas,2100,2
Truman Jones,Jeffery Simmons,2100,1
Truman Jones,Jermaine Johnson II,2100,1
Truman Jones,Oluwafemi Oladejo,2100,1
Ty'Ron Hopper,Kitan Oladapo,1800,27
Ty'Ron Hopper,Mark Perry,1800,25
Ty'Ron Hopper,Murvin Kenion,1800,18
Ty'Ron Hopper,Chris McClellan,1800,17
Ty'Ron Hopper,Collin Oliver,1800,17
Ty'Ron Hopper,Brenton Cox Jr.,1800,16
Ty'Ron Hopper,Isaiah McDuffie,1800,16
Ty'Ron Hopper,Warren Brinson,1800,16
Ty'Ron Hopper,Benjamin St-Juste,1800,15
Ty'Ron Hopper,Jaylin Simpson,1800,15
Ty'Ron Hopper,Nyjalik Kelly,1800,14
Ty'Ron Hopper,Brandon Cisse,1800,13
Ty'Ron Hopper,Keisean Nixon,1800,13
Ty'Ron Hopper,Anthony Campbell,1800,12
Ty'Ron Hopper,Nick Niemann,1800,12
Ty'Ron Hopper,Nazir Stackhouse,1800,10
Ty'Ron Hopper,Arron Mosby,1800,9
Ty'Ron Hopper,Jonathan Ford,1800,6
Ty'Ron Hopper,Shemar Bartholomew,1800,6
Ty'Ron Hopper,Jaden Crumedy,1800,3
Tyjae Spears,Austin Schlottmann,2100,12
Tyjae Spears,Cam Ward,2100,12
Tyjae Spears,Dan Moore Jr.,2100,12
Tyjae Spears,Fernando Carmona,2100,12
Tyjae Spears,JC Latham,2100,12
Tyjae Spears,Peter Skoronski,2100,12
Tyjae Spears,Elic Ayomanor,2100,10
Tyjae Spears,Wan'Dale Robinson,2100,9
Tyjae Spears,Gunnar Helm,2100,8
Tyjae Spears,Carnell Tate,2100,7
Tyjae Spears,Daniel Bellinger,2100,7
Tyjae Spears,Chimere Dike,2100,5
Tyjae Spears,Calvin Ridley,2100,2
Tyler Allgeier,Jalen Brooks,3800,6
Tyler Allgeier,Rivaldo Fairweather,3800,5
Tyler Allgeier,Teagan Quitoriano,3800,4
Tyler Allgeier,Chase Bisontis,3800,3
Tyler Allgeier,Elijah Wilkinson,3800,3
Tyler Allgeier,Gardner Minshew,3800,3
Tyler Allgeier,Hayden Conner,3800,3
Tyler Allgeier,Hjalte Froholdt,3800,3
Tyler Allgeier,Isaac Seumalo,3800,3
Tyler Allgeier,Isaiah Adams,3800,3
Tyler Allgeier,Jacoby Brissett,3800,3
Tyler Allgeier,Jayden Williams,3800,3
Tyler Allgeier,Jon Gaines II,3800,3
Tyler Allgeier,Josh Fryar,3800,3
Tyler Allgeier,Marvin Harrison Jr.,3800,3
Tyler Allgeier,Paris Johnson Jr.,3800,3
Tyler Allgeier,Simi Fehoko,3800,3
Tyler Allgeier,Kendrick Bourne,3800,2
Tyler Allgeier,Devin Duvernay,3800,1
Tyler Conklin,Blake Miller,1540,15
Tyler Conklin,Christian Mahogany,1540,15
Tyler Conklin,Isaac TeSlaa,1540,15
Tyler Conklin,Larry Borom,1540,15
Tyler Conklin,Luke Altmyer,1540,15
Tyler Conklin,Miles Frazier,1540,15
Tyler Conklin,Seth McLaughlin,1540,15
Tyler Conklin,Cedrick Wilson Jr.,1540,14
Tyler Conklin,Jacob Saylors,1540,12
Tyler Conklin,Greg Dortch,1540,7
Tyler Conklin,Jackson Meeks,1540,7
Tyler Conklin,Kye Robichaux,1540,3
Tyler Conklin,Tay Martin,1540,1
Tyler Conklin,Thomas Gordon,1540,1
Tyler Lacy,Anthony Lucas,1540,13
Tyler Lacy,Devin White,1540,13
Tyler Lacy,Ennis Rakestraw Jr.,1540,13
Tyler Lacy,Levi Onwuzurike,1540,13
Tyler Lacy,Nick Whiteside,1540,13
Tyler Lacy,Thomas Harper,1540,13
Tyler Lacy,Trevor Nowaske,1540,13
Tyler Lacy,Chris Smith,1540,12
Tyler Lacy,Christian Izien,1540,10
Tyler Lacy,Chuck Clark,1540,9
Tyler Lacy,Aamaris Brown,1540,4
Tyler Lacy,Joe Bachie,1540,3
Tyler Lacy,Myles Adams,1540,1
Tyler Linderbaum,DJ Glaze,2520,10
Tyler Linderbaum,Jackson Powers-Johnson,2520,10
Tyler Linderbaum,Kirk Cousins,2520,10
Tyler Linderbaum,Kolton Miller,2520,10
Tyler Linderbaum,Michael Mayer,2520,10
Tyler Linderbaum,Spencer Burford,2520,10
Tyler Linderbaum,Tre Tucker,2520,9
Tyler Linderbaum,Jalen Nailor,2520,8
Tyler Linderbaum,Ashton Jeanty,2520,7
Tyler Linderbaum,Jack Bech,2520,5
Tyler Linderbaum,Connor Heyward,2520,4
Tyler Linderbaum,Mike Washington Jr.,2520,3
Tyler Linderbaum,Ian Thomas,2520,2
Tyler Linderbaum,Albert Okwuegbunam,2520,1
Tyler Linderbaum,Brock Bowers,2520,1
Tyre West,Aamaris Brown,1540,4
Tyre West,Amen Ogbongbemiga,1540,4
Tyre West,Dan Jackson,1540,4
Tyre West,Eric O'Neill,1540,4
Tyre West,Erick Hunter,1540,4
Tyre West,Keith Abney II,1540,4
Tyre West,Troy Reeder,1540,4
Tyre West,Ben Stille,1540,3
Tyre West,Myles Adams,1540,3
Tyre West,Ryan Cooper Jr.,1540,3
Tyre West,Chris Smith,1540,1
Tyre West,Roger McCreary,1540,1
Tyre West,Skyler Gill-Howard,1540,1
Tyrek Funderburk,Demani Richardson,0750,17
Tyrek Funderburk,Isaiah Simmons,0750,17
Tyrek Funderburk,Maema Njongmeta,0750,17
Tyrek Funderburk,Devonta Smith,0750,16
Tyrek Funderburk,Kyon Barrs,0750,11
Tyrek Funderburk,Cam Gill,0750,10
Tyrek Funderburk,DeCarlos Nicholson,0750,10
Tyrek Funderburk,Isaiah Smith,0750,10
Tyrek Funderburk,Mapalo Mwansa,0750,10
Tyrek Funderburk,Parker Petersen,0750,8
Tyrek Funderburk,Tywone Malone,0750,8
Tyrek Funderburk,Cam Miller,0750,7
Tyrek Funderburk,Jackson Kuwatch,0750,7
Tyrek Funderburk,Nick Hampton,0750,7
Tyrek Funderburk,Thomas Incoom,0750,7
Tyrek Funderburk,Aaron Hall,0750,4
Tyrek Funderburk,Elijah Garcia,0750,4
Tyren Montgomery,Andre James,2100,6
Tyren Montgomery,Drew Moss,2100,6
Tyren Montgomery,Garrett Dellinger,2100,6
Tyren Montgomery,Hendon Hooker,2100,6
Tyren Montgomery,Joel Wilson,2100,6
Tyren Montgomery,Rasheed Miller,2100,6
Tyren Montgomery,David Martin-Robinson,2100,4
Tyren Montgomery,Julius Chestnut,2100,4
Tyren Montgomery,Zach Thomas,2100,4
Tyren Montgomery,Courtney Jackson,2100,3
Tyren Montgomery,Aamil Wagner,2100,2
Tyren Montgomery,Hank Beatty,2100,2
Tyren Montgomery,Kylen Granson,2100,2
Tyren Montgomery,Michael Carter,2100,2
Tyren Montgomery,Lance McCutcheon,2100,1
Tyrod Taylor,Anthony Belton,1800,12
Tyrod Taylor,Donovan Jennings,1800,12
Tyrod Taylor,Jacob Monk,1800,12
Tyrod Taylor,Jager Burton,1800,12
Tyrod Taylor,Jordan Morgan,1800,12
Tyrod Taylor,Drake Dabney,1800,11
Tyrod Taylor,Bo Melton,1800,10
Tyrod Taylor,Savion Williams,1800,10
Tyrod Taylor,Skyy Moore,1800,9
Tyrod Taylor,Pierre Strong,1800,7
Tyrod Taylor,Isaiah Neyor,1800,4
Tyrod Taylor,Messiah Swinson,1800,4
Tyrod Taylor,MarShawn Lloyd,1800,3
Tyrod Taylor,Jaden Nixon,1800,2
Tywone Malone,Demani Richardson,0750,14
Tywone Malone,Isaiah Simmons,0750,14
Tywone Malone,Devonta Smith,0750,13
Tywone Malone,Jackson Kuwatch,0750,9
Tywone Malone,Maema Njongmeta,0750,8
Tywone Malone,Tyrek Funderburk,0750,8
Tywone Malone,Cam Gill,0750,7
Tywone Malone,Isaiah Smith,0750,7
Tywone Malone,Nick Hampton,0750,7
Tywone Malone,Thomas Incoom,0750,7
Tywone Malone,Bam Martin-Scott,0750,6
Tywone Malone,Cam Miller,0750,6
Tywone Malone,Kyon Barrs,0750,6
Tywone Malone,Parker Petersen,0750,6
Tywone Malone,Robert Rochell,0750,6
Tywone Malone,DeCarlos Nicholson,0750,5
Tywone Malone,Mapalo Mwansa,0750,5
Tywone Malone,Aaron Hall,0750,3
Tywone Malone,Corey Thornton,0750,3
Ulysses Bentley IV,Anthony Richardson,2200,14
Ulysses Bentley IV,Blake Freeland,2200,14
Ulysses Bentley IV,Dalton Tucker,2200,14
Ulysses Bentley IV,Eli Pancol,2200,14
Ulysses Bentley IV,Jalen Farmer,2200,14
Ulysses Bentley IV,Josh Sills,2200,14
Ulysses Bentley IV,Luke Tenuta,2200,14
Ulysses Bentley IV,Will Mallory,2200,13
Ulysses Bentley IV,Coleman Owen,2200,11
Ulysses Bentley IV,Deion Burks,2200,8
Ulysses Bentley IV,D.J. Montgomery,2200,6
Ulysses Bentley IV,Pharaoh Brown,2200,4
Valentin Senn,Ka'ena Decambra,3800,51
Valentin Senn,Kedon Slovis,3800,51
Valentin Senn,Reggie Virgil,3800,51
Valentin Senn,Bryson Green,3800,44
Valentin Senn,Demontrey Jacobs,3800,41
Valentin Senn,Olisaemeka Udoh,3800,39
Valentin Senn,Christian Jones,3800,37
Valentin Senn,Corey Kiner,3800,36
Valentin Senn,Harrison Wallace III,3800,36
Valentin Senn,Matt Pryor,3800,36
Valentin Senn,Rivaldo Fairweather,3800,26
Valentin Senn,Jameson Geers,3800,24
Valentin Senn,Evan Hull,3800,15
Valentin Senn,Xavier Weaver,3800,14
Valentin Senn,Shawn Bowman,3800,9
Wade Woodaz,Jacob Hummel,2120,19
Wade Woodaz,Jaylen Reed,2120,16
Wade Woodaz,Kamari Ramsey,2120,13
Wade Woodaz,Tremon Smith,2120,12
Wade Woodaz,Jaylin Smith,2120,11
Wade Woodaz,Ali Gaye,2120,10
Wade Woodaz,Dominique Robinson,2120,10
Wade Woodaz,Kyonte Hamilton,2120,10
Wade Woodaz,Marte Mapu,2120,10
Wade Woodaz,Naquan Jones,2120,10
Wade Woodaz,Dominic Bailey,2120,9
Wade Woodaz,Dylan Horton,2120,9
Wade Woodaz,Kaevon Merriweather,2120,9
Wade Woodaz,Kayden McDonald,2120,9
Wade Woodaz,Solomon Byrd,2120,9
Wade Woodaz,Stephen Hall,2120,8
Wade Woodaz,Collin Wright,2120,7
Wade Woodaz,Alijah Huzzie,2120,5
Wade Woodaz,Ja'Marcus Ingram,2120,3
Walter Nolen,Dadrion Taylor-Demerson,3800,19
Walter Nolen,Denzel Burke,3800,19
Walter Nolen,Jack Gibbens,3800,16
Walter Nolen,Will Johnson,3800,13
Walter Nolen,Jordan Burch,3800,12
Walter Nolen,L.J. Collier,3800,11
Walter Nolen,Cody Simon,3800,10
Walter Nolen,Kitan Crawford,3800,10
Walter Nolen,Sean Murphy-Bunting,3800,10
Walter Nolen,Andrew Wingard,3800,9
Walter Nolen,Eku Leota,3800,9
Walter Nolen,Mack Wilson,3800,9
Walter Nolen,Darius Robinson,3800,8
Walter Nolen,Andrew Billings,3800,7
Walter Nolen,BJ Ojulari,3800,6
Walter Nolen,Max Melton,3800,6
Walter Nolen,Roy Lopez,3800,6
Walter Nolen,Zaven Collins,3800,6
Walter Nolen,Elliott Brown,3800,3
Walter Nolen,Cam Robertson,3800,1
Wan'Dale Robinson,Austin Schlottmann,2100,16
Wan'Dale Robinson,Cam Ward,2100,16
Wan'Dale Robinson,Dan Moore Jr.,2100,16
Wan'Dale Robinson,Fernando Carmona,2100,16
Wan'Dale Robinson,JC Latham,2100,16
Wan'Dale Robinson,Peter Skoronski,2100,16
Wan'Dale Robinson,Carnell Tate,2100,12
Wan'Dale Robinson,Elic Ayomanor,2100,12
Wan'Dale Robinson,Tyjae Spears,2100,9
Wan'Dale Robinson,Daniel Bellinger,2100,8
Wan'Dale Robinson,Gunnar Helm,2100,8
Wan'Dale Robinson,Tony Pollard,2100,7
Wan'Dale Robinson,Calvin Ridley,2100,5
Wan'Dale Robinson,Chimere Dike,2100,3
Warren Brinson,Kitan Oladapo,1800,16
Warren Brinson,Ty'Ron Hopper,1800,16
Warren Brinson,Mark Perry,1800,14
Warren Brinson,Murvin Kenion,1800,13
Warren Brinson,Isaiah McDuffie,1800,12
Warren Brinson,Chris McClellan,1800,11
Warren Brinson,Brandon Cisse,1800,10
Warren Brinson,Keisean Nixon,1800,10
Warren Brinson,Brenton Cox Jr.,1800,9
Warren Brinson,Nyjalik Kelly,1800,9
Warren Brinson,Collin Oliver,1800,8
Warren Brinson,Benjamin St-Juste,1800,7
Warren Brinson,Jaylin Simpson,1800,7
Warren Brinson,Arron Mosby,1800,6
Warren Brinson,Anthony Campbell,1800,5
Warren Brinson,Nick Niemann,1800,4
Warren Brinson,Nazir Stackhouse,1800,2
Warren Brinson,Shemar Bartholomew,1800,2
Warren Brinson,Barryn Sorrell,1800,1
Warren Brinson,Edgerrin Cooper,1800,1
Warren Brinson,Evan Williams,1800,1
Warren Brinson,Jaden Crumedy,1800,1
Warren Brinson,Jonathan Ford,1800,1
Warren Brinson,Karl Brooks,1800,1
Warren Brinson,Lukas Van Ness,1800,1
Warren Brinson,Xavier McKinney,1800,1
Warren Brinson,Zaire Franklin,1800,1
Wesley Grimes,Adrian Martinez,4500,13
Wesley Grimes,Carver Willis,4500,13
Wesley Grimes,Doug Kramer,4500,13
Wesley Grimes,Enrique Cruz,4500,13
Wesley Grimes,Isaac Alarcon,4500,13
Wesley Grimes,Josiah Deguara,4500,13
Wesley Grimes,Kion Smith,4500,13
Wesley Grimes,Will Pauling,4500,13
Wesley Grimes,Khalil Herbert,4500,10
Wesley Grimes,Trenton Irwin,4500,9
Wesley Grimes,Hayden Rucci,4500,4
Wesley Grimes,Zamir White,4500,3
West Weeks,Caden Curry,2200,20
West Weeks,Cameron Ball,2200,20
West Weeks,Juanyeh Thomas,2200,20
West Weeks,Mekhi Rodgers,2200,20
West Weeks,Rob Carter Jr.,2200,20
West Weeks,George Gumbs Jr.,2200,18
West Weeks,Jai'Onte' McMillan,2200,16
West Weeks,Tahj Chambers,2200,14
West Weeks,Tim Smith,2200,13
West Weeks,Daniel Scott,2200,11
West Weeks,Austin Brown,2200,9
West Weeks,Durell Nchami,2200,7
West Weeks,Devin Veresuk,2200,6
West Weeks,Mitchell Melton,2200,4
West Weeks,Jaylon Jones,2200,2
Will Howard,Brock Hoffman,3900,18
Will Howard,Broderick Jones,3900,18
Will Howard,Ryan McCollum,3900,18
Will Howard,Robert Tonyan,3900,17
Will Howard,Doug Nester,3900,14
Will Howard,Lew Nichols III,3900,14
Will Howard,Dylan Cook,3900,12
Will Howard,Germie Bernard,3900,11
Will Howard,Roman Wilson,3900,8
Will Howard,Kaden Wetjen,3900,7
Will Howard,Ben Skowronek,3900,6
Will Howard,Jack Driscoll,3900,6
Will Howard,Levi Wentz,3900,6
Will Howard,Max Hurleman,3900,6
Will Howard,Jaheim Bell,3900,5
Will Howard,Brandon Smith,3900,4
Will Howard,Spencer Anderson,3900,4
Will Howard,Travis Homer,3900,4
Will Howard,Lake McRee,3900,1
Will Howard,Riley Nowakowski,3900,1
Will Johnson,Dadrion Taylor-Demerson,3800,16
Will Johnson,Denzel Burke,3800,16
Will Johnson,Jack Gibbens,3800,13
Will Johnson,Walter Nolen,3800,13
Will Johnson,L.J. Collier,3800,12
Will Johnson,Andrew Wingard,3800,10
Will Johnson,Jordan Burch,3800,10
Will Johnson,Mack Wilson,3800,10
Will Johnson,Sean Murphy-Bunting,3800,10
Will Johnson,Darius Robinson,3800,7
Will Johnson,Zaven Collins,3800,7
Will Johnson,BJ Ojulari,3800,6
Will Johnson,Cody Simon,3800,6
Will Johnson,Eku Leota,3800,6
Will Johnson,Kitan Crawford,3800,6
Will Johnson,Roy Lopez,3800,6
Will Johnson,Andrew Billings,3800,5
Will Johnson,Elliott Brown,3800,1
Will Lee III,Akayleb Evans,0750,19
Will Lee III,Claudin Cherelus,0750,19
Will Lee III,Lathan Ransom,0750,19
Will Lee III,Trevin Wallace,0750,19
Will Lee III,Zakee Wheatley,0750,19
Will Lee III,Chau Smith-Wade,0750,15
Will Lee III,Princely Umanmielen,0750,14
Will Lee III,Trevis Gipson,0750,14
Will Lee III,Jared Harrison-Hunte,0750,12
Will Lee III,Lee Hunter,0750,11
Will Lee III,Aaron Hall,0750,8
Will Lee III,Cam Jackson,0750,8
Will Lee III,Nick Hampton,0750,5
Will Lee III,Thomas Incoom,0750,5
Will Lee III,Elijah Garcia,0750,3
Will Levis,Brandon Crenshaw-Dickson,2100,18
Will Levis,Cordell Volson,2100,18
Will Levis,Jackson Slater,2100,18
Will Levis,Pat Coogan,2100,18
Will Levis,Austin Deculus,2100,13
Will Levis,Kylen Granson,2100,11
Will Levis,Bryce Oliver,2100,10
Will Levis,K.J. Osborn,2100,10
Will Levis,Nicholas Singleton,2100,10
Will Levis,Xavier Restrepo,2100,10
Will Levis,David Martin-Robinson,2100,8
Will Levis,Michael Carter,2100,6
Will Levis,Chimere Dike,2100,5
Will Levis,Elic Ayomanor,2100,5
Will Levis,Zach Thomas,2100,5
Will Levis,Hank Beatty,2100,4
Will Levis,Joel Wilson,2100,3
Will Levis,Lance McCutcheon,2100,3
Will Levis,Mason Kinsey,2100,3
Will Levis,Julius Chestnut,2100,2
Will Mallory,Blake Freeland,2200,34
Will Mallory,Jalen Farmer,2200,34
Will Mallory,Luke Tenuta,2200,33
Will Mallory,Eli Pancol,2200,25
Will Mallory,Josh Sills,2200,25
Will Mallory,Anthony Richardson,2200,22
Will Mallory,Dalton Tucker,2200,22
Will Mallory,Deion Burks,2200,18
Will Mallory,Coleman Owen,2200,15
Will Mallory,D.J. Montgomery,2200,15
Will Mallory,Ulysses Bentley IV,2200,13
Will Mallory,Jimmy Morrissey,2200,12
Will Mallory,Riley Leonard,2200,12
Will Mallory,Pharaoh Brown,2200,11
Will Mallory,Anderson Castle,2200,10
Will Mallory,Geno VanDeMark,2200,9
Will Mallory,Nick Westbrook-Ikhine,2200,9
Will Mallory,Seth McGowan,2200,9
Will Mallory,Raylen Sharpe,2200,7
Will Mallory,Roydell Williams,2200,2
Will Mallory,Andrew Ogletree,2200,1
Will Mallory,Jalen Travis,2200,1
Will Mallory,Laquon Treadwell,2200,1
Will Pauling,Adrian Martinez,4500,13
Will Pauling,Carver Willis,4500,13
Will Pauling,Doug Kramer,4500,13
Will Pauling,Enrique Cruz,4500,13
Will Pauling,Isaac Alarcon,4500,13
Will Pauling,Josiah Deguara,4500,13
Will Pauling,Kion Smith,4500,13
Will Pauling,Wesley Grimes,4500,13
Will Pauling,Khalil Herbert,4500,10
Will Pauling,Trenton Irwin,4500,9
Will Pauling,Hayden Rucci,4500,4
Will Pauling,Zamir White,4500,3
Will Putnam,Aidan O'Connell,2520,16
Will Putnam,Dalton Wagner,2520,16
Will Putnam,Kamar Missouri,2520,16
Will Putnam,Phillip Dorsett,2520,14
Will Putnam,Albert Okwuegbunam,2520,13
Will Putnam,Atonio Mafi,2520,13
Will Putnam,Chase Roberts,2520,13
Will Putnam,Jordan Meredith,2520,11
Will Putnam,Dare Ogunbowale,2520,9
Will Putnam,Shedrick Jackson,2520,9
Will Putnam,Niklas Henning,2520,8
Will Putnam,Roman Hemby,2520,7
Will Putnam,Chris Myarick,2520,6
Will Putnam,E.J. Williams Jr.,2520,6
Will Putnam,Brandon Johnson,2520,1
Will Putnam,Dareke Young,2520,1
Will Putnam,Patrick Gurd,2520,1
Will Sheppard,Dillon Wade,1800,12
Will Sheppard,Donovan Jennings,1800,12
Will Sheppard,Isaiah Neyor,1800,12
Will Sheppard,John Williams,1800,12
Will Sheppard,Kyle McCord,1800,12
Will Sheppard,Travis Glover,1800,10
Will Sheppard,J. Michael Sturdivant,1800,8
Will Sheppard,Josh Gesky,1800,8
Will Sheppard,Messiah Swinson,1800,7
Will Sheppard,Damien Martinez,1800,6
Will Sheppard,Jaden Nixon,1800,6
Will Sheppard,Drake Dabney,1800,5
Will Sheppard,Darian Kinnard,1800,4
Will Sheppard,Kisean Johnson,1800,4
Will Sheppard,Anthony Belton,1800,2
Will Sheppard,Brant Banks,1800,2
Will Sheppard,Dalton Cooper,1800,2
Will Sheppard,Dylan Barrett,1800,2
Will Sheppard,Jacob Monk,1800,2
Will Sheppard,Jager Burton,1800,2
Will Sheppard,Kyron Drones,1800,2
Will Sheppard,McCallan Castles,1800,2
Will Sheppard,Pierre Strong,1800,2
Will Sheppard,Thomas Yassmin,1800,2
Will Sheppard,Chris Hilton Jr.,1800,1
Will Sheppard,Kaden Prather,1800,1
Wyatt Teller,Aireontae Ersery,2120,10
Wyatt Teller,Braden Smith,2120,10
Wyatt Teller,Davis Mills,2120,10
Wyatt Teller,Ed Ingram,2120,10
Wyatt Teller,Justin Watson,2120,10
Wyatt Teller,Keylan Rutledge,2120,10
Wyatt Teller,Xavier Hutchinson,2120,10
Wyatt Teller,Jared Wayne,2120,7
Wyatt Teller,Marlin Klein,2120,7
Wyatt Teller,Noah Whittington,2120,7
Wyatt Teller,Foster Moreau,2120,6
Wyatt Teller,Joshua Pitsenberger,2120,3
Wydett Williams Jr.,Isaiah Oliver,3800,88
Wydett Williams Jr.,Elijah Culp,3800,67
Wydett Williams Jr.,Elijah Jones,3800,63
Wydett Williams Jr.,Austin Keys,3800,60
Wydett Williams Jr.,Jonah Williams,3800,60
Wydett Williams Jr.,Owen Pappoe,3800,57
Wydett Williams Jr.,Karson Sharar,3800,52
Wydett Williams Jr.,Cam Robertson,3800,49
Wydett Williams Jr.,Damonic Williams,3800,48
Wydett Williams Jr.,Elliott Brown,3800,47
Wydett Williams Jr.,Cam Horsley,3800,44
Wydett Williams Jr.,BJ Ojulari,3800,41
Wydett Williams Jr.,Kalen King,3800,40
Wydett Williams Jr.,Eku Leota,3800,39
Wydett Williams Jr.,Brodric Martin,3800,37
Wydett Williams Jr.,Quinton Newsome,3800,30
Wydett Williams Jr.,Kei'Trel Clark,3800,29
Wydett Williams Jr.,Starling Thomas V,3800,17
Wydett Williams Jr.,Eugene Asante,3800,7
Wydett Williams Jr.,Andrew Billings,3800,5
Xavian Sorey Jr.,Buddy Johnson,2520,15
Xavian Sorey Jr.,Caleb Offord,2520,15
Xavian Sorey Jr.,Dalton Johnson,2520,15
Xavian Sorey Jr.,Devin Lafayette,2520,15
Xavian Sorey Jr.,Gary Smith III,2520,15
Xavian Sorey Jr.,Devyn Perkins,2520,12
Xavian Sorey Jr.,Treven Ma'ae,2520,12
Xavian Sorey Jr.,Brandon Cleveland,2520,10
Xavian Sorey Jr.,Cian Slone,2520,9
Xavian Sorey Jr.,Jahfari Harvey,2520,9
Xavian Sorey Jr.,Greedy Vance,2520,8
Xavian Sorey Jr.,Keyron Crawford,2520,6
Xavian Sorey Jr.,Patrick Johnson,2520,6
Xavian Sorey Jr.,Chigozie Anusiem,2520,3
Xavier Hutchinson,Aireontae Ersery,2120,10
Xavier Hutchinson,Braden Smith,2120,10
Xavier Hutchinson,Davis Mills,2120,10
Xavier Hutchinson,Ed Ingram,2120,10
Xavier Hutchinson,Justin Watson,2120,10
Xavier Hutchinson,Keylan Rutledge,2120,10
Xavier Hutchinson,Wyatt Teller,2120,10
Xavier Hutchinson,Jared Wayne,2120,7
Xavier Hutchinson,Marlin Klein,2120,7
Xavier Hutchinson,Noah Whittington,2120,7
Xavier Hutchinson,Foster Moreau,2120,6
Xavier Hutchinson,Joshua Pitsenberger,2120,3
Xavier Johnson,Brian Parker II,0920,10
Xavier Johnson,Jacob Bayer,0920,10
Xavier Johnson,Christian Jones,0920,7
Xavier Johnson,Corey Robinson II,0920,7
Xavier Johnson,Jack Endries,0920,7
Xavier Johnson,Ke'Shawn Williams,0920,7
Xavier Johnson,Liam Brown,0920,7
Xavier Johnson,Sean Clifford,0920,7
Xavier Johnson,Gary Brightwell,0920,5
Xavier Johnson,Noah Thomas,0920,5
Xavier Johnson,Jordan Moore,0920,4
Xavier Johnson,Andrew Coker,0920,3
Xavier Johnson,Jalen Rivers,0920,3
Xavier Johnson,Javon Foster,0920,3
Xavier Johnson,Josh Johnson,0920,3
Xavier Johnson,Josh Kattus,0920,3
Xavier Johnson,Kendall Milton,0920,3
Xavier Johnson,Dohnte Meyers,0920,2
Xavier Johnson,Kentrel Bullock,0920,2
Xavier Johnson,Tanner Hudson,0920,2
Xavier McKinney,Barryn Sorrell,1800,2
Xavier McKinney,Brandon Cisse,1800,2
Xavier McKinney,Edgerrin Cooper,1800,2
Xavier McKinney,Evan Williams,1800,2
Xavier McKinney,Karl Brooks,1800,2
Xavier McKinney,Keisean Nixon,1800,2
Xavier McKinney,Lukas Van Ness,1800,2
Xavier McKinney,Zaire Franklin,1800,2
Xavier McKinney,Collin Oliver,1800,1
Xavier McKinney,Jonathan Ford,1800,1
Xavier McKinney,Kitan Oladapo,1800,1
Xavier McKinney,Warren Brinson,1800,1
Xavier Restrepo,Brandon Crenshaw-Dickson,2100,14
Xavier Restrepo,Jackson Slater,2100,14
Xavier Restrepo,Pat Coogan,2100,14
Xavier Restrepo,Austin Deculus,2100,13
Xavier Restrepo,Cordell Volson,2100,12
Xavier Restrepo,Kylen Granson,2100,10
Xavier Restrepo,Will Levis,2100,10
Xavier Restrepo,Nicholas Singleton,2100,9
Xavier Restrepo,Chimere Dike,2100,7
Xavier Restrepo,Elic Ayomanor,2100,7
Xavier Restrepo,Michael Carter,2100,6
Xavier Restrepo,Bryce Oliver,2100,5
Xavier Restrepo,K.J. Osborn,2100,5
Xavier Restrepo,David Martin-Robinson,2100,4
Xavier Restrepo,Mason Kinsey,2100,4
Xavier Restrepo,Mitchell Trubisky,2100,4
Xavier Restrepo,Lance McCutcheon,2100,3
Xavier Restrepo,Zach Thomas,2100,3
Xavier Restrepo,Andre James,2100,2
Xavier Restrepo,Drew Moss,2100,2
Xavier Restrepo,Fernando Carmona,2100,2
Xavier Restrepo,Garrett Dellinger,2100,2
Xavier Restrepo,Hendon Hooker,2100,2
Xavier Restrepo,Joel Wilson,2100,2
Xavier Restrepo,Rasheed Miller,2100,2
Xavier Restrepo,Courtney Jackson,2100,1
Xavier Restrepo,Julius Chestnut,2100,1
Xavier Thomas,Ephesians Prysock,4500,20
Xavier Thomas,Jalen Stroman,4500,17
Xavier Thomas,Titus Leo,4500,16
Xavier Thomas,Jakob Robinson,4500,15
Xavier Thomas,Patrick McMorris,4500,15
Xavier Thomas,Jalen Graham,4500,14
Xavier Thomas,Sebastian Valdez,4500,13
Xavier Thomas,Gracen Halton,4500,11
Xavier Thomas,Darrell Luter Jr.,4500,10
Xavier Thomas,Eli Apple,4500,10
Xavier Thomas,Tatum Bethune,4500,10
Xavier Thomas,Bryson Eason,4500,9
Xavier Thomas,Larry Worth,4500,8
Xavier Thomas,Nick Martin,4500,8
Xavier Thomas,James Thompson Jr.,4500,7
Xavier Thomas,Ashtyn Davis,4500,5
Xavier Thomas,Jaden Dugger,4500,5
Xavier Thomas,Marques Sigle,4500,3
Xavier Thomas,Ogbo Okoronkwo,4500,2
Xavier Thomas,Quinton Bell,4500,2
Xavier Weaver,Carson Beck,3800,28
Xavier Weaver,Chase Bisontis,3800,28
Xavier Weaver,Hayden Conner,3800,28
Xavier Weaver,Jayden Williams,3800,28
Xavier Weaver,Jon Gaines II,3800,28
Xavier Weaver,Josh Fryar,3800,28
Xavier Weaver,Reggie Virgil,3800,27
Xavier Weaver,Bam Knight,3800,22
Xavier Weaver,Rivaldo Fairweather,3800,20
Xavier Weaver,Bryson Green,3800,19
Xavier Weaver,Simi Fehoko,3800,15
Xavier Weaver,Corey Kiner,3800,14
Xavier Weaver,Demontrey Jacobs,3800,14
Xavier Weaver,Jalen Brooks,3800,14
Xavier Weaver,Ka'ena Decambra,3800,14
Xavier Weaver,Kedon Slovis,3800,14
Xavier Weaver,Matt Pryor,3800,14
Xavier Weaver,Olisaemeka Udoh,3800,14
Xavier Weaver,Valentin Senn,3800,14
Xavier Weaver,Jameson Geers,3800,12
Xavier Weaver,Kenny Yeboah,3800,10
Xavier Weaver,Harrison Wallace III,3800,9
Xavier Weaver,Evan Hull,3800,6
Yahya Black,Robert Spears-Jennings,3900,16
Yahya Black,Jack Sawyer,3900,12
Yahya Black,Carson Bruener,3900,11
Yahya Black,Cole Holcomb,3900,11
Yahya Black,Daylen Everette,3900,11
Yahya Black,Sebastian Castro,3900,11
Yahya Black,Dean Lowry,3900,10
Yahya Black,D'Shawn Jamison,3900,9
Yahya Black,Jamin Davis,3900,9
Yahya Black,Doneiko Slaughter,3900,6
Yahya Black,Esezi Otomewo,3900,6
Yahya Black,Asante Samuel Jr.,3900,5
Yahya Black,Devan Boykin,3900,5
Yahya Black,Jamel Dean,3900,5
Yahya Black,Patrick Queen,3900,5
Yahya Black,Payton Wilson,3900,5
Yahya Black,Rayshawn Jenkins,3900,5
Yahya Black,Alex Highsmith,3900,4
Yahya Black,Julius Welschof,3900,4
Yahya Black,Nick Herbig,3900,3
Yahya Black,Derrick Harmon,3900,2
Yahya Black,Gabe Rubio,3900,2
Yahya Black,Keeanu Benton,3900,2
Yahya Black,Kevin Jobity Jr.,3900,1
Zach Frazier,Dylan Cook,3900,17
Zach Frazier,Mason McCormick,3900,17
Zach Frazier,Mason Rudolph,3900,17
Zach Frazier,Spencer Anderson,3900,17
Zach Frazier,Troy Fautanu,3900,17
Zach Frazier,Roman Wilson,3900,16
Zach Frazier,Germie Bernard,3900,14
Zach Frazier,Darnell Washington,3900,12
Zach Frazier,Brandon Smith,3900,10
Zach Frazier,Travis Homer,3900,9
Zach Frazier,Lew Nichols III,3900,8
Zach Frazier,Pat Freiermuth,3900,8
Zach Frazier,Ben Skowronek,3900,4
Zach Frazier,Riley Nowakowski,3900,3
Zach Frazier,Robert Tonyan,3900,1
Zach Horton,Colby Sorsdal,1540,19
Zach Horton,Luke Altmyer,1540,19
Zach Horton,Mason Miller,1540,19
Zach Horton,Melvin Priestly,1540,19
Zach Horton,Michael Niese,1540,19
Zach Horton,Miles Frazier,1540,19
Zach Horton,Tay Martin,1540,15
Zach Horton,Dominic Lovett,1540,13
Zach Horton,Tarik Black,1540,13
Zach Horton,Raheem Blackshear,1540,11
Zach Horton,Kye Robichaux,1540,8
Zach Horton,Thomas Gordon,1540,6
Zach Horton,Malik Cunningham,1540,5
Zach Horton,Lucky Jackson,1540,3
Zach Horton,Jackson Meeks,1540,1
Zach Horton,Tom Kennedy,1540,1
Zach Thomas,Joel Wilson,2100,10
Zach Thomas,Andre James,2100,8
Zach Thomas,Drew Moss,2100,8
Zach Thomas,Garrett Dellinger,2100,8
Zach Thomas,Hank Beatty,2100,8
Zach Thomas,Hendon Hooker,2100,8
Zach Thomas,Rasheed Miller,2100,8
Zach Thomas,Julius Chestnut,2100,7
Zach Thomas,Michael Carter,2100,6
Zach Thomas,Brandon Crenshaw-Dickson,2100,5
Zach Thomas,Cordell Volson,2100,5
Zach Thomas,Jackson Slater,2100,5
Zach Thomas,Lance McCutcheon,2100,5
Zach Thomas,Mason Kinsey,2100,5
Zach Thomas,Pat Coogan,2100,5
Zach Thomas,Will Levis,2100,5
Zach Thomas,Bryce Oliver,2100,4
Zach Thomas,Courtney Jackson,2100,4
Zach Thomas,David Martin-Robinson,2100,4
Zach Thomas,K.J. Osborn,2100,4
Zach Thomas,Tyren Montgomery,2100,4
Zach Thomas,Xavier Restrepo,2100,3
Zach Thomas,Kylen Granson,2100,1
Zachary Carter,Andrew Billings,3800,3
Zachary Carter,Dadrion Taylor-Demerson,3800,3
Zachary Carter,Elijah Jones,3800,3
Zachary Carter,Jonah Williams,3800,3
Zachary Carter,Kei'Trel Clark,3800,3
Zachary Carter,Kitan Crawford,3800,3
Zachary Carter,Owen Pappoe,3800,3
Zachary Carter,BJ Ojulari,3800,2
Zachary Carter,Eku Leota,3800,2
Zachary Carter,Kalen King,3800,2
Zachary Carter,Austin Keys,3800,1
Zachary Carter,Cam Robertson,3800,1
Zachary Carter,Elliott Brown,3800,1
Zaire Franklin,Barryn Sorrell,1800,2
Zaire Franklin,Brandon Cisse,1800,2
Zaire Franklin,Edgerrin Cooper,1800,2
Zaire Franklin,Evan Williams,1800,2
Zaire Franklin,Karl Brooks,1800,2
Zaire Franklin,Keisean Nixon,1800,2
Zaire Franklin,Lukas Van Ness,1800,2
Zaire Franklin,Xavier McKinney,1800,2
Zaire Franklin,Collin Oliver,1800,1
Zaire Franklin,Jonathan Ford,1800,1
Zaire Franklin,Kitan Oladapo,1800,1
Zaire Franklin,Warren Brinson,1800,1
Zakee Wheatley,Akayleb Evans,0750,32
Zakee Wheatley,Chau Smith-Wade,0750,24
Zakee Wheatley,Lathan Ransom,0750,22
Zakee Wheatley,Jared Harrison-Hunte,0750,20
Zakee Wheatley,Claudin Cherelus,0750,19
Zakee Wheatley,Lee Hunter,0750,19
Zakee Wheatley,Trevin Wallace,0750,19
Zakee Wheatley,Will Lee III,0750,19
Zakee Wheatley,Nick Hampton,0750,16
Zakee Wheatley,Thomas Incoom,0750,16
Zakee Wheatley,Aaron Hall,0750,14
Zakee Wheatley,Jackson Kuwatch,0750,14
Zakee Wheatley,Princely Umanmielen,0750,14
Zakee Wheatley,Trevis Gipson,0750,14
Zakee Wheatley,Bam Martin-Scott,0750,13
Zakee Wheatley,Cam Jackson,0750,13
Zakee Wheatley,Corey Thornton,0750,13
Zakee Wheatley,Demani Richardson,0750,11
Zakee Wheatley,Elijah Garcia,0750,8
Zakee Wheatley,Cam Gill,0750,3
Zakee Wheatley,Isaiah Smith,0750,3
Zakee Wheatley,Cam Miller,0750,1
Zakee Wheatley,Devonta Smith,0750,1
Zakee Wheatley,Isaiah Simmons,0750,1
Zakee Wheatley,Robert Rochell,0750,1
Zamir White,Adrian Martinez,4500,6
Zamir White,Carver Willis,4500,6
Zamir White,Doug Kramer,4500,6
Zamir White,Enrique Cruz,4500,6
Zamir White,Hayden Rucci,4500,6
Zamir White,Isaac Alarcon,4500,6
Zamir White,Josiah Deguara,4500,6
Zamir White,Kion Smith,4500,6
Zamir White,Jordan Watkins,4500,3
Zamir White,KhaDarel Hodge,4500,3
Zamir White,Wesley Grimes,4500,3
Zamir White,Will Pauling,4500,3
Zaven Collins,Andrew Wingard,3800,7
Zaven Collins,Dadrion Taylor-Demerson,3800,7
Zaven Collins,Denzel Burke,3800,7
Zaven Collins,L.J. Collier,3800,7
Zaven Collins,Mack Wilson,3800,7
Zaven Collins,Will Johnson,3800,7
Zaven Collins,Jordan Burch,3800,6
Zaven Collins,Walter Nolen,3800,6
Zaven Collins,Jack Gibbens,3800,5
Zaven Collins,Roy Lopez,3800,5
Zaven Collins,Sean Murphy-Bunting,3800,4
Zaven Collins,BJ Ojulari,3800,1
Zaven Collins,Darius Robinson,3800,1
