gameId,week,nflPlayId,nflPlayType,nflPlayDescription,nflPlayUrl,quarter,down,yardsToGo,gameClock,yardsToGoal,isGoalToGo,isRedzone,possessionTeamId,offScore,defScore,expectedPointsAdded,offN,offRB,offTE,offWR,offOL,defN,defDL,defLB,defDB,offensePlayer1,offensePlayer2,offensePlayer3,offensePlayer4,offensePlayer5,offensePlayer6,offensePlayer7,offensePlayer8,offensePlayer9,offensePlayer10,offensePlayer11,defensePlayer1,defensePlayer2,defensePlayer3,defensePlayer4,defensePlayer5,defensePlayer6,defensePlayer7,defensePlayer8,defensePlayer9,defensePlayer10,defensePlayer11
2026001,0,1,GAME_START,GAME,https://pro.nfl.com/api/plays/summaryPlay?gameId=c66cf251-5f68-11f1-b1d0-bb70a4640075&playId=1,1,0,0,,,False,,0750,0,0,,0,0,0,0,0,0,0,0,0,,,,,,,,,,,,,,,,,,,,,,
2026001,0,40,KICK_OFF,C.Ryland kicks 67 yards from AZ 35 to CAR -2. A.Tyus to CAR 25 for 27 yards (I.Oliver).,https://pro.nfl.com/api/plays/summaryPlay?gameId=c66cf251-5f68-11f1-b1d0-bb70a4640075&playId=40,1,0,0,15:00,65.0,False,False,3800,0,0,0.01760933198966086,11,0,0,1,0,11,1,3,0,Isaiah Oliver,Simi Fehoko,BJ Ojulari,Chad Ryland,Owen Pappoe,Kei'Trel Clark,Eku Leota,Dadrion Taylor-Demerson,Kalen King,Austin Keys,Karson Sharar,David Moore,Trevis Gipson,Feleipe Franks,James Mitchell,Claudin Cherelus,Thomas Incoom,Brycen Tremayne,Ja'Tavion Sanders,Trevor Etienne,Bam Martin-Scott,Anthony Tyus III
2026001,0,63,PASS,(14:54) (Shotgun) K.Pickett pass short left to J.Sanders to CAR 31 for 6 yards (D.Taylor-Demerson).,https://pro.nfl.com/api/plays/summaryPlay?gameId=c66cf251-5f68-11f1-b1d0-bb70a4640075&playId=63,1,1,10,14:54,75.0,False,False,0750,0,0,0.13285215781070292,11,1,1,3,5,11,3,3,5,David Moore,Brady Christensen,Stone Forsythe,Kenny Pickett,John Metchie III,Chandler Zavala,Brycen Tremayne,Ja'Tavion Sanders,Trevor Etienne,Sam Hecht,Albert Reese,Andrew Billings,Jonah Williams,Zachary Carter,BJ Ojulari,Owen Pappoe,Kei'Trel Clark,Eku Leota,Elijah Jones,Dadrion Taylor-Demerson,Kalen King,Kitan Crawford
2026001,0,88,PASS,(14:14) (Shotgun) K.Pickett pass short right to J.Sanders to CAR 33 for 2 yards (K.King).,https://pro.nfl.com/api/plays/summaryPlay?gameId=c66cf251-5f68-11f1-b1d0-bb70a4640075&playId=88,1,2,4,14:14,69.0,False,False,0750,0,0,-0.4254339886829257,11,1,1,3,5,11,3,3,5,David Moore,Brady Christensen,Stone Forsythe,Kenny Pickett,John Metchie III,Chandler Zavala,Brycen Tremayne,Ja'Tavion Sanders,Trevor Etienne,Sam Hecht,Albert Reese,Andrew Billings,Jonah Williams,Zachary Carter,BJ Ojulari,Owen Pappoe,Kei'Trel Clark,Eku Leota,Elijah Jones,Dadrion Taylor-Demerson,Kalen King,Kitan Crawford
2026001,0,113,SACK,(13:35) (Shotgun) K.Pickett sacked at CAR 28 for -5 yards (A.Billings).,https://pro.nfl.com/api/plays/summaryPlay?gameId=c66cf251-5f68-11f1-b1d0-bb70a4640075&playId=113,1,3,2,13:35,67.0,False,False,0750,0,0,-2.5596265057101846,11,1,1,3,5,11,2,4,5,David Moore,Brady Christensen,Stone Forsythe,Kenny Pickett,John Metchie III,Chandler Zavala,Brycen Tremayne,Ja'Tavion Sanders,Trevor Etienne,Sam Hecht,Albert Reese,Andrew Billings,Zachary Carter,BJ Ojulari,Owen Pappoe,Kei'Trel Clark,Eku Leota,Elijah Jones,Dadrion Taylor-Demerson,Kalen King,Kitan Crawford,Austin Keys
2026001,0,133,PUNT,"(12:57) S.Martin punts 56 yards to AZ 16, Center-J.Jansen. X.Weaver to AZ 23 for 7 yards (R.Rochell). FUMBLES (R.Rochell), and recovers at AZ 23.",https://pro.nfl.com/api/plays/summaryPlay?gameId=c66cf251-5f68-11f1-b1d0-bb70a4640075&playId=133,1,4,7,12:57,72.0,False,False,0750,0,0,0.14906763471662998,11,0,1,0,0,11,0,4,5,J.J. Jansen,Sam Martin,Cam Gill,Robert Rochell,James Mitchell,Maema Njongmeta,Princely Umanmielen,Lathan Ransom,Bam Martin-Scott,Corey Thornton,Jackson Kuwatch,Isaiah Oliver,Simi Fehoko,Owen Pappoe,Kei'Trel Clark,Eku Leota,Elijah Jones,Dadrion Taylor-Demerson,Xavier Weaver,Austin Keys,Karson Sharar,Wydett Williams Jr.
2026001,0,159,PASS,(12:45) (Shotgun) C.Beck pass short left to K.Yeboah to AZ 27 for 4 yards (T.Wallace; Z.Wheatley).,https://pro.nfl.com/api/plays/summaryPlay?gameId=c66cf251-5f68-11f1-b1d0-bb70a4640075&playId=159,1,1,10,12:45,77.0,False,False,3800,0,0,-0.17598805110901594,11,1,1,3,5,11,3,3,5,Simi Fehoko,Kenny Yeboah,Bam Knight,Jon Gaines II,Jalen Brooks,Xavier Weaver,Hayden Conner,Josh Fryar,Chase Bisontis,Carson Beck,Jayden Williams,Trevis Gipson,Akayleb Evans,Claudin Cherelus,Trevin Wallace,Chau Smith-Wade,Princely Umanmielen,Lathan Ransom,Jared Harrison-Hunte,Lee Hunter,Will Lee III,Zakee Wheatley
2026001,0,184,RUSH,(12:14) Z.Knight right tackle to AZ 30 for 3 yards (W.Lee).,https://pro.nfl.com/api/plays/summaryPlay?gameId=c66cf251-5f68-11f1-b1d0-bb70a4640075&playId=184,1,2,6,12:14,73.0,False,False,3800,0,0,-0.37281846906989813,11,1,2,2,5,11,3,3,5,Simi Fehoko,Kenny Yeboah,Bam Knight,Jon Gaines II,Jalen Brooks,Hayden Conner,Josh Fryar,Chase Bisontis,Carson Beck,Jayden Williams,Jameson Geers,Trevis Gipson,Akayleb Evans,Claudin Cherelus,Trevin Wallace,Chau Smith-Wade,Princely Umanmielen,Lathan Ransom,Jared Harrison-Hunte,Lee Hunter,Will Lee III,Zakee Wheatley
2026001,0,206,RUSH,(11:40) (Shotgun) C.Beck scrambles up the middle to AZ 34 for 4 yards (T.Wallace; C.Cherelus).,https://pro.nfl.com/api/plays/summaryPlay?gameId=c66cf251-5f68-11f1-b1d0-bb70a4640075&playId=206,1,3,3,11:40,70.0,False,False,3800,0,0,1.1964536416344345,11,1,1,3,5,11,3,3,5,Simi Fehoko,Bam Knight,Jon Gaines II,Jalen Brooks,Xavier Weaver,Hayden Conner,Rivaldo Fairweather,Josh Fryar,Chase Bisontis,Carson Beck,Jayden Williams,Trevis Gipson,Akayleb Evans,Claudin Cherelus,Trevin Wallace,Chau Smith-Wade,Princely Umanmielen,Lathan Ransom,Jared Harrison-Hunte,Lee Hunter,Will Lee III,Zakee Wheatley
2026001,0,228,RUSH,(11:07) Z.Knight left guard to AZ 37 for 3 yards (L.Ransom; T.Wallace).,https://pro.nfl.com/api/plays/summaryPlay?gameId=c66cf251-5f68-11f1-b1d0-bb70a4640075&playId=228,1,1,10,11:07,66.0,False,False,3800,0,0,-0.2113274394068867,11,1,1,3,5,11,3,3,5,Simi Fehoko,Bam Knight,Jon Gaines II,Jalen Brooks,Xavier Weaver,Hayden Conner,Rivaldo Fairweather,Josh Fryar,Chase Bisontis,Carson Beck,Jayden Williams,Trevis Gipson,Akayleb Evans,Claudin Cherelus,Trevin Wallace,Chau Smith-Wade,Princely Umanmielen,Lathan Ransom,Jared Harrison-Hunte,Lee Hunter,Will Lee III,Zakee Wheatley
2026001,0,250,PASS,(10:38) C.Beck pass short middle to R.Fairweather to AZ 42 for 5 yards (C.Cherelus).,https://pro.nfl.com/api/plays/summaryPlay?gameId=c66cf251-5f68-11f1-b1d0-bb70a4640075&playId=250,1,2,7,10:38,63.0,False,False,3800,0,0,0.02258545160293579,11,1,1,3,5,11,3,3,5,Simi Fehoko,Bam Knight,Jon Gaines II,Jalen Brooks,Xavier Weaver,Hayden Conner,Rivaldo Fairweather,Josh Fryar,Chase Bisontis,Carson Beck,Jayden Williams,Trevis Gipson,Akayleb Evans,Claudin Cherelus,Trevin Wallace,Chau Smith-Wade,Princely Umanmielen,Lathan Ransom,Jared Harrison-Hunte,Lee Hunter,Will Lee III,Zakee Wheatley
2026001,0,275,PASS,(10:04) (Shotgun) C.Beck pass incomplete short right to J.Brooks (W.Lee).,https://pro.nfl.com/api/plays/summaryPlay?gameId=c66cf251-5f68-11f1-b1d0-bb70a4640075&playId=275,1,3,2,10:04,58.0,False,False,3800,0,0,-2.0454960253555328,11,1,1,3,5,11,3,3,5,Simi Fehoko,Bam Knight,Jon Gaines II,Jalen Brooks,Xavier Weaver,Hayden Conner,Rivaldo Fairweather,Josh Fryar,Chase Bisontis,Carson Beck,Jayden Williams,Trevis Gipson,Akayleb Evans,Claudin Cherelus,Trevin Wallace,Chau Smith-Wade,Princely Umanmielen,Lathan Ransom,Jared Harrison-Hunte,Lee Hunter,Will Lee III,Zakee Wheatley
2026001,0,298,PUNT,"(10:01) B.Gillikin punts 55 yards to CAR 3, Center-C.Kreiter, out of bounds.",https://pro.nfl.com/api/plays/summaryPlay?gameId=c66cf251-5f68-11f1-b1d0-bb70a4640075&playId=298,1,4,2,10:01,58.0,False,False,3800,0,0,0.2569631841033697,11,1,1,1,0,11,0,4,4,Casey Kreiter,Isaiah Oliver,Blake Gillikin,Simi Fehoko,Kenny Yeboah,BJ Ojulari,Owen Pappoe,Kei'Trel Clark,Dadrion Taylor-Demerson,Austin Keys,Corey Kiner,Isaiah Simmons,AJ Dillon,Feleipe Franks,Akayleb Evans,Thomas Incoom,Chau Smith-Wade,Princely Umanmielen,Trevor Etienne,Lathan Ransom,Bam Martin-Scott,Zakee Wheatley
2026001,0,329,TIMEOUT,Timeout at 09:51.,https://pro.nfl.com/api/plays/summaryPlay?gameId=c66cf251-5f68-11f1-b1d0-bb70a4640075&playId=329,1,0,0,09:51,,False,,0750,0,0,,0,0,0,0,0,0,0,0,0,,,,,,,,,,,,,,,,,,,,,,
2026001,0,317,RUSH,(9:51) T.Etienne right tackle to CAR 1 for -2 yards (A.Billings). AZ-Z.Carter was injured during the play.,https://pro.nfl.com/api/plays/summaryPlay?gameId=c66cf251-5f68-11f1-b1d0-bb70a4640075&playId=317,1,1,10,09:51,97.0,False,False,0750,0,0,-1.336765704676509,11,1,2,2,5,11,3,4,4,David Moore,Brady Christensen,Stone Forsythe,Feleipe Franks,Kenny Pickett,James Mitchell,Chandler Zavala,Brycen Tremayne,Trevor Etienne,Sam Hecht,Albert Reese,Andrew Billings,Jonah Williams,Zachary Carter,Elliott Brown,Owen Pappoe,Kei'Trel Clark,Elijah Jones,Dadrion Taylor-Demerson,Kitan Crawford,Austin Keys,Cam Robertson
2026001,0,363,PASS,(9:13) (Shotgun) K.Pickett pass incomplete short middle to D.Moore (A.Keys).,https://pro.nfl.com/api/plays/summaryPlay?gameId=c66cf251-5f68-11f1-b1d0-bb70a4640075&playId=363,1,2,12,09:13,99.0,False,False,0750,0,0,-0.9697620254009962,11,1,2,2,5,11,3,4,4,David Moore,Brady Christensen,Stone Forsythe,Feleipe Franks,Kenny Pickett,James Mitchell,Chandler Zavala,Brycen Tremayne,Trevor Etienne,Sam Hecht,Albert Reese,Andrew Billings,Jonah Williams,Elliott Brown,Brodric Martin,Owen Pappoe,Kei'Trel Clark,Elijah Jones,Dadrion Taylor-Demerson,Kitan Crawford,Austin Keys,Cam Robertson
2026001,0,386,PENALTY,"(9:09) (No Huddle, Shotgun) PENALTY on CAR-A.Reese, False Start, 0 yards, enforced at CAR 1 - No Play.",https://pro.nfl.com/api/plays/summaryPlay?gameId=c66cf251-5f68-11f1-b1d0-bb70a4640075&playId=386,1,3,12,09:09,99.0,False,False,0750,0,0,0.0,11,1,2,2,5,11,2,4,5,David Moore,Brady Christensen,Stone Forsythe,Feleipe Franks,Kenny Pickett,James Mitchell,Chandler Zavala,Brycen Tremayne,Trevor Etienne,Sam Hecht,Albert Reese,Andrew Billings,Jonah Williams,Elliott Brown,Owen Pappoe,Kei'Trel Clark,Elijah Jones,Dadrion Taylor-Demerson,Kalen King,Kitan Crawford,Austin Keys,Cam Robertson
2026001,0,410,PENALTY,"(9:09) (Shotgun) K.Pickett pass incomplete deep right to B.Tremayne [A.Billings].
PENALTY on AZ-K.Clark, Defensive Pass Interference, 31 yards, enforced at CAR 1 - No Play.",https://pro.nfl.com/api/plays/summaryPlay?gameId=c66cf251-5f68-11f1-b1d0-bb70a4640075&playId=410,1,3,12,09:09,99.0,False,False,0750,0,0,4.087981475517154,11,1,2,2,5,11,2,4,5,David Moore,Brady Christensen,Stone Forsythe,Feleipe Franks,Kenny Pickett,James Mitchell,Chandler Zavala,Brycen Tremayne,Trevor Etienne,Sam Hecht,Albert Reese,Andrew Billings,Jonah Williams,Elliott Brown,Owen Pappoe,Kei'Trel Clark,Elijah Jones,Dadrion Taylor-Demerson,Kalen King,Kitan Crawford,Austin Keys,Cam Robertson
2026001,0,444,RUSH,(9:03) (Shotgun) T.Etienne right guard to CAR 34 for 2 yards (A.Keys; A.Billings).,https://pro.nfl.com/api/plays/summaryPlay?gameId=c66cf251-5f68-11f1-b1d0-bb70a4640075&playId=444,1,1,10,09:03,68.0,False,False,0750,0,0,-0.516241054283455,11,1,2,2,5,11,3,4,4,David Moore,Brady Christensen,Stone Forsythe,Feleipe Franks,Kenny Pickett,James Mitchell,Chandler Zavala,Brycen Tremayne,Trevor Etienne,Sam Hecht,Albert Reese,Andrew Billings,Jonah Williams,Elliott Brown,Brodric Martin,Owen Pappoe,Kei'Trel Clark,Elijah Jones,Dadrion Taylor-Demerson,Kitan Crawford,Austin Keys,Cam Robertson
2026001,0,466,PASS,"(8:31) (Shotgun) K.Pickett pass short right to T.Etienne pushed ob at CAR 33 for -1 yards (K.Crawford).
Penalty on CAR-A.Reese, Offensive Holding, declined.",https://pro.nfl.com/api/plays/summaryPlay?gameId=c66cf251-5f68-11f1-b1d0-bb70a4640075&playId=466,1,2,8,08:31,66.0,False,False,0750,0,0,-0.9460713935550302,11,1,1,3,5,11,2,4,5,David Moore,Brady Christensen,Stone Forsythe,Kenny Pickett,John Metchie III,James Mitchell,Chandler Zavala,Brycen Tremayne,Trevor Etienne,Sam Hecht,Albert Reese,Jonah Williams,Elliott Brown,Owen Pappoe,Kei'Trel Clark,Elijah Jones,Dadrion Taylor-Demerson,Kalen King,Kitan Crawford,Austin Keys,Cam Robertson,Damonic Williams
2026001,0,507,PASS,(8:07) (Shotgun) K.Pickett pass short right to J.Sanders to CAR 38 for 5 yards (K.Clark).,https://pro.nfl.com/api/plays/summaryPlay?gameId=c66cf251-5f68-11f1-b1d0-bb70a4640075&playId=507,1,3,9,08:07,67.0,False,False,0750,0,0,-1.0604291148483753,11,1,1,3,5,11,2,4,5,David Moore,Brady Christensen,Stone Forsythe,Kenny Pickett,John Metchie III,Chandler Zavala,Brycen Tremayne,Ja'Tavion Sanders,Trevor Etienne,Sam Hecht,Albert Reese,Jonah Williams,BJ Ojulari,Owen Pappoe,Kei'Trel Clark,Eku Leota,Elijah Jones,Dadrion Taylor-Demerson,Kalen King,Kitan Crawford,Austin Keys,Damonic Williams
2026001,0,532,PUNT,"(7:25) S.Martin punts 58 yards to AZ 4, impetus ends at AZ 1, Center-J.Jansen, downed by CAR-J.Reed.",https://pro.nfl.com/api/plays/summaryPlay?gameId=c66cf251-5f68-11f1-b1d0-bb70a4640075&playId=532,1,4,4,07:25,62.0,False,False,0750,0,0,0.5381245100870728,11,0,1,1,0,11,0,4,5,J.J. Jansen,Sam Martin,Cam Gill,James Mitchell,Maema Njongmeta,Princely Umanmielen,Lathan Ransom,Ja'Seem Reed,Bam Martin-Scott,Jackson Kuwatch,Devonta Smith,Isaiah Oliver,Simi Fehoko,Owen Pappoe,Kei'Trel Clark,Eku Leota,Elijah Jones,Dadrion Taylor-Demerson,Xavier Weaver,Austin Keys,Karson Sharar,Wydett Williams Jr.
2026001,0,573,TIMEOUT,Timeout at 07:12.,https://pro.nfl.com/api/plays/summaryPlay?gameId=c66cf251-5f68-11f1-b1d0-bb70a4640075&playId=573,1,0,0,07:12,,False,,0750,0,0,,0,0,0,0,0,0,0,0,0,,,,,,,,,,,,,,,,,,,,,,
2026001,0,561,PENALTY,"(7:12) PENALTY on AZ-K.Yeboah, False Start, 2 yards, enforced at AZ 4 - No Play.",https://pro.nfl.com/api/plays/summaryPlay?gameId=c66cf251-5f68-11f1-b1d0-bb70a4640075&playId=561,1,1,10,07:12,96.0,False,False,3800,0,0,-0.3150956276804209,11,1,2,2,5,11,4,3,4,Kenny Yeboah,Bam Knight,Jon Gaines II,Jalen Brooks,Hayden Conner,Josh Fryar,Chase Bisontis,Carson Beck,Reggie Virgil,Jayden Williams,Jameson Geers,Trevis Gipson,Akayleb Evans,Claudin Cherelus,Trevin Wallace,Princely Umanmielen,Lathan Ransom,Cam Jackson,Jared Harrison-Hunte,Will Lee III,Zakee Wheatley,Aaron Hall
2026001,0,593,RUSH,(7:12) Z.Knight right tackle to AZ 4 for 2 yards (L.Ransom; C.Cherelus).,https://pro.nfl.com/api/plays/summaryPlay?gameId=c66cf251-5f68-11f1-b1d0-bb70a4640075&playId=593,1,1,12,07:12,98.0,False,False,3800,0,0,-0.2789653427898884,11,1,2,2,5,11,4,3,4,Kenny Yeboah,Bam Knight,Jon Gaines II,Jalen Brooks,Hayden Conner,Josh Fryar,Chase Bisontis,Carson Beck,Reggie Virgil,Jayden Williams,Jameson Geers,Trevis Gipson,Akayleb Evans,Claudin Cherelus,Trevin Wallace,Princely Umanmielen,Lathan Ransom,Cam Jackson,Jared Harrison-Hunte,Will Lee III,Zakee Wheatley,Aaron Hall
2026001,0,615,RUSH,(6:35) (Shotgun) Z.Knight up the middle to AZ 7 for 3 yards (C.Jackson).,https://pro.nfl.com/api/plays/summaryPlay?gameId=c66cf251-5f68-11f1-b1d0-bb70a4640075&playId=615,1,2,10,06:35,96.0,False,False,3800,0,0,-0.765936566516757,11,1,1,3,5,11,3,3,5,Simi Fehoko,Bam Knight,Jon Gaines II,Jalen Brooks,Xavier Weaver,Hayden Conner,Rivaldo Fairweather,Josh Fryar,Chase Bisontis,Carson Beck,Jayden Williams,Trevis Gipson,Akayleb Evans,Claudin Cherelus,Trevin Wallace,Chau Smith-Wade,Princely Umanmielen,Lathan Ransom,Cam Jackson,Will Lee III,Zakee Wheatley,Aaron Hall
2026001,0,637,PASS,(6:00) (Shotgun) C.Beck pass deep right to J.Brooks to AZ 42 for 35 yards (Z.Wheatley).,https://pro.nfl.com/api/plays/summaryPlay?gameId=c66cf251-5f68-11f1-b1d0-bb70a4640075&playId=637,1,3,7,06:00,93.0,False,False,3800,0,0,3.746552200987935,11,1,1,3,5,11,3,3,5,Simi Fehoko,Bam Knight,Jon Gaines II,Jalen Brooks,Xavier Weaver,Hayden Conner,Rivaldo Fairweather,Josh Fryar,Chase Bisontis,Carson Beck,Jayden Williams,Trevis Gipson,Akayleb Evans,Claudin Cherelus,Trevin Wallace,Chau Smith-Wade,Princely Umanmielen,Lathan Ransom,Cam Jackson,Will Lee III,Zakee Wheatley,Aaron Hall
2026001,0,662,PASS,(5:23) C.Beck pass short left to X.Weaver pushed ob at AZ 45 for 3 yards (A.Evans).,https://pro.nfl.com/api/plays/summaryPlay?gameId=c66cf251-5f68-11f1-b1d0-bb70a4640075&playId=662,1,1,10,05:23,58.0,False,False,3800,0,0,-0.25662469607777894,11,1,1,3,5,11,3,3,5,Simi Fehoko,Bam Knight,Jon Gaines II,Jalen Brooks,Xavier Weaver,Hayden Conner,Rivaldo Fairweather,Josh Fryar,Chase Bisontis,Carson Beck,Jayden Williams,Trevis Gipson,Akayleb Evans,Claudin Cherelus,Trevin Wallace,Chau Smith-Wade,Princely Umanmielen,Lathan Ransom,Cam Jackson,Will Lee III,Zakee Wheatley,Aaron Hall
2026001,0,692,RUSH,(4:57) Z.Knight left guard to CAR 44 for 11 yards (Z.Wheatley; W.Lee).,https://pro.nfl.com/api/plays/summaryPlay?gameId=c66cf251-5f68-11f1-b1d0-bb70a4640075&playId=692,1,2,7,04:57,55.0,False,False,3800,0,0,1.011520352680236,11,1,1,3,5,11,3,3,5,Simi Fehoko,Bam Knight,Jon Gaines II,Jalen Brooks,Xavier Weaver,Hayden Conner,Rivaldo Fairweather,Josh Fryar,Chase Bisontis,Carson Beck,Jayden Williams,Trevis Gipson,Akayleb Evans,Claudin Cherelus,Trevin Wallace,Chau Smith-Wade,Princely Umanmielen,Lathan Ransom,Jared Harrison-Hunte,Lee Hunter,Will Lee III,Zakee Wheatley
2026001,0,714,PASS,(4:19) C.Beck pass short right to J.Geers to CAR 40 for 4 yards (W.Lee).,https://pro.nfl.com/api/plays/summaryPlay?gameId=c66cf251-5f68-11f1-b1d0-bb70a4640075&playId=714,1,1,10,04:19,44.0,False,False,3800,0,0,-0.08638947363942862,11,1,2,2,5,11,3,4,4,Simi Fehoko,Kenny Yeboah,Bam Knight,Jon Gaines II,Jalen Brooks,Hayden Conner,Josh Fryar,Chase Bisontis,Carson Beck,Jayden Williams,Jameson Geers,Akayleb Evans,Elijah Garcia,Nick Hampton,Claudin Cherelus,Thomas Incoom,Trevin Wallace,Lathan Ransom,Jared Harrison-Hunte,Lee Hunter,Will Lee III,Zakee Wheatley
2026001,0,739,PASS,(3:41) C.Beck pass short middle to J.Brooks to CAR 25 for 15 yards (A.Evans).,https://pro.nfl.com/api/plays/summaryPlay?gameId=c66cf251-5f68-11f1-b1d0-bb70a4640075&playId=739,1,2,6,03:41,40.0,False,False,3800,0,0,1.255714853759855,11,1,1,3,5,11,2,4,5,Simi Fehoko,Kenny Yeboah,Bam Knight,Jon Gaines II,Jalen Brooks,Xavier Weaver,Hayden Conner,Josh Fryar,Chase Bisontis,Carson Beck,Jayden Williams,Akayleb Evans,Nick Hampton,Claudin Cherelus,Thomas Incoom,Trevin Wallace,Chau Smith-Wade,Lathan Ransom,Jared Harrison-Hunte,Lee Hunter,Will Lee III,Zakee Wheatley
2026001,0,764,RUSH,(3:04) Z.Knight left tackle to CAR 22 for 3 yards (Z.Wheatley; L.Hunter).,https://pro.nfl.com/api/plays/summaryPlay?gameId=c66cf251-5f68-11f1-b1d0-bb70a4640075&playId=764,1,1,10,03:04,25.0,False,False,3800,0,0,-0.1824029958806932,11,1,1,3,5,11,2,4,5,Bam Knight,Jon Gaines II,Xavier Weaver,Hayden Conner,Rivaldo Fairweather,Josh Fryar,Bryson Green,Chase Bisontis,Carson Beck,Reggie Virgil,Jayden Williams,Akayleb Evans,Nick Hampton,Claudin Cherelus,Thomas Incoom,Trevin Wallace,Chau Smith-Wade,Lathan Ransom,Jared Harrison-Hunte,Lee Hunter,Will Lee III,Zakee Wheatley
2026001,0,786,PASS,(2:23) (Shotgun) C.Beck pass short right to R.Fairweather to CAR 16 for 6 yards (L.Ransom; W.Lee).,https://pro.nfl.com/api/plays/summaryPlay?gameId=c66cf251-5f68-11f1-b1d0-bb70a4640075&playId=786,1,2,7,02:23,22.0,False,False,3800,0,0,0.5197909156559035,11,1,1,3,5,11,2,4,5,Bam Knight,Jon Gaines II,Jalen Brooks,Xavier Weaver,Hayden Conner,Rivaldo Fairweather,Josh Fryar,Chase Bisontis,Carson Beck,Reggie Virgil,Jayden Williams,Akayleb Evans,Nick Hampton,Claudin Cherelus,Thomas Incoom,Trevin Wallace,Chau Smith-Wade,Lathan Ransom,Jared Harrison-Hunte,Lee Hunter,Will Lee III,Zakee Wheatley
2026001,0,811,RUSH,(1:45) Z.Knight left tackle to CAR 13 for 3 yards (C.Smith-Wade; A.Evans).,https://pro.nfl.com/api/plays/summaryPlay?gameId=c66cf251-5f68-11f1-b1d0-bb70a4640075&playId=811,1,3,1,01:45,16.0,False,True,3800,0,0,0.3911114528309554,11,1,1,3,5,11,2,4,5,Simi Fehoko,Bam Knight,Jon Gaines II,Jalen Brooks,Xavier Weaver,Hayden Conner,Rivaldo Fairweather,Josh Fryar,Chase Bisontis,Carson Beck,Jayden Williams,Akayleb Evans,Nick Hampton,Claudin Cherelus,Thomas Incoom,Trevin Wallace,Chau Smith-Wade,Lathan Ransom,Cam Jackson,Will Lee III,Zakee Wheatley,Aaron Hall
2026001,0,833,RUSH,(1:05) C.Kiner right tackle to CAR 9 for 4 yards (C.Jackson).,https://pro.nfl.com/api/plays/summaryPlay?gameId=c66cf251-5f68-11f1-b1d0-bb70a4640075&playId=833,1,1,10,01:05,13.0,False,True,3800,0,0,-0.28640667034778744,11,1,2,2,5,11,4,3,4,Simi Fehoko,Kenny Yeboah,Jon Gaines II,Jalen Brooks,Hayden Conner,Josh Fryar,Corey Kiner,Chase Bisontis,Carson Beck,Jayden Williams,Jameson Geers,Trevis Gipson,Akayleb Evans,Elijah Garcia,Claudin Cherelus,Trevin Wallace,Princely Umanmielen,Lathan Ransom,Cam Jackson,Will Lee III,Zakee Wheatley,Aaron Hall
2026001,0,855,PASS,(:29) (Shotgun) C.Beck pass short middle to C.Kiner to CAR 1 for 8 yards (C.Cherelus).,https://pro.nfl.com/api/plays/summaryPlay?gameId=c66cf251-5f68-11f1-b1d0-bb70a4640075&playId=855,1,2,6,00:29,9.0,False,True,3800,0,0,1.6414784971857443,11,1,1,3,5,11,3,3,5,Simi Fehoko,Kenny Yeboah,Jon Gaines II,Jalen Brooks,Xavier Weaver,Hayden Conner,Josh Fryar,Corey Kiner,Chase Bisontis,Carson Beck,Jayden Williams,Trevis Gipson,Akayleb Evans,Claudin Cherelus,Trevin Wallace,Chau Smith-Wade,Princely Umanmielen,Lathan Ransom,Cam Jackson,Will Lee III,Zakee Wheatley,Aaron Hall
2026001,0,880,END_QUARTER,END QUARTER 1,https://pro.nfl.com/api/plays/summaryPlay?gameId=c66cf251-5f68-11f1-b1d0-bb70a4640075&playId=880,1,0,0,,,False,,0750,0,0,,0,0,0,0,0,0,0,0,0,,,,,,,,,,,,,,,,,,,,,,
2026001,0,900,RUSH,"(15:00) C.Kiner left tackle for 1 yard, TOUCHDOWN.",https://pro.nfl.com/api/plays/summaryPlay?gameId=c66cf251-5f68-11f1-b1d0-bb70a4640075&playId=900,2,1,1,15:00,1.0,True,True,3800,0,0,0.4705676232697442,11,1,2,2,5,11,4,3,4,Simi Fehoko,Kenny Yeboah,Jon Gaines II,Jalen Brooks,Hayden Conner,Josh Fryar,Corey Kiner,Chase Bisontis,Carson Beck,Jayden Williams,Jameson Geers,Trevis Gipson,Akayleb Evans,Elijah Garcia,Claudin Cherelus,Trevin Wallace,Princely Umanmielen,Lathan Ransom,Cam Jackson,Will Lee III,Zakee Wheatley,Aaron Hall
2026001,0,923,XP_KICK,"C.Ryland extra point is GOOD, Center-C.Kreiter, Holder-B.Gillikin.",https://pro.nfl.com/api/plays/summaryPlay?gameId=c66cf251-5f68-11f1-b1d0-bb70a4640075&playId=923,2,0,0,14:55,15.0,False,False,3800,6,0,0.06888505002846201,11,0,2,0,6,11,5,2,4,Casey Kreiter,Matt Pryor,Blake Gillikin,Kenny Yeboah,Chad Ryland,Jon Gaines II,Christian Jones,Hayden Conner,Rivaldo Fairweather,Josh Fryar,Chase Bisontis,Trevis Gipson,Claudin Cherelus,Princely Umanmielen,Lathan Ransom,Cam Jackson,Jared Harrison-Hunte,Corey Thornton,Lee Hunter,Will Lee III,Zakee Wheatley,Aaron Hall
2026001,0,938,KICK_OFF,C.Ryland kicks 68 yards from AZ 35 to CAR -3. J.Metchie to CAR 33 for 36 yards (K.Sharar).,https://pro.nfl.com/api/plays/summaryPlay?gameId=c66cf251-5f68-11f1-b1d0-bb70a4640075&playId=938,2,0,0,14:55,65.0,False,False,3800,7,0,-0.38098637224175036,11,0,0,1,0,11,0,5,4,Isaiah Oliver,Simi Fehoko,BJ Ojulari,Chad Ryland,Owen Pappoe,Kei'Trel Clark,Eku Leota,Dadrion Taylor-Demerson,Kalen King,Austin Keys,Karson Sharar,Isaiah Simmons,Cam Gill,John Metchie III,Akayleb Evans,Thomas Incoom,Demani Richardson,Maema Njongmeta,Lathan Ransom,Corey Thornton,Anthony Tyus III,Jackson Kuwatch
2026001,0,961,RUSH,(14:49) T.Etienne left guard to CAR 38 for 5 yards (B.Ojulari).,https://pro.nfl.com/api/plays/summaryPlay?gameId=c66cf251-5f68-11f1-b1d0-bb70a4640075&playId=961,2,1,10,14:49,67.0,False,False,0750,0,7,0.06875415123067796,11,1,1,3,5,11,2,4,5,David Moore,Brady Christensen,Stone Forsythe,Kenny Pickett,John Metchie III,James Mitchell,Chandler Zavala,Brycen Tremayne,Trevor Etienne,Sam Hecht,Albert Reese,Isaiah Oliver,Jonah Williams,BJ Ojulari,Owen Pappoe,Kei'Trel Clark,Eku Leota,Kalen King,Austin Keys,Elijah Culp,Damonic Williams,Wydett Williams Jr.
2026001,0,983,RUSH,(14:17) (Shotgun) T.Etienne left tackle to CAR 45 for 7 yards (E.Leota; W.Williams).,https://pro.nfl.com/api/plays/summaryPlay?gameId=c66cf251-5f68-11f1-b1d0-bb70a4640075&playId=983,2,2,5,14:17,62.0,False,False,0750,0,7,0.7540669213049114,11,1,1,3,5,11,2,4,5,David Moore,Brady Christensen,Stone Forsythe,Kenny Pickett,John Metchie III,James Mitchell,Chandler Zavala,Brycen Tremayne,Trevor Etienne,Sam Hecht,Albert Reese,Isaiah Oliver,Jonah Williams,BJ Ojulari,Owen Pappoe,Kei'Trel Clark,Eku Leota,Kalen King,Austin Keys,Elijah Culp,Damonic Williams,Wydett Williams Jr.
2026001,0,1005,PASS,(13:41) K.Pickett pass short left to J.Metchie to AZ 36 for 19 yards (I.Oliver).,https://pro.nfl.com/api/plays/summaryPlay?gameId=c66cf251-5f68-11f1-b1d0-bb70a4640075&playId=1005,2,1,10,13:41,55.0,False,False,0750,0,7,1.0911321814637631,11,1,1,3,5,11,2,4,5,David Moore,Brady Christensen,Stone Forsythe,Feleipe Franks,Kenny Pickett,John Metchie III,Chandler Zavala,Brycen Tremayne,Trevor Etienne,Sam Hecht,Albert Reese,Isaiah Oliver,Jonah Williams,BJ Ojulari,Owen Pappoe,Kei'Trel Clark,Eku Leota,Kalen King,Austin Keys,Elijah Culp,Damonic Williams,Wydett Williams Jr.
2026001,0,1030,PASS,"(13:07) (No Huddle, Shotgun) K.Pickett pass short left to D.Moore to AZ 31 for 5 yards (A.Keys).",https://pro.nfl.com/api/plays/summaryPlay?gameId=c66cf251-5f68-11f1-b1d0-bb70a4640075&playId=1030,2,1,10,13:07,36.0,False,False,0750,0,7,0.13970248866826296,11,1,1,3,5,11,2,4,5,David Moore,Brady Christensen,Stone Forsythe,Feleipe Franks,Kenny Pickett,John Metchie III,Chandler Zavala,Brycen Tremayne,Trevor Etienne,Sam Hecht,Albert Reese,Isaiah Oliver,Jonah Williams,BJ Ojulari,Owen Pappoe,Kei'Trel Clark,Eku Leota,Kalen King,Austin Keys,Elijah Culp,Damonic Williams,Wydett Williams Jr.
2026001,0,1055,PASS,(12:32) (Shotgun) K.Pickett pass incomplete deep left to J.Metchie (E.Culp).,https://pro.nfl.com/api/plays/summaryPlay?gameId=c66cf251-5f68-11f1-b1d0-bb70a4640075&playId=1055,2,2,5,12:32,31.0,False,False,0750,0,7,-0.6961372473742813,11,1,1,3,5,11,2,4,5,David Moore,Brady Christensen,Stone Forsythe,Feleipe Franks,Kenny Pickett,John Metchie III,Chandler Zavala,Brycen Tremayne,Trevor Etienne,Sam Hecht,Albert Reese,Isaiah Oliver,Jonah Williams,BJ Ojulari,Owen Pappoe,Kei'Trel Clark,Eku Leota,Kalen King,Austin Keys,Elijah Culp,Damonic Williams,Wydett Williams Jr.
2026001,0,1090,PASS,(12:25) (Shotgun) K.Pickett pass short right to J.Mitchell pushed ob at AZ 23 for 8 yards (W.Williams).,https://pro.nfl.com/api/plays/summaryPlay?gameId=c66cf251-5f68-11f1-b1d0-bb70a4640075&playId=1090,2,3,5,12:25,31.0,False,False,0750,0,7,1.3900580822955817,11,1,1,3,5,11,2,4,5,Brady Christensen,Stone Forsythe,Kenny Pickett,John Metchie III,James Mitchell,Chandler Zavala,Brycen Tremayne,Trevor Etienne,Ja'Seem Reed,Sam Hecht,Albert Reese,Andrew Billings,Isaiah Oliver,Jonah Williams,Elliott Brown,Owen Pappoe,Kei'Trel Clark,Kalen King,Austin Keys,Elijah Culp,Cam Robertson,Wydett Williams Jr.
2026001,0,1120,PASS,(11:56) K.Pickett pass incomplete deep right to J.Mitchell (A.Keys).,https://pro.nfl.com/api/plays/summaryPlay?gameId=c66cf251-5f68-11f1-b1d0-bb70a4640075&playId=1120,2,1,10,11:56,23.0,False,False,0750,0,7,-0.3835358808282763,11,1,2,2,5,11,3,4,4,AJ Dillon,Brady Christensen,Stone Forsythe,Feleipe Franks,Kenny Pickett,James Mitchell,Chandler Zavala,Brycen Tremayne,Ja'Seem Reed,Sam Hecht,Albert Reese,Andrew Billings,Isaiah Oliver,Jonah Williams,Elliott Brown,Brodric Martin,Owen Pappoe,Kei'Trel Clark,Austin Keys,Elijah Culp,Cam Robertson,Wydett Williams Jr.
2026001,0,1143,PASS,(11:49) (Shotgun) K.Pickett pass short right to A.Dillon to AZ 5 for 18 yards (A.Keys; I.Oliver).,https://pro.nfl.com/api/plays/summaryPlay?gameId=c66cf251-5f68-11f1-b1d0-bb70a4640075&playId=1143,2,2,10,11:49,23.0,False,False,0750,0,7,1.7033458611695096,11,1,1,3,5,11,2,4,5,David Moore,AJ Dillon,Brady Christensen,Stone Forsythe,Feleipe Franks,Kenny Pickett,John Metchie III,Chandler Zavala,Brycen Tremayne,Sam Hecht,Albert Reese,Andrew Billings,Isaiah Oliver,Jonah Williams,Elliott Brown,Owen Pappoe,Kei'Trel Clark,Kalen King,Austin Keys,Elijah Culp,Cam Robertson,Wydett Williams Jr.
2026001,0,1168,RUSH,"(11:24) (No Huddle, Shotgun) A.Dillon up the middle to AZ 1 for 4 yards (A.Billings; W.Williams).",https://pro.nfl.com/api/plays/summaryPlay?gameId=c66cf251-5f68-11f1-b1d0-bb70a4640075&playId=1168,2,1,5,11:24,5.0,True,True,0750,0,7,0.352132890955545,11,1,1,3,5,11,2,4,5,David Moore,AJ Dillon,Brady Christensen,Stone Forsythe,Feleipe Franks,Kenny Pickett,John Metchie III,Chandler Zavala,Brycen Tremayne,Sam Hecht,Albert Reese,Andrew Billings,Isaiah Oliver,Jonah Williams,Elliott Brown,Owen Pappoe,Kei'Trel Clark,Kalen King,Austin Keys,Elijah Culp,Cam Robertson,Wydett Williams Jr.
2026001,0,1190,RUSH,"(10:59) (No Huddle) A.Dillon up the middle for 1 yard, TOUCHDOWN.",https://pro.nfl.com/api/plays/summaryPlay?gameId=c66cf251-5f68-11f1-b1d0-bb70a4640075&playId=1190,2,2,1,10:59,1.0,True,True,0750,0,7,0.7737415744923055,11,1,1,3,5,11,2,4,5,David Moore,AJ Dillon,Brady Christensen,Stone Forsythe,Feleipe Franks,Kenny Pickett,John Metchie III,Chandler Zavala,Brycen Tremayne,Sam Hecht,Albert Reese,Andrew Billings,Isaiah Oliver,Jonah Williams,Elliott Brown,Owen Pappoe,Kei'Trel Clark,Kalen King,Austin Keys,Elijah Culp,Cam Robertson,Wydett Williams Jr.
2026001,0,1213,XP_KICK,"R.Fitzgerald extra point is GOOD, Center-J.Jansen, Holder-S.Martin.",https://pro.nfl.com/api/plays/summaryPlay?gameId=c66cf251-5f68-11f1-b1d0-bb70a4640075&playId=1213,2,0,0,10:56,15.0,False,False,0750,6,7,0.06888505002846201,11,0,1,0,6,11,3,4,4,J.J. Jansen,Sam Martin,Brady Christensen,Stone Forsythe,Feleipe Franks,Ja'Tyre Carter,Chandler Zavala,Nick Samac,Cam Jackson,Ryan Fitzgerald,Albert Reese,Isaiah Oliver,Jonah Williams,Owen Pappoe,Kei'Trel Clark,Eku Leota,Elijah Jones,Cam Horsley,Karson Sharar,Cam Robertson,Damonic Williams,Wydett Williams Jr.
2026001,0,1238,TIMEOUT,Timeout at 10:56.,https://pro.nfl.com/api/plays/summaryPlay?gameId=c66cf251-5f68-11f1-b1d0-bb70a4640075&playId=1238,2,0,0,10:56,,False,,0750,7,7,,0,0,0,0,0,0,0,0,0,,,,,,,,,,,,,,,,,,,,,,
2026001,0,1228,KICK_OFF,"R.Fitzgerald kicks 42 yards from CAR 35 to AZ 23, short of landing zone.
PENALTY on CAR-R.Fitzgerald, Kickoff Short of Landing Zone, placed at AZ 40.",https://pro.nfl.com/api/plays/summaryPlay?gameId=c66cf251-5f68-11f1-b1d0-bb70a4640075&playId=1228,2,0,0,10:56,65.0,False,False,0750,7,7,-0.7423592992126942,11,0,0,0,0,11,0,4,2,Cam Gill,Robert Rochell,Nick Hampton,Demani Richardson,Maema Njongmeta,Lathan Ransom,Mapalo Mwansa,Ryan Fitzgerald,Bam Martin-Scott,Corey Thornton,Jackson Kuwatch,Simi Fehoko,Kenny Yeboah,Owen Pappoe,Kei'Trel Clark,Jalen Brooks,Eku Leota,Xavier Weaver,Austin Keys,Karson Sharar,Jameson Geers,Wydett Williams Jr.
2026001,0,1273,PASS,"(10:56) C.Beck pass deep left to J.Brooks to CAR 11 for 49 yards (L.Ransom).
Penalty on CAR-A.Evans, Illegal Contact, declined.",https://pro.nfl.com/api/plays/summaryPlay?gameId=c66cf251-5f68-11f1-b1d0-bb70a4640075&playId=1273,2,1,10,10:56,60.0,False,False,3800,7,7,2.786139610572718,11,1,1,3,5,11,2,4,5,Simi Fehoko,Bam Knight,Jon Gaines II,Jalen Brooks,Xavier Weaver,Hayden Conner,Josh Fryar,Chase Bisontis,Carson Beck,Jayden Williams,Jameson Geers,Akayleb Evans,Nick Hampton,Thomas Incoom,Chau Smith-Wade,Lathan Ransom,Jared Harrison-Hunte,Bam Martin-Scott,Corey Thornton,Lee Hunter,Zakee Wheatley,Jackson Kuwatch
2026001,0,1309,RUSH,(10:23) Z.Knight left tackle to CAR 5 for 6 yards (Z.Wheatley).,https://pro.nfl.com/api/plays/summaryPlay?gameId=c66cf251-5f68-11f1-b1d0-bb70a4640075&playId=1309,2,1,10,10:23,11.0,False,True,3800,7,7,0.25687498308252543,11,1,1,3,5,11,2,4,5,Simi Fehoko,Bam Knight,Jon Gaines II,Xavier Weaver,Hayden Conner,Josh Fryar,Bryson Green,Chase Bisontis,Carson Beck,Jayden Williams,Jameson Geers,Akayleb Evans,Nick Hampton,Thomas Incoom,Chau Smith-Wade,Lathan Ransom,Jared Harrison-Hunte,Bam Martin-Scott,Corey Thornton,Lee Hunter,Zakee Wheatley,Jackson Kuwatch
2026001,0,1331,PASS,(9:46) C.Beck pass incomplete short right.,https://pro.nfl.com/api/plays/summaryPlay?gameId=c66cf251-5f68-11f1-b1d0-bb70a4640075&playId=1331,2,2,4,09:46,5.0,False,True,3800,7,7,-0.9038779756519943,11,1,2,2,5,11,3,4,4,Simi Fehoko,Kenny Yeboah,Bam Knight,Jon Gaines II,Hayden Conner,Rivaldo Fairweather,Josh Fryar,Chase Bisontis,Carson Beck,Jayden Williams,Harrison Wallace III,Akayleb Evans,Elijah Garcia,Nick Hampton,Thomas Incoom,Lathan Ransom,Jared Harrison-Hunte,Bam Martin-Scott,Corey Thornton,Lee Hunter,Zakee Wheatley,Jackson Kuwatch
2026001,0,1366,TIMEOUT,Timeout #1 by AZ at 09:42.,https://pro.nfl.com/api/plays/summaryPlay?gameId=c66cf251-5f68-11f1-b1d0-bb70a4640075&playId=1366,2,0,0,09:42,,False,,0750,7,7,,0,0,0,0,0,0,0,0,0,,,,,,,,,,,,,,,,,,,,,,
2026001,0,1354,PASS,"(9:42) (Shotgun) C.Beck pass short right to S.Fehoko for 5 yards, TOUCHDOWN.",https://pro.nfl.com/api/plays/summaryPlay?gameId=c66cf251-5f68-11f1-b1d0-bb70a4640075&playId=1354,2,3,4,09:42,5.0,False,True,3800,7,7,2.560596230905503,11,1,1,3,5,11,2,4,5,Simi Fehoko,Bam Knight,Jon Gaines II,Xavier Weaver,Hayden Conner,Josh Fryar,Bryson Green,Chase Bisontis,Carson Beck,Jayden Williams,Jameson Geers,Akayleb Evans,Nick Hampton,Thomas Incoom,Chau Smith-Wade,Demani Richardson,Jared Harrison-Hunte,Bam Martin-Scott,Corey Thornton,Lee Hunter,Zakee Wheatley,Jackson Kuwatch
2026001,0,1387,XP_KICK,"C.Ryland extra point is GOOD, Center-C.Kreiter, Holder-B.Gillikin.",https://pro.nfl.com/api/plays/summaryPlay?gameId=c66cf251-5f68-11f1-b1d0-bb70a4640075&playId=1387,2,0,0,09:38,15.0,False,False,3800,13,7,0.06888505002846201,11,0,2,0,6,11,5,2,4,Casey Kreiter,Matt Pryor,Blake Gillikin,Kenny Yeboah,Chad Ryland,Jon Gaines II,Christian Jones,Hayden Conner,Rivaldo Fairweather,Josh Fryar,Chase Bisontis,Trevis Gipson,Thomas Incoom,Demani Richardson,Cam Jackson,Jared Harrison-Hunte,Bam Martin-Scott,Corey Thornton,Lee Hunter,Will Lee III,Zakee Wheatley,Aaron Hall
2026001,0,1402,KICK_OFF,"C.Ryland kicks 65 yards from AZ 35 to end zone, Touchback to the CAR 35.",https://pro.nfl.com/api/plays/summaryPlay?gameId=c66cf251-5f68-11f1-b1d0-bb70a4640075&playId=1402,2,0,0,09:38,65.0,False,False,3800,14,7,-0.31327070016413927,11,0,0,1,0,11,0,4,3,Isaiah Oliver,Simi Fehoko,BJ Ojulari,Chad Ryland,Owen Pappoe,Kei'Trel Clark,Eku Leota,Elijah Jones,Quinton Newsome,Austin Keys,Karson Sharar,Cam Gill,Robert Rochell,John Metchie III,Nick Hampton,Demani Richardson,Maema Njongmeta,Corey Thornton,Anthony Tyus III,Roc Taylor,Jackson Kuwatch,Chamon Metayer
2026001,0,1419,RUSH,(9:38) A.Dillon right guard to CAR 48 for 13 yards (I.Oliver; W.Williams).,https://pro.nfl.com/api/plays/summaryPlay?gameId=c66cf251-5f68-11f1-b1d0-bb70a4640075&playId=1419,2,1,10,09:38,65.0,False,False,0750,7,14,0.9128574694041163,11,1,2,2,5,11,3,4,4,AJ Dillon,Stone Forsythe,Feleipe Franks,James Mitchell,Ja'Tyre Carter,Ja'Seem Reed,Sam Hecht,Malick Meiga,Albert Reese,Isaia Glass,Haynes King,Isaiah Oliver,Jonah Williams,BJ Ojulari,Brodric Martin,Owen Pappoe,Kei'Trel Clark,Eku Leota,Austin Keys,Cam Horsley,Elijah Culp,Wydett Williams Jr.
2026001,0,1441,PASS,(9:05) H.King pass incomplete short left to J.Reed.,https://pro.nfl.com/api/plays/summaryPlay?gameId=c66cf251-5f68-11f1-b1d0-bb70a4640075&playId=1441,2,1,10,09:05,52.0,False,False,0750,7,14,-0.45696694566868246,11,1,2,2,5,11,3,4,4,AJ Dillon,Stone Forsythe,Feleipe Franks,James Mitchell,Ja'Tyre Carter,Ja'Seem Reed,Sam Hecht,Malick Meiga,Albert Reese,Isaia Glass,Haynes King,Isaiah Oliver,Jonah Williams,BJ Ojulari,Brodric Martin,Owen Pappoe,Kei'Trel Clark,Eku Leota,Austin Keys,Cam Horsley,Elijah Culp,Wydett Williams Jr.
2026001,0,1464,PASS,(8:59) (Shotgun) H.King pass short middle to M.Meiga to AZ 39 for 13 yards (K.Clark).,https://pro.nfl.com/api/plays/summaryPlay?gameId=c66cf251-5f68-11f1-b1d0-bb70a4640075&playId=1464,2,2,10,08:59,52.0,False,False,0750,7,14,1.230803279671818,11,1,1,3,5,11,2,4,5,AJ Dillon,Stone Forsythe,Feleipe Franks,John Metchie III,Ja'Tyre Carter,Ja'Seem Reed,Sam Hecht,Malick Meiga,Albert Reese,Isaia Glass,Haynes King,Isaiah Oliver,BJ Ojulari,Brodric Martin,Owen Pappoe,Kei'Trel Clark,Eku Leota,Kalen King,Austin Keys,Cam Horsley,Elijah Culp,Wydett Williams Jr.
2026001,0,1489,PASS,"(8:32) (No Huddle, Shotgun) H.King pass short right to F.Franks to AZ 35 for 4 yards (O.Pappoe).",https://pro.nfl.com/api/plays/summaryPlay?gameId=c66cf251-5f68-11f1-b1d0-bb70a4640075&playId=1489,2,1,10,08:32,39.0,False,False,0750,7,14,-0.08807968045584857,11,1,1,3,5,11,2,4,5,AJ Dillon,Stone Forsythe,Feleipe Franks,John Metchie III,Ja'Tyre Carter,Ja'Seem Reed,Sam Hecht,Malick Meiga,Albert Reese,Isaia Glass,Haynes King,Isaiah Oliver,BJ Ojulari,Brodric Martin,Owen Pappoe,Kei'Trel Clark,Eku Leota,Kalen King,Austin Keys,Cam Horsley,Elijah Culp,Wydett Williams Jr.
2026001,0,1514,PASS,(7:54) (Shotgun) H.King pass incomplete deep left to M.Meiga.,https://pro.nfl.com/api/plays/summaryPlay?gameId=c66cf251-5f68-11f1-b1d0-bb70a4640075&playId=1514,2,2,6,07:54,35.0,False,False,0750,7,14,-0.6859592008404434,11,1,2,2,5,11,3,4,4,AJ Dillon,Stone Forsythe,Feleipe Franks,James Mitchell,Ja'Tyre Carter,Ja'Seem Reed,Sam Hecht,Malick Meiga,Albert Reese,Isaia Glass,Haynes King,Isaiah Oliver,Jonah Williams,Elliott Brown,Brodric Martin,Owen Pappoe,Kei'Trel Clark,Austin Keys,Cam Horsley,Elijah Culp,Cam Robertson,Wydett Williams Jr.
2026001,0,1537,PASS,(7:48) (Shotgun) H.King pass short left to J.Metchie to AZ 27 for 8 yards (K.King).,https://pro.nfl.com/api/plays/summaryPlay?gameId=c66cf251-5f68-11f1-b1d0-bb70a4640075&playId=1537,2,3,6,07:48,35.0,False,False,0750,7,14,1.5786673108814284,11,1,1,3,5,11,2,4,5,AJ Dillon,Stone Forsythe,John Metchie III,James Mitchell,Ja'Tyre Carter,Elijah Cooks,Ja'Seem Reed,Sam Hecht,Albert Reese,Isaia Glass,Haynes King,Isaiah Oliver,Elliott Brown,Brodric Martin,Owen Pappoe,Kei'Trel Clark,Kalen King,Austin Keys,Cam Horsley,Elijah Culp,Cam Robertson,Wydett Williams Jr.
2026001,0,1562,PASS,(7:13) (Shotgun) H.King pass incomplete short middle to E.Cooks (E.Culp).,https://pro.nfl.com/api/plays/summaryPlay?gameId=c66cf251-5f68-11f1-b1d0-bb70a4640075&playId=1562,2,1,10,07:13,27.0,False,False,0750,7,14,-0.4119909986620769,11,1,1,3,5,11,2,4,5,AJ Dillon,Stone Forsythe,John Metchie III,James Mitchell,Ja'Tyre Carter,Elijah Cooks,Ja'Seem Reed,Sam Hecht,Albert Reese,Isaia Glass,Haynes King,Isaiah Oliver,Elliott Brown,Brodric Martin,Owen Pappoe,Kei'Trel Clark,Kalen King,Austin Keys,Cam Horsley,Elijah Culp,Cam Robertson,Wydett Williams Jr.
2026001,0,1585,RUSH,(7:09) (Shotgun) H.King scrambles right end to AZ 19 for 8 yards (K.Clark).,https://pro.nfl.com/api/plays/summaryPlay?gameId=c66cf251-5f68-11f1-b1d0-bb70a4640075&playId=1585,2,2,10,07:09,27.0,False,False,0750,7,14,0.2702168297255412,11,1,1,3,5,11,2,4,5,AJ Dillon,Stone Forsythe,John Metchie III,James Mitchell,Ja'Tyre Carter,Casey Washington,Ja'Seem Reed,Sam Hecht,Albert Reese,Isaia Glass,Haynes King,Isaiah Oliver,Jonah Williams,Elliott Brown,Owen Pappoe,Kei'Trel Clark,Kalen King,Austin Keys,Elijah Culp,Cam Robertson,Damonic Williams,Wydett Williams Jr.
2026001,0,1607,PASS,(6:31) (Shotgun) H.King pass short right to F.Franks ran ob at AZ 15 for 4 yards (I.Oliver).,https://pro.nfl.com/api/plays/summaryPlay?gameId=c66cf251-5f68-11f1-b1d0-bb70a4640075&playId=1607,2,3,2,06:31,19.0,False,True,0750,7,14,0.7659390234621242,11,1,1,3,5,11,2,4,5,AJ Dillon,Stone Forsythe,Feleipe Franks,John Metchie III,Ja'Tyre Carter,Casey Washington,Ja'Seem Reed,Sam Hecht,Albert Reese,Isaia Glass,Haynes King,Isaiah Oliver,Jonah Williams,Elliott Brown,Owen Pappoe,Kei'Trel Clark,Kalen King,Austin Keys,Elijah Culp,Cam Robertson,Damonic Williams,Wydett Williams Jr.
2026001,0,1637,PASS,"(6:00) H.King pass short left to J.Reed for 15 yards, TOUCHDOWN.",https://pro.nfl.com/api/plays/summaryPlay?gameId=c66cf251-5f68-11f1-b1d0-bb70a4640075&playId=1637,2,1,10,06:00,15.0,False,True,0750,7,14,1.920180281624198,11,1,2,2,5,11,3,4,4,AJ Dillon,Stone Forsythe,Feleipe Franks,James Mitchell,Ja'Tyre Carter,Ja'Seem Reed,Sam Hecht,Malick Meiga,Albert Reese,Isaia Glass,Haynes King,Isaiah Oliver,Jonah Williams,BJ Ojulari,Brodric Martin,Owen Pappoe,Kei'Trel Clark,Eku Leota,Austin Keys,Elijah Culp,Damonic Williams,Wydett Williams Jr.
2026001,0,1663,XP_KICK,"R.Fitzgerald extra point is GOOD, Center-J.Jansen, Holder-S.Martin.",https://pro.nfl.com/api/plays/summaryPlay?gameId=c66cf251-5f68-11f1-b1d0-bb70a4640075&playId=1663,2,0,0,05:54,15.0,False,False,0750,13,14,0.06888505002846201,11,0,1,0,6,11,3,4,4,J.J. Jansen,Sam Martin,Brady Christensen,Stone Forsythe,Feleipe Franks,Ja'Tyre Carter,Nick Samac,Cam Jackson,Ryan Fitzgerald,Albert Reese,Isaia Glass,Isaiah Oliver,Jonah Williams,Owen Pappoe,Kei'Trel Clark,Eku Leota,Elijah Jones,Cam Horsley,Karson Sharar,Cam Robertson,Damonic Williams,Wydett Williams Jr.
2026001,0,1688,TIMEOUT,Timeout at 05:54.,https://pro.nfl.com/api/plays/summaryPlay?gameId=c66cf251-5f68-11f1-b1d0-bb70a4640075&playId=1688,2,0,0,05:54,,False,,0750,14,14,,0,0,0,0,0,0,0,0,0,,,,,,,,,,,,,,,,,,,,,,
2026001,0,1678,KICK_OFF,R.Fitzgerald kicks 58 yards from CAR 35 to AZ 7. X.Weaver to AZ 32 for 25 yards (C.Gill; R.Rochell).,https://pro.nfl.com/api/plays/summaryPlay?gameId=c66cf251-5f68-11f1-b1d0-bb70a4640075&playId=1678,2,0,0,05:54,65.0,False,False,0750,14,14,-0.36301872110925615,11,0,0,0,0,11,0,3,2,Cam Gill,Robert Rochell,Nick Hampton,Chau Smith-Wade,Demani Richardson,Maema Njongmeta,Mapalo Mwansa,Ryan Fitzgerald,Bam Martin-Scott,Corey Thornton,Jackson Kuwatch,Simi Fehoko,Kenny Yeboah,Bam Knight,Owen Pappoe,Kei'Trel Clark,Eku Leota,Xavier Weaver,Rivaldo Fairweather,Karson Sharar,Jameson Geers,Wydett Williams Jr.
2026001,0,1708,PENALTY,"(5:49) (Shotgun) PENALTY on AZ-J.Fryar, False Start, 5 yards, enforced at AZ 32 - No Play.",https://pro.nfl.com/api/plays/summaryPlay?gameId=c66cf251-5f68-11f1-b1d0-bb70a4640075&playId=1708,2,1,10,05:49,68.0,False,False,3800,14,14,-0.7544408610556275,11,1,1,3,5,11,2,4,5,Bam Knight,Jon Gaines II,Xavier Weaver,Hayden Conner,Josh Fryar,Bryson Green,Chase Bisontis,Carson Beck,Reggie Virgil,Jayden Williams,Jameson Geers,Akayleb Evans,Nick Hampton,Thomas Incoom,Chau Smith-Wade,Demani Richardson,Cam Jackson,Bam Martin-Scott,Corey Thornton,Zakee Wheatley,Jackson Kuwatch,Aaron Hall
2026001,0,1732,PASS,(5:49) (Shotgun) C.Beck pass incomplete short left to X.Weaver.,https://pro.nfl.com/api/plays/summaryPlay?gameId=c66cf251-5f68-11f1-b1d0-bb70a4640075&playId=1732,2,1,15,05:49,73.0,False,False,3800,14,14,-0.5812726919539273,11,1,1,3,5,11,2,4,5,Bam Knight,Jon Gaines II,Xavier Weaver,Hayden Conner,Josh Fryar,Bryson Green,Chase Bisontis,Carson Beck,Reggie Virgil,Jayden Williams,Jameson Geers,Akayleb Evans,Nick Hampton,Thomas Incoom,Chau Smith-Wade,Demani Richardson,Cam Jackson,Bam Martin-Scott,Corey Thornton,Zakee Wheatley,Jackson Kuwatch,Aaron Hall
2026001,0,1755,PASS,(5:46) (Shotgun) C.Beck pass short right to R.Virgil to AZ 41 for 14 yards (C.Thornton).,https://pro.nfl.com/api/plays/summaryPlay?gameId=c66cf251-5f68-11f1-b1d0-bb70a4640075&playId=1755,2,2,15,05:46,73.0,False,False,3800,14,14,1.3671017289161682,11,1,1,3,5,11,2,4,5,Bam Knight,Jon Gaines II,Xavier Weaver,Hayden Conner,Josh Fryar,Bryson Green,Chase Bisontis,Carson Beck,Reggie Virgil,Jayden Williams,Jameson Geers,Akayleb Evans,Nick Hampton,Thomas Incoom,Chau Smith-Wade,Demani Richardson,Cam Jackson,Bam Martin-Scott,Corey Thornton,Zakee Wheatley,Jackson Kuwatch,Aaron Hall
2026001,0,1785,PENALTY,"(5:02) (Shotgun) C.Beck pass incomplete deep left to R.Virgil (C.Smith-Wade) [T.Incoom].
PENALTY on CAR-C.Thornton, Defensive Holding, 5 yards, enforced at AZ 41 - No Play.
Penalty on CAR-C.Smith-Wade, Illegal Contact, declined.",https://pro.nfl.com/api/plays/summaryPlay?gameId=c66cf251-5f68-11f1-b1d0-bb70a4640075&playId=1785,2,3,1,05:02,59.0,False,False,3800,14,14,0.770873537985608,11,1,1,3,5,11,2,4,5,Bam Knight,Jon Gaines II,Xavier Weaver,Hayden Conner,Josh Fryar,Bryson Green,Chase Bisontis,Carson Beck,Reggie Virgil,Jayden Williams,Jameson Geers,Akayleb Evans,Nick Hampton,Thomas Incoom,Chau Smith-Wade,Demani Richardson,Cam Jackson,Bam Martin-Scott,Corey Thornton,Zakee Wheatley,Jackson Kuwatch,Aaron Hall
2026001,0,1819,RUSH,(4:56) Z.Knight right tackle to CAR 49 for 5 yards (J.Kuwatch; N.Hampton).,https://pro.nfl.com/api/plays/summaryPlay?gameId=c66cf251-5f68-11f1-b1d0-bb70a4640075&playId=1819,2,1,10,04:56,54.0,False,False,3800,14,14,0.0586097645573318,11,1,1,3,5,11,2,4,5,Bam Knight,Jon Gaines II,Xavier Weaver,Hayden Conner,Josh Fryar,Bryson Green,Chase Bisontis,Carson Beck,Reggie Virgil,Jayden Williams,Jameson Geers,Akayleb Evans,Nick Hampton,Thomas Incoom,Chau Smith-Wade,Demani Richardson,Cam Jackson,Bam Martin-Scott,Corey Thornton,Zakee Wheatley,Jackson Kuwatch,Aaron Hall
2026001,0,1841,RUSH,"(4:14) Z.Knight right guard to CAR 34 for 15 yards (Z.Wheatley; C.Smith-Wade). FUMBLES (Z.Wheatley), and recovers at CAR 34.",https://pro.nfl.com/api/plays/summaryPlay?gameId=c66cf251-5f68-11f1-b1d0-bb70a4640075&playId=1841,2,2,5,04:14,49.0,False,False,3800,14,14,1.159980372292921,11,1,1,3,5,11,2,4,5,Bam Knight,Jon Gaines II,Xavier Weaver,Hayden Conner,Josh Fryar,Bryson Green,Chase Bisontis,Carson Beck,Reggie Virgil,Jayden Williams,Jameson Geers,Akayleb Evans,Nick Hampton,Thomas Incoom,Chau Smith-Wade,Demani Richardson,Cam Jackson,Bam Martin-Scott,Corey Thornton,Zakee Wheatley,Jackson Kuwatch,Aaron Hall
2026001,0,1879,RUSH,(3:25) C.Kiner right guard to CAR 29 for 5 yards (E.Garcia; C.Gill).,https://pro.nfl.com/api/plays/summaryPlay?gameId=c66cf251-5f68-11f1-b1d0-bb70a4640075&playId=1879,2,1,10,03:25,34.0,False,False,3800,14,14,0.05800054711289704,11,1,2,2,5,11,3,4,4,Kenny Yeboah,Jon Gaines II,Hayden Conner,Rivaldo Fairweather,Josh Fryar,Bryson Green,Corey Kiner,Chase Bisontis,Carson Beck,Reggie Virgil,Jayden Williams,Cam Gill,Akayleb Evans,Elijah Garcia,Demani Richardson,Jared Harrison-Hunte,Bam Martin-Scott,Corey Thornton,Lee Hunter,Zakee Wheatley,Jackson Kuwatch,Isaiah Smith
2026001,0,1901,RUSH,(2:48) C.Kiner right tackle to CAR 21 for 8 yards (Z.Wheatley; C.Gill).,https://pro.nfl.com/api/plays/summaryPlay?gameId=c66cf251-5f68-11f1-b1d0-bb70a4640075&playId=1901,2,2,5,02:48,29.0,False,False,3800,14,14,0.8121203747577965,11,1,1,3,5,11,2,4,5,Kenny Yeboah,Jon Gaines II,Xavier Weaver,Hayden Conner,Josh Fryar,Bryson Green,Corey Kiner,Chase Bisontis,Carson Beck,Reggie Virgil,Jayden Williams,Cam Gill,Akayleb Evans,Chau Smith-Wade,Demani Richardson,Jared Harrison-Hunte,Bam Martin-Scott,Corey Thornton,Lee Hunter,Zakee Wheatley,Jackson Kuwatch,Isaiah Smith
2026001,0,1923,RUSH,(2:05) C.Kiner left end to CAR 17 for 4 yards (J.Kuwatch; A.Evans).,https://pro.nfl.com/api/plays/summaryPlay?gameId=c66cf251-5f68-11f1-b1d0-bb70a4640075&playId=1923,2,1,10,02:05,21.0,False,False,3800,14,14,-0.043322362762410194,11,1,1,3,5,11,2,4,5,Kenny Yeboah,Jon Gaines II,Xavier Weaver,Hayden Conner,Josh Fryar,Bryson Green,Corey Kiner,Chase Bisontis,Carson Beck,Reggie Virgil,Jayden Williams,Cam Gill,Akayleb Evans,Chau Smith-Wade,Demani Richardson,Jared Harrison-Hunte,Bam Martin-Scott,Corey Thornton,Lee Hunter,Zakee Wheatley,Jackson Kuwatch,Isaiah Smith
2026001,0,1957,TIMEOUT,Two-Minute Warning,https://pro.nfl.com/api/plays/summaryPlay?gameId=c66cf251-5f68-11f1-b1d0-bb70a4640075&playId=1957,2,0,0,02:00,,False,,0750,14,14,,0,0,0,0,0,0,0,0,0,,,,,,,,,,,,,,,,,,,,,,
2026001,0,1945,RUSH,(2:00) Z.Knight right tackle to CAR 15 for 2 yards (B.Martin-Scott; A.Evans).,https://pro.nfl.com/api/plays/summaryPlay?gameId=c66cf251-5f68-11f1-b1d0-bb70a4640075&playId=1945,2,2,6,02:00,17.0,False,True,3800,14,14,-0.3371171753969975,11,1,2,2,5,11,3,4,4,Kenny Yeboah,Bam Knight,Jon Gaines II,Hayden Conner,Rivaldo Fairweather,Josh Fryar,Bryson Green,Chase Bisontis,Carson Beck,Reggie Virgil,Jayden Williams,Akayleb Evans,Elijah Garcia,Nick Hampton,Thomas Incoom,Demani Richardson,Jared Harrison-Hunte,Bam Martin-Scott,Corey Thornton,Lee Hunter,Zakee Wheatley,Jackson Kuwatch
2026001,0,1986,TIMEOUT,Timeout #1 by CAR at 01:55.,https://pro.nfl.com/api/plays/summaryPlay?gameId=c66cf251-5f68-11f1-b1d0-bb70a4640075&playId=1986,2,0,0,01:55,,False,,0750,14,14,,0,0,0,0,0,0,0,0,0,,,,,,,,,,,,,,,,,,,,,,
2026001,0,1974,SACK,(1:55) (Shotgun) C.Beck sacked at CAR 17 for -2 yards (J.Harrison-Hunte).,https://pro.nfl.com/api/plays/summaryPlay?gameId=c66cf251-5f68-11f1-b1d0-bb70a4640075&playId=1974,2,3,4,01:55,15.0,False,True,3800,14,14,-1.4723357381881215,11,1,1,3,5,11,2,4,5,Bam Knight,Jon Gaines II,Xavier Weaver,Hayden Conner,Josh Fryar,Bryson Green,Chase Bisontis,Carson Beck,Reggie Virgil,Jayden Williams,Jameson Geers,Akayleb Evans,Nick Hampton,Thomas Incoom,Chau Smith-Wade,Demani Richardson,Jared Harrison-Hunte,Bam Martin-Scott,Corey Thornton,Lee Hunter,Zakee Wheatley,Jackson Kuwatch
2026001,0,2013,TIMEOUT,Timeout #2 by CAR at 01:50.,https://pro.nfl.com/api/plays/summaryPlay?gameId=c66cf251-5f68-11f1-b1d0-bb70a4640075&playId=2013,2,0,0,01:50,,False,,0750,14,14,,0,0,0,0,0,0,0,0,0,,,,,,,,,,,,,,,,,,,,,,
2026001,0,2001,FIELD_GOAL,"(1:50) C.Ryland 35 yard field goal is GOOD, Center-C.Kreiter, Holder-B.Gillikin.",https://pro.nfl.com/api/plays/summaryPlay?gameId=c66cf251-5f68-11f1-b1d0-bb70a4640075&playId=2001,2,4,6,01:50,17.0,False,False,3800,14,14,0.5045340558863245,11,0,2,0,6,10,4,2,4,Casey Kreiter,Matt Pryor,Blake Gillikin,Kenny Yeboah,Chad Ryland,Jon Gaines II,Christian Jones,Hayden Conner,Rivaldo Fairweather,Josh Fryar,Chase Bisontis,Nick Hampton,Chau Smith-Wade,Demani Richardson,Cam Jackson,Jared Harrison-Hunte,Bam Martin-Scott,Corey Thornton,Lee Hunter,Zakee Wheatley,Aaron Hall,
2026001,0,2038,TIMEOUT,Timeout at 01:46.,https://pro.nfl.com/api/plays/summaryPlay?gameId=c66cf251-5f68-11f1-b1d0-bb70a4640075&playId=2038,2,0,0,01:46,,False,,0750,14,17,,0,0,0,0,0,0,0,0,0,,,,,,,,,,,,,,,,,,,,,,
2026001,0,2028,KICK_OFF,"C.Ryland kicks 65 yards from AZ 35 to end zone, Touchback to the CAR 35.",https://pro.nfl.com/api/plays/summaryPlay?gameId=c66cf251-5f68-11f1-b1d0-bb70a4640075&playId=2028,2,0,0,01:46,65.0,False,False,3800,17,14,-0.5137289374833927,11,0,0,2,0,11,0,4,3,Isaiah Oliver,Simi Fehoko,BJ Ojulari,Chad Ryland,Owen Pappoe,Kei'Trel Clark,Eku Leota,Elijah Jones,Quinton Newsome,Bryson Green,Karson Sharar,Cam Gill,Robert Rochell,John Metchie III,Nick Hampton,Demani Richardson,Maema Njongmeta,Corey Thornton,Anthony Tyus III,Roc Taylor,Jackson Kuwatch,Chamon Metayer
2026001,0,2057,PASS,(1:46) (Shotgun) H.King pass incomplete short right to J.Metchie.,https://pro.nfl.com/api/plays/summaryPlay?gameId=c66cf251-5f68-11f1-b1d0-bb70a4640075&playId=2057,2,1,10,01:46,65.0,False,False,0750,14,17,-0.3117702107410878,11,1,1,3,5,11,2,4,5,AJ Dillon,Stone Forsythe,John Metchie III,James Mitchell,Ja'Tyre Carter,Jimmy Horn Jr.,Ja'Seem Reed,Sam Hecht,Albert Reese,Isaia Glass,Haynes King,Isaiah Oliver,Elliott Brown,Owen Pappoe,Kei'Trel Clark,Elijah Jones,Kalen King,Austin Keys,Cam Horsley,Cam Robertson,Damonic Williams,Wydett Williams Jr.
2026001,0,2080,PASS,"(1:42) (No Huddle, Shotgun) H.King pass short middle to J.Reed to 50 for 15 yards (W.Williams; I.Oliver).",https://pro.nfl.com/api/plays/summaryPlay?gameId=c66cf251-5f68-11f1-b1d0-bb70a4640075&playId=2080,2,2,10,01:42,65.0,False,False,0750,14,17,1.239236771594733,11,1,1,3,5,11,2,4,5,AJ Dillon,Stone Forsythe,John Metchie III,James Mitchell,Ja'Tyre Carter,Jimmy Horn Jr.,Ja'Seem Reed,Sam Hecht,Albert Reese,Isaia Glass,Haynes King,Isaiah Oliver,Elliott Brown,Owen Pappoe,Kei'Trel Clark,Elijah Jones,Kalen King,Austin Keys,Cam Horsley,Cam Robertson,Damonic Williams,Wydett Williams Jr.
2026001,0,2105,PASS,"(1:24) (No Huddle, Shotgun) H.King pass short right to J.Metchie ran ob at AZ 39 for 11 yards.",https://pro.nfl.com/api/plays/summaryPlay?gameId=c66cf251-5f68-11f1-b1d0-bb70a4640075&playId=2105,2,1,10,01:24,50.0,False,False,0750,14,17,0.3634329347987659,11,1,1,3,5,11,2,4,5,AJ Dillon,Stone Forsythe,John Metchie III,James Mitchell,Ja'Tyre Carter,Jimmy Horn Jr.,Ja'Seem Reed,Sam Hecht,Albert Reese,Isaia Glass,Haynes King,Isaiah Oliver,Elliott Brown,Owen Pappoe,Kei'Trel Clark,Elijah Jones,Kalen King,Austin Keys,Cam Horsley,Cam Robertson,Damonic Williams,Wydett Williams Jr.
2026001,0,2130,PASS,"(1:17) (No Huddle, Shotgun) H.King pass short right to J.Mitchell to AZ 38 for 1 yard (A.Keys).",https://pro.nfl.com/api/plays/summaryPlay?gameId=c66cf251-5f68-11f1-b1d0-bb70a4640075&playId=2130,2,1,10,01:17,39.0,False,False,0750,14,17,-0.18448593484936282,11,1,1,3,5,11,2,4,5,AJ Dillon,Stone Forsythe,John Metchie III,James Mitchell,Ja'Tyre Carter,Jimmy Horn Jr.,Ja'Seem Reed,Sam Hecht,Albert Reese,Isaia Glass,Haynes King,Isaiah Oliver,Elliott Brown,Owen Pappoe,Kei'Trel Clark,Elijah Jones,Kalen King,Austin Keys,Cam Horsley,Cam Robertson,Damonic Williams,Wydett Williams Jr.
2026001,0,2155,PASS,"(:57) (No Huddle, Shotgun) H.King pass short right to J.Mitchell pushed ob at AZ 32 for 6 yards (A.Keys).",https://pro.nfl.com/api/plays/summaryPlay?gameId=c66cf251-5f68-11f1-b1d0-bb70a4640075&playId=2155,2,2,9,00:57,38.0,False,False,0750,14,17,0.4159610419883393,11,1,1,3,5,11,2,4,5,AJ Dillon,Stone Forsythe,John Metchie III,James Mitchell,Ja'Tyre Carter,Jimmy Horn Jr.,Ja'Seem Reed,Sam Hecht,Albert Reese,Isaia Glass,Haynes King,Isaiah Oliver,Elliott Brown,Owen Pappoe,Kei'Trel Clark,Elijah Jones,Kalen King,Austin Keys,Cam Horsley,Cam Robertson,Damonic Williams,Wydett Williams Jr.
2026001,0,2185,PASS,(:53) (Shotgun) H.King pass short right to Ji.Horn to AZ 15 for 17 yards (B.Martin).,https://pro.nfl.com/api/plays/summaryPlay?gameId=c66cf251-5f68-11f1-b1d0-bb70a4640075&playId=2185,2,3,3,00:53,32.0,False,False,0750,14,17,1.3355674048070796,11,1,1,3,5,11,2,4,5,AJ Dillon,Stone Forsythe,Feleipe Franks,John Metchie III,Ja'Tyre Carter,Jimmy Horn Jr.,Ja'Seem Reed,Sam Hecht,Albert Reese,Isaia Glass,Haynes King,Isaiah Oliver,Jonah Williams,BJ Ojulari,Brodric Martin,Owen Pappoe,Kei'Trel Clark,Eku Leota,Elijah Jones,Kalen King,Austin Keys,Wydett Williams Jr.
2026001,0,2210,PASS,"(:27) (No Huddle, Shotgun) H.King pass incomplete short right to J.Metchie.",https://pro.nfl.com/api/plays/summaryPlay?gameId=c66cf251-5f68-11f1-b1d0-bb70a4640075&playId=2210,2,1,10,00:27,15.0,False,True,0750,14,17,-0.344981373869814,11,1,1,3,5,11,2,4,5,AJ Dillon,Stone Forsythe,Feleipe Franks,John Metchie III,Ja'Tyre Carter,Jimmy Horn Jr.,Ja'Seem Reed,Sam Hecht,Albert Reese,Isaia Glass,Haynes King,Isaiah Oliver,Jonah Williams,BJ Ojulari,Brodric Martin,Owen Pappoe,Kei'Trel Clark,Eku Leota,Elijah Jones,Kalen King,Austin Keys,Wydett Williams Jr.
2026001,0,2233,PASS,(:23) (Shotgun) H.King pass incomplete short right to Ji.Horn.,https://pro.nfl.com/api/plays/summaryPlay?gameId=c66cf251-5f68-11f1-b1d0-bb70a4640075&playId=2233,2,2,10,00:23,15.0,False,True,0750,14,17,-0.7392222944181412,11,1,1,3,5,11,2,4,5,AJ Dillon,Stone Forsythe,Feleipe Franks,Ja'Tyre Carter,Jimmy Horn Jr.,Ja'Seem Reed,Sam Hecht,Malick Meiga,Albert Reese,Isaia Glass,Haynes King,Isaiah Oliver,Jonah Williams,BJ Ojulari,Brodric Martin,Owen Pappoe,Kei'Trel Clark,Eku Leota,Elijah Jones,Kalen King,Austin Keys,Wydett Williams Jr.
2026001,0,2256,PASS,"(:18) (Shotgun) H.King pass short right to Ji.Horn to AZ 15 for no gain (E.Jones) [E.Leota].
Penalty on CAR, Illegal Shift, declined.",https://pro.nfl.com/api/plays/summaryPlay?gameId=c66cf251-5f68-11f1-b1d0-bb70a4640075&playId=2256,2,3,10,00:18,15.0,False,True,0750,14,17,-0.6771078506135382,11,1,1,3,5,11,2,4,5,AJ Dillon,Stone Forsythe,Feleipe Franks,Ja'Tyre Carter,Jimmy Horn Jr.,Ja'Seem Reed,Sam Hecht,Malick Meiga,Albert Reese,Isaia Glass,Haynes King,Isaiah Oliver,BJ Ojulari,Owen Pappoe,Kei'Trel Clark,Eku Leota,Elijah Jones,Kalen King,Austin Keys,Cam Horsley,Damonic Williams,Wydett Williams Jr.
2026001,0,2292,FIELD_GOAL,"(:12) R.Fitzgerald 33 yard field goal is GOOD, Center-J.Jansen, Holder-S.Martin.",https://pro.nfl.com/api/plays/summaryPlay?gameId=c66cf251-5f68-11f1-b1d0-bb70a4640075&playId=2292,2,4,10,00:12,15.0,False,False,0750,14,17,0.31425820098957047,11,0,1,0,6,11,3,4,4,J.J. Jansen,Sam Martin,Brady Christensen,Stone Forsythe,Feleipe Franks,Ja'Tyre Carter,Nick Samac,Cam Jackson,Ryan Fitzgerald,Albert Reese,Isaia Glass,Isaiah Oliver,Jonah Williams,Owen Pappoe,Kei'Trel Clark,Eku Leota,Elijah Jones,Cam Horsley,Karson Sharar,Cam Robertson,Damonic Williams,Wydett Williams Jr.
2026001,0,2312,KICK_OFF,"R.Fitzgerald kicks 65 yards from CAR 35 to end zone, Touchback to the AZ 35.",https://pro.nfl.com/api/plays/summaryPlay?gameId=c66cf251-5f68-11f1-b1d0-bb70a4640075&playId=2312,2,0,0,00:08,65.0,False,False,0750,17,17,-0.10397385578835383,11,0,0,0,0,11,0,2,2,Cam Gill,Robert Rochell,Nick Hampton,Chau Smith-Wade,Demani Richardson,Maema Njongmeta,Mapalo Mwansa,Ryan Fitzgerald,Bam Martin-Scott,Corey Thornton,Jackson Kuwatch,Simi Fehoko,Kenny Yeboah,Bam Knight,Evan Hull,Eku Leota,Elijah Jones,Rivaldo Fairweather,Karson Sharar,Jameson Geers,Harrison Wallace III,Wydett Williams Jr.
2026001,0,2329,RUSH,(:08) C.Beck kneels to AZ 34 for -1 yards.,https://pro.nfl.com/api/plays/summaryPlay?gameId=c66cf251-5f68-11f1-b1d0-bb70a4640075&playId=2329,2,1,10,00:08,65.0,False,False,3800,17,17,0.0,11,1,2,2,5,11,3,4,4,Simi Fehoko,Kenny Yeboah,Bam Knight,Jon Gaines II,Jalen Brooks,Hayden Conner,Rivaldo Fairweather,Josh Fryar,Chase Bisontis,Carson Beck,Jayden Williams,Akayleb Evans,Elijah Garcia,Nick Hampton,Thomas Incoom,Demani Richardson,Cam Jackson,Bam Martin-Scott,Corey Thornton,Zakee Wheatley,Jackson Kuwatch,Aaron Hall
2026001,0,2351,END_QUARTER,END QUARTER 2,https://pro.nfl.com/api/plays/summaryPlay?gameId=c66cf251-5f68-11f1-b1d0-bb70a4640075&playId=2351,2,0,0,,,False,,0750,17,17,,0,0,0,0,0,0,0,0,0,,,,,,,,,,,,,,,,,,,,,,
2026001,0,2371,KICK_OFF,"R.Fitzgerald kicks 65 yards from CAR 35 to landing zone to end zone, Touchback to the AZ 20.",https://pro.nfl.com/api/plays/summaryPlay?gameId=c66cf251-5f68-11f1-b1d0-bb70a4640075&playId=2371,3,0,0,15:00,65.0,False,False,0750,17,17,0.5166944433003664,11,2,2,1,0,11,0,2,3,James Mitchell,Casey Washington,Tyrek Funderburk,Ryan Fitzgerald,Anthony Tyus III,Zakee Wheatley,Miles Davis,Devonta Smith,Isaiah Smith,Chamon Metayer,DeCarlos Nicholson,Kenny Yeboah,Evan Hull,Eku Leota,Elijah Jones,Kalen King,Rivaldo Fairweather,Corey Kiner,Karson Sharar,Jameson Geers,Harrison Wallace III,Wydett Williams Jr.
2026001,0,2393,PASS,(15:00) C.Beck pass short right to X.Weaver ran ob at AZ 29 for 9 yards (R.Rochell).,https://pro.nfl.com/api/plays/summaryPlay?gameId=c66cf251-5f68-11f1-b1d0-bb70a4640075&playId=2393,3,1,10,15:00,80.0,False,False,3800,17,17,0.9965894022025168,11,1,1,3,5,11,2,5,4,Kenny Yeboah,Bam Knight,Jon Gaines II,Xavier Weaver,Hayden Conner,Josh Fryar,Bryson Green,Chase Bisontis,Carson Beck,Reggie Virgil,Jayden Williams,Isaiah Simmons,Robert Rochell,Elijah Garcia,Nick Hampton,Thomas Incoom,Demani Richardson,Kyon Barrs,Bam Martin-Scott,Corey Thornton,Jackson Kuwatch,Devonta Smith
2026001,0,2423,RUSH,(14:34) Z.Knight right guard to AZ 33 for 4 yards (T.Incoom).,https://pro.nfl.com/api/plays/summaryPlay?gameId=c66cf251-5f68-11f1-b1d0-bb70a4640075&playId=2423,3,2,1,14:34,71.0,False,False,3800,17,17,-0.03072141925804317,11,1,1,3,5,11,2,5,4,Kenny Yeboah,Bam Knight,Jon Gaines II,Xavier Weaver,Hayden Conner,Josh Fryar,Bryson Green,Chase Bisontis,Carson Beck,Reggie Virgil,Jayden Williams,Isaiah Simmons,Robert Rochell,Elijah Garcia,Nick Hampton,Thomas Incoom,Demani Richardson,Kyon Barrs,Bam Martin-Scott,Corey Thornton,Jackson Kuwatch,Devonta Smith
2026001,0,2445,PENALTY,"(13:54) PENALTY on CAR-T.Malone, Encroachment, 5 yards, enforced at AZ 33 - No Play.",https://pro.nfl.com/api/plays/summaryPlay?gameId=c66cf251-5f68-11f1-b1d0-bb70a4640075&playId=2445,3,1,10,13:54,67.0,False,False,3800,17,17,0.6381266992539167,11,1,2,2,5,11,3,5,3,Bam Knight,Jon Gaines II,Hayden Conner,Rivaldo Fairweather,Josh Fryar,Bryson Green,Chase Bisontis,Carson Beck,Reggie Virgil,Jayden Williams,Jameson Geers,Isaiah Simmons,Robert Rochell,Elijah Garcia,Nick Hampton,Thomas Incoom,Demani Richardson,Kyon Barrs,Bam Martin-Scott,Corey Thornton,Jackson Kuwatch,Tywone Malone
2026001,0,2469,PASS,(13:40) C.Beck pass short right to J.Geers pushed ob at CAR 46 for 16 yards (C.Thornton).,https://pro.nfl.com/api/plays/summaryPlay?gameId=c66cf251-5f68-11f1-b1d0-bb70a4640075&playId=2469,3,1,5,13:40,62.0,False,False,3800,17,17,0.6935801398940384,11,1,2,2,5,11,3,5,3,Bam Knight,Jon Gaines II,Hayden Conner,Rivaldo Fairweather,Josh Fryar,Bryson Green,Chase Bisontis,Carson Beck,Reggie Virgil,Jayden Williams,Jameson Geers,Isaiah Simmons,Robert Rochell,Elijah Garcia,Nick Hampton,Thomas Incoom,Demani Richardson,Kyon Barrs,Bam Martin-Scott,Corey Thornton,Jackson Kuwatch,Parker Petersen
2026001,0,2499,PENALTY,"(13:10) PENALTY on AZ-C.Kiner, False Start, 5 yards, enforced at CAR 46 - No Play.",https://pro.nfl.com/api/plays/summaryPlay?gameId=c66cf251-5f68-11f1-b1d0-bb70a4640075&playId=2499,3,1,10,13:10,46.0,False,False,3800,17,17,-0.5415910016745329,11,1,2,2,5,11,3,5,3,Jon Gaines II,Hayden Conner,Rivaldo Fairweather,Josh Fryar,Bryson Green,Corey Kiner,Chase Bisontis,Carson Beck,Reggie Virgil,Jayden Williams,Jameson Geers,Isaiah Simmons,Robert Rochell,Elijah Garcia,Nick Hampton,Thomas Incoom,Demani Richardson,Kyon Barrs,Bam Martin-Scott,Corey Thornton,Jackson Kuwatch,Parker Petersen
2026001,0,2523,RUSH,(12:54) C.Kiner left end to CAR 46 for 5 yards (T.Incoom; J.Kuwatch).,https://pro.nfl.com/api/plays/summaryPlay?gameId=c66cf251-5f68-11f1-b1d0-bb70a4640075&playId=2523,3,1,15,12:54,51.0,False,False,3800,17,17,0.03812224115245044,11,1,2,2,5,11,3,5,3,Jon Gaines II,Hayden Conner,Rivaldo Fairweather,Josh Fryar,Bryson Green,Corey Kiner,Chase Bisontis,Carson Beck,Reggie Virgil,Jayden Williams,Jameson Geers,Isaiah Simmons,Robert Rochell,Elijah Garcia,Nick Hampton,Thomas Incoom,Demani Richardson,Kyon Barrs,Bam Martin-Scott,Corey Thornton,Jackson Kuwatch,Parker Petersen
2026001,0,2545,PENALTY,"(12:12) C.Beck pass short right to C.Kiner to CAR 41 for 5 yards (B.Martin-Scott; J.Kuwatch).
PENALTY on AZ-Ja.Williams, Offensive Holding, 10 yards, enforced at CAR 46 - No Play.",https://pro.nfl.com/api/plays/summaryPlay?gameId=c66cf251-5f68-11f1-b1d0-bb70a4640075&playId=2545,3,2,10,12:12,46.0,False,False,3800,17,17,-0.839888195740059,11,1,2,2,5,11,3,5,3,Jon Gaines II,Hayden Conner,Rivaldo Fairweather,Josh Fryar,Bryson Green,Corey Kiner,Chase Bisontis,Carson Beck,Reggie Virgil,Jayden Williams,Jameson Geers,Isaiah Simmons,Robert Rochell,Elijah Garcia,Nick Hampton,Thomas Incoom,Demani Richardson,Kyon Barrs,Bam Martin-Scott,Corey Thornton,Jackson Kuwatch,Parker Petersen
2026001,0,2586,PASS,(11:48) (Shotgun) C.Beck pass short left to R.Virgil to CAR 47 for 9 yards (C.Thornton).,https://pro.nfl.com/api/plays/summaryPlay?gameId=c66cf251-5f68-11f1-b1d0-bb70a4640075&playId=2586,3,2,20,11:48,56.0,False,False,3800,17,17,-0.7108151954598725,11,1,1,3,5,11,2,5,4,Kenny Yeboah,Jon Gaines II,Xavier Weaver,Hayden Conner,Josh Fryar,Corey Kiner,Chase Bisontis,Carson Beck,Reggie Virgil,Jayden Williams,Harrison Wallace III,Isaiah Simmons,Robert Rochell,Nick Hampton,Thomas Incoom,Demani Richardson,Bam Martin-Scott,Corey Thornton,Jackson Kuwatch,Aaron Hall,Devonta Smith,Tywone Malone
2026001,0,2616,PASS,(11:06) (Shotgun) C.Beck pass short right to K.Yeboah to CAR 41 for 6 yards (D.Smith).,https://pro.nfl.com/api/plays/summaryPlay?gameId=c66cf251-5f68-11f1-b1d0-bb70a4640075&playId=2616,3,3,11,11:06,47.0,False,False,3800,17,17,-1.0817214709240943,11,1,1,3,5,11,2,5,4,Kenny Yeboah,Jon Gaines II,Xavier Weaver,Hayden Conner,Josh Fryar,Corey Kiner,Chase Bisontis,Carson Beck,Reggie Virgil,Jayden Williams,Harrison Wallace III,Isaiah Simmons,Robert Rochell,Nick Hampton,Thomas Incoom,Demani Richardson,Bam Martin-Scott,Corey Thornton,Jackson Kuwatch,Aaron Hall,Devonta Smith,Tywone Malone
2026001,0,2641,PASS,(10:23) (Shotgun) C.Beck pass incomplete deep left to R.Virgil (I.Simmons).,https://pro.nfl.com/api/plays/summaryPlay?gameId=c66cf251-5f68-11f1-b1d0-bb70a4640075&playId=2641,3,4,5,10:23,41.0,False,False,3800,17,17,-2.502377196215093,11,1,1,3,5,11,2,5,4,Kenny Yeboah,Jon Gaines II,Xavier Weaver,Hayden Conner,Josh Fryar,Bryson Green,Corey Kiner,Chase Bisontis,Carson Beck,Reggie Virgil,Jayden Williams,Isaiah Simmons,Robert Rochell,Nick Hampton,Thomas Incoom,Demani Richardson,Bam Martin-Scott,Corey Thornton,Jackson Kuwatch,Aaron Hall,Devonta Smith,Tywone Malone
2026001,0,2688,TIMEOUT,Timeout at 10:15.,https://pro.nfl.com/api/plays/summaryPlay?gameId=c66cf251-5f68-11f1-b1d0-bb70a4640075&playId=2688,3,0,0,10:15,,False,,0750,17,17,,0,0,0,0,0,0,0,0,0,,,,,,,,,,,,,,,,,,,,,,
2026001,0,2676,RUSH,(10:15) A.Tyus left end to CAR 40 for -1 yards (E.Culp).,https://pro.nfl.com/api/plays/summaryPlay?gameId=c66cf251-5f68-11f1-b1d0-bb70a4640075&playId=2676,3,1,10,10:15,59.0,False,False,0750,17,17,-0.8583504459820688,11,1,1,3,5,11,2,4,5,Stone Forsythe,Ja'Tyre Carter,Elijah Cooks,Nick Samac,Jimmy Horn Jr.,Ja'Seem Reed,Caden Prieskorn,Anthony Tyus III,Albert Reese,Isaia Glass,Haynes King,Isaiah Oliver,Jonah Williams,BJ Ojulari,Eku Leota,Elijah Jones,Quinton Newsome,Austin Keys,Karson Sharar,Elijah Culp,Damonic Williams,Wydett Williams Jr.
2026001,0,2705,RUSH,"(9:41) (Shotgun) A.Tyus up the middle to CAR 46 for 6 yards (Q.Newsome). FUMBLES (Q.Newsome), RECOVERED by AZ-I.Oliver at CAR 48.",https://pro.nfl.com/api/plays/summaryPlay?gameId=c66cf251-5f68-11f1-b1d0-bb70a4640075&playId=2705,3,2,11,09:41,60.0,False,False,0750,17,17,-4.682472823886201,11,1,1,3,5,11,2,4,5,Stone Forsythe,Ja'Tyre Carter,Elijah Cooks,Nick Samac,Jimmy Horn Jr.,Ja'Seem Reed,Caden Prieskorn,Anthony Tyus III,Albert Reese,Isaia Glass,Haynes King,Isaiah Oliver,Jonah Williams,BJ Ojulari,Eku Leota,Elijah Jones,Quinton Newsome,Austin Keys,Karson Sharar,Elijah Culp,Damonic Williams,Wydett Williams Jr.
2026001,0,2748,RUSH,(9:34) C.Kiner left end to CAR 49 for -1 yards (E.Garcia).,https://pro.nfl.com/api/plays/summaryPlay?gameId=c66cf251-5f68-11f1-b1d0-bb70a4640075&playId=2748,3,1,10,09:34,48.0,False,False,3800,17,17,-0.8950875110458583,11,1,1,3,5,11,2,5,4,Matt Pryor,Olisaemeka Udoh,Demontrey Jacobs,Xavier Weaver,Kedon Slovis,Rivaldo Fairweather,Valentin Senn,Bryson Green,Corey Kiner,Reggie Virgil,Ka'ena Decambra,Isaiah Simmons,Cam Gill,Robert Rochell,Elijah Garcia,Demani Richardson,Kyon Barrs,Bam Martin-Scott,Jackson Kuwatch,Cam Miller,Devonta Smith,Isaiah Smith
2026001,0,2770,PASS,(9:01) (Shotgun) K.Slovis pass short left to R.Virgil to CAR 39 for 10 yards (R.Rochell).,https://pro.nfl.com/api/plays/summaryPlay?gameId=c66cf251-5f68-11f1-b1d0-bb70a4640075&playId=2770,3,2,11,09:01,49.0,False,False,3800,17,17,0.9051095920149237,11,1,1,3,5,11,2,5,4,Matt Pryor,Olisaemeka Udoh,Demontrey Jacobs,Xavier Weaver,Kedon Slovis,Rivaldo Fairweather,Valentin Senn,Bryson Green,Corey Kiner,Reggie Virgil,Ka'ena Decambra,Isaiah Simmons,Cam Gill,Robert Rochell,Elijah Garcia,Demani Richardson,Kyon Barrs,Bam Martin-Scott,Jackson Kuwatch,Cam Miller,Devonta Smith,Isaiah Smith
2026001,0,2795,RUSH,(8:28) C.Kiner right guard to CAR 36 for 3 yards (I.Smith).,https://pro.nfl.com/api/plays/summaryPlay?gameId=c66cf251-5f68-11f1-b1d0-bb70a4640075&playId=2795,3,3,1,08:28,39.0,False,False,3800,17,17,0.6409156511072069,11,1,1,3,5,11,2,5,4,Matt Pryor,Olisaemeka Udoh,Demontrey Jacobs,Xavier Weaver,Kedon Slovis,Rivaldo Fairweather,Valentin Senn,Bryson Green,Corey Kiner,Reggie Virgil,Ka'ena Decambra,Isaiah Simmons,Cam Gill,Robert Rochell,Elijah Garcia,Demani Richardson,Kyon Barrs,Bam Martin-Scott,Jackson Kuwatch,Cam Miller,Devonta Smith,Isaiah Smith
2026001,0,2817,RUSH,(7:59) C.Kiner left end to CAR 31 for 5 yards (B.Martin-Scott).,https://pro.nfl.com/api/plays/summaryPlay?gameId=c66cf251-5f68-11f1-b1d0-bb70a4640075&playId=2817,3,1,10,07:59,36.0,False,False,3800,17,17,0.18171562941279262,11,1,1,3,5,11,2,5,4,Matt Pryor,Olisaemeka Udoh,Demontrey Jacobs,Xavier Weaver,Kedon Slovis,Rivaldo Fairweather,Valentin Senn,Bryson Green,Corey Kiner,Reggie Virgil,Ka'ena Decambra,Isaiah Simmons,Cam Gill,Robert Rochell,Demani Richardson,Bam Martin-Scott,Jackson Kuwatch,Cam Miller,Parker Petersen,Devonta Smith,Isaiah Smith,Tywone Malone
2026001,0,2839,PASS,(7:27) K.Slovis pass short right to X.Weaver to CAR 12 for 19 yards (B.Martin-Scott; D.Richardson).,https://pro.nfl.com/api/plays/summaryPlay?gameId=c66cf251-5f68-11f1-b1d0-bb70a4640075&playId=2839,3,2,5,07:27,31.0,False,False,3800,17,17,1.188975352444686,11,1,1,3,5,11,2,5,4,Matt Pryor,Olisaemeka Udoh,Demontrey Jacobs,Xavier Weaver,Kedon Slovis,Rivaldo Fairweather,Valentin Senn,Bryson Green,Corey Kiner,Reggie Virgil,Ka'ena Decambra,Isaiah Simmons,Cam Gill,Robert Rochell,Demani Richardson,Bam Martin-Scott,Jackson Kuwatch,Cam Miller,Parker Petersen,Devonta Smith,Isaiah Smith,Tywone Malone
2026001,0,2864,RUSH,(6:50) E.Hull right tackle to CAR 9 for 3 yards (B.Martin-Scott; I.Simmons).,https://pro.nfl.com/api/plays/summaryPlay?gameId=c66cf251-5f68-11f1-b1d0-bb70a4640075&playId=2864,3,1,10,06:50,12.0,False,True,3800,17,17,-0.34272688115015626,11,1,1,3,5,11,2,5,4,Matt Pryor,Olisaemeka Udoh,Evan Hull,Demontrey Jacobs,Xavier Weaver,Kedon Slovis,Rivaldo Fairweather,Valentin Senn,Bryson Green,Reggie Virgil,Ka'ena Decambra,Isaiah Simmons,Robert Rochell,Nick Hampton,Thomas Incoom,Demani Richardson,Bam Martin-Scott,Jackson Kuwatch,Cam Miller,Parker Petersen,Devonta Smith,Tywone Malone
2026001,0,2886,PENALTY,"(6:16) (Shotgun) K.Slovis pass incomplete short right to R.Fairweather (I.Simmons).
PENALTY on AZ-M.Pryor, Offensive Holding, 10 yards, enforced at CAR 9 - No Play.",https://pro.nfl.com/api/plays/summaryPlay?gameId=c66cf251-5f68-11f1-b1d0-bb70a4640075&playId=2886,3,2,7,06:16,9.0,False,True,3800,17,17,-1.2711370299803093,11,1,1,3,5,11,2,5,4,Matt Pryor,Olisaemeka Udoh,Evan Hull,Demontrey Jacobs,Xavier Weaver,Kedon Slovis,Rivaldo Fairweather,Valentin Senn,Bryson Green,Reggie Virgil,Ka'ena Decambra,Isaiah Simmons,Robert Rochell,Nick Hampton,Thomas Incoom,Demani Richardson,Bam Martin-Scott,Jackson Kuwatch,Cam Miller,Parker Petersen,Devonta Smith,Tywone Malone
2026001,0,2920,SACK,(6:08) (Shotgun) K.Slovis sacked at CAR 29 for -10 yards (N.Hampton).,https://pro.nfl.com/api/plays/summaryPlay?gameId=c66cf251-5f68-11f1-b1d0-bb70a4640075&playId=2920,3,2,17,06:08,19.0,False,True,3800,17,17,-0.9413671073270962,11,1,1,3,5,11,2,5,4,Matt Pryor,Olisaemeka Udoh,Demontrey Jacobs,Xavier Weaver,Kedon Slovis,Valentin Senn,Bryson Green,Corey Kiner,Reggie Virgil,Ka'ena Decambra,Jameson Geers,Isaiah Simmons,Robert Rochell,Elijah Garcia,Nick Hampton,Thomas Incoom,Demani Richardson,Bam Martin-Scott,Jackson Kuwatch,Aaron Hall,Cam Miller,Devonta Smith
2026001,0,2940,RUSH,(5:26) (Shotgun) C.Kiner up the middle to CAR 24 for 5 yards (I.Simmons; Z.Wheatley).,https://pro.nfl.com/api/plays/summaryPlay?gameId=c66cf251-5f68-11f1-b1d0-bb70a4640075&playId=2940,3,3,27,05:26,29.0,False,False,3800,17,17,-0.2785974524449557,11,1,1,3,5,11,2,4,5,Matt Pryor,Olisaemeka Udoh,Demontrey Jacobs,Xavier Weaver,Kedon Slovis,Valentin Senn,Bryson Green,Corey Kiner,Reggie Virgil,Ka'ena Decambra,Jameson Geers,Isaiah Simmons,Robert Rochell,Elijah Garcia,Nick Hampton,Thomas Incoom,Demani Richardson,Zakee Wheatley,Jackson Kuwatch,Aaron Hall,Cam Miller,Devonta Smith
2026001,0,2962,FIELD_GOAL,"(4:46) C.Ryland 43 yard field goal is GOOD, Center-C.Kreiter, Holder-B.Gillikin.",https://pro.nfl.com/api/plays/summaryPlay?gameId=c66cf251-5f68-11f1-b1d0-bb70a4640075&playId=2962,3,4,22,04:46,24.0,False,False,3800,17,17,0.6695667703170329,11,0,2,0,6,11,4,3,4,Casey Kreiter,Olisaemeka Udoh,Blake Gillikin,Chad Ryland,Demontrey Jacobs,Christian Jones,Hayden Conner,Rivaldo Fairweather,Chase Bisontis,Jayden Williams,Jameson Geers,Robert Rochell,Elijah Garcia,Nick Hampton,Thomas Incoom,Tyrek Funderburk,Demani Richardson,Jared Harrison-Hunte,Bam Martin-Scott,Aaron Hall,Parker Petersen,DeCarlos Nicholson
2026001,0,2992,TIMEOUT,Timeout at 04:42.,https://pro.nfl.com/api/plays/summaryPlay?gameId=c66cf251-5f68-11f1-b1d0-bb70a4640075&playId=2992,3,0,0,04:42,,False,,0750,17,20,,0,0,0,0,0,0,0,0,0,,,,,,,,,,,,,,,,,,,,,,
2026001,0,2982,KICK_OFF,C.Ryland kicks 63 yards from AZ 35 to CAR 2. Ji.Horn to CAR 27 for 25 yards (B.Ojulari).,https://pro.nfl.com/api/plays/summaryPlay?gameId=c66cf251-5f68-11f1-b1d0-bb70a4640075&playId=2982,3,0,0,04:42,65.0,False,False,3800,20,17,-0.05198113573715091,11,0,0,2,0,11,0,2,2,Isaiah Oliver,BJ Ojulari,Chad Ryland,Kei'Trel Clark,Eku Leota,Elijah Jones,Quinton Newsome,Bryson Green,Reggie Virgil,Karson Sharar,Wydett Williams Jr.,Robert Rochell,Elijah Cooks,Casey Washington,Demani Richardson,Jimmy Horn Jr.,Ja'Seem Reed,Caden Prieskorn,Roc Taylor,Jackson Kuwatch,Isaiah Smith,Chamon Metayer
2026001,0,3012,RUSH,(4:37) A.Tyus up the middle to CAR 30 for 3 yards (A.Keys; K.Sharar).,https://pro.nfl.com/api/plays/summaryPlay?gameId=c66cf251-5f68-11f1-b1d0-bb70a4640075&playId=3012,3,1,10,04:37,73.0,False,False,0750,17,20,-0.329025705344975,11,1,2,2,5,11,3,4,4,Stone Forsythe,Ja'Tyre Carter,Ryan Hayes,Elijah Cooks,Casey Washington,Nick Samac,Caden Prieskorn,Anthony Tyus III,Isaia Glass,Haynes King,Chamon Metayer,Isaiah Oliver,Jonah Williams,Elliott Brown,Brodric Martin,Elijah Jones,Austin Keys,Cam Horsley,Karson Sharar,Elijah Culp,Cam Robertson,Wydett Williams Jr.
2026001,0,3034,RUSH,(4:00) (Shotgun) A.Tyus left guard to CAR 32 for 2 yards (C.Horsley; B.Martin).,https://pro.nfl.com/api/plays/summaryPlay?gameId=c66cf251-5f68-11f1-b1d0-bb70a4640075&playId=3034,3,2,7,04:00,70.0,False,False,0750,17,20,-0.5680851950310171,11,1,1,3,5,11,2,4,5,Stone Forsythe,Ja'Tyre Carter,Ryan Hayes,Elijah Cooks,Casey Washington,Nick Samac,Jimmy Horn Jr.,Anthony Tyus III,Isaia Glass,Haynes King,Chamon Metayer,Isaiah Oliver,Elliott Brown,Brodric Martin,Elijah Jones,Quinton Newsome,Austin Keys,Cam Horsley,Karson Sharar,Elijah Culp,Cam Robertson,Wydett Williams Jr.
2026001,0,3056,PENALTY,"(3:14) (Shotgun) H.King scrambles left end to CAR 38 for 6 yards (K.Sharar).
PENALTY on CAR-J.Carter, Offensive Holding, 10 yards, enforced at CAR 32 - No Play.",https://pro.nfl.com/api/plays/summaryPlay?gameId=c66cf251-5f68-11f1-b1d0-bb70a4640075&playId=3056,3,3,5,03:14,68.0,False,False,0750,17,20,-1.6590377409011126,11,1,1,3,5,11,2,4,5,Stone Forsythe,Ja'Tyre Carter,Ryan Hayes,Elijah Cooks,Casey Washington,Nick Samac,Jimmy Horn Jr.,Anthony Tyus III,Isaia Glass,Haynes King,Chamon Metayer,Isaiah Oliver,Elliott Brown,Brodric Martin,Elijah Jones,Quinton Newsome,Austin Keys,Cam Horsley,Karson Sharar,Elijah Culp,Cam Robertson,Wydett Williams Jr.
2026001,0,3089,PASS,"(2:57) (Shotgun) H.King pass short right to Ji.Horn pushed ob at CAR 37 for 15 yards (E.Culp).
PENALTY on AZ-E.Culp, Unnecessary Roughness, 15 yards, enforced at CAR 37.",https://pro.nfl.com/api/plays/summaryPlay?gameId=c66cf251-5f68-11f1-b1d0-bb70a4640075&playId=3089,3,3,15,02:57,78.0,False,False,0750,17,20,4.135830577462912,11,1,1,3,5,11,2,4,5,Stone Forsythe,Ja'Tyre Carter,Ryan Hayes,Elijah Cooks,Casey Washington,Nick Samac,Jimmy Horn Jr.,Anthony Tyus III,Isaia Glass,Haynes King,Chamon Metayer,Isaiah Oliver,Elliott Brown,Brodric Martin,Elijah Jones,Quinton Newsome,Austin Keys,Cam Horsley,Karson Sharar,Elijah Culp,Cam Robertson,Wydett Williams Jr.
2026001,0,3130,RUSH,(2:35) A.Tyus left end pushed ob at AZ 41 for 7 yards (E.Jones).,https://pro.nfl.com/api/plays/summaryPlay?gameId=c66cf251-5f68-11f1-b1d0-bb70a4640075&playId=3130,3,1,10,02:35,48.0,False,False,0750,17,20,0.28293405030854046,11,1,2,2,5,11,3,4,4,Stone Forsythe,Ja'Tyre Carter,Ryan Hayes,Elijah Cooks,Casey Washington,Nick Samac,Caden Prieskorn,Anthony Tyus III,Isaia Glass,Haynes King,Chamon Metayer,Isaiah Oliver,Jonah Williams,BJ Ojulari,Brodric Martin,Eku Leota,Elijah Jones,Austin Keys,Karson Sharar,Elijah Culp,Damonic Williams,Wydett Williams Jr.
2026001,0,3152,PASS,(2:03) H.King pass short left to C.Washington pushed ob at AZ 34 for 7 yards (E.Culp).,https://pro.nfl.com/api/plays/summaryPlay?gameId=c66cf251-5f68-11f1-b1d0-bb70a4640075&playId=3152,3,2,3,02:03,41.0,False,False,0750,17,20,0.5282621199730784,11,1,2,2,5,11,3,4,4,Stone Forsythe,Ja'Tyre Carter,Ryan Hayes,Elijah Cooks,Casey Washington,Nick Samac,Caden Prieskorn,Anthony Tyus III,Isaia Glass,Haynes King,Chamon Metayer,Isaiah Oliver,Jonah Williams,BJ Ojulari,Brodric Martin,Eku Leota,Elijah Jones,Austin Keys,Karson Sharar,Elijah Culp,Damonic Williams,Wydett Williams Jr.
2026001,0,3182,RUSH,(1:36) A.Tyus right end to AZ 33 for 1 yard (K.Sharar; B.Ojulari).,https://pro.nfl.com/api/plays/summaryPlay?gameId=c66cf251-5f68-11f1-b1d0-bb70a4640075&playId=3182,3,1,10,01:36,34.0,False,False,0750,17,20,-0.405854563228786,11,1,2,2,5,11,3,4,4,Stone Forsythe,Ja'Tyre Carter,Ryan Hayes,Elijah Cooks,Casey Washington,Nick Samac,Caden Prieskorn,Anthony Tyus III,Isaia Glass,Haynes King,Chamon Metayer,Isaiah Oliver,Jonah Williams,BJ Ojulari,Brodric Martin,Eku Leota,Elijah Jones,Austin Keys,Karson Sharar,Elijah Culp,Damonic Williams,Wydett Williams Jr.
2026001,0,3204,RUSH,(:55) (Shotgun) A.Tyus up the middle to AZ 33 for no gain (D.Williams; I.Oliver).,https://pro.nfl.com/api/plays/summaryPlay?gameId=c66cf251-5f68-11f1-b1d0-bb70a4640075&playId=3204,3,2,9,00:55,33.0,False,False,0750,17,20,-0.7809452838264406,11,1,1,3,5,11,2,4,5,Stone Forsythe,Ja'Tyre Carter,Ryan Hayes,Elijah Cooks,Casey Washington,Nick Samac,Jimmy Horn Jr.,Caden Prieskorn,Anthony Tyus III,Isaia Glass,Haynes King,Isaiah Oliver,BJ Ojulari,Eku Leota,Elijah Jones,Quinton Newsome,Austin Keys,Cam Horsley,Karson Sharar,Elijah Culp,Damonic Williams,Wydett Williams Jr.
2026001,0,3226,PASS,(:13) (Shotgun) H.King pass short right to C.Washington to AZ 26 for 7 yards (E.Culp).,https://pro.nfl.com/api/plays/summaryPlay?gameId=c66cf251-5f68-11f1-b1d0-bb70a4640075&playId=3226,3,3,9,00:13,33.0,False,False,0750,17,20,-0.3279602910624817,11,1,1,3,5,11,2,4,5,Stone Forsythe,Ja'Tyre Carter,Ryan Hayes,Elijah Cooks,Casey Washington,Nick Samac,Jimmy Horn Jr.,Caden Prieskorn,Anthony Tyus III,Isaia Glass,Haynes King,Isaiah Oliver,BJ Ojulari,Eku Leota,Elijah Jones,Quinton Newsome,Austin Keys,Cam Horsley,Karson Sharar,Elijah Culp,Damonic Williams,Wydett Williams Jr.
2026001,0,3251,END_QUARTER,END QUARTER 3,https://pro.nfl.com/api/plays/summaryPlay?gameId=c66cf251-5f68-11f1-b1d0-bb70a4640075&playId=3251,3,0,0,,,False,,0750,17,20,,0,0,0,0,0,0,0,0,0,,,,,,,,,,,,,,,,,,,,,,
2026001,0,3271,PASS,(15:00) (Shotgun) H.King pass short right to C.Prieskorn pushed ob at AZ 5 for 21 yards (W.Williams; Q.Newsome).,https://pro.nfl.com/api/plays/summaryPlay?gameId=c66cf251-5f68-11f1-b1d0-bb70a4640075&playId=3271,4,4,2,15:00,26.0,False,False,0750,17,20,3.4761842524749227,11,1,1,3,5,11,2,4,5,Stone Forsythe,Ja'Tyre Carter,Ryan Hayes,Elijah Cooks,Casey Washington,Nick Samac,Jimmy Horn Jr.,Caden Prieskorn,Anthony Tyus III,Isaia Glass,Haynes King,Isaiah Oliver,Jonah Williams,BJ Ojulari,Eku Leota,Elijah Jones,Quinton Newsome,Austin Keys,Cam Horsley,Karson Sharar,Elijah Culp,Wydett Williams Jr.
2026001,0,3301,PASS,"(14:25) H.King pass short left to A.Tyus for 5 yards, TOUCHDOWN.",https://pro.nfl.com/api/plays/summaryPlay?gameId=c66cf251-5f68-11f1-b1d0-bb70a4640075&playId=3301,4,1,5,14:25,5.0,True,True,0750,17,20,1.0931026472826488,11,1,2,2,5,11,3,4,4,Stone Forsythe,Ja'Tyre Carter,Ryan Hayes,Elijah Cooks,Casey Washington,Nick Samac,Caden Prieskorn,Anthony Tyus III,Isaia Glass,Haynes King,Chamon Metayer,Isaiah Oliver,Jonah Williams,BJ Ojulari,Brodric Martin,Eku Leota,Elijah Jones,Austin Keys,Cam Horsley,Karson Sharar,Elijah Culp,Wydett Williams Jr.
2026001,0,3327,XP_KICK,"R.Fitzgerald extra point is GOOD, Center-J.Jansen, Holder-S.Martin.",https://pro.nfl.com/api/plays/summaryPlay?gameId=c66cf251-5f68-11f1-b1d0-bb70a4640075&playId=3327,4,0,0,14:20,15.0,False,False,0750,23,20,0.06888505002846201,11,0,2,0,6,11,3,4,4,J.J. Jansen,Sam Martin,Stone Forsythe,James Mitchell,Ja'Tyre Carter,Ryan Hayes,Ryan Fitzgerald,Caden Prieskorn,Sam Hecht,Albert Reese,Isaia Glass,Isaiah Oliver,Jonah Williams,Owen Pappoe,Kei'Trel Clark,Eku Leota,Elijah Jones,Cam Horsley,Karson Sharar,Cam Robertson,Damonic Williams,Wydett Williams Jr.
2026001,0,3352,TIMEOUT,Timeout at 14:20.,https://pro.nfl.com/api/plays/summaryPlay?gameId=c66cf251-5f68-11f1-b1d0-bb70a4640075&playId=3352,4,0,0,14:20,,False,,0750,24,20,,0,0,0,0,0,0,0,0,0,,,,,,,,,,,,,,,,,,,,,,
2026001,0,3342,KICK_OFF,R.Fitzgerald kicks 55 yards from CAR 35 to AZ 10. H.Wallace to AZ 30 for 20 yards (A.Tyus).,https://pro.nfl.com/api/plays/summaryPlay?gameId=c66cf251-5f68-11f1-b1d0-bb70a4640075&playId=3342,4,0,0,14:20,65.0,False,False,0750,24,20,-0.253577820956707,11,2,2,2,0,11,0,2,3,James Mitchell,Casey Washington,Tyrek Funderburk,Ryan Fitzgerald,Anthony Tyus III,Roc Taylor,Miles Davis,Devonta Smith,Isaiah Smith,Chamon Metayer,DeCarlos Nicholson,Isaiah Oliver,Evan Hull,Eku Leota,Kalen King,Rivaldo Fairweather,Bryson Green,Corey Kiner,Karson Sharar,Jameson Geers,Harrison Wallace III,Wydett Williams Jr.
2026001,0,3372,RUSH,(14:14) E.Hull up the middle to AZ 34 for 4 yards (J.Kuwatch).,https://pro.nfl.com/api/plays/summaryPlay?gameId=c66cf251-5f68-11f1-b1d0-bb70a4640075&playId=3372,4,1,10,14:14,70.0,False,False,3800,20,24,-0.21883511100895703,11,1,1,3,5,11,2,5,4,Matt Pryor,Olisaemeka Udoh,Evan Hull,Demontrey Jacobs,Xavier Weaver,Kedon Slovis,Valentin Senn,Reggie Virgil,Ka'ena Decambra,Jameson Geers,Harrison Wallace III,Isaiah Simmons,Elijah Garcia,Nick Hampton,Thomas Incoom,Tyrek Funderburk,Demani Richardson,Maema Njongmeta,Jackson Kuwatch,Aaron Hall,Cam Miller,Devonta Smith
2026001,0,3394,PASS,(13:42) K.Slovis pass deep left to H.Wallace to CAR 39 for 27 yards (D.Richardson).,https://pro.nfl.com/api/plays/summaryPlay?gameId=c66cf251-5f68-11f1-b1d0-bb70a4640075&playId=3394,4,2,6,13:42,66.0,False,False,3800,20,24,2.1409052175004035,11,1,1,3,5,11,2,5,4,Matt Pryor,Olisaemeka Udoh,Evan Hull,Demontrey Jacobs,Xavier Weaver,Kedon Slovis,Valentin Senn,Reggie Virgil,Ka'ena Decambra,Jameson Geers,Harrison Wallace III,Isaiah Simmons,Elijah Garcia,Nick Hampton,Thomas Incoom,Tyrek Funderburk,Demani Richardson,Maema Njongmeta,Jackson Kuwatch,Aaron Hall,Cam Miller,Devonta Smith
2026001,0,3419,RUSH,"(13:07) E.Hull up the middle to CAR 30 for 9 yards (C.Miller, I.Simmons).",https://pro.nfl.com/api/plays/summaryPlay?gameId=c66cf251-5f68-11f1-b1d0-bb70a4640075&playId=3419,4,1,10,13:07,39.0,False,False,3800,20,24,0.6962303774198517,11,1,1,3,5,11,2,5,4,Matt Pryor,Olisaemeka Udoh,Evan Hull,Demontrey Jacobs,Xavier Weaver,Kedon Slovis,Valentin Senn,Reggie Virgil,Ka'ena Decambra,Jameson Geers,Harrison Wallace III,Isaiah Simmons,Elijah Garcia,Nick Hampton,Thomas Incoom,Tyrek Funderburk,Demani Richardson,Maema Njongmeta,Jackson Kuwatch,Aaron Hall,Cam Miller,Devonta Smith
2026001,0,3441,RUSH,(12:26) E.Hull left guard to CAR 25 for 5 yards (J.Kuwatch; E.Garcia).,https://pro.nfl.com/api/plays/summaryPlay?gameId=c66cf251-5f68-11f1-b1d0-bb70a4640075&playId=3441,4,2,1,12:26,30.0,False,False,3800,20,24,0.0897268473636359,11,1,1,3,5,11,2,5,4,Matt Pryor,Olisaemeka Udoh,Evan Hull,Demontrey Jacobs,Xavier Weaver,Kedon Slovis,Valentin Senn,Reggie Virgil,Ka'ena Decambra,Jameson Geers,Harrison Wallace III,Isaiah Simmons,Elijah Garcia,Nick Hampton,Thomas Incoom,Tyrek Funderburk,Demani Richardson,Maema Njongmeta,Jackson Kuwatch,Aaron Hall,Cam Miller,Devonta Smith
2026001,0,3463,RUSH,(11:47) E.Hull left tackle to CAR 25 for no gain (T.Incoom).,https://pro.nfl.com/api/plays/summaryPlay?gameId=c66cf251-5f68-11f1-b1d0-bb70a4640075&playId=3463,4,1,10,11:47,25.0,False,False,3800,20,24,-0.33714167040307075,11,1,1,3,5,11,2,5,4,Matt Pryor,Olisaemeka Udoh,Evan Hull,Demontrey Jacobs,Xavier Weaver,Kedon Slovis,Rivaldo Fairweather,Valentin Senn,Reggie Virgil,Ka'ena Decambra,Harrison Wallace III,Isaiah Simmons,Nick Hampton,Thomas Incoom,Tyrek Funderburk,Demani Richardson,Maema Njongmeta,Kyon Barrs,Jackson Kuwatch,Cam Miller,Devonta Smith,Tywone Malone
2026001,0,3485,PASS,(11:11) (Shotgun) K.Slovis pass short middle to R.Fairweather to CAR 17 for 8 yards (D.Smith).,https://pro.nfl.com/api/plays/summaryPlay?gameId=c66cf251-5f68-11f1-b1d0-bb70a4640075&playId=3485,4,2,10,11:11,25.0,False,False,3800,20,24,0.47108618216589093,11,1,1,3,5,11,2,5,4,Matt Pryor,Olisaemeka Udoh,Demontrey Jacobs,Xavier Weaver,Kedon Slovis,Rivaldo Fairweather,Valentin Senn,Corey Kiner,Reggie Virgil,Ka'ena Decambra,Harrison Wallace III,Isaiah Simmons,Nick Hampton,Thomas Incoom,Tyrek Funderburk,Demani Richardson,Maema Njongmeta,Kyon Barrs,Jackson Kuwatch,Cam Miller,Devonta Smith,Tywone Malone
2026001,0,3510,PASS,(10:28) K.Slovis pass incomplete short right to X.Weaver.,https://pro.nfl.com/api/plays/summaryPlay?gameId=c66cf251-5f68-11f1-b1d0-bb70a4640075&playId=3510,4,3,2,10:28,17.0,False,True,3800,20,24,-1.4995969702722505,11,1,1,3,5,11,2,5,4,Matt Pryor,Olisaemeka Udoh,Demontrey Jacobs,Xavier Weaver,Kedon Slovis,Rivaldo Fairweather,Valentin Senn,Corey Kiner,Reggie Virgil,Ka'ena Decambra,Harrison Wallace III,Isaiah Simmons,Nick Hampton,Thomas Incoom,Tyrek Funderburk,Demani Richardson,Maema Njongmeta,Kyon Barrs,Jackson Kuwatch,Cam Miller,Devonta Smith,Tywone Malone
2026001,0,3538,FIELD_GOAL,"(10:23) C.Ryland 35 yard field goal is GOOD, Center-C.Kreiter, Holder-B.Gillikin.",https://pro.nfl.com/api/plays/summaryPlay?gameId=c66cf251-5f68-11f1-b1d0-bb70a4640075&playId=3538,4,4,2,10:23,17.0,False,False,3800,20,24,0.005534616415388882,11,0,2,0,6,11,4,3,4,Casey Kreiter,Olisaemeka Udoh,Blake Gillikin,Chad Ryland,Demontrey Jacobs,Christian Jones,Hayden Conner,Rivaldo Fairweather,Chase Bisontis,Jayden Williams,Jameson Geers,Elijah Garcia,Nick Hampton,Thomas Incoom,Tyrek Funderburk,Demani Richardson,Kyon Barrs,Bam Martin-Scott,Aaron Hall,Parker Petersen,Devonta Smith,DeCarlos Nicholson
2026001,0,3568,TIMEOUT,Timeout at 10:19.,https://pro.nfl.com/api/plays/summaryPlay?gameId=c66cf251-5f68-11f1-b1d0-bb70a4640075&playId=3568,4,0,0,10:19,,False,,0750,24,23,,0,0,0,0,0,0,0,0,0,,,,,,,,,,,,,,,,,,,,,,
2026001,0,3558,KICK_OFF,C.Ryland kicks 61 yards from AZ 35 to CAR 4. J.Reed to CAR 30 for 26 yards (R.Virgil).,https://pro.nfl.com/api/plays/summaryPlay?gameId=c66cf251-5f68-11f1-b1d0-bb70a4640075&playId=3558,4,0,0,10:19,65.0,False,False,3800,23,24,-0.14027502411045134,11,0,0,2,0,11,1,1,2,Isaiah Oliver,BJ Ojulari,Chad Ryland,Kei'Trel Clark,Eku Leota,Elijah Jones,Quinton Newsome,Bryson Green,Reggie Virgil,Karson Sharar,Wydett Williams Jr.,Robert Rochell,Elijah Cooks,Casey Washington,Demani Richardson,Jimmy Horn Jr.,Mapalo Mwansa,Ja'Seem Reed,Caden Prieskorn,Roc Taylor,Isaiah Smith,Chamon Metayer
2026001,0,3600,TIMEOUT,Timeout at 10:13.,https://pro.nfl.com/api/plays/summaryPlay?gameId=c66cf251-5f68-11f1-b1d0-bb70a4640075&playId=3600,4,0,0,10:13,,False,,0750,24,23,,0,0,0,0,0,0,0,0,0,,,,,,,,,,,,,,,,,,,,,,
2026001,0,3588,RUSH,(10:13) M.Davis right tackle to CAR 35 for 5 yards (C.Horsley; A.Keys).,https://pro.nfl.com/api/plays/summaryPlay?gameId=c66cf251-5f68-11f1-b1d0-bb70a4640075&playId=3588,4,1,10,10:13,70.0,False,False,0750,24,23,-0.12700676126405597,11,1,1,3,5,11,2,4,5,Stone Forsythe,Ja'Tyre Carter,Ryan Hayes,Elijah Cooks,Casey Washington,Nick Samac,Jimmy Horn Jr.,Miles Davis,Isaia Glass,Haynes King,Chamon Metayer,Isaiah Oliver,Elliott Brown,Elijah Jones,Quinton Newsome,Austin Keys,Cam Horsley,Karson Sharar,Elijah Culp,Cam Robertson,Damonic Williams,Wydett Williams Jr.
2026001,0,3617,RUSH,(9:42) M.Davis left guard to CAR 39 for 4 yards (C.Robertson; C.Horsley).,https://pro.nfl.com/api/plays/summaryPlay?gameId=c66cf251-5f68-11f1-b1d0-bb70a4640075&playId=3617,4,2,5,09:42,65.0,False,False,0750,24,23,0.3086124670226127,11,1,1,3,5,11,2,4,5,Stone Forsythe,Ja'Tyre Carter,Ryan Hayes,Elijah Cooks,Casey Washington,Nick Samac,Jimmy Horn Jr.,Miles Davis,Isaia Glass,Haynes King,Chamon Metayer,Isaiah Oliver,Elliott Brown,Elijah Jones,Quinton Newsome,Austin Keys,Cam Horsley,Karson Sharar,Elijah Culp,Cam Robertson,Damonic Williams,Wydett Williams Jr.
2026001,0,3639,RUSH,(9:07) M.Davis right guard to AZ 25 for 36 yards (E.Jones).,https://pro.nfl.com/api/plays/summaryPlay?gameId=c66cf251-5f68-11f1-b1d0-bb70a4640075&playId=3639,4,3,1,09:07,61.0,False,False,0750,24,23,2.5819120557280257,11,1,2,2,5,11,3,4,4,Stone Forsythe,Ja'Tyre Carter,Ryan Hayes,Elijah Cooks,Casey Washington,Nick Samac,Caden Prieskorn,Miles Davis,Isaia Glass,Haynes King,Chamon Metayer,Isaiah Oliver,Jonah Williams,Elliott Brown,Elijah Jones,Austin Keys,Cam Horsley,Karson Sharar,Elijah Culp,Cam Robertson,Damonic Williams,Wydett Williams Jr.
2026001,0,3661,PASS,(8:24) H.King pass short right to M.Davis to AZ 20 for 5 yards (E.Culp).,https://pro.nfl.com/api/plays/summaryPlay?gameId=c66cf251-5f68-11f1-b1d0-bb70a4640075&playId=3661,4,1,10,08:24,25.0,False,False,0750,24,23,0.11475534224882722,11,1,1,3,5,11,2,4,5,Stone Forsythe,Ja'Tyre Carter,Ryan Hayes,Elijah Cooks,Nick Samac,Jimmy Horn Jr.,Roc Taylor,Miles Davis,Isaia Glass,Haynes King,Chamon Metayer,Isaiah Oliver,Elliott Brown,Elijah Jones,Quinton Newsome,Austin Keys,Cam Horsley,Karson Sharar,Elijah Culp,Cam Robertson,Damonic Williams,Wydett Williams Jr.
2026001,0,3686,RUSH,(7:42) (Shotgun) A.Tyus left tackle to AZ 19 for 1 yard (K.Sharar; D.Williams).,https://pro.nfl.com/api/plays/summaryPlay?gameId=c66cf251-5f68-11f1-b1d0-bb70a4640075&playId=3686,4,2,5,07:42,20.0,False,True,0750,24,23,-0.4994934890419245,11,1,1,3,5,11,2,4,5,Stone Forsythe,Ja'Tyre Carter,Ryan Hayes,Elijah Cooks,Nick Samac,Jimmy Horn Jr.,Caden Prieskorn,Anthony Tyus III,Roc Taylor,Isaia Glass,Haynes King,Isaiah Oliver,BJ Ojulari,Brodric Martin,Eku Leota,Elijah Jones,Quinton Newsome,Austin Keys,Karson Sharar,Elijah Culp,Damonic Williams,Wydett Williams Jr.
2026001,0,3708,PASS,(7:00) (Shotgun) H.King pass incomplete short left to Ji.Horn.,https://pro.nfl.com/api/plays/summaryPlay?gameId=c66cf251-5f68-11f1-b1d0-bb70a4640075&playId=3708,4,3,4,07:00,19.0,False,True,0750,24,23,-1.3821356645785272,11,1,1,3,5,11,2,4,5,Stone Forsythe,Ja'Tyre Carter,Ryan Hayes,Elijah Cooks,Nick Samac,Jimmy Horn Jr.,Caden Prieskorn,Anthony Tyus III,Roc Taylor,Isaia Glass,Haynes King,Isaiah Oliver,BJ Ojulari,Brodric Martin,Eku Leota,Elijah Jones,Quinton Newsome,Austin Keys,Karson Sharar,Elijah Culp,Damonic Williams,Wydett Williams Jr.
2026001,0,3731,FIELD_GOAL,"(6:57) R.Fitzgerald 37 yard field goal is GOOD, Center-J.Jansen, Holder-S.Martin.",https://pro.nfl.com/api/plays/summaryPlay?gameId=c66cf251-5f68-11f1-b1d0-bb70a4640075&playId=3731,4,4,4,06:57,19.0,False,False,0750,24,23,0.337358970544301,11,0,2,0,6,11,3,4,4,J.J. Jansen,Sam Martin,Stone Forsythe,James Mitchell,Ja'Tyre Carter,Ryan Hayes,Ryan Fitzgerald,Caden Prieskorn,Sam Hecht,Albert Reese,Isaia Glass,Isaiah Oliver,Jonah Williams,Owen Pappoe,Kei'Trel Clark,Eku Leota,Elijah Jones,Cam Horsley,Karson Sharar,Cam Robertson,Damonic Williams,Wydett Williams Jr.
2026001,0,3761,TIMEOUT,Timeout at 06:53.,https://pro.nfl.com/api/plays/summaryPlay?gameId=c66cf251-5f68-11f1-b1d0-bb70a4640075&playId=3761,4,0,0,06:53,,False,,0750,27,23,,0,0,0,0,0,0,0,0,0,,,,,,,,,,,,,,,,,,,,,,
2026001,0,3751,KICK_OFF,R.Fitzgerald kicks 56 yards from CAR 35 to AZ 9. H.Wallace to AZ 38 for 29 yards (C.Washington).,https://pro.nfl.com/api/plays/summaryPlay?gameId=c66cf251-5f68-11f1-b1d0-bb70a4640075&playId=3751,4,0,0,06:53,65.0,False,False,0750,27,23,-0.5797720567788929,11,1,1,3,0,11,0,2,3,Elijah Cooks,Casey Washington,Tyrek Funderburk,Ryan Fitzgerald,Caden Prieskorn,Roc Taylor,Miles Davis,Cam Miller,Devonta Smith,Isaiah Smith,DeCarlos Nicholson,Isaiah Oliver,Evan Hull,Eku Leota,Kalen King,Rivaldo Fairweather,Bryson Green,Reggie Virgil,Karson Sharar,Jameson Geers,Harrison Wallace III,Wydett Williams Jr.
2026001,0,3781,PASS,"(6:48) K.Slovis pass deep middle to R.Virgil to CAR 45 for 17 yards (T.Funderburk).
Carolina challenged the pass completion ruling, and the play was Upheld. The ruling on the field stands. (Timeout #1.)",https://pro.nfl.com/api/plays/summaryPlay?gameId=c66cf251-5f68-11f1-b1d0-bb70a4640075&playId=3781,4,1,10,06:48,62.0,False,False,3800,23,27,0.9611283913254738,11,1,2,2,5,11,4,4,3,Matt Pryor,Olisaemeka Udoh,Christian Jones,Kedon Slovis,Rivaldo Fairweather,Valentin Senn,Bryson Green,Corey Kiner,Reggie Virgil,Ka'ena Decambra,Jameson Geers,Isaiah Simmons,Cam Gill,Tyrek Funderburk,Demani Richardson,Maema Njongmeta,Kyon Barrs,Mapalo Mwansa,Parker Petersen,Isaiah Smith,DeCarlos Nicholson,Tywone Malone
2026001,0,3806,RUSH,(6:14) C.Kiner right tackle to CAR 32 for 13 yards (T.Funderburk).,https://pro.nfl.com/api/plays/summaryPlay?gameId=c66cf251-5f68-11f1-b1d0-bb70a4640075&playId=3806,4,1,10,06:14,45.0,False,False,3800,23,27,0.8480085885385051,11,1,1,3,5,11,3,4,4,Matt Pryor,Olisaemeka Udoh,Christian Jones,Kedon Slovis,Rivaldo Fairweather,Valentin Senn,Bryson Green,Corey Kiner,Reggie Virgil,Ka'ena Decambra,Harrison Wallace III,Isaiah Simmons,Cam Gill,Tyrek Funderburk,Demani Richardson,Maema Njongmeta,Kyon Barrs,Mapalo Mwansa,Parker Petersen,Devonta Smith,Isaiah Smith,DeCarlos Nicholson
2026001,0,3868,RUSH,(5:39) C.Kiner left tackle to CAR 31 for 1 yard (P.Petersen).,https://pro.nfl.com/api/plays/summaryPlay?gameId=c66cf251-5f68-11f1-b1d0-bb70a4640075&playId=3868,4,1,10,05:39,32.0,False,False,3800,23,27,-0.36410448676906526,11,1,1,3,5,11,3,4,4,Matt Pryor,Olisaemeka Udoh,Christian Jones,Kedon Slovis,Rivaldo Fairweather,Valentin Senn,Bryson Green,Corey Kiner,Reggie Virgil,Ka'ena Decambra,Harrison Wallace III,Isaiah Simmons,Cam Gill,Tyrek Funderburk,Demani Richardson,Maema Njongmeta,Kyon Barrs,Mapalo Mwansa,Parker Petersen,Devonta Smith,Isaiah Smith,DeCarlos Nicholson
2026001,0,3890,PASS,"(5:16) (No Huddle, Shotgun) K.Slovis pass short middle to C.Kiner to CAR 30 for 1 yard (M.Njongmeta).",https://pro.nfl.com/api/plays/summaryPlay?gameId=c66cf251-5f68-11f1-b1d0-bb70a4640075&playId=3890,4,2,9,05:16,31.0,False,False,3800,23,27,-0.7015785184921697,11,1,1,3,5,11,3,4,4,Matt Pryor,Olisaemeka Udoh,Christian Jones,Kedon Slovis,Rivaldo Fairweather,Valentin Senn,Bryson Green,Corey Kiner,Reggie Virgil,Ka'ena Decambra,Harrison Wallace III,Isaiah Simmons,Cam Gill,Tyrek Funderburk,Demani Richardson,Maema Njongmeta,Kyon Barrs,Mapalo Mwansa,Parker Petersen,Devonta Smith,Isaiah Smith,DeCarlos Nicholson
2026001,0,3915,PASS,(4:34) (Shotgun) K.Slovis pass short right to R.Virgil to CAR 14 for 16 yards (M.Mwansa).,https://pro.nfl.com/api/plays/summaryPlay?gameId=c66cf251-5f68-11f1-b1d0-bb70a4640075&playId=3915,4,3,8,04:34,30.0,False,False,3800,23,27,2.131465968559496,11,1,1,3,5,11,3,4,4,Matt Pryor,Olisaemeka Udoh,Christian Jones,Kedon Slovis,Rivaldo Fairweather,Valentin Senn,Bryson Green,Corey Kiner,Reggie Virgil,Ka'ena Decambra,Harrison Wallace III,Isaiah Simmons,Cam Gill,Tyrek Funderburk,Demani Richardson,Maema Njongmeta,Kyon Barrs,Mapalo Mwansa,Parker Petersen,Devonta Smith,Isaiah Smith,DeCarlos Nicholson
2026001,0,3940,RUSH,(4:01) C.Kiner up the middle to CAR 12 for 2 yards (K.Barrs; C.Gill).,https://pro.nfl.com/api/plays/summaryPlay?gameId=c66cf251-5f68-11f1-b1d0-bb70a4640075&playId=3940,4,1,10,04:01,14.0,False,True,3800,23,27,-0.5058055218541995,11,1,1,3,5,11,3,4,4,Matt Pryor,Olisaemeka Udoh,Christian Jones,Kedon Slovis,Valentin Senn,Bryson Green,Corey Kiner,Reggie Virgil,Ka'ena Decambra,Jameson Geers,Harrison Wallace III,Isaiah Simmons,Cam Gill,Tyrek Funderburk,Demani Richardson,Maema Njongmeta,Kyon Barrs,Mapalo Mwansa,Parker Petersen,Devonta Smith,Isaiah Smith,DeCarlos Nicholson
2026001,0,3962,PASS,(3:27) K.Slovis pass short right to H.Wallace pushed ob at CAR 5 for 7 yards (D.Smith).,https://pro.nfl.com/api/plays/summaryPlay?gameId=c66cf251-5f68-11f1-b1d0-bb70a4640075&playId=3962,4,2,8,03:27,12.0,False,True,3800,23,27,0.5675317666609772,11,1,1,3,5,11,3,4,4,Matt Pryor,Olisaemeka Udoh,Evan Hull,Christian Jones,Kedon Slovis,Valentin Senn,Bryson Green,Reggie Virgil,Ka'ena Decambra,Jameson Geers,Harrison Wallace III,Isaiah Simmons,Cam Gill,Tyrek Funderburk,Demani Richardson,Maema Njongmeta,Kyon Barrs,Mapalo Mwansa,Devonta Smith,Isaiah Smith,DeCarlos Nicholson,Tywone Malone
2026001,0,3992,RUSH,(3:21) E.Hull up the middle to CAR 3 for 2 yards (C.Gill).,https://pro.nfl.com/api/plays/summaryPlay?gameId=c66cf251-5f68-11f1-b1d0-bb70a4640075&playId=3992,4,3,1,03:21,5.0,False,True,3800,23,27,1.0464438765193336,11,1,1,3,5,11,3,4,4,Matt Pryor,Olisaemeka Udoh,Evan Hull,Christian Jones,Kedon Slovis,Rivaldo Fairweather,Valentin Senn,Bryson Green,Reggie Virgil,Ka'ena Decambra,Harrison Wallace III,Isaiah Simmons,Cam Gill,Tyrek Funderburk,Demani Richardson,Maema Njongmeta,Kyon Barrs,Mapalo Mwansa,Devonta Smith,Isaiah Smith,DeCarlos Nicholson,Tywone Malone
2026001,0,4026,TIMEOUT,Timeout #1 by AZ at 02:38.,https://pro.nfl.com/api/plays/summaryPlay?gameId=c66cf251-5f68-11f1-b1d0-bb70a4640075&playId=4026,4,0,0,02:38,,False,,0750,27,23,,0,0,0,0,0,0,0,0,0,,,,,,,,,,,,,,,,,,,,,,
2026001,0,4014,RUSH,(2:38) C.Kiner up the middle to CAR 1 for 2 yards (M.Mwansa; D.Smith).,https://pro.nfl.com/api/plays/summaryPlay?gameId=c66cf251-5f68-11f1-b1d0-bb70a4640075&playId=4014,4,1,3,02:38,3.0,True,True,3800,23,27,0.030319065612275153,11,1,1,3,5,11,3,4,4,Matt Pryor,Olisaemeka Udoh,Christian Jones,Kedon Slovis,Valentin Senn,Bryson Green,Corey Kiner,Reggie Virgil,Ka'ena Decambra,Jameson Geers,Harrison Wallace III,Isaiah Simmons,Cam Gill,Tyrek Funderburk,Demani Richardson,Maema Njongmeta,Mapalo Mwansa,Parker Petersen,Devonta Smith,Isaiah Smith,DeCarlos Nicholson,Tywone Malone
2026001,0,4055,TIMEOUT,Two-Minute Warning,https://pro.nfl.com/api/plays/summaryPlay?gameId=c66cf251-5f68-11f1-b1d0-bb70a4640075&playId=4055,4,0,0,02:00,,False,,0750,27,23,,0,0,0,0,0,0,0,0,0,,,,,,,,,,,,,,,,,,,,,,
2026001,0,4043,PASS,"(2:00) K.Slovis pass incomplete short right to B.Green.
The Replay Official reviewed the incomplete pass ruling, and the play was REVERSED.
K.Slovis pass short right to B.Green for 1 yard, TOUCHDOWN.",https://pro.nfl.com/api/plays/summaryPlay?gameId=c66cf251-5f68-11f1-b1d0-bb70a4640075&playId=4043,4,2,1,02:00,1.0,True,True,3800,23,27,0.8281778897508048,11,1,1,3,5,11,3,4,4,Matt Pryor,Olisaemeka Udoh,Christian Jones,Kedon Slovis,Rivaldo Fairweather,Valentin Senn,Bryson Green,Corey Kiner,Reggie Virgil,Ka'ena Decambra,Harrison Wallace III,Isaiah Simmons,Cam Gill,Tyrek Funderburk,Demani Richardson,Maema Njongmeta,Mapalo Mwansa,Parker Petersen,Devonta Smith,Isaiah Smith,DeCarlos Nicholson,Tywone Malone
2026001,0,4073,XP_KICK,"C.Ryland extra point is GOOD, Center-C.Kreiter, Holder-B.Gillikin.",https://pro.nfl.com/api/plays/summaryPlay?gameId=c66cf251-5f68-11f1-b1d0-bb70a4640075&playId=4073,4,0,0,01:55,15.0,False,False,3800,29,27,0.06888505002846201,11,0,2,0,6,11,4,3,4,Casey Kreiter,Olisaemeka Udoh,Blake Gillikin,Chad Ryland,Demontrey Jacobs,Christian Jones,Hayden Conner,Rivaldo Fairweather,Chase Bisontis,Jayden Williams,Jameson Geers,Elijah Garcia,Nick Hampton,Tyrek Funderburk,Demani Richardson,Kyon Barrs,Jackson Kuwatch,Aaron Hall,Parker Petersen,Devonta Smith,Isaiah Smith,DeCarlos Nicholson
2026001,0,4135,KICK_OFF,"C.Ryland kicks 65 yards from AZ 35 to end zone, Touchback to the CAR 35.",https://pro.nfl.com/api/plays/summaryPlay?gameId=c66cf251-5f68-11f1-b1d0-bb70a4640075&playId=4135,4,0,0,01:55,65.0,False,False,3800,30,27,-0.49112320656422526,11,0,0,2,0,11,1,1,2,Isaiah Oliver,BJ Ojulari,Chad Ryland,Kei'Trel Clark,Eku Leota,Elijah Jones,Quinton Newsome,Bryson Green,Reggie Virgil,Karson Sharar,Wydett Williams Jr.,Robert Rochell,Elijah Cooks,Casey Washington,Demani Richardson,Jimmy Horn Jr.,Mapalo Mwansa,Ja'Seem Reed,Caden Prieskorn,Roc Taylor,Isaiah Smith,Chamon Metayer
2026001,0,4152,PASS,(1:55) (Shotgun) H.King pass incomplete short right to E.Cooks.,https://pro.nfl.com/api/plays/summaryPlay?gameId=c66cf251-5f68-11f1-b1d0-bb70a4640075&playId=4152,4,1,10,01:55,65.0,False,False,0750,27,30,-0.38640417950227857,11,1,1,3,5,11,2,4,5,Ja'Tyre Carter,Ryan Hayes,Elijah Cooks,Casey Washington,Nick Samac,Jimmy Horn Jr.,Caden Prieskorn,Albert Reese,Miles Davis,Isaia Glass,Haynes King,Isaiah Oliver,Jonah Williams,Elliott Brown,Elijah Jones,Quinton Newsome,Austin Keys,Karson Sharar,Elijah Culp,Cam Robertson,Damonic Williams,Wydett Williams Jr.
2026001,0,4175,PASS,(1:50) (Shotgun) H.King pass incomplete deep right to C.Washington.,https://pro.nfl.com/api/plays/summaryPlay?gameId=c66cf251-5f68-11f1-b1d0-bb70a4640075&playId=4175,4,2,10,01:50,65.0,False,False,0750,27,30,-0.4846521441359073,11,1,1,3,5,11,2,4,5,Ja'Tyre Carter,Ryan Hayes,Elijah Cooks,Casey Washington,Nick Samac,Jimmy Horn Jr.,Caden Prieskorn,Albert Reese,Miles Davis,Isaia Glass,Haynes King,Isaiah Oliver,Jonah Williams,Elliott Brown,Elijah Jones,Quinton Newsome,Austin Keys,Karson Sharar,Elijah Culp,Cam Robertson,Damonic Williams,Wydett Williams Jr.
2026001,0,4198,PASS,(1:45) (Shotgun) H.King pass short right to C.Washington to CAR 45 for 10 yards (I.Oliver).,https://pro.nfl.com/api/plays/summaryPlay?gameId=c66cf251-5f68-11f1-b1d0-bb70a4640075&playId=4198,4,3,10,01:45,65.0,False,False,0750,27,30,1.7422036399366334,11,1,1,3,5,11,2,4,5,Ja'Tyre Carter,Ryan Hayes,Elijah Cooks,Casey Washington,Nick Samac,Jimmy Horn Jr.,Caden Prieskorn,Albert Reese,Miles Davis,Isaia Glass,Haynes King,Isaiah Oliver,Jonah Williams,Elliott Brown,Elijah Jones,Quinton Newsome,Austin Keys,Karson Sharar,Elijah Culp,Cam Robertson,Damonic Williams,Wydett Williams Jr.
2026001,0,4223,PASS,"(1:25) (No Huddle, Shotgun) H.King pass short right to M.Davis to AZ 47 for 8 yards (A.Keys).",https://pro.nfl.com/api/plays/summaryPlay?gameId=c66cf251-5f68-11f1-b1d0-bb70a4640075&playId=4223,4,1,10,01:25,55.0,False,False,0750,27,30,0.0925740702659823,11,1,1,3,5,11,2,4,5,Ja'Tyre Carter,Ryan Hayes,Elijah Cooks,Casey Washington,Nick Samac,Jimmy Horn Jr.,Caden Prieskorn,Albert Reese,Miles Davis,Isaia Glass,Haynes King,Isaiah Oliver,Jonah Williams,Elliott Brown,Elijah Jones,Quinton Newsome,Austin Keys,Karson Sharar,Elijah Culp,Cam Robertson,Damonic Williams,Wydett Williams Jr.
2026001,0,4248,RUSH,"(:57) (No Huddle, Shotgun) M.Davis up the middle to AZ 39 for 8 yards (A.Keys).",https://pro.nfl.com/api/plays/summaryPlay?gameId=c66cf251-5f68-11f1-b1d0-bb70a4640075&playId=4248,4,2,2,00:57,47.0,False,False,0750,27,30,0.42806502687744796,11,1,1,3,5,11,2,4,5,Ja'Tyre Carter,Ryan Hayes,Elijah Cooks,Casey Washington,Nick Samac,Jimmy Horn Jr.,Caden Prieskorn,Albert Reese,Miles Davis,Isaia Glass,Haynes King,Isaiah Oliver,Jonah Williams,Elliott Brown,Elijah Jones,Quinton Newsome,Austin Keys,Karson Sharar,Elijah Culp,Cam Robertson,Damonic Williams,Wydett Williams Jr.
2026001,0,4282,TIMEOUT,Timeout #2 by CAR at 00:52.,https://pro.nfl.com/api/plays/summaryPlay?gameId=c66cf251-5f68-11f1-b1d0-bb70a4640075&playId=4282,4,0,0,00:52,,False,,0750,27,30,,0,0,0,0,0,0,0,0,0,,,,,,,,,,,,,,,,,,,,,,
2026001,0,4270,PASS,(:52) (Shotgun) H.King pass short left to M.Davis to AZ 43 for -4 yards (A.Keys).,https://pro.nfl.com/api/plays/summaryPlay?gameId=c66cf251-5f68-11f1-b1d0-bb70a4640075&playId=4270,4,1,10,00:52,39.0,False,False,0750,27,30,-1.106399480078835,11,1,1,3,5,11,2,4,5,Ja'Tyre Carter,Ryan Hayes,Elijah Cooks,Casey Washington,Nick Samac,Jimmy Horn Jr.,Albert Reese,Miles Davis,Isaia Glass,Haynes King,Chamon Metayer,Isaiah Oliver,Elliott Brown,Brodric Martin,Elijah Jones,Quinton Newsome,Austin Keys,Cam Horsley,Karson Sharar,Elijah Culp,Cam Robertson,Wydett Williams Jr.
2026001,0,4314,TIMEOUT,Timeout #3 by CAR at 00:44.,https://pro.nfl.com/api/plays/summaryPlay?gameId=c66cf251-5f68-11f1-b1d0-bb70a4640075&playId=4314,4,0,0,00:44,,False,,0750,27,30,,0,0,0,0,0,0,0,0,0,,,,,,,,,,,,,,,,,,,,,,
2026001,0,4302,PASS,(:44) (Shotgun) H.King pass incomplete deep left to C.Washington.,https://pro.nfl.com/api/plays/summaryPlay?gameId=c66cf251-5f68-11f1-b1d0-bb70a4640075&playId=4302,4,2,14,00:44,43.0,False,False,0750,27,30,-0.3280196663690731,11,1,1,3,5,11,2,4,5,Ja'Tyre Carter,Ryan Hayes,Elijah Cooks,Casey Washington,Nick Samac,Jimmy Horn Jr.,Albert Reese,Miles Davis,Isaia Glass,Haynes King,Chamon Metayer,Isaiah Oliver,Elliott Brown,Brodric Martin,Elijah Jones,Quinton Newsome,Austin Keys,Cam Horsley,Karson Sharar,Elijah Culp,Cam Robertson,Wydett Williams Jr.
2026001,0,4332,RUSH,(:39) (Shotgun) H.King scrambles left end pushed ob at AZ 17 for 26 yards (A.Keys).,https://pro.nfl.com/api/plays/summaryPlay?gameId=c66cf251-5f68-11f1-b1d0-bb70a4640075&playId=4332,4,3,14,00:39,43.0,False,False,0750,27,30,2.4480204022838734,11,1,1,3,5,11,2,4,5,Ja'Tyre Carter,Ryan Hayes,Casey Washington,Nick Samac,Jimmy Horn Jr.,Malick Meiga,Albert Reese,Miles Davis,Isaia Glass,Haynes King,Chamon Metayer,Isaiah Oliver,Jonah Williams,BJ Ojulari,Eku Leota,Elijah Jones,Quinton Newsome,Austin Keys,Karson Sharar,Elijah Culp,Damonic Williams,Wydett Williams Jr.
2026001,0,4359,PASS,(:28) (Shotgun) H.King pass incomplete deep left to Ji.Horn.,https://pro.nfl.com/api/plays/summaryPlay?gameId=c66cf251-5f68-11f1-b1d0-bb70a4640075&playId=4359,4,1,10,00:28,17.0,False,True,0750,27,30,-0.34133140539051965,11,1,1,3,5,11,2,4,5,Ja'Tyre Carter,Ryan Hayes,Elijah Cooks,Casey Washington,Nick Samac,Jimmy Horn Jr.,Caden Prieskorn,Albert Reese,Miles Davis,Isaia Glass,Haynes King,Isaiah Oliver,Jonah Williams,BJ Ojulari,Eku Leota,Elijah Jones,Quinton Newsome,Austin Keys,Karson Sharar,Elijah Culp,Damonic Williams,Wydett Williams Jr.
2026001,0,4382,PASS,(:23) (Shotgun) H.King pass short right to Ji.Horn to AZ 5 for 12 yards (W.Williams).,https://pro.nfl.com/api/plays/summaryPlay?gameId=c66cf251-5f68-11f1-b1d0-bb70a4640075&playId=4382,4,2,10,00:23,17.0,False,True,0750,27,30,-1.192908947588876,11,1,1,3,5,11,2,4,5,Ja'Tyre Carter,Ryan Hayes,Elijah Cooks,Casey Washington,Nick Samac,Jimmy Horn Jr.,Caden Prieskorn,Albert Reese,Miles Davis,Isaia Glass,Haynes King,Isaiah Oliver,Jonah Williams,BJ Ojulari,Eku Leota,Elijah Jones,Quinton Newsome,Austin Keys,Karson Sharar,Elijah Culp,Damonic Williams,Wydett Williams Jr.
2026001,0,4407,PASS,(:07) (No Huddle) H.King spiked the ball to stop the clock.,https://pro.nfl.com/api/plays/summaryPlay?gameId=c66cf251-5f68-11f1-b1d0-bb70a4640075&playId=4407,4,1,5,00:07,5.0,True,True,0750,27,30,0.5159979345626198,11,1,1,3,5,11,2,4,5,Ja'Tyre Carter,Ryan Hayes,Elijah Cooks,Casey Washington,Nick Samac,Jimmy Horn Jr.,Caden Prieskorn,Albert Reese,Miles Davis,Isaia Glass,Haynes King,Isaiah Oliver,Jonah Williams,BJ Ojulari,Eku Leota,Elijah Jones,Quinton Newsome,Austin Keys,Karson Sharar,Elijah Culp,Damonic Williams,Wydett Williams Jr.
2026001,0,4442,PASS,(:06) (Shotgun) H.King pass incomplete short right to E.Cooks.,https://pro.nfl.com/api/plays/summaryPlay?gameId=c66cf251-5f68-11f1-b1d0-bb70a4640075&playId=4442,4,2,5,00:06,5.0,True,True,0750,27,30,-0.011708104982972145,11,1,1,3,5,11,2,4,5,Ja'Tyre Carter,Ryan Hayes,Elijah Cooks,Nick Samac,Jimmy Horn Jr.,Caden Prieskorn,Roc Taylor,Albert Reese,Miles Davis,Isaia Glass,Haynes King,Isaiah Oliver,BJ Ojulari,Brodric Martin,Elijah Jones,Quinton Newsome,Austin Keys,Cam Horsley,Karson Sharar,Elijah Culp,Cam Robertson,Wydett Williams Jr.
2026001,0,4465,RUSH,"(:02) (Shotgun) H.King scrambles up the middle for 5 yards, TOUCHDOWN.",https://pro.nfl.com/api/plays/summaryPlay?gameId=c66cf251-5f68-11f1-b1d0-bb70a4640075&playId=4465,4,3,5,00:02,5.0,True,True,0750,27,30,4.115253009891603,11,1,1,3,5,11,2,4,5,Ja'Tyre Carter,Ryan Hayes,Elijah Cooks,Casey Washington,Nick Samac,Jimmy Horn Jr.,Caden Prieskorn,Albert Reese,Miles Davis,Isaia Glass,Haynes King,Isaiah Oliver,BJ Ojulari,Brodric Martin,Elijah Jones,Quinton Newsome,Austin Keys,Cam Horsley,Karson Sharar,Elijah Culp,Cam Robertson,Wydett Williams Jr.
2026001,0,4488,END_GAME,END GAME,https://pro.nfl.com/api/plays/summaryPlay?gameId=c66cf251-5f68-11f1-b1d0-bb70a4640075&playId=4488,4,0,0,00:00,,False,,0750,33,30,,0,0,0,0,0,0,0,0,0,,,,,,,,,,,,,,,,,,,,,,
2026002,1,1,GAME_START,GAME,https://pro.nfl.com/api/plays/summaryPlay?gameId=c66dfc69-5f68-11f1-b1d0-bb70a4640075&playId=1,1,0,0,,,False,,1800,0,0,,0,0,0,0,0,0,0,0,0,,,,,,,,,,,,,,,,,,,,,,
2026002,1,41,KICK_OFF,"C.Boswell kicks 65 yards from PIT 35 to end zone, Touchback to the GB 35.",https://pro.nfl.com/api/plays/summaryPlay?gameId=c66dfc69-5f68-11f1-b1d0-bb70a4640075&playId=41,1,0,0,15:00,65.0,False,False,3900,0,0,-0.438013477018103,11,2,1,1,0,11,2,2,2,Chris Boswell,Rayshawn Jenkins,Cole Holcomb,Travis Homer,Asante Samuel Jr.,Ben Skowronek,Jack Sawyer,Carson Bruener,Max Hurleman,Daylen Everette,Riley Nowakowski,Kristian Welch,Benjamin St-Juste,Pierre Strong,Arron Mosby,Brenton Cox Jr.,Kitan Oladapo,Savion Williams,Collin Oliver,Isaiah Neyor,Drake Dabney,J. Michael Sturdivant
2026002,1,58,RUSH,(15:00) M.Lloyd left guard to GB 40 for 5 yards (A.Highsmith).,https://pro.nfl.com/api/plays/summaryPlay?gameId=c66dfc69-5f68-11f1-b1d0-bb70a4640075&playId=58,1,1,10,15:00,65.0,False,False,1800,0,0,0.20311977318488061,11,1,1,3,5,11,2,4,5,Jordan Love,Christian Watson,Sean Rhyan,Jayden Reed,Jordan Morgan,MarShawn Lloyd,Jacob Monk,Matthew Golden,Anthony Belton,Drake Dabney,Jager Burton,Rayshawn Jenkins,Jamel Dean,Patrick Queen,Alex Highsmith,Asante Samuel Jr.,Keeanu Benton,Nick Herbig,Payton Wilson,Derrick Harmon,Doneiko Slaughter,Robert Spears-Jennings
2026002,1,80,PASS,(14:30) (Shotgun) J.Love pass incomplete short right to C.Watson.,https://pro.nfl.com/api/plays/summaryPlay?gameId=c66dfc69-5f68-11f1-b1d0-bb70a4640075&playId=80,1,2,5,14:30,60.0,False,False,1800,0,0,-1.050621631089598,11,1,1,3,5,11,2,4,5,Jordan Love,Christian Watson,Sean Rhyan,Jayden Reed,Josh Whyle,Jordan Morgan,MarShawn Lloyd,Jacob Monk,Matthew Golden,Anthony Belton,Jager Burton,Rayshawn Jenkins,Jamel Dean,Patrick Queen,Alex Highsmith,Asante Samuel Jr.,Keeanu Benton,Nick Herbig,Payton Wilson,Derrick Harmon,Doneiko Slaughter,Robert Spears-Jennings
2026002,1,103,PASS,(14:27) (Shotgun) J.Love pass short middle to J.Reed to PIT 41 for 19 yards (D.Slaughter).,https://pro.nfl.com/api/plays/summaryPlay?gameId=c66dfc69-5f68-11f1-b1d0-bb70a4640075&playId=103,1,3,5,14:27,60.0,False,False,1800,0,0,2.5316571524599567,11,1,1,3,5,11,2,4,5,Jordan Love,Christian Watson,Sean Rhyan,Jayden Reed,Josh Whyle,Jordan Morgan,MarShawn Lloyd,Jacob Monk,Matthew Golden,Anthony Belton,Jager Burton,Rayshawn Jenkins,Jamel Dean,Patrick Queen,Alex Highsmith,Asante Samuel Jr.,Keeanu Benton,Nick Herbig,Payton Wilson,Derrick Harmon,Doneiko Slaughter,Robert Spears-Jennings
2026002,1,128,RUSH,(13:52) M.Lloyd up the middle to PIT 39 for 2 yards (Y.Black; D.Harmon).,https://pro.nfl.com/api/plays/summaryPlay?gameId=c66dfc69-5f68-11f1-b1d0-bb70a4640075&playId=128,1,1,10,13:52,41.0,False,False,1800,0,0,-0.4986436682520434,11,1,2,2,5,11,3,4,4,Jordan Love,Christian Watson,Sean Rhyan,Josh Whyle,Jordan Morgan,MarShawn Lloyd,Jacob Monk,Matthew Golden,Anthony Belton,Drake Dabney,Jager Burton,Rayshawn Jenkins,Jamel Dean,Patrick Queen,Asante Samuel Jr.,Keeanu Benton,Nick Herbig,Payton Wilson,Derrick Harmon,Jack Sawyer,Yahya Black,Robert Spears-Jennings
2026002,1,150,PASS,(13:10) (Shotgun) J.Love pass short left to J.Whyle to PIT 36 for 3 yards (R.Spears-Jennings).,https://pro.nfl.com/api/plays/summaryPlay?gameId=c66dfc69-5f68-11f1-b1d0-bb70a4640075&playId=150,1,2,8,13:10,39.0,False,False,1800,0,0,-0.3331234573852271,11,1,1,3,5,11,2,4,5,Jordan Love,Christian Watson,Sean Rhyan,Jayden Reed,Josh Whyle,Jordan Morgan,MarShawn Lloyd,Jacob Monk,Matthew Golden,Anthony Belton,Jager Burton,Rayshawn Jenkins,Jamel Dean,Patrick Queen,Asante Samuel Jr.,Keeanu Benton,Nick Herbig,Payton Wilson,Derrick Harmon,Jack Sawyer,Doneiko Slaughter,Robert Spears-Jennings
2026002,1,175,PASS,(12:34) (Shotgun) J.Love pass short right to M.Lloyd to PIT 40 for -4 yards (D.Slaughter).,https://pro.nfl.com/api/plays/summaryPlay?gameId=c66dfc69-5f68-11f1-b1d0-bb70a4640075&playId=175,1,3,5,12:34,36.0,False,False,1800,0,0,-2.6605583319906145,11,1,1,3,5,11,2,4,5,Jordan Love,Christian Watson,Sean Rhyan,Jayden Reed,Josh Whyle,Jordan Morgan,MarShawn Lloyd,Jacob Monk,Matthew Golden,Anthony Belton,Jager Burton,Rayshawn Jenkins,Jamel Dean,Patrick Queen,Alex Highsmith,Asante Samuel Jr.,Keeanu Benton,Nick Herbig,Payton Wilson,Derrick Harmon,Doneiko Slaughter,Robert Spears-Jennings
2026002,1,200,FIELD_GOAL,"(11:47) T.Smack 58 yard field goal is GOOD, NULLIFIED by Penalty, Center-C.Adomitis, Holder-D.Whelan.
PENALTY on PIT-D.Lowry, Unnecessary Roughness, 15 yards, enforced at PIT 40 - No Play.",https://pro.nfl.com/api/plays/summaryPlay?gameId=c66dfc69-5f68-11f1-b1d0-bb70a4640075&playId=200,1,4,9,11:47,40.0,False,False,1800,0,0,4.3869314439361915,11,0,2,0,6,10,3,4,3,Cal Adomitis,Daniel Whelan,Travis Glover,McCallan Castles,Donovan Jennings,John Williams,Dalton Cooper,Drake Dabney,Jager Burton,Trey Smack,Dylan Barrett,Dean Lowry,Jamel Dean,Patrick Queen,Alex Highsmith,Asante Samuel Jr.,Esezi Otomewo,Nick Herbig,Payton Wilson,Yahya Black,Robert Spears-Jennings,
2026002,1,231,RUSH,(11:43) M.Lloyd left tackle to PIT 23 for 2 yards (A.Highsmith; R.Jenkins).,https://pro.nfl.com/api/plays/summaryPlay?gameId=c66dfc69-5f68-11f1-b1d0-bb70a4640075&playId=231,1,1,10,11:43,25.0,False,False,1800,0,0,-0.26784951868467033,11,1,2,2,5,11,3,4,4,Jordan Love,Christian Watson,Sean Rhyan,Josh Whyle,Jordan Morgan,MarShawn Lloyd,Jacob Monk,Matthew Golden,Anthony Belton,Drake Dabney,Jager Burton,Dean Lowry,Rayshawn Jenkins,Jamel Dean,Patrick Queen,Alex Highsmith,Asante Samuel Jr.,Payton Wilson,Jack Sawyer,Yahya Black,Gabe Rubio,Robert Spears-Jennings
2026002,1,253,RUSH,(10:59) (Shotgun) M.Lloyd left guard to PIT 19 for 4 yards (R.Jenkins; J.Sawyer).,https://pro.nfl.com/api/plays/summaryPlay?gameId=c66dfc69-5f68-11f1-b1d0-bb70a4640075&playId=253,1,2,8,10:59,23.0,False,False,1800,0,0,-0.036179157672449946,11,1,1,3,5,11,2,4,5,Jordan Love,Sean Rhyan,Jayden Reed,Josh Whyle,Jordan Morgan,MarShawn Lloyd,Jacob Monk,Matthew Golden,Anthony Belton,Savion Williams,Jager Burton,Dean Lowry,Rayshawn Jenkins,Jamel Dean,Patrick Queen,Alex Highsmith,Asante Samuel Jr.,Payton Wilson,Jack Sawyer,Yahya Black,Doneiko Slaughter,Robert Spears-Jennings
2026002,1,275,PASS,(10:17) (Shotgun) J.Love pass incomplete deep right to J.Reed (A.Samuel).,https://pro.nfl.com/api/plays/summaryPlay?gameId=c66dfc69-5f68-11f1-b1d0-bb70a4640075&playId=275,1,3,4,10:17,19.0,False,True,1800,0,0,-1.4153703702613711,11,1,1,3,5,11,2,4,5,Jordan Love,Christian Watson,Sean Rhyan,Jayden Reed,Josh Whyle,Jordan Morgan,MarShawn Lloyd,Jacob Monk,Matthew Golden,Anthony Belton,Jager Burton,Dean Lowry,Rayshawn Jenkins,Jamel Dean,Patrick Queen,Alex Highsmith,Asante Samuel Jr.,Nick Herbig,Payton Wilson,Yahya Black,Doneiko Slaughter,Robert Spears-Jennings
2026002,1,298,FIELD_GOAL,"(10:12) T.Smack 37 yard field goal is GOOD, Center-C.Adomitis, Holder-D.Whelan.",https://pro.nfl.com/api/plays/summaryPlay?gameId=c66dfc69-5f68-11f1-b1d0-bb70a4640075&playId=298,1,4,4,10:12,19.0,False,False,1800,0,0,0.24342413188423961,11,0,2,0,6,11,3,4,4,Cal Adomitis,Daniel Whelan,Travis Glover,McCallan Castles,Donovan Jennings,John Williams,Dalton Cooper,Drake Dabney,Jager Burton,Trey Smack,Dylan Barrett,Dean Lowry,Rayshawn Jenkins,Jamel Dean,Patrick Queen,Alex Highsmith,Asante Samuel Jr.,Nick Herbig,Payton Wilson,Yahya Black,Gabe Rubio,Robert Spears-Jennings
2026002,1,328,TIMEOUT,Timeout at 10:09.,https://pro.nfl.com/api/plays/summaryPlay?gameId=c66dfc69-5f68-11f1-b1d0-bb70a4640075&playId=328,1,0,0,10:09,,False,,1800,3,0,,0,0,0,0,0,0,0,0,0,,,,,,,,,,,,,,,,,,,,,,
2026002,1,318,KICK_OFF,"T.Smack kicks 62 yards from GB 35 to PIT 3. K.Wetjen pushed ob at PIT 28 for 25 yards (B.Cisse).
PENALTY on PIT-C.Holcomb, Offensive Holding, 10 yards, enforced at PIT 28.
Penalty on PIT-C.Bruener, Offensive Holding, declined.",https://pro.nfl.com/api/plays/summaryPlay?gameId=c66dfc69-5f68-11f1-b1d0-bb70a4640075&playId=318,1,0,0,10:09,65.0,False,False,1800,3,0,0.5604972466826439,11,1,0,1,0,11,0,4,0,Kristian Welch,Pierre Strong,Arron Mosby,Brenton Cox Jr.,Kitan Oladapo,Mark Perry,Savion Williams,Collin Oliver,Brandon Cisse,Trey Smack,Murvin Kenion,Robert Tonyan,Cole Holcomb,Travis Homer,Jamin Davis,Ben Skowronek,Brandon Smith,Jack Sawyer,Carson Bruener,Kaden Wetjen,Riley Nowakowski,Eli Heidenreich
2026002,1,375,RUSH,(10:02) T.Homer left end to PIT 22 for 4 yards (L.Van Ness).,https://pro.nfl.com/api/plays/summaryPlay?gameId=c66dfc69-5f68-11f1-b1d0-bb70a4640075&playId=375,1,1,10,10:02,82.0,False,False,3900,0,3,-0.30627748230472207,11,1,2,2,5,11,5,2,4,Mason Rudolph,Travis Homer,Dylan Cook,Darnell Washington,Spencer Anderson,Troy Fautanu,Zach Frazier,Roman Wilson,Mason McCormick,Germie Bernard,Riley Nowakowski,Zaire Franklin,Keisean Nixon,Xavier McKinney,Jonathan Ford,Lukas Van Ness,Karl Brooks,Edgerrin Cooper,Evan Williams,Barryn Sorrell,Warren Brinson,Brandon Cisse
2026002,1,397,SACK,(9:28) (Shotgun) M.Rudolph sacked at PIT 14 for -8 yards (Z.Franklin).,https://pro.nfl.com/api/plays/summaryPlay?gameId=c66dfc69-5f68-11f1-b1d0-bb70a4640075&playId=397,1,2,6,09:28,78.0,False,False,3900,0,3,-2.136769611854106,11,1,1,3,5,11,4,2,5,Mason Rudolph,Travis Homer,Brandon Smith,Dylan Cook,Darnell Washington,Spencer Anderson,Troy Fautanu,Zach Frazier,Roman Wilson,Mason McCormick,Germie Bernard,Zaire Franklin,Keisean Nixon,Xavier McKinney,Lukas Van Ness,Karl Brooks,Edgerrin Cooper,Evan Williams,Kitan Oladapo,Barryn Sorrell,Warren Brinson,Brandon Cisse
2026002,1,417,PASS,(8:43) (Shotgun) M.Rudolph pass short left to G.Bernard to PIT 21 for 7 yards (X.McKinney).,https://pro.nfl.com/api/plays/summaryPlay?gameId=c66dfc69-5f68-11f1-b1d0-bb70a4640075&playId=417,1,3,14,08:43,86.0,False,False,3900,0,3,-0.49521858571097255,11,1,1,3,5,11,3,3,5,Mason Rudolph,Travis Homer,Pat Freiermuth,Brandon Smith,Dylan Cook,Spencer Anderson,Troy Fautanu,Zach Frazier,Roman Wilson,Mason McCormick,Germie Bernard,Zaire Franklin,Keisean Nixon,Xavier McKinney,Lukas Van Ness,Karl Brooks,Edgerrin Cooper,Evan Williams,Kitan Oladapo,Barryn Sorrell,Collin Oliver,Brandon Cisse
2026002,1,442,PUNT,"(8:07) C.Johnston punts 51 yards to GB 28, Center-C.Kuntz, out of bounds.
PENALTY on PIT-B.Skowronek, Unnecessary Roughness, 15 yards, enforced at GB 28.",https://pro.nfl.com/api/plays/summaryPlay?gameId=c66dfc69-5f68-11f1-b1d0-bb70a4640075&playId=442,1,4,7,08:07,79.0,False,False,3900,0,3,-0.5140543705783784,11,1,2,1,0,11,2,3,2,Cameron Johnston,Robert Tonyan,Christian Kuntz,Cole Holcomb,Travis Homer,Ben Skowronek,Payton Wilson,Jack Sawyer,Carson Bruener,Daylen Everette,Riley Nowakowski,Kristian Welch,Benjamin St-Juste,Skyy Moore,Pierre Strong,Arron Mosby,Brenton Cox Jr.,Kitan Oladapo,Savion Williams,Collin Oliver,Drake Dabney,TJ Quinn
2026002,1,484,TIMEOUT,Timeout at 07:59.,https://pro.nfl.com/api/plays/summaryPlay?gameId=c66dfc69-5f68-11f1-b1d0-bb70a4640075&playId=484,1,0,0,07:59,,False,,1800,3,0,,0,0,0,0,0,0,0,0,0,,,,,,,,,,,,,,,,,,,,,,
2026002,1,472,PASS,(7:59) (Shotgun) T.Taylor pass incomplete short left.,https://pro.nfl.com/api/plays/summaryPlay?gameId=c66dfc69-5f68-11f1-b1d0-bb70a4640075&playId=472,1,1,10,07:59,57.0,False,False,1800,3,0,-0.5058402523864061,11,1,2,1,5,11,3,4,4,Tyrod Taylor,Bo Melton,Jordan Morgan,MarShawn Lloyd,Jacob Monk,Donovan Jennings,Messiah Swinson,Anthony Belton,Savion Williams,Drake Dabney,Jager Burton,Rayshawn Jenkins,Jamel Dean,Patrick Queen,Alex Highsmith,Asante Samuel Jr.,Keeanu Benton,Nick Herbig,Payton Wilson,Derrick Harmon,Yahya Black,Robert Spears-Jennings
2026002,1,502,PASS,(7:53) (Shotgun) T.Taylor pass incomplete deep right to S.Williams.,https://pro.nfl.com/api/plays/summaryPlay?gameId=c66dfc69-5f68-11f1-b1d0-bb70a4640075&playId=502,1,2,10,07:53,57.0,False,False,1800,3,0,-1.0058476261328906,11,1,1,2,5,11,2,4,5,Tyrod Taylor,Skyy Moore,Bo Melton,Jordan Morgan,MarShawn Lloyd,Jacob Monk,Donovan Jennings,Anthony Belton,Savion Williams,Drake Dabney,Jager Burton,Rayshawn Jenkins,Jamel Dean,Patrick Queen,Alex Highsmith,Asante Samuel Jr.,Keeanu Benton,Nick Herbig,Payton Wilson,Derrick Harmon,Doneiko Slaughter,Robert Spears-Jennings
2026002,1,525,PASS,(7:49) (Shotgun) T.Taylor pass short right to B.Melton to 50 for 7 yards (P.Wilson).,https://pro.nfl.com/api/plays/summaryPlay?gameId=c66dfc69-5f68-11f1-b1d0-bb70a4640075&playId=525,1,3,10,07:49,57.0,False,False,1800,3,0,-1.0524782827124,11,1,1,2,5,11,2,4,5,Tyrod Taylor,Skyy Moore,Bo Melton,Jordan Morgan,MarShawn Lloyd,Jacob Monk,Donovan Jennings,Anthony Belton,Savion Williams,Drake Dabney,Jager Burton,Rayshawn Jenkins,Jamel Dean,Patrick Queen,Alex Highsmith,Asante Samuel Jr.,Keeanu Benton,Nick Herbig,Payton Wilson,Derrick Harmon,Doneiko Slaughter,Robert Spears-Jennings
2026002,1,550,PUNT,"(7:10) D.Whelan punts 41 yards to PIT 9, Center-C.Adomitis. K.Wetjen to PIT 15 for 6 yards (N.Niemann; C.Adomitis).",https://pro.nfl.com/api/plays/summaryPlay?gameId=c66dfc69-5f68-11f1-b1d0-bb70a4640075&playId=550,1,4,3,07:10,50.0,False,False,1800,3,0,-0.667256161570549,11,1,0,1,0,11,0,3,4,Nick Niemann,Isaiah McDuffie,Pierre Strong,Arron Mosby,Cal Adomitis,Daniel Whelan,Brenton Cox Jr.,Ty'Ron Hopper,Kitan Oladapo,Savion Williams,Brandon Cisse,Rayshawn Jenkins,Cole Holcomb,Travis Homer,Ben Skowronek,D'Shawn Jamison,Jack Sawyer,Carson Bruener,Sebastian Castro,Daylen Everette,Kaden Wetjen,Riley Nowakowski
2026002,1,588,TIMEOUT,Timeout at 06:59.,https://pro.nfl.com/api/plays/summaryPlay?gameId=c66dfc69-5f68-11f1-b1d0-bb70a4640075&playId=588,1,0,0,06:59,,False,,1800,3,0,,0,0,0,0,0,0,0,0,0,,,,,,,,,,,,,,,,,,,,,,
2026002,1,576,SACK,(6:59) (Shotgun) M.Rudolph sacked at PIT 6 for -9 yards (B.Cox).,https://pro.nfl.com/api/plays/summaryPlay?gameId=c66dfc69-5f68-11f1-b1d0-bb70a4640075&playId=576,1,1,10,06:59,85.0,False,False,3900,0,3,-1.5795198087580502,11,1,2,2,5,11,4,3,4,Mason Rudolph,Travis Homer,Pat Freiermuth,Dylan Cook,Darnell Washington,Spencer Anderson,Troy Fautanu,Zach Frazier,Roman Wilson,Mason McCormick,Germie Bernard,Keisean Nixon,Isaiah McDuffie,Jonathan Ford,Brenton Cox Jr.,Ty'Ron Hopper,Kitan Oladapo,Mark Perry,Collin Oliver,Warren Brinson,Brandon Cisse,Chris McClellan
2026002,1,603,PASS,(6:15) (Shotgun) M.Rudolph pass short middle to G.Bernard to PIT 19 for 13 yards (M.Kenion).,https://pro.nfl.com/api/plays/summaryPlay?gameId=c66dfc69-5f68-11f1-b1d0-bb70a4640075&playId=603,1,2,19,06:15,94.0,False,False,3900,0,3,0.3940520999021828,11,1,1,3,5,11,3,3,5,Mason Rudolph,Travis Homer,Pat Freiermuth,Ben Skowronek,Dylan Cook,Spencer Anderson,Troy Fautanu,Zach Frazier,Roman Wilson,Mason McCormick,Germie Bernard,Keisean Nixon,Isaiah McDuffie,Brenton Cox Jr.,Ty'Ron Hopper,Kitan Oladapo,Mark Perry,Collin Oliver,Warren Brinson,Brandon Cisse,Chris McClellan,Murvin Kenion
2026002,1,629,PASS,(5:37) (Shotgun) M.Rudolph pass deep left to B.Skowronek to PIT 38 for 19 yards (M.Kenion).,https://pro.nfl.com/api/plays/summaryPlay?gameId=c66dfc69-5f68-11f1-b1d0-bb70a4640075&playId=629,1,3,6,05:37,81.0,False,False,3900,0,3,2.762520826421678,11,1,1,3,5,11,3,3,5,Mason Rudolph,Travis Homer,Pat Freiermuth,Ben Skowronek,Dylan Cook,Spencer Anderson,Troy Fautanu,Zach Frazier,Roman Wilson,Mason McCormick,Germie Bernard,Keisean Nixon,Isaiah McDuffie,Brenton Cox Jr.,Ty'Ron Hopper,Kitan Oladapo,Mark Perry,Collin Oliver,Warren Brinson,Brandon Cisse,Chris McClellan,Murvin Kenion
2026002,1,654,RUSH,(5:01) T.Homer left guard to PIT 40 for 2 yards (A.Campbell).,https://pro.nfl.com/api/plays/summaryPlay?gameId=c66dfc69-5f68-11f1-b1d0-bb70a4640075&playId=654,1,1,10,05:01,62.0,False,False,3900,0,3,-0.43607355863787234,11,1,1,3,5,11,4,2,5,Mason Rudolph,Travis Homer,Ben Skowronek,Dylan Cook,Darnell Washington,Spencer Anderson,Troy Fautanu,Zach Frazier,Roman Wilson,Mason McCormick,Germie Bernard,Keisean Nixon,Isaiah McDuffie,Jonathan Ford,Brenton Cox Jr.,Kitan Oladapo,Mark Perry,Collin Oliver,Nazir Stackhouse,Anthony Campbell,Brandon Cisse,Murvin Kenion
2026002,1,676,PASS,(4:27) (Shotgun) M.Rudolph pass short right to G.Bernard to GB 35 for 25 yards (M.Kenion).,https://pro.nfl.com/api/plays/summaryPlay?gameId=c66dfc69-5f68-11f1-b1d0-bb70a4640075&playId=676,1,2,8,04:27,60.0,False,False,3900,0,3,2.129199171438813,11,1,1,3,5,11,2,4,5,Mason Rudolph,Travis Homer,Brandon Smith,Dylan Cook,Darnell Washington,Spencer Anderson,Troy Fautanu,Zach Frazier,Roman Wilson,Mason McCormick,Germie Bernard,Keisean Nixon,Isaiah McDuffie,Ty'Ron Hopper,Kitan Oladapo,Mark Perry,Collin Oliver,Nazir Stackhouse,Anthony Campbell,Brandon Cisse,Nyjalik Kelly,Murvin Kenion
2026002,1,701,PENALTY,"(3:47) PENALTY on PIT-T.Fautanu, False Start, 5 yards, enforced at GB 35 - No Play.",https://pro.nfl.com/api/plays/summaryPlay?gameId=c66dfc69-5f68-11f1-b1d0-bb70a4640075&playId=701,1,1,10,03:47,35.0,False,False,3900,0,3,-0.7742061079479754,11,1,2,2,5,11,4,3,4,Mason Rudolph,Pat Freiermuth,Brandon Smith,Dylan Cook,Darnell Washington,Lew Nichols III,Spencer Anderson,Troy Fautanu,Zach Frazier,Roman Wilson,Mason McCormick,Keisean Nixon,Isaiah McDuffie,Jonathan Ford,Arron Mosby,Ty'Ron Hopper,Kitan Oladapo,Mark Perry,Nazir Stackhouse,Anthony Campbell,Brandon Cisse,Nyjalik Kelly
2026002,1,725,RUSH,(3:38) (Shotgun) L.Nichols up the middle to GB 29 for 11 yards (M.Kenion).,https://pro.nfl.com/api/plays/summaryPlay?gameId=c66dfc69-5f68-11f1-b1d0-bb70a4640075&playId=725,1,1,15,03:38,40.0,False,False,3900,0,3,0.9796373546123505,11,1,1,3,5,11,3,3,5,Mason Rudolph,Brandon Smith,Dylan Cook,Darnell Washington,Lew Nichols III,Spencer Anderson,Troy Fautanu,Zach Frazier,Roman Wilson,Mason McCormick,Germie Bernard,Keisean Nixon,Isaiah McDuffie,Arron Mosby,Ty'Ron Hopper,Kitan Oladapo,Mark Perry,Warren Brinson,Brandon Cisse,Chris McClellan,Nyjalik Kelly,Murvin Kenion
2026002,1,747,RUSH,(3:06) L.Nichols right guard to GB 27 for 2 yards (C.McClellan).,https://pro.nfl.com/api/plays/summaryPlay?gameId=c66dfc69-5f68-11f1-b1d0-bb70a4640075&playId=747,1,2,4,03:06,29.0,False,False,3900,0,3,-0.36676602624356747,11,1,1,3,5,11,3,3,5,Mason Rudolph,Brandon Smith,Dylan Cook,Darnell Washington,Lew Nichols III,Spencer Anderson,Troy Fautanu,Zach Frazier,Roman Wilson,Mason McCormick,Germie Bernard,Keisean Nixon,Isaiah McDuffie,Arron Mosby,Ty'Ron Hopper,Kitan Oladapo,Mark Perry,Warren Brinson,Brandon Cisse,Chris McClellan,Nyjalik Kelly,Murvin Kenion
2026002,1,769,PASS,"(2:43) (No Huddle, Shotgun) M.Rudolph pass short left to B.Smith ran ob at GB 23 for 4 yards.",https://pro.nfl.com/api/plays/summaryPlay?gameId=c66dfc69-5f68-11f1-b1d0-bb70a4640075&playId=769,1,3,2,02:43,27.0,False,False,3900,0,3,0.8480923749739304,11,1,1,3,5,11,3,3,5,Mason Rudolph,Brandon Smith,Dylan Cook,Darnell Washington,Lew Nichols III,Spencer Anderson,Troy Fautanu,Zach Frazier,Roman Wilson,Mason McCormick,Germie Bernard,Keisean Nixon,Isaiah McDuffie,Arron Mosby,Ty'Ron Hopper,Kitan Oladapo,Mark Perry,Warren Brinson,Brandon Cisse,Chris McClellan,Nyjalik Kelly,Murvin Kenion
2026002,1,804,PASS,(2:10) (Shotgun) M.Rudolph pass short left to T.Homer to GB 21 for 2 yards (M.Perry).,https://pro.nfl.com/api/plays/summaryPlay?gameId=c66dfc69-5f68-11f1-b1d0-bb70a4640075&playId=804,1,1,10,02:10,23.0,False,False,3900,0,3,-0.3299941598670557,11,1,1,3,5,11,4,2,5,Mason Rudolph,Travis Homer,Pat Freiermuth,Ben Skowronek,Brandon Smith,Dylan Cook,Spencer Anderson,Troy Fautanu,Zach Frazier,Roman Wilson,Mason McCormick,Keisean Nixon,Isaiah McDuffie,Jonathan Ford,Brenton Cox Jr.,Kitan Oladapo,Mark Perry,Collin Oliver,Nazir Stackhouse,Anthony Campbell,Brandon Cisse,Murvin Kenion
2026002,1,829,PASS,(1:30) (Shotgun) M.Rudolph pass short right to R.Wilson pushed ob at GB 14 for 7 yards (K.Nixon).,https://pro.nfl.com/api/plays/summaryPlay?gameId=c66dfc69-5f68-11f1-b1d0-bb70a4640075&playId=829,1,2,8,01:30,21.0,False,False,3900,0,3,0.5700963843846694,11,1,2,2,5,11,3,3,5,Mason Rudolph,Travis Homer,Pat Freiermuth,Brandon Smith,Dylan Cook,Darnell Washington,Spencer Anderson,Troy Fautanu,Zach Frazier,Roman Wilson,Mason McCormick,Keisean Nixon,Isaiah McDuffie,Brenton Cox Jr.,Ty'Ron Hopper,Kitan Oladapo,Mark Perry,Collin Oliver,Nazir Stackhouse,Anthony Campbell,Brandon Cisse,Murvin Kenion
2026002,1,859,PASS,(1:00) M.Rudolph pass short right to T.Homer pushed ob at GB 6 for 8 yards (M.Perry).,https://pro.nfl.com/api/plays/summaryPlay?gameId=c66dfc69-5f68-11f1-b1d0-bb70a4640075&playId=859,1,3,1,01:00,14.0,False,True,3900,0,3,0.8716392647475004,11,1,3,1,5,11,4,3,4,Robert Tonyan,Mason Rudolph,Travis Homer,Pat Freiermuth,Brandon Smith,Dylan Cook,Darnell Washington,Spencer Anderson,Troy Fautanu,Zach Frazier,Mason McCormick,Keisean Nixon,Isaiah McDuffie,Jonathan Ford,Brenton Cox Jr.,Ty'Ron Hopper,Kitan Oladapo,Mark Perry,Collin Oliver,Nazir Stackhouse,Anthony Campbell,Brandon Cisse
2026002,1,889,RUSH,"(:23) L.Nichols left end for 6 yards, TOUCHDOWN NULLIFIED by Penalty.
PENALTY on PIT-T.Fautanu, Offensive Holding, 10 yards, enforced at GB 5.",https://pro.nfl.com/api/plays/summaryPlay?gameId=c66dfc69-5f68-11f1-b1d0-bb70a4640075&playId=889,1,1,6,00:23,6.0,True,True,3900,0,3,-0.9833831462310627,11,1,1,3,5,11,3,4,4,Mason Rudolph,Brandon Smith,Dylan Cook,Darnell Washington,Lew Nichols III,Spencer Anderson,Troy Fautanu,Zach Frazier,Roman Wilson,Mason McCormick,Germie Bernard,Keisean Nixon,Isaiah McDuffie,Ty'Ron Hopper,Kitan Oladapo,Jaden Crumedy,Mark Perry,Collin Oliver,Warren Brinson,Brandon Cisse,Chris McClellan,Nyjalik Kelly
2026002,1,935,TIMEOUT,Timeout #1 by PIT at 00:17.,https://pro.nfl.com/api/plays/summaryPlay?gameId=c66dfc69-5f68-11f1-b1d0-bb70a4640075&playId=935,1,0,0,00:17,,False,,1800,3,0,,0,0,0,0,0,0,0,0,0,,,,,,,,,,,,,,,,,,,,,,
2026002,1,923,PASS,(:17) M.Rudolph pass short left to G.Bernard to GB 9 for 6 yards (B.Cisse).,https://pro.nfl.com/api/plays/summaryPlay?gameId=c66dfc69-5f68-11f1-b1d0-bb70a4640075&playId=923,1,1,15,00:17,15.0,True,True,3900,0,3,0.031597058637999,11,1,2,2,5,11,4,3,4,Mason Rudolph,Dylan Cook,Darnell Washington,Lew Nichols III,Spencer Anderson,Troy Fautanu,Zach Frazier,Roman Wilson,Mason McCormick,Germie Bernard,Riley Nowakowski,Keisean Nixon,Isaiah McDuffie,Brenton Cox Jr.,Ty'Ron Hopper,Kitan Oladapo,Mark Perry,Warren Brinson,Nazir Stackhouse,Brandon Cisse,Chris McClellan,Nyjalik Kelly
2026002,1,955,END_QUARTER,END QUARTER 1,https://pro.nfl.com/api/plays/summaryPlay?gameId=c66dfc69-5f68-11f1-b1d0-bb70a4640075&playId=955,1,0,0,,,False,,1800,3,0,,0,0,0,0,0,0,0,0,0,,,,,,,,,,,,,,,,,,,,,,
2026002,1,975,RUSH,(15:00) L.Nichols left end to GB 3 for 6 yards (B.Cisse).,https://pro.nfl.com/api/plays/summaryPlay?gameId=c66dfc69-5f68-11f1-b1d0-bb70a4640075&playId=975,2,2,9,15:00,9.0,True,True,3900,0,3,0.1029095787089318,11,1,2,2,5,11,4,3,4,Mason Rudolph,Dylan Cook,Darnell Washington,Lew Nichols III,Spencer Anderson,Troy Fautanu,Zach Frazier,Roman Wilson,Mason McCormick,Germie Bernard,Riley Nowakowski,Keisean Nixon,Isaiah McDuffie,Brenton Cox Jr.,Ty'Ron Hopper,Kitan Oladapo,Mark Perry,Warren Brinson,Nazir Stackhouse,Brandon Cisse,Chris McClellan,Nyjalik Kelly
2026002,1,997,PASS,(14:20) (Shotgun) M.Rudolph pass incomplete short middle to G.Bernard (M.Kenion) [T.Hopper].,https://pro.nfl.com/api/plays/summaryPlay?gameId=c66dfc69-5f68-11f1-b1d0-bb70a4640075&playId=997,2,3,3,14:20,3.0,True,True,3900,0,3,-1.914969928911887,11,1,2,2,5,11,3,3,5,Mason Rudolph,Pat Freiermuth,Dylan Cook,Darnell Washington,Lew Nichols III,Spencer Anderson,Troy Fautanu,Zach Frazier,Roman Wilson,Mason McCormick,Germie Bernard,Keisean Nixon,Isaiah McDuffie,Brenton Cox Jr.,Ty'Ron Hopper,Kitan Oladapo,Mark Perry,Warren Brinson,Brandon Cisse,Chris McClellan,Nyjalik Kelly,Murvin Kenion
2026002,1,1032,PASS,(14:08) (Shotgun) M.Rudolph pass short left to P.Freiermuth to GB 1 for 2 yards (M.Perry).,https://pro.nfl.com/api/plays/summaryPlay?gameId=c66dfc69-5f68-11f1-b1d0-bb70a4640075&playId=1032,2,4,3,14:08,3.0,True,True,3900,0,3,-2.5032106838189065,11,1,1,3,5,11,3,3,5,Mason Rudolph,Pat Freiermuth,Brandon Smith,Dylan Cook,Lew Nichols III,Spencer Anderson,Troy Fautanu,Zach Frazier,Roman Wilson,Mason McCormick,Germie Bernard,Keisean Nixon,Isaiah McDuffie,Jonathan Ford,Brenton Cox Jr.,Ty'Ron Hopper,Kitan Oladapo,Mark Perry,Collin Oliver,Nazir Stackhouse,Brandon Cisse,Murvin Kenion
2026002,1,1069,TIMEOUT,Timeout at 14:02.,https://pro.nfl.com/api/plays/summaryPlay?gameId=c66dfc69-5f68-11f1-b1d0-bb70a4640075&playId=1069,2,0,0,14:02,,False,,1800,3,0,,0,0,0,0,0,0,0,0,0,,,,,,,,,,,,,,,,,,,,,,
2026002,1,1057,RUSH,(14:02) (Shotgun) P.Strong right tackle to GB 10 for 9 yards (Ja.Davis; D.Jamison). PIT-D.Jamison was injured during the play.,https://pro.nfl.com/api/plays/summaryPlay?gameId=c66dfc69-5f68-11f1-b1d0-bb70a4640075&playId=1057,2,1,10,14:02,99.0,False,False,1800,3,0,0.983330175280571,11,1,2,1,5,11,3,4,4,Tyrod Taylor,Pierre Strong,Bo Melton,Jordan Morgan,Jacob Monk,Donovan Jennings,Messiah Swinson,Anthony Belton,Savion Williams,Drake Dabney,Jager Burton,Dean Lowry,Cole Holcomb,Jamin Davis,Esezi Otomewo,D'Shawn Jamison,Jack Sawyer,Yahya Black,Carson Bruener,Sebastian Castro,Daylen Everette,Robert Spears-Jennings
2026002,1,1089,RUSH,(13:38) P.Strong up the middle to GB 14 for 4 yards (J.Sawyer).,https://pro.nfl.com/api/plays/summaryPlay?gameId=c66dfc69-5f68-11f1-b1d0-bb70a4640075&playId=1089,2,2,1,13:38,90.0,False,False,1800,3,0,0.24948813766241074,11,1,1,2,5,11,2,4,5,Tyrod Taylor,Skyy Moore,Pierre Strong,Bo Melton,Jordan Morgan,Jacob Monk,Donovan Jennings,Anthony Belton,Savion Williams,Drake Dabney,Jager Burton,Dean Lowry,Cole Holcomb,Jamin Davis,Jack Sawyer,Yahya Black,Carson Bruener,Doneiko Slaughter,Sebastian Castro,Daylen Everette,Robert Spears-Jennings,Devan Boykin
2026002,1,1111,PASS,(13:04) T.Taylor pass short left to S.Williams to GB 15 for 1 yard (Ja.Davis).,https://pro.nfl.com/api/plays/summaryPlay?gameId=c66dfc69-5f68-11f1-b1d0-bb70a4640075&playId=1111,2,1,10,13:04,86.0,False,False,1800,3,0,-0.4871975779533386,11,1,2,1,5,11,3,4,4,Tyrod Taylor,Pierre Strong,Bo Melton,Jordan Morgan,Jacob Monk,Donovan Jennings,Messiah Swinson,Anthony Belton,Savion Williams,Drake Dabney,Jager Burton,Dean Lowry,Cole Holcomb,Jamin Davis,Esezi Otomewo,Jack Sawyer,Yahya Black,Carson Bruener,Doneiko Slaughter,Sebastian Castro,Daylen Everette,Robert Spears-Jennings
2026002,1,1136,PASS,(12:28) (Shotgun) T.Taylor pass short left to S.Williams to GB 22 for 7 yards (C.Bruener). ** Injury Update: PIT-D.Jamison has returned to the game.,https://pro.nfl.com/api/plays/summaryPlay?gameId=c66dfc69-5f68-11f1-b1d0-bb70a4640075&playId=1136,2,2,9,12:28,85.0,False,False,1800,3,0,0.3686574683524668,11,1,1,2,5,11,2,4,5,Tyrod Taylor,Skyy Moore,Pierre Strong,Bo Melton,Jordan Morgan,Jacob Monk,Donovan Jennings,Anthony Belton,Savion Williams,Drake Dabney,Jager Burton,Dean Lowry,Cole Holcomb,Jamin Davis,D'Shawn Jamison,Jack Sawyer,Yahya Black,Carson Bruener,Doneiko Slaughter,Sebastian Castro,Daylen Everette,Robert Spears-Jennings
2026002,1,1161,RUSH,"(11:49) (Shotgun) T.Taylor scrambles right tackle to GB 26 for 4 yards (C.Holcomb).
PENALTY on PIT-C.Holcomb, Unnecessary Roughness, 15 yards, enforced at GB 26.",https://pro.nfl.com/api/plays/summaryPlay?gameId=c66dfc69-5f68-11f1-b1d0-bb70a4640075&playId=1161,2,3,2,11:49,78.0,False,False,1800,3,0,1.8681813364382833,11,1,1,2,5,11,2,4,5,Tyrod Taylor,Skyy Moore,Pierre Strong,Bo Melton,Jordan Morgan,Jacob Monk,Donovan Jennings,Anthony Belton,Savion Williams,Drake Dabney,Jager Burton,Dean Lowry,Cole Holcomb,Jamin Davis,Esezi Otomewo,D'Shawn Jamison,Jack Sawyer,Carson Bruener,Doneiko Slaughter,Sebastian Castro,Daylen Everette,Robert Spears-Jennings
2026002,1,1197,RUSH,"(11:32) P.Strong left end to GB 37 for -4 yards (R.Spears-Jennings).
PENALTY on PIT-D.Slaughter, Unnecessary Roughness, 15 yards, enforced at GB 37.",https://pro.nfl.com/api/plays/summaryPlay?gameId=c66dfc69-5f68-11f1-b1d0-bb70a4640075&playId=1197,2,1,10,11:32,59.0,False,False,1800,3,0,0.7046309829456732,11,1,1,2,5,11,2,4,5,Tyrod Taylor,Skyy Moore,Pierre Strong,Bo Melton,Jordan Morgan,Jacob Monk,Donovan Jennings,Messiah Swinson,Anthony Belton,Isaiah Neyor,Jager Burton,Cole Holcomb,Jamin Davis,Esezi Otomewo,D'Shawn Jamison,Julius Welschof,Yahya Black,Carson Bruener,Doneiko Slaughter,Sebastian Castro,Daylen Everette,Robert Spears-Jennings
2026002,1,1230,PENALTY,"(11:09) T.Taylor pass incomplete deep middle to B.Melton.
PENALTY on GB, Illegal Formation, 5 yards, enforced at PIT 48 - No Play.",https://pro.nfl.com/api/plays/summaryPlay?gameId=c66dfc69-5f68-11f1-b1d0-bb70a4640075&playId=1230,2,1,10,11:09,48.0,False,False,1800,3,0,-0.7142096913885325,11,1,2,1,5,11,3,4,4,Tyrod Taylor,Bo Melton,Jordan Morgan,Jacob Monk,Donovan Jennings,Messiah Swinson,Anthony Belton,Savion Williams,Drake Dabney,Jager Burton,Jaden Nixon,Cole Holcomb,Jamin Davis,Esezi Otomewo,D'Shawn Jamison,Julius Welschof,Yahya Black,Carson Bruener,Sebastian Castro,Daylen Everette,Gabe Rubio,Robert Spears-Jennings
2026002,1,1264,PASS,(11:02) (Shotgun) T.Taylor pass incomplete short right to S.Moore (D.Slaughter).,https://pro.nfl.com/api/plays/summaryPlay?gameId=c66dfc69-5f68-11f1-b1d0-bb70a4640075&playId=1264,2,1,15,11:02,53.0,False,False,1800,3,0,-0.532260300940834,11,1,1,3,5,11,2,4,5,Tyrod Taylor,Skyy Moore,Jordan Morgan,Jacob Monk,Donovan Jennings,Anthony Belton,Savion Williams,Isaiah Neyor,Drake Dabney,Jager Burton,Jaden Nixon,Cole Holcomb,Esezi Otomewo,D'Shawn Jamison,Julius Welschof,Jack Sawyer,Carson Bruener,Doneiko Slaughter,Sebastian Castro,Daylen Everette,Gabe Rubio,Robert Spears-Jennings
2026002,1,1299,PASS,(10:59) (Shotgun) T.Taylor pass short left to I.Neyor pushed ob at PIT 47 for 6 yards (C.Bruener; D.Everette).,https://pro.nfl.com/api/plays/summaryPlay?gameId=c66dfc69-5f68-11f1-b1d0-bb70a4640075&playId=1299,2,2,15,10:59,53.0,False,False,1800,3,0,-0.16732258046977222,11,1,1,3,5,11,2,4,5,Tyrod Taylor,Skyy Moore,Jordan Morgan,Jacob Monk,Donovan Jennings,Anthony Belton,Savion Williams,Isaiah Neyor,Drake Dabney,Jager Burton,Jaden Nixon,Dean Lowry,Cole Holcomb,D'Shawn Jamison,Julius Welschof,Jack Sawyer,Carson Bruener,Doneiko Slaughter,Sebastian Castro,Daylen Everette,Gabe Rubio,Robert Spears-Jennings
2026002,1,1329,PASS,(10:28) (Shotgun) T.Taylor pass incomplete short middle to S.Moore (C.Holcomb).,https://pro.nfl.com/api/plays/summaryPlay?gameId=c66dfc69-5f68-11f1-b1d0-bb70a4640075&playId=1329,2,3,9,10:28,47.0,False,False,1800,3,0,-1.9712582264328375,11,1,1,2,5,11,2,4,5,Tyrod Taylor,Skyy Moore,Pierre Strong,Bo Melton,Jordan Morgan,Jacob Monk,Donovan Jennings,Anthony Belton,Isaiah Neyor,Drake Dabney,Jager Burton,Dean Lowry,Cole Holcomb,Jamin Davis,Esezi Otomewo,D'Shawn Jamison,Jack Sawyer,Carson Bruener,Doneiko Slaughter,Sebastian Castro,Daylen Everette,Robert Spears-Jennings
2026002,1,1352,PUNT,"(10:23) D.Whelan punts 47 yards to end zone, Center-C.Adomitis, Touchback.",https://pro.nfl.com/api/plays/summaryPlay?gameId=c66dfc69-5f68-11f1-b1d0-bb70a4640075&playId=1352,2,4,9,10:23,47.0,False,False,1800,3,0,-0.7702270067529753,11,1,0,1,0,11,0,3,4,Benjamin St-Juste,Nick Niemann,Isaiah McDuffie,Pierre Strong,Arron Mosby,Cal Adomitis,Daniel Whelan,Brenton Cox Jr.,Ty'Ron Hopper,Kitan Oladapo,J. Michael Sturdivant,Rayshawn Jenkins,Cole Holcomb,Travis Homer,Ben Skowronek,D'Shawn Jamison,Jack Sawyer,Carson Bruener,Sebastian Castro,Daylen Everette,Kaden Wetjen,Riley Nowakowski
2026002,1,1382,TIMEOUT,Timeout at 10:14.,https://pro.nfl.com/api/plays/summaryPlay?gameId=c66dfc69-5f68-11f1-b1d0-bb70a4640075&playId=1382,2,0,0,10:14,,False,,1800,3,0,,0,0,0,0,0,0,0,0,0,,,,,,,,,,,,,,,,,,,,,,
2026002,1,1370,RUSH,(10:14) (Shotgun) T.Homer up the middle to PIT 23 for 3 yards (I.McDuffie).,https://pro.nfl.com/api/plays/summaryPlay?gameId=c66dfc69-5f68-11f1-b1d0-bb70a4640075&playId=1370,2,1,10,10:14,80.0,False,False,3900,0,3,-0.3217497430741787,11,1,1,3,5,11,5,1,5,Robert Tonyan,Travis Homer,Brandon Smith,Ryan McCollum,Brock Hoffman,Dylan Cook,Broderick Jones,Spencer Anderson,Will Howard,Germie Bernard,Kaden Wetjen,Benjamin St-Juste,Isaiah McDuffie,Jonathan Ford,Arron Mosby,Brenton Cox Jr.,Jaylin Simpson,Kitan Oladapo,Mark Perry,Nazir Stackhouse,Chris McClellan,Murvin Kenion
2026002,1,1399,PASS,(9:38) W.Howard pass short right to B.Smith to PIT 32 for 9 yards (B.St-Juste).,https://pro.nfl.com/api/plays/summaryPlay?gameId=c66dfc69-5f68-11f1-b1d0-bb70a4640075&playId=1399,2,2,7,09:38,77.0,False,False,3900,0,3,0.929638807894662,11,1,1,3,5,11,4,2,5,Robert Tonyan,Travis Homer,Brandon Smith,Ryan McCollum,Brock Hoffman,Dylan Cook,Broderick Jones,Spencer Anderson,Will Howard,Germie Bernard,Kaden Wetjen,Benjamin St-Juste,Isaiah McDuffie,Arron Mosby,Brenton Cox Jr.,Ty'Ron Hopper,Jaylin Simpson,Kitan Oladapo,Mark Perry,Warren Brinson,Anthony Campbell,Murvin Kenion
2026002,1,1424,PASS,"(9:16) (No Huddle, Shotgun) W.Howard pass incomplete short right.",https://pro.nfl.com/api/plays/summaryPlay?gameId=c66dfc69-5f68-11f1-b1d0-bb70a4640075&playId=1424,2,1,10,09:16,68.0,False,False,3900,0,3,-0.5253222617320716,11,1,1,3,5,11,4,2,5,Robert Tonyan,Travis Homer,Brandon Smith,Ryan McCollum,Brock Hoffman,Dylan Cook,Broderick Jones,Spencer Anderson,Will Howard,Germie Bernard,Kaden Wetjen,Benjamin St-Juste,Isaiah McDuffie,Arron Mosby,Brenton Cox Jr.,Ty'Ron Hopper,Jaylin Simpson,Kitan Oladapo,Mark Perry,Warren Brinson,Anthony Campbell,Murvin Kenion
2026002,1,1447,RUSH,"(9:09) (Shotgun) T.Homer up the middle to PIT 31 for -1 yards (W.Brinson, A.Campbell).",https://pro.nfl.com/api/plays/summaryPlay?gameId=c66dfc69-5f68-11f1-b1d0-bb70a4640075&playId=1447,2,2,10,09:09,68.0,False,False,3900,0,3,-1.3900985184591264,11,1,1,3,5,11,3,3,5,Robert Tonyan,Travis Homer,Brandon Smith,Ryan McCollum,Brock Hoffman,Dylan Cook,Broderick Jones,Spencer Anderson,Roman Wilson,Will Howard,Germie Bernard,Benjamin St-Juste,Isaiah McDuffie,Arron Mosby,Ty'Ron Hopper,Jaylin Simpson,Kitan Oladapo,Mark Perry,Collin Oliver,Warren Brinson,Anthony Campbell,Murvin Kenion
2026002,1,1469,SACK,(8:28) (Shotgun) W.Howard sacked at PIT 29 for -2 yards (K.Oladapo).,https://pro.nfl.com/api/plays/summaryPlay?gameId=c66dfc69-5f68-11f1-b1d0-bb70a4640075&playId=1469,2,3,11,08:28,69.0,False,False,3900,0,3,-1.2112239790149033,11,1,1,3,5,11,2,4,5,Robert Tonyan,Brandon Smith,Ryan McCollum,Brock Hoffman,Dylan Cook,Broderick Jones,Lew Nichols III,Spencer Anderson,Roman Wilson,Will Howard,Germie Bernard,Benjamin St-Juste,Isaiah McDuffie,Ty'Ron Hopper,Jaylin Simpson,Kitan Oladapo,Mark Perry,Collin Oliver,Warren Brinson,Anthony Campbell,Nyjalik Kelly,Murvin Kenion
2026002,1,1489,PUNT,"(7:58) C.Johnston punts 44 yards to GB 27, Center-C.Kuntz. S.Moore to GB 41 for 14 yards (D.Everette).",https://pro.nfl.com/api/plays/summaryPlay?gameId=c66dfc69-5f68-11f1-b1d0-bb70a4640075&playId=1489,2,4,13,07:58,71.0,False,False,3900,0,3,-0.7726959915598854,11,1,2,2,0,11,2,3,3,Cameron Johnston,Robert Tonyan,Christian Kuntz,Cole Holcomb,Travis Homer,Ben Skowronek,Brandon Smith,Jack Sawyer,Carson Bruener,Daylen Everette,Riley Nowakowski,Kristian Welch,Benjamin St-Juste,Skyy Moore,Pierre Strong,Arron Mosby,Brenton Cox Jr.,Jaylin Simpson,Kitan Oladapo,Collin Oliver,Drake Dabney,TJ Quinn
2026002,1,1527,TIMEOUT,Timeout at 07:45.,https://pro.nfl.com/api/plays/summaryPlay?gameId=c66dfc69-5f68-11f1-b1d0-bb70a4640075&playId=1527,2,0,0,07:45,,False,,1800,3,0,,0,0,0,0,0,0,0,0,0,,,,,,,,,,,,,,,,,,,,,,
2026002,1,1515,RUSH,(7:45) J.Nixon right guard to GB 39 for -2 yards (D.Boykin).,https://pro.nfl.com/api/plays/summaryPlay?gameId=c66dfc69-5f68-11f1-b1d0-bb70a4640075&playId=1515,2,1,10,07:45,59.0,False,False,1800,3,0,-0.9747721970779821,11,1,1,3,5,11,2,4,5,Skyy Moore,Jacob Monk,Donovan Jennings,Anthony Belton,Savion Williams,Kyle McCord,John Williams,Isaiah Neyor,Drake Dabney,Jager Burton,Jaden Nixon,Dean Lowry,Cole Holcomb,Jamin Davis,D'Shawn Jamison,Jack Sawyer,Yahya Black,Carson Bruener,Sebastian Castro,Daylen Everette,Robert Spears-Jennings,Devan Boykin
2026002,1,1544,PASS,(7:14) (Shotgun) K.McCord pass short middle to S.Moore to 50 for 11 yards (D.Boykin).,https://pro.nfl.com/api/plays/summaryPlay?gameId=c66dfc69-5f68-11f1-b1d0-bb70a4640075&playId=1544,2,2,12,07:14,61.0,False,False,1800,3,0,1.1968682592269033,11,1,1,3,5,11,2,4,5,Skyy Moore,Pierre Strong,Jacob Monk,Donovan Jennings,Anthony Belton,Savion Williams,Kyle McCord,John Williams,Isaiah Neyor,Drake Dabney,Jager Burton,Dean Lowry,Cole Holcomb,Jamin Davis,D'Shawn Jamison,Jack Sawyer,Yahya Black,Carson Bruener,Sebastian Castro,Daylen Everette,Robert Spears-Jennings,Devan Boykin
2026002,1,1569,RUSH,(6:41) K.McCord up the middle to PIT 48 for 2 yards (C.Bruener).,https://pro.nfl.com/api/plays/summaryPlay?gameId=c66dfc69-5f68-11f1-b1d0-bb70a4640075&playId=1569,2,3,1,06:41,50.0,False,False,1800,3,0,0.4369400948053226,11,1,2,2,5,11,3,4,4,Pierre Strong,Jacob Monk,Donovan Jennings,Messiah Swinson,Anthony Belton,Savion Williams,Kyle McCord,John Williams,Isaiah Neyor,Drake Dabney,Jager Burton,Dean Lowry,Cole Holcomb,Jamin Davis,Esezi Otomewo,D'Shawn Jamison,Jack Sawyer,Yahya Black,Carson Bruener,Sebastian Castro,Daylen Everette,Robert Spears-Jennings
2026002,1,1591,RUSH,(6:01) S.Moore left end to PIT 42 for 6 yards (D.Everette; J.Welschof).,https://pro.nfl.com/api/plays/summaryPlay?gameId=c66dfc69-5f68-11f1-b1d0-bb70a4640075&playId=1591,2,1,10,06:01,48.0,False,False,1800,3,0,0.3217566608218476,11,1,1,3,5,11,2,4,5,Skyy Moore,Pierre Strong,Jacob Monk,Donovan Jennings,Anthony Belton,Savion Williams,Kyle McCord,John Williams,Isaiah Neyor,Drake Dabney,Jager Burton,Cole Holcomb,Esezi Otomewo,D'Shawn Jamison,Julius Welschof,Jack Sawyer,Yahya Black,Carson Bruener,Sebastian Castro,Daylen Everette,Robert Spears-Jennings,Devan Boykin
2026002,1,1613,PASS,"(5:20) (Shotgun) K.McCord pass incomplete deep right to S.Williams (D.Boykin, E.Otomewo).",https://pro.nfl.com/api/plays/summaryPlay?gameId=c66dfc69-5f68-11f1-b1d0-bb70a4640075&playId=1613,2,2,4,05:20,42.0,False,False,1800,3,0,-0.7461089169373736,11,1,1,3,5,11,2,4,5,Pierre Strong,Jacob Monk,Donovan Jennings,Messiah Swinson,Anthony Belton,Savion Williams,Kyle McCord,John Williams,Isaiah Neyor,Jager Burton,J. Michael Sturdivant,Cole Holcomb,Esezi Otomewo,D'Shawn Jamison,Julius Welschof,Jack Sawyer,Yahya Black,Carson Bruener,Sebastian Castro,Daylen Everette,Robert Spears-Jennings,Devan Boykin
2026002,1,1636,RUSH,(5:14) (Shotgun) K.McCord scrambles left end pushed ob at PIT 37 for 5 yards (J.Sawyer).,https://pro.nfl.com/api/plays/summaryPlay?gameId=c66dfc69-5f68-11f1-b1d0-bb70a4640075&playId=1636,2,3,4,05:14,42.0,False,False,1800,3,0,0.9535252996720374,11,1,1,3,5,11,2,4,5,Pierre Strong,Jacob Monk,Donovan Jennings,Anthony Belton,Savion Williams,Kyle McCord,John Williams,Isaiah Neyor,Drake Dabney,Jager Burton,J. Michael Sturdivant,Dean Lowry,Cole Holcomb,D'Shawn Jamison,Julius Welschof,Jack Sawyer,Carson Bruener,Sebastian Castro,Daylen Everette,Robert Spears-Jennings,Devan Boykin,Kevin Jobity Jr.
2026002,1,1663,RUSH,(4:43) J.Nixon right end to PIT 38 for -1 yards (C.Holcomb).,https://pro.nfl.com/api/plays/summaryPlay?gameId=c66dfc69-5f68-11f1-b1d0-bb70a4640075&playId=1663,2,1,10,04:43,37.0,False,False,1800,3,0,-0.9002750618383288,11,1,1,3,5,11,2,4,5,Jacob Monk,Donovan Jennings,Anthony Belton,Savion Williams,Kyle McCord,John Williams,Isaiah Neyor,Drake Dabney,Jager Burton,Jaden Nixon,J. Michael Sturdivant,Cole Holcomb,Jamin Davis,D'Shawn Jamison,Julius Welschof,Carson Bruener,Sebastian Castro,Daylen Everette,Gabe Rubio,Robert Spears-Jennings,Devan Boykin,Kevin Jobity Jr.
2026002,1,1695,RUSH,(4:08) J.Nixon right guard to PIT 37 for 1 yard (G.Rubio).,https://pro.nfl.com/api/plays/summaryPlay?gameId=c66dfc69-5f68-11f1-b1d0-bb70a4640075&playId=1695,2,2,11,04:08,38.0,False,False,1800,3,0,-0.40441837650723755,11,1,2,2,5,11,3,4,4,Jacob Monk,Donovan Jennings,Messiah Swinson,Anthony Belton,Kyle McCord,John Williams,Isaiah Neyor,Drake Dabney,Jager Burton,Jaden Nixon,J. Michael Sturdivant,Cole Holcomb,Jamin Davis,D'Shawn Jamison,Julius Welschof,Yahya Black,Carson Bruener,Sebastian Castro,Daylen Everette,Gabe Rubio,Robert Spears-Jennings,Kevin Jobity Jr.
2026002,1,1717,SACK,(3:28) (Shotgun) K.McCord sacked at PIT 43 for -6 yards (sack split by Ja.Davis and J.Sawyer).,https://pro.nfl.com/api/plays/summaryPlay?gameId=c66dfc69-5f68-11f1-b1d0-bb70a4640075&playId=1717,2,3,10,03:28,37.0,False,False,1800,3,0,-2.2636883283266798,11,1,1,3,5,11,2,4,5,Jacob Monk,Donovan Jennings,Messiah Swinson,Anthony Belton,Savion Williams,Kyle McCord,John Williams,Isaiah Neyor,Jager Burton,Jaden Nixon,J. Michael Sturdivant,Dean Lowry,Cole Holcomb,Jamin Davis,Esezi Otomewo,D'Shawn Jamison,Jack Sawyer,Carson Bruener,Sebastian Castro,Daylen Everette,Robert Spears-Jennings,Devan Boykin
2026002,1,1737,PUNT,"(2:49) D.Whelan punts 43 yards to end zone, Center-C.Adomitis, Touchback.",https://pro.nfl.com/api/plays/summaryPlay?gameId=c66dfc69-5f68-11f1-b1d0-bb70a4640075&playId=1737,2,4,16,02:49,43.0,False,False,1800,3,0,-0.9916421663947403,11,1,0,1,0,11,0,3,4,Kristian Welch,Benjamin St-Juste,Nick Niemann,Pierre Strong,Arron Mosby,Cal Adomitis,Daniel Whelan,Brenton Cox Jr.,Kitan Oladapo,Collin Oliver,J. Michael Sturdivant,Rayshawn Jenkins,Cole Holcomb,Travis Homer,Ben Skowronek,D'Shawn Jamison,Jack Sawyer,Carson Bruener,Sebastian Castro,Daylen Everette,Kaden Wetjen,Riley Nowakowski
2026002,1,1767,TIMEOUT,Timeout at 02:39.,https://pro.nfl.com/api/plays/summaryPlay?gameId=c66dfc69-5f68-11f1-b1d0-bb70a4640075&playId=1767,2,0,0,02:39,,False,,1800,3,0,,0,0,0,0,0,0,0,0,0,,,,,,,,,,,,,,,,,,,,,,
2026002,1,1755,RUSH,(2:39) L.Nichols up the middle to PIT 24 for 4 yards (N.Niemann).,https://pro.nfl.com/api/plays/summaryPlay?gameId=c66dfc69-5f68-11f1-b1d0-bb70a4640075&playId=1755,2,1,10,02:39,80.0,False,False,3900,0,3,-0.21321815229021013,11,1,2,2,5,11,3,4,4,Robert Tonyan,Ryan McCollum,Brock Hoffman,Dylan Cook,Broderick Jones,Lew Nichols III,Roman Wilson,Jaheim Bell,Doug Nester,Will Howard,Germie Bernard,Benjamin St-Juste,Nick Niemann,Jonathan Ford,Ty'Ron Hopper,Jaylin Simpson,Mark Perry,Collin Oliver,Nazir Stackhouse,Chris McClellan,Nyjalik Kelly,Murvin Kenion
2026002,1,1784,RUSH,(2:03) (Shotgun) L.Nichols left guard to PIT 29 for 5 yards (M.Perry; C.Oliver).,https://pro.nfl.com/api/plays/summaryPlay?gameId=c66dfc69-5f68-11f1-b1d0-bb70a4640075&playId=1784,2,2,6,02:03,76.0,False,False,3900,0,3,-0.002993896836414933,11,1,1,3,5,11,2,4,5,Robert Tonyan,Ben Skowronek,Ryan McCollum,Brock Hoffman,Dylan Cook,Broderick Jones,Lew Nichols III,Roman Wilson,Doug Nester,Will Howard,Germie Bernard,Benjamin St-Juste,Nick Niemann,Ty'Ron Hopper,Jaylin Simpson,Kitan Oladapo,Mark Perry,Collin Oliver,Warren Brinson,Anthony Campbell,Nyjalik Kelly,Murvin Kenion
2026002,1,1818,TIMEOUT,Two-Minute Warning,https://pro.nfl.com/api/plays/summaryPlay?gameId=c66dfc69-5f68-11f1-b1d0-bb70a4640075&playId=1818,2,0,0,01:57,,False,,1800,3,0,,0,0,0,0,0,0,0,0,0,,,,,,,,,,,,,,,,,,,,,,
2026002,1,1806,RUSH,"(1:57) (Shotgun) L.Nichols left tackle to PIT 30 for 1 yard (C.Oliver; N.Kelly).
The Replay Official reviewed the first down ruling, and the play was REVERSED.
(Shotgun) L.Nichols left tackle to PIT 29 for no gain (C.Oliver; N.Kelly).",https://pro.nfl.com/api/plays/summaryPlay?gameId=c66dfc69-5f68-11f1-b1d0-bb70a4640075&playId=1806,2,3,1,01:57,71.0,False,False,3900,0,3,-1.3813738762401044,11,1,1,3,5,11,2,4,5,Robert Tonyan,Ben Skowronek,Ryan McCollum,Brock Hoffman,Dylan Cook,Broderick Jones,Lew Nichols III,Roman Wilson,Doug Nester,Will Howard,Germie Bernard,Benjamin St-Juste,Nick Niemann,Ty'Ron Hopper,Jaylin Simpson,Kitan Oladapo,Mark Perry,Collin Oliver,Warren Brinson,Anthony Campbell,Nyjalik Kelly,Murvin Kenion
2026002,1,1835,PASS,(1:48) W.Howard pass deep left to B.Skowronek to PIT 46 for 17 yards (M.Kenion).,https://pro.nfl.com/api/plays/summaryPlay?gameId=c66dfc69-5f68-11f1-b1d0-bb70a4640075&playId=1835,2,4,1,01:48,71.0,False,False,3900,0,3,2.776715172920376,11,1,1,3,5,11,4,2,5,Robert Tonyan,Ben Skowronek,Ryan McCollum,Brock Hoffman,Dylan Cook,Broderick Jones,Lew Nichols III,Roman Wilson,Doug Nester,Will Howard,Germie Bernard,Benjamin St-Juste,Nick Niemann,Jonathan Ford,Brenton Cox Jr.,Jaylin Simpson,Kitan Oladapo,Mark Perry,Collin Oliver,Nazir Stackhouse,Chris McClellan,Murvin Kenion
2026002,1,1887,PASS,"(1:27) (No Huddle, Shotgun) W.Howard pass short left to R.Tonyan to GB 38 for 16 yards (M.Perry). GB-M.Perry was injured during the play.",https://pro.nfl.com/api/plays/summaryPlay?gameId=c66dfc69-5f68-11f1-b1d0-bb70a4640075&playId=1887,2,1,10,01:27,54.0,False,False,3900,0,3,0.8607519305660389,11,1,1,3,5,11,4,2,5,Robert Tonyan,Ben Skowronek,Ryan McCollum,Brock Hoffman,Dylan Cook,Broderick Jones,Lew Nichols III,Roman Wilson,Doug Nester,Will Howard,Germie Bernard,Benjamin St-Juste,Nick Niemann,Jonathan Ford,Brenton Cox Jr.,Jaylin Simpson,Kitan Oladapo,Mark Perry,Collin Oliver,Nazir Stackhouse,Chris McClellan,Murvin Kenion
2026002,1,1927,TIMEOUT,Timeout #1 by GB at 01:13.,https://pro.nfl.com/api/plays/summaryPlay?gameId=c66dfc69-5f68-11f1-b1d0-bb70a4640075&playId=1927,2,0,0,01:13,,False,,1800,3,0,,0,0,0,0,0,0,0,0,0,,,,,,,,,,,,,,,,,,,,,,
2026002,1,1915,PASS,(1:13) (Shotgun) W.Howard pass short left to R.Tonyan to GB 23 for 15 yards (T.Hopper).,https://pro.nfl.com/api/plays/summaryPlay?gameId=c66dfc69-5f68-11f1-b1d0-bb70a4640075&playId=1915,2,1,10,01:13,38.0,False,False,3900,0,3,1.0127888518036343,11,1,1,3,5,11,3,3,5,Robert Tonyan,Ben Skowronek,Ryan McCollum,Brock Hoffman,Dylan Cook,Broderick Jones,Lew Nichols III,Roman Wilson,Doug Nester,Will Howard,Germie Bernard,Benjamin St-Juste,Nick Niemann,Brenton Cox Jr.,Ty'Ron Hopper,Jaylin Simpson,Kitan Oladapo,Shemar Bartholomew,Collin Oliver,Warren Brinson,Chris McClellan,Murvin Kenion
2026002,1,1947,PASS,"(:53) (No Huddle, Shotgun) W.Howard pass deep middle to R.Tonyan for 23 yards, TOUCHDOWN.
The Replay Official reviewed the runner broke the plane ruling, and the play was REVERSED.
(No Huddle, Shotgun) W.Howard pass deep middle to R.Tonyan to GB 1 for 22 yards (M.Kenion).",https://pro.nfl.com/api/plays/summaryPlay?gameId=c66dfc69-5f68-11f1-b1d0-bb70a4640075&playId=1947,2,1,10,00:53,23.0,False,False,3900,0,3,2.322248936543474,11,1,1,3,5,11,3,3,5,Robert Tonyan,Ben Skowronek,Ryan McCollum,Brock Hoffman,Dylan Cook,Broderick Jones,Lew Nichols III,Roman Wilson,Doug Nester,Will Howard,Germie Bernard,Benjamin St-Juste,Nick Niemann,Brenton Cox Jr.,Ty'Ron Hopper,Jaylin Simpson,Kitan Oladapo,Shemar Bartholomew,Collin Oliver,Warren Brinson,Chris McClellan,Murvin Kenion
2026002,1,2017,TIMEOUT,Timeout #2 by GB at 00:49.  10-second runoff avoided.,https://pro.nfl.com/api/plays/summaryPlay?gameId=c66dfc69-5f68-11f1-b1d0-bb70a4640075&playId=2017,2,0,0,00:49,,False,,1800,3,0,,0,0,0,0,0,0,0,0,0,,,,,,,,,,,,,,,,,,,,,,
2026002,1,2003,RUSH,"(:49) L.Nichols up the middle for 1 yard, TOUCHDOWN.",https://pro.nfl.com/api/plays/summaryPlay?gameId=c66dfc69-5f68-11f1-b1d0-bb70a4640075&playId=2003,2,1,1,00:49,1.0,True,True,3900,0,3,0.6380568847234827,11,1,4,0,5,11,4,3,4,Robert Tonyan,Ryan McCollum,Brock Hoffman,Dylan Cook,Broderick Jones,Lew Nichols III,Jaheim Bell,Doug Nester,Will Howard,Riley Nowakowski,Lake McRee,Benjamin St-Juste,Nick Niemann,Jonathan Ford,Brenton Cox Jr.,Ty'Ron Hopper,Jaylin Simpson,Kitan Oladapo,Jaden Crumedy,Collin Oliver,Nazir Stackhouse,Murvin Kenion
2026002,1,2035,XP_KICK,"C.Boswell extra point is GOOD, Center-C.Kuntz, Holder-C.Johnston.",https://pro.nfl.com/api/plays/summaryPlay?gameId=c66dfc69-5f68-11f1-b1d0-bb70a4640075&playId=2035,2,0,0,00:46,15.0,False,False,3900,6,3,0.06888505002846201,11,0,1,0,4,11,3,4,4,Chris Boswell,Dean Lowry,Cameron Johnston,Robert Tonyan,Christian Kuntz,Ryan McCollum,Esezi Otomewo,Dylan Cook,Spencer Anderson,Doug Nester,Yahya Black,Kristian Welch,Nick Niemann,Brenton Cox Jr.,Jaylin Simpson,Kitan Oladapo,Jaden Crumedy,Shemar Bartholomew,Collin Oliver,Anthony Campbell,Nyjalik Kelly,Murvin Kenion
2026002,1,2050,KICK_OFF,C.Boswell kicks 65 yards from PIT 35 to GB 0. S.Williams to GB 25 for 25 yards (C.Bruener).,https://pro.nfl.com/api/plays/summaryPlay?gameId=c66dfc69-5f68-11f1-b1d0-bb70a4640075&playId=2050,2,0,0,00:46,65.0,False,False,3900,7,3,0.023899700725451112,11,2,1,1,0,11,2,2,2,Chris Boswell,Rayshawn Jenkins,Cole Holcomb,Travis Homer,Ben Skowronek,D'Shawn Jamison,Jack Sawyer,Carson Bruener,Max Hurleman,Daylen Everette,Riley Nowakowski,Kristian Welch,Benjamin St-Juste,Pierre Strong,Arron Mosby,Brenton Cox Jr.,Kitan Oladapo,Savion Williams,Collin Oliver,Isaiah Neyor,Drake Dabney,J. Michael Sturdivant
2026002,1,2073,PASS,(:38) (Shotgun) K.McCord pass short middle to S.Williams to GB 35 for 10 yards (R.Spears-Jennings).,https://pro.nfl.com/api/plays/summaryPlay?gameId=c66dfc69-5f68-11f1-b1d0-bb70a4640075&playId=2073,2,1,10,00:38,75.0,False,False,1800,3,7,0.044796816480811685,11,1,1,3,5,11,2,4,5,Pierre Strong,Jacob Monk,Donovan Jennings,Anthony Belton,Savion Williams,Kyle McCord,John Williams,Isaiah Neyor,Drake Dabney,Jager Burton,J. Michael Sturdivant,Cole Holcomb,Jamin Davis,Esezi Otomewo,D'Shawn Jamison,Jack Sawyer,Carson Bruener,Sebastian Castro,Daylen Everette,Robert Spears-Jennings,Devan Boykin,Kevin Jobity Jr.
2026002,1,2098,PASS,"(:23) (No Huddle, Shotgun) K.McCord pass short left to I.Neyor ran ob at GB 47 for 12 yards.",https://pro.nfl.com/api/plays/summaryPlay?gameId=c66dfc69-5f68-11f1-b1d0-bb70a4640075&playId=2098,2,1,10,00:23,65.0,False,False,1800,3,7,0.4079356020083651,11,1,1,3,5,11,2,4,5,Pierre Strong,Jacob Monk,Donovan Jennings,Anthony Belton,Savion Williams,Kyle McCord,John Williams,Isaiah Neyor,Drake Dabney,Jager Burton,J. Michael Sturdivant,Cole Holcomb,Jamin Davis,Esezi Otomewo,D'Shawn Jamison,Jack Sawyer,Carson Bruener,Sebastian Castro,Daylen Everette,Robert Spears-Jennings,Devan Boykin,Kevin Jobity Jr.
2026002,1,2128,PASS,(:18) (Shotgun) K.McCord pass short right to I.Neyor pushed ob at PIT 48 for 5 yards (D.Jamison).,https://pro.nfl.com/api/plays/summaryPlay?gameId=c66dfc69-5f68-11f1-b1d0-bb70a4640075&playId=2128,2,1,10,00:18,53.0,False,False,1800,3,7,-0.3110131112043746,11,1,1,3,5,11,2,4,5,Pierre Strong,Jacob Monk,Donovan Jennings,Anthony Belton,Savion Williams,Kyle McCord,John Williams,Isaiah Neyor,Drake Dabney,Jager Burton,J. Michael Sturdivant,Cole Holcomb,Jamin Davis,Esezi Otomewo,D'Shawn Jamison,Jack Sawyer,Carson Bruener,Sebastian Castro,Daylen Everette,Robert Spears-Jennings,Devan Boykin,Kevin Jobity Jr.
2026002,1,2170,TIMEOUT,Timeout #3 by GB at 00:12.,https://pro.nfl.com/api/plays/summaryPlay?gameId=c66dfc69-5f68-11f1-b1d0-bb70a4640075&playId=2170,2,0,0,00:12,,False,,1800,3,7,,0,0,0,0,0,0,0,0,0,,,,,,,,,,,,,,,,,,,,,,
2026002,1,2158,PASS,(:12) (Shotgun) K.McCord pass short middle to W.Sheppard to PIT 40 for 8 yards (S.Castro).,https://pro.nfl.com/api/plays/summaryPlay?gameId=c66dfc69-5f68-11f1-b1d0-bb70a4640075&playId=2158,2,2,5,00:12,48.0,False,False,1800,3,7,0.28765097114956006,11,1,1,3,5,11,2,4,5,Pierre Strong,Jacob Monk,Donovan Jennings,Anthony Belton,Kyle McCord,John Williams,Will Sheppard,Isaiah Neyor,Drake Dabney,Jager Burton,J. Michael Sturdivant,Cole Holcomb,Jamin Davis,Esezi Otomewo,D'Shawn Jamison,Jack Sawyer,Carson Bruener,Sebastian Castro,Daylen Everette,Robert Spears-Jennings,Devan Boykin,Kevin Jobity Jr.
2026002,1,2190,PASS,(:02) (No Huddle) K.McCord spiked the ball to stop the clock.,https://pro.nfl.com/api/plays/summaryPlay?gameId=c66dfc69-5f68-11f1-b1d0-bb70a4640075&playId=2190,2,1,10,00:02,40.0,False,False,1800,3,7,-0.08081546745961532,11,1,1,3,5,11,2,4,5,Pierre Strong,Jacob Monk,Donovan Jennings,Anthony Belton,Kyle McCord,John Williams,Will Sheppard,Isaiah Neyor,Drake Dabney,Jager Burton,J. Michael Sturdivant,Cole Holcomb,Jamin Davis,Esezi Otomewo,D'Shawn Jamison,Jack Sawyer,Carson Bruener,Sebastian Castro,Daylen Everette,Robert Spears-Jennings,Devan Boykin,Kevin Jobity Jr.
2026002,1,2218,FIELD_GOAL,"(:01) T.Smack 58 yard field goal is GOOD, Center-C.Adomitis, Holder-D.Whelan.",https://pro.nfl.com/api/plays/summaryPlay?gameId=c66dfc69-5f68-11f1-b1d0-bb70a4640075&playId=2218,2,2,10,00:01,40.0,False,False,1800,3,7,1.9599618889624253,11,0,2,0,6,11,3,4,4,Cal Adomitis,Daniel Whelan,Travis Glover,McCallan Castles,Donovan Jennings,John Williams,Dalton Cooper,Drake Dabney,Jager Burton,Trey Smack,Dylan Barrett,Cole Holcomb,Jamin Davis,Esezi Otomewo,D'Shawn Jamison,Jack Sawyer,Carson Bruener,Sebastian Castro,Daylen Everette,Gabe Rubio,Robert Spears-Jennings,Kevin Jobity Jr.
2026002,1,2238,END_QUARTER,END QUARTER 2,https://pro.nfl.com/api/plays/summaryPlay?gameId=c66dfc69-5f68-11f1-b1d0-bb70a4640075&playId=2238,2,0,0,,,False,,1800,6,7,,0,0,0,0,0,0,0,0,0,,,,,,,,,,,,,,,,,,,,,,
2026002,1,2256,KICK_OFF,"T.Smack kicks 59 yards from GB 35 to PIT 6. K.Wetjen to PIT 23 for 17 yards (J.Sturdivant).
PENALTY on PIT-J.Bell, Offensive Holding, 10 yards, enforced at PIT 23.",https://pro.nfl.com/api/plays/summaryPlay?gameId=c66dfc69-5f68-11f1-b1d0-bb70a4640075&playId=2256,3,0,0,15:00,65.0,False,False,1800,6,7,1.0157809555530548,11,1,0,1,0,11,0,2,3,Kristian Welch,Benjamin St-Juste,Arron Mosby,Brenton Cox Jr.,Kitan Oladapo,MJ Devonshire,Shemar Bartholomew,Collin Oliver,Trey Smack,Jaden Nixon,J. Michael Sturdivant,Malik Harrison,Lew Nichols III,Jaheim Bell,Jacoby Windmon,Sebastian Castro,Kaden Wetjen,Eli Heidenreich,Lance Mason,Levi Wentz,Devan Boykin,Tamon Lynum
2026002,1,2298,PASS,(14:52) W.Howard pass short left to L.Nichols to PIT 12 for -1 yards (T.Hopper). ** Injury Update: GB-M.Perry has returned to the game.,https://pro.nfl.com/api/plays/summaryPlay?gameId=c66dfc69-5f68-11f1-b1d0-bb70a4640075&playId=2298,3,1,10,14:52,87.0,False,False,3900,7,6,-0.8582851961255074,11,2,2,1,5,11,4,3,4,Robert Tonyan,Jack Driscoll,Ryan McCollum,Brock Hoffman,Broderick Jones,Lew Nichols III,Jaheim Bell,Doug Nester,Will Howard,Max Hurleman,Levi Wentz,Benjamin St-Juste,Nick Niemann,Jonathan Ford,Brenton Cox Jr.,Ty'Ron Hopper,Jaylin Simpson,Kitan Oladapo,Mark Perry,Nazir Stackhouse,Chris McClellan,Nyjalik Kelly
2026002,1,2323,RUSH,(14:13) (Shotgun) L.Nichols left guard to PIT 19 for 7 yards (N.Niemann; N.Kelly).,https://pro.nfl.com/api/plays/summaryPlay?gameId=c66dfc69-5f68-11f1-b1d0-bb70a4640075&playId=2323,3,2,11,14:13,88.0,False,False,3900,7,6,0.04930438054725528,11,2,1,2,5,11,3,3,5,Robert Tonyan,Jack Driscoll,Ryan McCollum,Brock Hoffman,Broderick Jones,Lew Nichols III,Doug Nester,Will Howard,Max Hurleman,Kaden Wetjen,Levi Wentz,Benjamin St-Juste,Nick Niemann,Brenton Cox Jr.,Ty'Ron Hopper,Jaylin Simpson,Kitan Oladapo,Shemar Bartholomew,Mark Perry,Anthony Campbell,Chris McClellan,Nyjalik Kelly
2026002,1,2345,PASS,(13:30) (Shotgun) W.Howard pass short middle to R.Tonyan to PIT 27 for 8 yards (T.Hopper).,https://pro.nfl.com/api/plays/summaryPlay?gameId=c66dfc69-5f68-11f1-b1d0-bb70a4640075&playId=2345,3,3,4,13:30,81.0,False,False,3900,7,6,1.9249959220178425,11,2,1,2,5,11,3,3,5,Robert Tonyan,Jack Driscoll,Ryan McCollum,Brock Hoffman,Broderick Jones,Lew Nichols III,Doug Nester,Will Howard,Max Hurleman,Kaden Wetjen,Levi Wentz,Benjamin St-Juste,Nick Niemann,Brenton Cox Jr.,Ty'Ron Hopper,Jaylin Simpson,Kitan Oladapo,Shemar Bartholomew,Mark Perry,Anthony Campbell,Chris McClellan,Nyjalik Kelly
2026002,1,2373,RUSH,(12:50) L.Nichols left tackle to PIT 26 for -1 yards (J.Ford).,https://pro.nfl.com/api/plays/summaryPlay?gameId=c66dfc69-5f68-11f1-b1d0-bb70a4640075&playId=2373,3,1,10,12:50,73.0,False,False,3900,7,6,-1.0017878003418446,11,2,2,1,5,11,4,3,4,Robert Tonyan,Jack Driscoll,Ryan McCollum,Brock Hoffman,Broderick Jones,Lew Nichols III,Jaheim Bell,Doug Nester,Will Howard,Max Hurleman,Levi Wentz,Benjamin St-Juste,Nick Niemann,Jonathan Ford,Arron Mosby,Ty'Ron Hopper,Jaylin Simpson,Kitan Oladapo,Jaden Crumedy,Mark Perry,Collin Oliver,Nazir Stackhouse
2026002,1,2395,RUSH,(12:08) (Shotgun) W.Howard scrambles up the middle to PIT 28 for 2 yards (N.Niemann; T.Hopper).,https://pro.nfl.com/api/plays/summaryPlay?gameId=c66dfc69-5f68-11f1-b1d0-bb70a4640075&playId=2395,3,2,11,12:08,74.0,False,False,3900,7,6,-0.540442958008498,11,2,1,2,5,11,3,3,5,Jack Driscoll,Ryan McCollum,Brock Hoffman,Broderick Jones,Lew Nichols III,Jaheim Bell,Doug Nester,Will Howard,Max Hurleman,Kaden Wetjen,Levi Wentz,Benjamin St-Juste,Nick Niemann,Arron Mosby,Ty'Ron Hopper,Jaylin Simpson,Kitan Oladapo,Shemar Bartholomew,Mark Perry,Collin Oliver,Anthony Campbell,Chris McClellan
2026002,1,2417,PASS,(11:30) (Shotgun) W.Howard pass incomplete short middle to L.Wentz.,https://pro.nfl.com/api/plays/summaryPlay?gameId=c66dfc69-5f68-11f1-b1d0-bb70a4640075&playId=2417,3,3,9,11:30,72.0,False,False,3900,7,6,-1.5186137910932302,11,2,1,2,5,11,3,3,5,Robert Tonyan,Jack Driscoll,Ryan McCollum,Brock Hoffman,Broderick Jones,Lew Nichols III,Doug Nester,Will Howard,Max Hurleman,Kaden Wetjen,Levi Wentz,Benjamin St-Juste,Nick Niemann,Arron Mosby,Ty'Ron Hopper,Jaylin Simpson,Kitan Oladapo,Shemar Bartholomew,Mark Perry,Collin Oliver,Anthony Campbell,Chris McClellan
2026002,1,2440,PUNT,"(11:24) (Punt formation) PENALTY on GB, Defensive Too Many Men on Field, 5 yards, enforced at PIT 28 - No Play.",https://pro.nfl.com/api/plays/summaryPlay?gameId=c66dfc69-5f68-11f1-b1d0-bb70a4640075&playId=2440,3,4,9,11:24,72.0,False,False,3900,7,6,0.4685637429356575,11,1,1,0,0,11,0,3,3,Cameron Johnston,Christian Kuntz,Malik Harrison,Lew Nichols III,D'Shawn Jamison,Jaheim Bell,Julius Welschof,Jacoby Windmon,Jack Henderson,Doneiko Slaughter,Sebastian Castro,Kristian Welch,Jaylin Simpson,Kitan Oladapo,MJ Devonshire,McCallan Castles,Damien Martinez,Kaden Prather,Will Sheppard,Nyjalik Kelly,TJ Quinn,J. Michael Sturdivant
2026002,1,2468,PUNT,"(11:24) C.Johnston punts 52 yards to GB 15, Center-C.Kuntz. W.Sheppard to GB 23 for 8 yards (J.Windmon).
PENALTY on GB-K.Oladapo, Illegal Block Above the Waist, 7 yards, enforced at GB 14.",https://pro.nfl.com/api/plays/summaryPlay?gameId=c66dfc69-5f68-11f1-b1d0-bb70a4640075&playId=2468,3,4,4,11:24,67.0,False,False,3900,7,6,0.9054325832985342,11,1,1,0,0,11,0,3,3,Cameron Johnston,Christian Kuntz,Malik Harrison,Lew Nichols III,D'Shawn Jamison,Jaheim Bell,Julius Welschof,Jacoby Windmon,Jack Henderson,Doneiko Slaughter,Sebastian Castro,Kristian Welch,Jaylin Simpson,Kitan Oladapo,MJ Devonshire,McCallan Castles,Damien Martinez,Kaden Prather,Will Sheppard,Nyjalik Kelly,TJ Quinn,J. Michael Sturdivant
2026002,1,2517,TIMEOUT,Timeout at 11:12.,https://pro.nfl.com/api/plays/summaryPlay?gameId=c66dfc69-5f68-11f1-b1d0-bb70a4640075&playId=2517,3,0,0,11:12,,False,,1800,6,7,,0,0,0,0,0,0,0,0,0,,,,,,,,,,,,,,,,,,,,,,
2026002,1,2505,PASS,(11:12) (Shotgun) K.McCord pass short right to D.Dabney to GB 11 for 4 yards (D.Slaughter).,https://pro.nfl.com/api/plays/summaryPlay?gameId=c66dfc69-5f68-11f1-b1d0-bb70a4640075&playId=2505,3,1,10,11:12,93.0,False,False,1800,6,7,-0.12994096521288157,11,1,1,3,5,11,3,4,4,Darian Kinnard,Travis Glover,Donovan Jennings,Kyle McCord,Damien Martinez,John Williams,Will Sheppard,Isaiah Neyor,Drake Dabney,J. Michael Sturdivant,Dillon Wade,Dean Lowry,Cole Holcomb,Jamin Davis,Esezi Otomewo,Julius Welschof,Carson Bruener,Doneiko Slaughter,Sebastian Castro,Daylen Everette,Gabe Rubio,Devan Boykin
2026002,1,2542,RUSH,(10:36) D.Martinez up the middle to GB 16 for 5 yards (S.Castro; E.Otomewo).,https://pro.nfl.com/api/plays/summaryPlay?gameId=c66dfc69-5f68-11f1-b1d0-bb70a4640075&playId=2542,3,2,6,10:36,89.0,False,False,1800,6,7,0.1972157023847103,11,1,2,2,5,11,3,4,4,Darian Kinnard,Travis Glover,Donovan Jennings,Messiah Swinson,Kyle McCord,Damien Martinez,John Williams,Isaiah Neyor,Drake Dabney,J. Michael Sturdivant,Dillon Wade,Dean Lowry,Cole Holcomb,Jamin Davis,Esezi Otomewo,Julius Welschof,Carson Bruener,Doneiko Slaughter,Sebastian Castro,Daylen Everette,Gabe Rubio,Devan Boykin
2026002,1,2564,RUSH,(9:59) (Shotgun) D.Martinez up the middle to GB 18 for 2 yards (G.Rubio; E.Otomewo).,https://pro.nfl.com/api/plays/summaryPlay?gameId=c66dfc69-5f68-11f1-b1d0-bb70a4640075&playId=2564,3,3,1,09:59,84.0,False,False,1800,6,7,0.69987539248541,11,1,2,2,5,11,3,4,4,Darian Kinnard,Travis Glover,Donovan Jennings,Messiah Swinson,Kyle McCord,Damien Martinez,John Williams,Isaiah Neyor,Drake Dabney,J. Michael Sturdivant,Dillon Wade,Dean Lowry,Cole Holcomb,Jamin Davis,Esezi Otomewo,Julius Welschof,Carson Bruener,Doneiko Slaughter,Sebastian Castro,Daylen Everette,Gabe Rubio,Devan Boykin
2026002,1,2586,RUSH,(9:20) (Shotgun) D.Martinez left tackle to GB 22 for 4 yards (D.Everette; D.Boykin).,https://pro.nfl.com/api/plays/summaryPlay?gameId=c66dfc69-5f68-11f1-b1d0-bb70a4640075&playId=2586,3,1,10,09:20,82.0,False,False,1800,6,7,-0.29625711450353265,11,1,1,3,5,11,2,4,5,Darian Kinnard,Travis Glover,Donovan Jennings,Messiah Swinson,Kyle McCord,Damien Martinez,John Williams,Will Sheppard,Isaiah Neyor,J. Michael Sturdivant,Dillon Wade,Cole Holcomb,Jamin Davis,Esezi Otomewo,D'Shawn Jamison,Julius Welschof,Carson Bruener,Doneiko Slaughter,Sebastian Castro,Daylen Everette,Gabe Rubio,Devan Boykin
2026002,1,2608,PASS,(8:49) K.McCord pass short left to M.Swinson pushed ob at GB 31 for 9 yards (C.Bruener).,https://pro.nfl.com/api/plays/summaryPlay?gameId=c66dfc69-5f68-11f1-b1d0-bb70a4640075&playId=2608,3,2,6,08:49,78.0,False,False,1800,6,7,1.2240689708851278,11,1,2,2,5,11,3,4,4,Darian Kinnard,Travis Glover,Donovan Jennings,Messiah Swinson,Kyle McCord,Damien Martinez,John Williams,Isaiah Neyor,Drake Dabney,J. Michael Sturdivant,Dillon Wade,Dean Lowry,Cole Holcomb,Jamin Davis,Esezi Otomewo,Julius Welschof,Carson Bruener,Doneiko Slaughter,Sebastian Castro,Daylen Everette,Gabe Rubio,Devan Boykin
2026002,1,2638,PASS,(8:18) K.McCord pass incomplete deep middle to J.Sturdivant.,https://pro.nfl.com/api/plays/summaryPlay?gameId=c66dfc69-5f68-11f1-b1d0-bb70a4640075&playId=2638,3,1,10,08:18,69.0,False,False,1800,6,7,-0.5939835496246815,11,1,2,2,5,11,2,4,5,Darian Kinnard,Travis Glover,Donovan Jennings,Messiah Swinson,Kyle McCord,Damien Martinez,John Williams,Isaiah Neyor,Drake Dabney,J. Michael Sturdivant,Dillon Wade,Cole Holcomb,Jamin Davis,Esezi Otomewo,D'Shawn Jamison,Julius Welschof,Carson Bruener,Doneiko Slaughter,Sebastian Castro,Daylen Everette,Gabe Rubio,Devan Boykin
2026002,1,2661,PASS,"(8:09) (Shotgun) K.McCord pass short left to I.Neyor to GB 42 for 11 yards (D.Everette).
PENALTY on PIT-A.Goodlow, Roughing the Passer, 15 yards, enforced at GB 42.",https://pro.nfl.com/api/plays/summaryPlay?gameId=c66dfc69-5f68-11f1-b1d0-bb70a4640075&playId=2661,3,2,10,08:09,69.0,False,False,1800,6,7,2.0666306894272566,11,1,1,3,5,11,2,4,5,Darian Kinnard,Travis Glover,Donovan Jennings,Kyle McCord,John Williams,Will Sheppard,Isaiah Neyor,Kisean Johnson,Drake Dabney,Jaden Nixon,Dillon Wade,Cole Holcomb,Jamin Davis,D'Shawn Jamison,Julius Welschof,Kyler Baugh,Anthony Goodlow,Carson Bruener,Doneiko Slaughter,Sebastian Castro,Daylen Everette,Devan Boykin
2026002,1,2697,RUSH,(7:46) J.Nixon up the middle to PIT 40 for 3 yards (D.Jamison; G.Rubio). GB-D.Kinnard was injured during the play.,https://pro.nfl.com/api/plays/summaryPlay?gameId=c66dfc69-5f68-11f1-b1d0-bb70a4640075&playId=2697,3,1,10,07:46,43.0,False,False,1800,6,7,-0.1756356789264828,11,1,2,2,5,11,3,4,4,Darian Kinnard,Travis Glover,Donovan Jennings,Messiah Swinson,Kyle McCord,John Williams,Will Sheppard,Isaiah Neyor,Drake Dabney,Jaden Nixon,Dillon Wade,Dean Lowry,Cole Holcomb,Jamin Davis,D'Shawn Jamison,Julius Welschof,Kyler Baugh,Carson Bruener,Doneiko Slaughter,Sebastian Castro,Gabe Rubio,Devan Boykin
2026002,1,2734,TIMEOUT,Timeout at 07:32.,https://pro.nfl.com/api/plays/summaryPlay?gameId=c66dfc69-5f68-11f1-b1d0-bb70a4640075&playId=2734,3,0,0,07:32,,False,,1800,6,7,,0,0,0,0,0,0,0,0,0,,,,,,,,,,,,,,,,,,,,,,
2026002,1,2722,RUSH,(7:22) D.Martinez up the middle to PIT 39 for 1 yard (G.Rubio; S.Castro).,https://pro.nfl.com/api/plays/summaryPlay?gameId=c66dfc69-5f68-11f1-b1d0-bb70a4640075&playId=2722,3,2,7,07:22,40.0,False,False,1800,6,7,-0.7693384527228773,11,1,2,2,5,11,3,4,4,Travis Glover,Donovan Jennings,Messiah Swinson,Kyle McCord,Damien Martinez,John Williams,Kisean Johnson,Drake Dabney,Josh Gesky,J. Michael Sturdivant,Dillon Wade,Dean Lowry,Cole Holcomb,Jamin Davis,Julius Welschof,Kyler Baugh,Carson Bruener,Doneiko Slaughter,Sebastian Castro,Daylen Everette,Gabe Rubio,Devan Boykin
2026002,1,2751,PASS,(6:38) (Shotgun) K.McCord pass short middle to J.Sturdivant to PIT 25 for 14 yards (G.Rubio; C.Bruener).,https://pro.nfl.com/api/plays/summaryPlay?gameId=c66dfc69-5f68-11f1-b1d0-bb70a4640075&playId=2751,3,3,6,06:38,39.0,False,False,1800,6,7,2.1024523875676095,11,1,1,3,5,11,2,4,5,Travis Glover,Donovan Jennings,Messiah Swinson,Kyle McCord,Damien Martinez,John Williams,Will Sheppard,Isaiah Neyor,Josh Gesky,J. Michael Sturdivant,Dillon Wade,Cole Holcomb,D'Shawn Jamison,Julius Welschof,Kyler Baugh,Jack Sawyer,Carson Bruener,Doneiko Slaughter,Sebastian Castro,Daylen Everette,Gabe Rubio,Devan Boykin
2026002,1,2776,RUSH,(5:58) D.Martinez left guard to PIT 24 for 1 yard (A.Goodlow).,https://pro.nfl.com/api/plays/summaryPlay?gameId=c66dfc69-5f68-11f1-b1d0-bb70a4640075&playId=2776,3,1,10,05:58,25.0,False,False,1800,6,7,-0.3085803303401917,11,1,2,2,5,11,3,4,4,Travis Glover,Donovan Jennings,Messiah Swinson,Kyle McCord,Damien Martinez,John Williams,Isaiah Neyor,Drake Dabney,Josh Gesky,J. Michael Sturdivant,Dillon Wade,Cole Holcomb,Julius Welschof,Kyler Baugh,Anthony Goodlow,Jack Sawyer,Carson Bruener,Doneiko Slaughter,Sebastian Castro,Daylen Everette,Gabe Rubio,Devan Boykin
2026002,1,2798,RUSH,(5:21) (Shotgun) D.Martinez up the middle to PIT 20 for 4 yards (K.Baugh).,https://pro.nfl.com/api/plays/summaryPlay?gameId=c66dfc69-5f68-11f1-b1d0-bb70a4640075&playId=2798,3,2,9,05:21,24.0,False,False,1800,6,7,-0.180796017521061,11,1,1,3,5,11,2,4,5,Travis Glover,Donovan Jennings,Messiah Swinson,Kyle McCord,Damien Martinez,John Williams,Will Sheppard,Isaiah Neyor,Josh Gesky,J. Michael Sturdivant,Dillon Wade,Cole Holcomb,Jamin Davis,D'Shawn Jamison,Kyler Baugh,Anthony Goodlow,Jack Sawyer,Carson Bruener,Doneiko Slaughter,Sebastian Castro,Daylen Everette,Devan Boykin
2026002,1,2820,PASS,(4:38) (Shotgun) K.McCord pass incomplete short left to M.Swinson.,https://pro.nfl.com/api/plays/summaryPlay?gameId=c66dfc69-5f68-11f1-b1d0-bb70a4640075&playId=2820,3,3,5,04:38,20.0,False,True,1800,6,7,-1.36005906725768,11,1,1,3,5,11,2,4,5,Travis Glover,Donovan Jennings,Messiah Swinson,Kyle McCord,Damien Martinez,John Williams,Will Sheppard,Isaiah Neyor,Josh Gesky,J. Michael Sturdivant,Dillon Wade,Cole Holcomb,Jamin Davis,D'Shawn Jamison,Kyler Baugh,Anthony Goodlow,Jack Sawyer,Carson Bruener,Doneiko Slaughter,Sebastian Castro,Daylen Everette,Devan Boykin
2026002,1,2843,FIELD_GOAL,"(4:32) T.Smack 38 yard field goal is GOOD, Center-C.Adomitis, Holder-D.Whelan.",https://pro.nfl.com/api/plays/summaryPlay?gameId=c66dfc69-5f68-11f1-b1d0-bb70a4640075&playId=2843,3,4,5,04:32,20.0,False,False,1800,6,7,0.39693411788903177,11,0,2,0,6,11,3,4,4,Cal Adomitis,Daniel Whelan,Travis Glover,McCallan Castles,Donovan Jennings,John Williams,Dalton Cooper,Drake Dabney,Trey Smack,Dylan Barrett,Dillon Wade,Cole Holcomb,Jamin Davis,Kyler Baugh,Anthony Goodlow,Jack Sawyer,Carson Bruener,Doneiko Slaughter,Sebastian Castro,Daylen Everette,Gabe Rubio,Devan Boykin
2026002,1,2873,TIMEOUT,Timeout at 04:28.,https://pro.nfl.com/api/plays/summaryPlay?gameId=c66dfc69-5f68-11f1-b1d0-bb70a4640075&playId=2873,3,0,0,04:28,,False,,1800,9,7,,0,0,0,0,0,0,0,0,0,,,,,,,,,,,,,,,,,,,,,,
2026002,1,2863,KICK_OFF,T.Smack kicks 64 yards from GB 35 to PIT 1. K.Wetjen to PIT 20 for 19 yards (M.Castles; S.Bartholomew).,https://pro.nfl.com/api/plays/summaryPlay?gameId=c66dfc69-5f68-11f1-b1d0-bb70a4640075&playId=2863,3,0,0,04:28,65.0,False,False,1800,9,7,0.5069607840850949,11,2,1,2,0,11,0,2,3,Arron Mosby,Jaylin Simpson,MJ Devonshire,McCallan Castles,Shemar Bartholomew,Damien Martinez,Kaden Prather,Trey Smack,Jaden Nixon,TJ Quinn,J. Michael Sturdivant,Malik Harrison,Lew Nichols III,Jaheim Bell,Jacoby Windmon,Sebastian Castro,Kaden Wetjen,Eli Heidenreich,Lance Mason,Levi Wentz,Devan Boykin,Tamon Lynum
2026002,1,2893,RUSH,(4:21) K.Johnson up the middle to PIT 22 for 2 yards (T.Quinn; K.Welch).,https://pro.nfl.com/api/plays/summaryPlay?gameId=c66dfc69-5f68-11f1-b1d0-bb70a4640075&playId=2893,3,1,10,04:21,80.0,False,False,3900,7,9,-0.5385300009511411,11,2,2,1,5,11,3,4,4,Jack Driscoll,Ryan McCollum,Broderick Jones,Jaheim Bell,Doug Nester,Kaleb Johnson,Jakobie Keeney-James,Max Hurleman,Drew Allar,Gennings Dunker,Riley Nowakowski,Kristian Welch,Benjamin St-Juste,Jonathan Ford,Trey Dean III,Jaylin Simpson,Jaden Crumedy,Mark Perry,Collin Oliver,Nazir Stackhouse,Nyjalik Kelly,TJ Quinn
2026002,1,2915,RUSH,(3:38) K.Johnson right tackle to PIT 23 for 1 yard (K.Welch).,https://pro.nfl.com/api/plays/summaryPlay?gameId=c66dfc69-5f68-11f1-b1d0-bb70a4640075&playId=2915,3,2,8,03:38,78.0,False,False,3900,7,9,-0.7414334216155112,11,2,2,1,5,11,2,4,5,Jack Driscoll,Ryan McCollum,Broderick Jones,Jaheim Bell,Doug Nester,Kaleb Johnson,Jakobie Keeney-James,Max Hurleman,Drew Allar,Gennings Dunker,Riley Nowakowski,Kristian Welch,Benjamin St-Juste,Trey Dean III,Jaylin Simpson,Jaden Crumedy,Shemar Bartholomew,Mark Perry,Collin Oliver,Anthony Campbell,Nyjalik Kelly,TJ Quinn
2026002,1,2942,PASS,(2:59) (Shotgun) D.Allar pass short middle to K.Wetjen to GB 3 for 74 yards (S.Bartholomew; B.St-Juste). GB-A.Campbell was injured during the play.,https://pro.nfl.com/api/plays/summaryPlay?gameId=c66dfc69-5f68-11f1-b1d0-bb70a4640075&playId=2942,3,3,7,02:59,77.0,False,False,3900,7,9,6.555056710727513,11,2,1,2,5,11,3,3,5,Jack Driscoll,Ryan McCollum,Broderick Jones,Jaheim Bell,Doug Nester,Kaleb Johnson,Max Hurleman,Drew Allar,Gennings Dunker,Kaden Wetjen,Levi Wentz,Kristian Welch,Benjamin St-Juste,Arron Mosby,Trey Dean III,Jaylin Simpson,Jaden Crumedy,Shemar Bartholomew,Mark Perry,Collin Oliver,Anthony Campbell,TJ Quinn
2026002,1,2982,TIMEOUT,Timeout at 02:38.,https://pro.nfl.com/api/plays/summaryPlay?gameId=c66dfc69-5f68-11f1-b1d0-bb70a4640075&playId=2982,3,0,0,02:38,,False,,1800,9,7,,0,0,0,0,0,0,0,0,0,,,,,,,,,,,,,,,,,,,,,,
2026002,1,2970,PASS,(2:34) D.Allar pass incomplete short right to R.Nowakowski.,https://pro.nfl.com/api/plays/summaryPlay?gameId=c66dfc69-5f68-11f1-b1d0-bb70a4640075&playId=2970,3,1,3,02:34,3.0,True,True,3900,7,9,-0.38682458305265754,11,2,2,1,5,11,4,3,4,Jack Driscoll,Ryan McCollum,Broderick Jones,Jaheim Bell,Doug Nester,Kaleb Johnson,Max Hurleman,Drew Allar,Gennings Dunker,Riley Nowakowski,Levi Wentz,Kristian Welch,Benjamin St-Juste,Jonathan Ford,Arron Mosby,Trey Dean III,Jaylin Simpson,Jaden Crumedy,Mark Perry,Nazir Stackhouse,Nyjalik Kelly,TJ Quinn
2026002,1,3002,RUSH,"(2:29) (Shotgun) D.Allar right end for 3 yards, TOUCHDOWN.",https://pro.nfl.com/api/plays/summaryPlay?gameId=c66dfc69-5f68-11f1-b1d0-bb70a4640075&playId=3002,3,2,3,02:29,3.0,True,True,3900,7,9,1.1032863840227947,11,2,1,2,5,11,3,3,5,Jack Driscoll,Ryan McCollum,Broderick Jones,Jaheim Bell,Doug Nester,Kaleb Johnson,Max Hurleman,Drew Allar,Gennings Dunker,Kaden Wetjen,Levi Wentz,Kristian Welch,Benjamin St-Juste,Jonathan Ford,Arron Mosby,Trey Dean III,Jaylin Simpson,Shemar Bartholomew,Mark Perry,Nazir Stackhouse,Nyjalik Kelly,TJ Quinn
2026002,1,3025,XP_KICK,"L.Marjan extra point is GOOD, Center-C.Kuntz, Holder-C.Johnston.",https://pro.nfl.com/api/plays/summaryPlay?gameId=c66dfc69-5f68-11f1-b1d0-bb70a4640075&playId=3025,3,0,0,02:25,15.0,False,False,3900,13,9,0.06888505002846201,11,0,0,0,6,11,3,4,4,Cameron Johnston,Christian Kuntz,Jack Driscoll,Brock Hoffman,Broderick Jones,Doug Nester,Gennings Dunker,Gabe Rubio,Kevin Jobity Jr.,Laith Marjan,Greg Crippen,Kristian Welch,Nick Niemann,Jonathan Ford,Brenton Cox Jr.,Jaylin Simpson,Jaden Crumedy,MJ Devonshire,Shemar Bartholomew,Mark Perry,Collin Oliver,Nyjalik Kelly
2026002,1,3040,KICK_OFF,L.Marjan kicks 60 yards from PIT 35 to GB 5. J.Sturdivant pushed ob at GB 30 for 25 yards (D.Boykin).,https://pro.nfl.com/api/plays/summaryPlay?gameId=c66dfc69-5f68-11f1-b1d0-bb70a4640075&playId=3040,3,0,0,02:25,65.0,False,False,3900,14,9,-0.2366947941482067,11,1,2,0,0,11,0,3,2,Malik Harrison,Jamin Davis,Israel Mukuamu,Lew Nichols III,Jaheim Bell,Jack Henderson,Doneiko Slaughter,Sebastian Castro,Devan Boykin,Laith Marjan,Lake McRee,Kristian Welch,Nick Niemann,Jaylin Simpson,McCallan Castles,Shemar Bartholomew,Thomas Yassmin,Kaden Prather,Isaiah Neyor,Nyjalik Kelly,Jaden Nixon,J. Michael Sturdivant
2026002,1,3068,PASS,(2:19) K.McCord pass short right to M.Swinson pushed ob at GB 34 for 4 yards (Ja.Davis).,https://pro.nfl.com/api/plays/summaryPlay?gameId=c66dfc69-5f68-11f1-b1d0-bb70a4640075&playId=3068,3,1,10,02:19,70.0,False,False,1800,9,14,-0.23897070810198784,11,1,2,2,5,11,3,4,4,Travis Glover,McCallan Castles,Donovan Jennings,Messiah Swinson,Kyle McCord,John Williams,Will Sheppard,Isaiah Neyor,Josh Gesky,Jaden Nixon,Dillon Wade,Malik Harrison,Jamin Davis,Israel Mukuamu,Julius Welschof,Kyler Baugh,Anthony Goodlow,Carson Bruener,Jack Henderson,Daryl Porter,Gabe Rubio,Tamon Lynum
2026002,1,3098,PASS,(1:48) (Shotgun) K.McCord pass short right to J.Sturdivant to GB 42 for 8 yards (Ja.Davis).,https://pro.nfl.com/api/plays/summaryPlay?gameId=c66dfc69-5f68-11f1-b1d0-bb70a4640075&playId=3098,3,2,6,01:48,66.0,False,False,1800,9,14,0.9857922254595906,11,1,1,3,5,11,3,4,4,Travis Glover,Donovan Jennings,Messiah Swinson,Kyle McCord,John Williams,Will Sheppard,Isaiah Neyor,Josh Gesky,Jaden Nixon,J. Michael Sturdivant,Dillon Wade,Malik Harrison,Jamin Davis,Israel Mukuamu,Julius Welschof,Kyler Baugh,Anthony Goodlow,Carson Bruener,Jack Henderson,Daryl Porter,Gabe Rubio,Tamon Lynum
2026002,1,3133,RUSH,(1:11) K.McCord scrambles left end pushed ob at GB 45 for 3 yards (J.Welschof).,https://pro.nfl.com/api/plays/summaryPlay?gameId=c66dfc69-5f68-11f1-b1d0-bb70a4640075&playId=3133,3,1,10,01:11,58.0,False,False,1800,9,14,-0.26502172485925257,11,1,2,2,5,11,3,4,4,Travis Glover,McCallan Castles,Donovan Jennings,Messiah Swinson,Kyle McCord,John Williams,Isaiah Neyor,Josh Gesky,Jaden Nixon,J. Michael Sturdivant,Dillon Wade,Malik Harrison,Jamin Davis,Israel Mukuamu,Julius Welschof,Kyler Baugh,Anthony Goodlow,Carson Bruener,Jack Henderson,Daryl Porter,Gabe Rubio,Tamon Lynum
2026002,1,3165,SACK,(:30) K.McCord sacked at GB 33 for -12 yards (I.Mukuamu).,https://pro.nfl.com/api/plays/summaryPlay?gameId=c66dfc69-5f68-11f1-b1d0-bb70a4640075&playId=3165,3,2,7,00:30,55.0,False,False,1800,9,14,-2.381305366754532,11,1,2,2,5,11,3,4,4,Travis Glover,McCallan Castles,Donovan Jennings,Messiah Swinson,Kyle McCord,John Williams,Isaiah Neyor,Josh Gesky,Jaden Nixon,J. Michael Sturdivant,Dillon Wade,Malik Harrison,Jamin Davis,Israel Mukuamu,Esezi Otomewo,Julius Welschof,Kyler Baugh,Carson Bruener,Jack Henderson,Daryl Porter,Kevin Jobity Jr.,Tamon Lynum
2026002,1,3185,END_QUARTER,END QUARTER 3,https://pro.nfl.com/api/plays/summaryPlay?gameId=c66dfc69-5f68-11f1-b1d0-bb70a4640075&playId=3185,3,0,0,,,False,,1800,9,14,,0,0,0,0,0,0,0,0,0,,,,,,,,,,,,,,,,,,,,,,
2026002,1,3205,PASS,(15:00) (Shotgun) K.McCord pass short middle to J.Nixon to GB 39 for 6 yards (M.Harrison).,https://pro.nfl.com/api/plays/summaryPlay?gameId=c66dfc69-5f68-11f1-b1d0-bb70a4640075&playId=3205,4,3,19,15:00,67.0,False,False,1800,9,14,-0.8484630677849054,11,1,1,3,5,11,2,4,5,Travis Glover,McCallan Castles,Donovan Jennings,Kyle McCord,John Williams,Will Sheppard,Isaiah Neyor,Kisean Johnson,Josh Gesky,Jaden Nixon,Dillon Wade,Malik Harrison,Jamin Davis,Israel Mukuamu,Esezi Otomewo,Julius Welschof,Carson Bruener,Jack Henderson,Daryl Porter,Devan Boykin,Kevin Jobity Jr.,Tamon Lynum
2026002,1,3230,PUNT,"(14:22) D.Whelan punts 43 yards to PIT 18, Center-C.Adomitis. K.Wetjen to PIT 22 for 4 yards (C.Oliver).
PENALTY on PIT-I.Mukuamu, Illegal Blindside Block, 11 yards, enforced at PIT 22.",https://pro.nfl.com/api/plays/summaryPlay?gameId=c66dfc69-5f68-11f1-b1d0-bb70a4640075&playId=3230,4,4,13,14:22,61.0,False,False,1800,9,14,0.6308508166112006,11,1,1,2,0,11,0,2,4,Kristian Welch,Nick Niemann,Arron Mosby,Cal Adomitis,Daniel Whelan,Brenton Cox Jr.,McCallan Castles,Collin Oliver,Damien Martinez,Isaiah Neyor,J. Michael Sturdivant,Malik Harrison,Jamin Davis,Israel Mukuamu,Lew Nichols III,Jaheim Bell,Kaleb Johnson,Jack Henderson,Doneiko Slaughter,Kaden Wetjen,Lance Mason,Devan Boykin
2026002,1,3267,PASS,(14:12) (Shotgun) D.Allar pass short right to M.Hurleman to PIT 29 for 18 yards (J.Simpson).,https://pro.nfl.com/api/plays/summaryPlay?gameId=c66dfc69-5f68-11f1-b1d0-bb70a4640075&playId=3267,4,1,10,14:12,89.0,False,False,3900,14,9,1.2464334480464458,11,2,1,2,5,11,3,3,5,Jack Driscoll,Broderick Jones,Jaheim Bell,Doug Nester,Joaquin Davis,Max Hurleman,Drew Allar,Gennings Dunker,Eli Heidenreich,Levi Wentz,Greg Crippen,Kristian Welch,Arron Mosby,Trey Dean III,Jaylin Simpson,Jaden Crumedy,MJ Devonshire,Shemar Bartholomew,Mark Perry,Nazir Stackhouse,Nyjalik Kelly,TJ Quinn
2026002,1,3292,PENALTY,"(13:25) D.Allar pass incomplete short left to L.Wentz.
PENALTY on GB-M.Devonshire, Defensive Pass Interference, 11 yards, enforced at PIT 29 - No Play.",https://pro.nfl.com/api/plays/summaryPlay?gameId=c66dfc69-5f68-11f1-b1d0-bb70a4640075&playId=3292,4,1,10,13:25,71.0,False,False,3900,14,9,0.6419279514811933,11,2,2,1,5,11,4,3,4,Jack Driscoll,Broderick Jones,Jaheim Bell,Doug Nester,Max Hurleman,Drew Allar,Gennings Dunker,Riley Nowakowski,Eli Heidenreich,Levi Wentz,Greg Crippen,Kristian Welch,Jonathan Ford,Arron Mosby,Trey Dean III,Jaylin Simpson,Jaden Crumedy,MJ Devonshire,Mark Perry,Nazir Stackhouse,Nyjalik Kelly,TJ Quinn
2026002,1,3326,RUSH,(13:19) E.Heidenreich left tackle to PIT 42 for 2 yards (N.Stackhouse).,https://pro.nfl.com/api/plays/summaryPlay?gameId=c66dfc69-5f68-11f1-b1d0-bb70a4640075&playId=3326,4,1,10,13:19,60.0,False,False,3900,14,9,-0.3615852971561253,11,2,2,1,5,11,4,3,4,Jack Driscoll,Broderick Jones,Jaheim Bell,Doug Nester,Max Hurleman,Drew Allar,Gennings Dunker,Riley Nowakowski,Eli Heidenreich,Levi Wentz,Greg Crippen,Kristian Welch,Jonathan Ford,Arron Mosby,Trey Dean III,Jaylin Simpson,Jaden Crumedy,MJ Devonshire,Mark Perry,Nazir Stackhouse,Nyjalik Kelly,TJ Quinn
2026002,1,3348,PASS,(12:39) (Shotgun) D.Allar pass short left to L.Wentz to GB 49 for 9 yards (M.Devonshire).,https://pro.nfl.com/api/plays/summaryPlay?gameId=c66dfc69-5f68-11f1-b1d0-bb70a4640075&playId=3348,4,2,8,12:39,58.0,False,False,3900,14,9,1.086604438489303,11,2,1,2,5,11,3,3,5,Jack Driscoll,Broderick Jones,Doug Nester,Max Hurleman,Drew Allar,Gennings Dunker,Kaden Wetjen,Eli Heidenreich,Levi Wentz,Lake McRee,Greg Crippen,Kristian Welch,Jonathan Ford,Arron Mosby,Trey Dean III,Jaylin Simpson,Jaden Crumedy,MJ Devonshire,Shemar Bartholomew,Mark Perry,Nyjalik Kelly,TJ Quinn
2026002,1,3373,PASS,(12:03) (Shotgun) D.Allar pass short middle to M.Hurleman to GB 28 for 21 yards (T.Dean).,https://pro.nfl.com/api/plays/summaryPlay?gameId=c66dfc69-5f68-11f1-b1d0-bb70a4640075&playId=3373,4,1,10,12:03,49.0,False,False,3900,14,9,1.3300095403101295,11,2,1,2,5,11,3,3,5,Jack Driscoll,Broderick Jones,Doug Nester,Max Hurleman,Drew Allar,Gennings Dunker,Kaden Wetjen,Eli Heidenreich,Levi Wentz,Lake McRee,Greg Crippen,Kristian Welch,Jonathan Ford,Arron Mosby,Trey Dean III,Jaylin Simpson,Jaden Crumedy,MJ Devonshire,Shemar Bartholomew,Mark Perry,Nyjalik Kelly,TJ Quinn
2026002,1,3398,PASS,(11:18) (Shotgun) D.Allar pass incomplete deep right to M.Hurleman.,https://pro.nfl.com/api/plays/summaryPlay?gameId=c66dfc69-5f68-11f1-b1d0-bb70a4640075&playId=3398,4,1,10,11:18,28.0,False,False,3900,14,9,-0.3687735286075622,11,2,1,2,5,11,2,4,5,Jack Driscoll,Broderick Jones,Doug Nester,Max Hurleman,Drew Allar,Gennings Dunker,Kaden Wetjen,Eli Heidenreich,Levi Wentz,Lake McRee,Greg Crippen,Kristian Welch,Jonathan Ford,Trey Dean III,Jaylin Simpson,Jaden Crumedy,MJ Devonshire,Shemar Bartholomew,Mark Perry,Collin Oliver,Nyjalik Kelly,TJ Quinn
2026002,1,3421,PASS,(11:14) (Shotgun) D.Allar pass short right to L.McRee to GB 23 for 5 yards (S.Bartholomew).,https://pro.nfl.com/api/plays/summaryPlay?gameId=c66dfc69-5f68-11f1-b1d0-bb70a4640075&playId=3421,4,2,10,11:14,28.0,False,False,3900,14,9,-0.14611241954844445,11,2,1,2,5,11,2,4,5,Jack Driscoll,Broderick Jones,Doug Nester,Max Hurleman,Drew Allar,Gennings Dunker,Kaden Wetjen,Eli Heidenreich,Levi Wentz,Lake McRee,Greg Crippen,Kristian Welch,Trey Dean III,Jaylin Simpson,Jaden Crumedy,MJ Devonshire,Shemar Bartholomew,Mark Perry,Collin Oliver,Nazir Stackhouse,Nyjalik Kelly,TJ Quinn
2026002,1,3446,PASS,(10:35) (Shotgun) D.Allar pass short right to M.Hurleman to GB 16 for 7 yards (T.Dean).,https://pro.nfl.com/api/plays/summaryPlay?gameId=c66dfc69-5f68-11f1-b1d0-bb70a4640075&playId=3446,4,3,5,10:35,23.0,False,False,3900,14,9,1.20260469277855,11,2,1,2,5,11,3,3,5,Jack Driscoll,Broderick Jones,Doug Nester,Max Hurleman,Drew Allar,Gennings Dunker,Kaden Wetjen,Eli Heidenreich,Levi Wentz,Lake McRee,Greg Crippen,Kristian Welch,Arron Mosby,Trey Dean III,Jaylin Simpson,Jaden Crumedy,MJ Devonshire,Shemar Bartholomew,Mark Perry,Collin Oliver,Nazir Stackhouse,TJ Quinn
2026002,1,3471,PASS,"(10:13) (No Huddle, Shotgun) D.Allar pass short right to L.McRee ran ob at GB 12 for 4 yards.",https://pro.nfl.com/api/plays/summaryPlay?gameId=c66dfc69-5f68-11f1-b1d0-bb70a4640075&playId=3471,4,1,10,10:13,16.0,False,True,3900,14,9,-0.2613336725626141,11,2,1,2,5,11,3,3,5,Jack Driscoll,Broderick Jones,Doug Nester,Max Hurleman,Drew Allar,Gennings Dunker,Kaden Wetjen,Eli Heidenreich,Levi Wentz,Lake McRee,Greg Crippen,Kristian Welch,Arron Mosby,Trey Dean III,Jaylin Simpson,Jaden Crumedy,MJ Devonshire,Shemar Bartholomew,Mark Perry,Collin Oliver,Nazir Stackhouse,TJ Quinn
2026002,1,3501,RUSH,(9:43) E.Heidenreich up the middle to GB 9 for 3 yards (J.Ford; K.Welch).,https://pro.nfl.com/api/plays/summaryPlay?gameId=c66dfc69-5f68-11f1-b1d0-bb70a4640075&playId=3501,4,2,6,09:43,12.0,False,True,3900,14,9,-0.13044566486496478,11,2,1,2,5,11,3,3,5,Jack Driscoll,Broderick Jones,Doug Nester,Max Hurleman,Drew Allar,Gennings Dunker,Kaden Wetjen,Eli Heidenreich,Levi Wentz,Lake McRee,Greg Crippen,Kristian Welch,Jonathan Ford,Arron Mosby,Trey Dean III,Jaylin Simpson,MJ Devonshire,Shemar Bartholomew,Mark Perry,Nazir Stackhouse,Nyjalik Kelly,TJ Quinn
2026002,1,3523,PENALTY,"(9:02) (Shotgun) D.Allar pass incomplete short left to K.Wetjen.
PENALTY on GB-S.Bartholomew, Defensive Holding, 4 yards, enforced at GB 9 - No Play.",https://pro.nfl.com/api/plays/summaryPlay?gameId=c66dfc69-5f68-11f1-b1d0-bb70a4640075&playId=3523,4,3,3,09:02,9.0,False,True,3900,14,9,1.2314317298587412,11,2,1,2,5,11,3,3,5,Jack Driscoll,Broderick Jones,Doug Nester,Max Hurleman,Drew Allar,Gennings Dunker,Kaden Wetjen,Eli Heidenreich,Levi Wentz,Lake McRee,Greg Crippen,Kristian Welch,Jonathan Ford,Arron Mosby,Trey Dean III,Jaylin Simpson,MJ Devonshire,Shemar Bartholomew,Mark Perry,Nazir Stackhouse,Nyjalik Kelly,TJ Quinn
2026002,1,3546,PASS,"(8:55) (Shotgun) D.Allar pass short left to K.Wetjen for 5 yards, TOUCHDOWN.",https://pro.nfl.com/api/plays/summaryPlay?gameId=c66dfc69-5f68-11f1-b1d0-bb70a4640075&playId=3546,4,1,5,08:55,5.0,True,True,3900,14,9,1.1541545678628609,11,2,1,2,5,11,3,3,5,Jack Driscoll,Broderick Jones,Doug Nester,Max Hurleman,Drew Allar,Gennings Dunker,Kaden Wetjen,Eli Heidenreich,Levi Wentz,Lake McRee,Greg Crippen,Kristian Welch,Jonathan Ford,Arron Mosby,Trey Dean III,Jaylin Simpson,Jaden Crumedy,MJ Devonshire,Shemar Bartholomew,Mark Perry,Nyjalik Kelly,TJ Quinn
2026002,1,3584,XP_KICK,"L.Marjan extra point is GOOD, Center-C.Kuntz, Holder-C.Johnston.",https://pro.nfl.com/api/plays/summaryPlay?gameId=c66dfc69-5f68-11f1-b1d0-bb70a4640075&playId=3584,4,0,0,08:51,15.0,False,False,3900,20,9,0.06888505002846201,11,0,0,0,6,11,3,4,4,Cameron Johnston,Christian Kuntz,Jack Driscoll,Brock Hoffman,Broderick Jones,Doug Nester,Gennings Dunker,Gabe Rubio,Kevin Jobity Jr.,Laith Marjan,Greg Crippen,Kristian Welch,Nick Niemann,Jonathan Ford,Brenton Cox Jr.,Jaylin Simpson,Jaden Crumedy,MJ Devonshire,Shemar Bartholomew,Mark Perry,Collin Oliver,Nyjalik Kelly
2026002,1,3609,TIMEOUT,Timeout at 08:51.,https://pro.nfl.com/api/plays/summaryPlay?gameId=c66dfc69-5f68-11f1-b1d0-bb70a4640075&playId=3609,4,0,0,08:51,,False,,1800,9,21,,0,0,0,0,0,0,0,0,0,,,,,,,,,,,,,,,,,,,,,,
2026002,1,3599,KICK_OFF,"L.Marjan kicks 61 yards from PIT 35 to GB 4. J.Nixon to GB 31 for 27 yards (M.Harrison).
PENALTY on GB-I.Neyor, Offensive Holding, 10 yards, enforced at GB 31.",https://pro.nfl.com/api/plays/summaryPlay?gameId=c66dfc69-5f68-11f1-b1d0-bb70a4640075&playId=3599,4,0,0,08:51,65.0,False,False,3900,21,9,0.3233346629422158,11,1,2,0,0,11,0,3,2,Malik Harrison,Jamin Davis,Israel Mukuamu,Lew Nichols III,Jaheim Bell,Jack Henderson,Sebastian Castro,Devan Boykin,Laith Marjan,Lake McRee,Tamon Lynum,Kristian Welch,Jaylin Simpson,McCallan Castles,Shemar Bartholomew,Thomas Yassmin,Kaden Prather,Isaiah Neyor,Nyjalik Kelly,Jaden Nixon,TJ Quinn,J. Michael Sturdivant
2026002,1,3640,RUSH,(8:43) (Shotgun) D.Martinez up the middle to GB 22 for 1 yard (G.Rubio; Ja.Davis).,https://pro.nfl.com/api/plays/summaryPlay?gameId=c66dfc69-5f68-11f1-b1d0-bb70a4640075&playId=3640,4,1,10,08:43,79.0,False,False,1800,9,21,-0.4785189409740269,11,1,2,2,5,11,3,4,4,McCallan Castles,Thomas Yassmin,Damien Martinez,Brant Banks,Dalton Cooper,Isaiah Neyor,Dylan Barrett,Kyron Drones,Josh Gesky,J. Michael Sturdivant,Dillon Wade,Malik Harrison,Jamin Davis,Israel Mukuamu,Julius Welschof,Jacoby Windmon,Anthony Goodlow,Jack Henderson,Daryl Porter,Gabe Rubio,Kevin Jobity Jr.,Tamon Lynum
2026002,1,3662,SACK,(8:00) K.Drones sacked at GB 7 for -15 yards (Ja.Davis).,https://pro.nfl.com/api/plays/summaryPlay?gameId=c66dfc69-5f68-11f1-b1d0-bb70a4640075&playId=3662,4,2,9,08:00,78.0,False,False,1800,9,21,-2.3183614602312446,11,1,2,2,5,11,3,4,4,McCallan Castles,Thomas Yassmin,Damien Martinez,Brant Banks,Dalton Cooper,Isaiah Neyor,Dylan Barrett,Kyron Drones,Josh Gesky,J. Michael Sturdivant,Dillon Wade,Malik Harrison,Jamin Davis,Israel Mukuamu,Julius Welschof,Jacoby Windmon,Kyler Baugh,Anthony Goodlow,Jack Henderson,Daryl Porter,Gabe Rubio,Tamon Lynum
2026002,1,3682,RUSH,(7:13) (Shotgun) D.Martinez up the middle to GB 9 for 2 yards (M.Harrison).,https://pro.nfl.com/api/plays/summaryPlay?gameId=c66dfc69-5f68-11f1-b1d0-bb70a4640075&playId=3682,4,3,24,07:13,93.0,False,False,1800,9,21,-0.7316689351573586,11,1,1,3,5,11,2,4,5,Thomas Yassmin,Damien Martinez,Kaden Prather,Brant Banks,Dalton Cooper,Will Sheppard,Kisean Johnson,Dylan Barrett,Kyron Drones,Josh Gesky,Dillon Wade,Malik Harrison,Jamin Davis,Israel Mukuamu,Esezi Otomewo,Julius Welschof,Jacoby Windmon,Jack Henderson,Daryl Porter,Devan Boykin,Kevin Jobity Jr.,Tamon Lynum
2026002,1,3704,PUNT,"(6:32) D.Whelan punts 51 yards to PIT 40, Center-C.Adomitis. M.Hurleman to PIT 40 for no gain (S.Bartholomew; J.Sturdivant).",https://pro.nfl.com/api/plays/summaryPlay?gameId=c66dfc69-5f68-11f1-b1d0-bb70a4640075&playId=3704,4,4,22,06:32,91.0,False,False,1800,9,21,0.10785784083418548,11,1,2,2,0,11,0,2,4,Kristian Welch,Arron Mosby,Cal Adomitis,Daniel Whelan,McCallan Castles,Shemar Bartholomew,Collin Oliver,Damien Martinez,Isaiah Neyor,Drake Dabney,J. Michael Sturdivant,Malik Harrison,Jamin Davis,Israel Mukuamu,Lew Nichols III,Jaheim Bell,Kaleb Johnson,Jack Henderson,Daryl Porter,Max Hurleman,Lance Mason,Devan Boykin
2026002,1,3742,TIMEOUT,Timeout at 06:19.,https://pro.nfl.com/api/plays/summaryPlay?gameId=c66dfc69-5f68-11f1-b1d0-bb70a4640075&playId=3742,4,0,0,06:19,,False,,1800,9,21,,0,0,0,0,0,0,0,0,0,,,,,,,,,,,,,,,,,,,,,,
2026002,1,3730,RUSH,"(6:19) E.Heidenreich left tackle to PIT 41 for 1 yard (J.Crumedy).
PENALTY on GB-N.Stackhouse, Defensive Holding, 5 yards, enforced at PIT 41.",https://pro.nfl.com/api/plays/summaryPlay?gameId=c66dfc69-5f68-11f1-b1d0-bb70a4640075&playId=3730,4,1,10,06:19,60.0,False,False,3900,21,9,0.3260997368488461,11,2,1,2,5,11,3,3,5,Jack Driscoll,Broderick Jones,Doug Nester,Jakobie Keeney-James,Joaquin Davis,Max Hurleman,Drew Allar,Gennings Dunker,Eli Heidenreich,Lake McRee,Greg Crippen,Kristian Welch,Arron Mosby,Trey Dean III,Jaylin Simpson,Jaden Crumedy,MJ Devonshire,Shemar Bartholomew,Tra Fluellen,Nazir Stackhouse,Nyjalik Kelly,TJ Quinn
2026002,1,3770,RUSH,(5:52) E.Heidenreich left tackle to PIT 49 for 3 yards (T.Quinn).,https://pro.nfl.com/api/plays/summaryPlay?gameId=c66dfc69-5f68-11f1-b1d0-bb70a4640075&playId=3770,4,1,10,05:52,54.0,False,False,3900,21,9,-0.2477618446573615,11,2,1,2,5,11,3,3,5,Jack Driscoll,Broderick Jones,Doug Nester,Jakobie Keeney-James,Joaquin Davis,Max Hurleman,Drew Allar,Gennings Dunker,Eli Heidenreich,Lake McRee,Greg Crippen,Kristian Welch,Arron Mosby,Trey Dean III,Jaylin Simpson,Jaden Crumedy,MJ Devonshire,Shemar Bartholomew,Tra Fluellen,Nazir Stackhouse,Nyjalik Kelly,TJ Quinn
2026002,1,3792,PASS,(5:17) D.Allar pass short right to Jo.Davis to GB 45 for 6 yards (M.Devonshire).,https://pro.nfl.com/api/plays/summaryPlay?gameId=c66dfc69-5f68-11f1-b1d0-bb70a4640075&playId=3792,4,2,7,05:17,51.0,False,False,3900,21,9,0.22678093798458576,11,2,1,2,5,11,3,3,5,Jack Driscoll,Broderick Jones,Doug Nester,Jakobie Keeney-James,Joaquin Davis,Max Hurleman,Drew Allar,Gennings Dunker,Eli Heidenreich,Lake McRee,Greg Crippen,Kristian Welch,Arron Mosby,Trey Dean III,Jaylin Simpson,Jaden Crumedy,MJ Devonshire,Shemar Bartholomew,Tra Fluellen,Nazir Stackhouse,Nyjalik Kelly,TJ Quinn
2026002,1,3817,RUSH,(4:42) (Shotgun) E.Heidenreich up the middle to GB 44 for 1 yard (N.Kelly).,https://pro.nfl.com/api/plays/summaryPlay?gameId=c66dfc69-5f68-11f1-b1d0-bb70a4640075&playId=3817,4,3,1,04:42,45.0,False,False,3900,21,9,-2.4865617463365197,11,2,1,2,5,11,3,3,5,Jack Driscoll,Broderick Jones,Doug Nester,Jakobie Keeney-James,Joaquin Davis,Max Hurleman,Drew Allar,Gennings Dunker,Eli Heidenreich,Lake McRee,Greg Crippen,Kristian Welch,Arron Mosby,Trey Dean III,Jaylin Simpson,Jaden Crumedy,MJ Devonshire,Shemar Bartholomew,Tra Fluellen,Nazir Stackhouse,Nyjalik Kelly,TJ Quinn
2026002,1,3839,PASS,(4:02) (Shotgun) D.Allar pass incomplete short left to J.Keeney-James (J.Simpson).,https://pro.nfl.com/api/plays/summaryPlay?gameId=c66dfc69-5f68-11f1-b1d0-bb70a4640075&playId=3839,4,1,10,04:02,44.0,False,False,3900,21,9,0.0,11,2,1,2,5,11,2,4,5,Jack Driscoll,Broderick Jones,Doug Nester,Jakobie Keeney-James,Joaquin Davis,Max Hurleman,Drew Allar,Gennings Dunker,Eli Heidenreich,Lake McRee,Greg Crippen,Kristian Welch,Jonathan Ford,Trey Dean III,Jaylin Simpson,Jaden Crumedy,MJ Devonshire,Shemar Bartholomew,Tra Fluellen,Collin Oliver,Nyjalik Kelly,TJ Quinn
2026002,1,3862,RUSH,(3:59) E.Heidenreich left guard to GB 42 for 2 yards (J.Crumedy; C.Oliver).,https://pro.nfl.com/api/plays/summaryPlay?gameId=c66dfc69-5f68-11f1-b1d0-bb70a4640075&playId=3862,4,2,10,03:59,44.0,False,False,3900,21,9,0.0,11,2,1,2,5,11,2,4,5,Jack Driscoll,Broderick Jones,Doug Nester,Jakobie Keeney-James,Joaquin Davis,Max Hurleman,Drew Allar,Gennings Dunker,Eli Heidenreich,Lake McRee,Greg Crippen,Kristian Welch,Jonathan Ford,Trey Dean III,Jaylin Simpson,Jaden Crumedy,MJ Devonshire,Shemar Bartholomew,Tra Fluellen,Collin Oliver,Nyjalik Kelly,TJ Quinn
2026002,1,3884,RUSH,(3:10) (Shotgun) E.Heidenreich up the middle to GB 38 for 4 yards (C.Oliver; K.Welch).,https://pro.nfl.com/api/plays/summaryPlay?gameId=c66dfc69-5f68-11f1-b1d0-bb70a4640075&playId=3884,4,3,8,03:10,42.0,False,False,3900,21,9,0.8179843286052346,11,2,1,2,5,11,2,4,5,Jack Driscoll,Broderick Jones,Jaheim Bell,Doug Nester,Jakobie Keeney-James,Joaquin Davis,Max Hurleman,Drew Allar,Gennings Dunker,Eli Heidenreich,Greg Crippen,Kristian Welch,Jonathan Ford,Trey Dean III,Jaylin Simpson,MJ Devonshire,Shemar Bartholomew,Tra Fluellen,Collin Oliver,Nazir Stackhouse,Nyjalik Kelly,TJ Quinn
2026002,1,3906,PENALTY,"(2:26) (Shotgun) D.Allar pass incomplete deep left to M.Hurleman.
PENALTY on GB-J.Simpson, Defensive Pass Interference, 24 yards, enforced at GB 38 - No Play.",https://pro.nfl.com/api/plays/summaryPlay?gameId=c66dfc69-5f68-11f1-b1d0-bb70a4640075&playId=3906,4,4,4,02:26,38.0,False,False,3900,21,9,3.996420992712956,11,2,1,2,5,11,2,4,5,Jack Driscoll,Broderick Jones,Jaheim Bell,Doug Nester,Jakobie Keeney-James,Joaquin Davis,Max Hurleman,Drew Allar,Gennings Dunker,Eli Heidenreich,Greg Crippen,Kristian Welch,Jonathan Ford,Trey Dean III,Jaylin Simpson,MJ Devonshire,Shemar Bartholomew,Tra Fluellen,Collin Oliver,Nazir Stackhouse,Nyjalik Kelly,TJ Quinn
2026002,1,3940,RUSH,(2:20) E.Heidenreich right end to GB 12 for 2 yards (A.Mosby).,https://pro.nfl.com/api/plays/summaryPlay?gameId=c66dfc69-5f68-11f1-b1d0-bb70a4640075&playId=3940,4,1,10,02:20,14.0,False,True,3900,21,9,-0.3435607954743318,11,1,2,2,5,11,4,3,4,Jack Driscoll,Broderick Jones,Jaheim Bell,Doug Nester,Jakobie Keeney-James,Joaquin Davis,Drew Allar,Gennings Dunker,Riley Nowakowski,Eli Heidenreich,Greg Crippen,Kristian Welch,Jonathan Ford,Arron Mosby,Trey Dean III,Jaylin Simpson,Jaden Crumedy,MJ Devonshire,Tra Fluellen,Nazir Stackhouse,Nyjalik Kelly,TJ Quinn
2026002,1,3974,TIMEOUT,Two-Minute Warning,https://pro.nfl.com/api/plays/summaryPlay?gameId=c66dfc69-5f68-11f1-b1d0-bb70a4640075&playId=3974,4,0,0,02:00,,False,,1800,9,21,,0,0,0,0,0,0,0,0,0,,,,,,,,,,,,,,,,,,,,,,
2026002,1,3962,RUSH,(2:00) (Shotgun) E.Heidenreich left guard to GB 9 for 3 yards (J.Crumedy; T.Dean).,https://pro.nfl.com/api/plays/summaryPlay?gameId=c66dfc69-5f68-11f1-b1d0-bb70a4640075&playId=3962,4,2,8,02:00,12.0,False,True,3900,21,9,-0.49692374595906585,11,2,1,2,5,11,2,4,5,Jack Driscoll,Broderick Jones,Jaheim Bell,Doug Nester,Jakobie Keeney-James,Joaquin Davis,Max Hurleman,Drew Allar,Gennings Dunker,Eli Heidenreich,Greg Crippen,Kristian Welch,Trey Dean III,Jaylin Simpson,Jaden Crumedy,MJ Devonshire,Shemar Bartholomew,Tra Fluellen,Collin Oliver,Nazir Stackhouse,Nyjalik Kelly,TJ Quinn
2026002,1,4003,TIMEOUT,Timeout #1 by GB at 01:55.,https://pro.nfl.com/api/plays/summaryPlay?gameId=c66dfc69-5f68-11f1-b1d0-bb70a4640075&playId=4003,4,0,0,01:55,,False,,1800,9,21,,0,0,0,0,0,0,0,0,0,,,,,,,,,,,,,,,,,,,,,,
2026002,1,3991,PENALTY,"(1:55) (Shotgun) D.Allar pass incomplete short middle to Jo.Davis (M.Devonshire).
PENALTY on GB-T.Dean, Defensive Holding, 5 yards, enforced at GB 9 - No Play.",https://pro.nfl.com/api/plays/summaryPlay?gameId=c66dfc69-5f68-11f1-b1d0-bb70a4640075&playId=3991,4,3,5,01:55,9.0,False,True,3900,21,9,1.8194354481529444,11,1,2,2,5,11,2,4,5,Jack Driscoll,Broderick Jones,Doug Nester,Jakobie Keeney-James,Joaquin Davis,Drew Allar,Gennings Dunker,Riley Nowakowski,Eli Heidenreich,Lake McRee,Greg Crippen,Kristian Welch,Jonathan Ford,Trey Dean III,Jaylin Simpson,Jaden Crumedy,MJ Devonshire,Shemar Bartholomew,Tra Fluellen,Collin Oliver,Nyjalik Kelly,TJ Quinn
2026002,1,4032,PASS,"(1:51) D.Allar pass short left to R.Nowakowski for 4 yards, TOUCHDOWN.",https://pro.nfl.com/api/plays/summaryPlay?gameId=c66dfc69-5f68-11f1-b1d0-bb70a4640075&playId=4032,4,1,4,01:51,4.0,True,True,3900,21,9,1.1595578716369346,11,1,2,2,5,11,3,4,4,Jack Driscoll,Broderick Jones,Doug Nester,Jakobie Keeney-James,Joaquin Davis,Drew Allar,Gennings Dunker,Riley Nowakowski,Eli Heidenreich,Lake McRee,Greg Crippen,Kristian Welch,Jonathan Ford,Trey Dean III,Jaylin Simpson,Jaden Crumedy,MJ Devonshire,Tra Fluellen,Collin Oliver,Nazir Stackhouse,Nyjalik Kelly,TJ Quinn
2026002,1,4058,XP_KICK,"L.Marjan extra point is GOOD, Center-C.Kuntz, Holder-C.Johnston.",https://pro.nfl.com/api/plays/summaryPlay?gameId=c66dfc69-5f68-11f1-b1d0-bb70a4640075&playId=4058,4,0,0,01:46,15.0,False,False,3900,27,9,0.06888505002846201,11,0,0,0,6,11,3,4,4,Cameron Johnston,Christian Kuntz,Jack Driscoll,Brock Hoffman,Broderick Jones,Doug Nester,Gennings Dunker,Gabe Rubio,Kevin Jobity Jr.,Laith Marjan,Greg Crippen,Kristian Welch,Nick Niemann,Jonathan Ford,Brenton Cox Jr.,Jaylin Simpson,Jaden Crumedy,MJ Devonshire,Shemar Bartholomew,Mark Perry,Collin Oliver,Nyjalik Kelly
2026002,1,4083,TIMEOUT,Timeout at 01:46.,https://pro.nfl.com/api/plays/summaryPlay?gameId=c66dfc69-5f68-11f1-b1d0-bb70a4640075&playId=4083,4,0,0,01:46,,False,,1800,9,28,,0,0,0,0,0,0,0,0,0,,,,,,,,,,,,,,,,,,,,,,
2026002,1,4073,KICK_OFF,"L.Marjan kicks 65 yards from PIT 35 to end zone, Touchback to the GB 35.",https://pro.nfl.com/api/plays/summaryPlay?gameId=c66dfc69-5f68-11f1-b1d0-bb70a4640075&playId=4073,4,0,0,01:46,65.0,False,False,3900,28,9,-0.5006667380221188,11,1,2,0,0,11,0,3,3,Malik Harrison,Jamin Davis,Israel Mukuamu,Lew Nichols III,Jaheim Bell,Jack Henderson,Sebastian Castro,Devan Boykin,Laith Marjan,Lake McRee,Tamon Lynum,Kristian Welch,Jaylin Simpson,MJ Devonshire,Shemar Bartholomew,Thomas Yassmin,Damien Martinez,Kaden Prather,Will Sheppard,Nyjalik Kelly,Jaden Nixon,TJ Quinn
2026002,1,4097,SACK,(1:46) (Shotgun) K.Drones sacked at GB 31 for -4 yards (J.Welschof).,https://pro.nfl.com/api/plays/summaryPlay?gameId=c66dfc69-5f68-11f1-b1d0-bb70a4640075&playId=4097,4,1,10,01:46,65.0,False,False,1800,9,28,-0.8281741205137223,11,1,1,3,5,11,2,4,5,Thomas Yassmin,Brant Banks,Dalton Cooper,Will Sheppard,Kisean Johnson,Dylan Barrett,Kyron Drones,Josh Gesky,Jaden Nixon,Dillon Wade,Chris Hilton Jr.,Malik Harrison,Jamin Davis,Israel Mukuamu,Julius Welschof,Jacoby Windmon,Kyler Baugh,Jack Henderson,Daryl Porter,Devan Boykin,Kevin Jobity Jr.,Tamon Lynum
2026002,1,4117,PASS,"(1:24) (No Huddle, Shotgun) K.Drones pass incomplete short left to K.Johnson.",https://pro.nfl.com/api/plays/summaryPlay?gameId=c66dfc69-5f68-11f1-b1d0-bb70a4640075&playId=4117,4,2,14,01:24,69.0,False,False,1800,9,28,-0.5098830014467239,11,1,1,3,5,11,2,4,5,Thomas Yassmin,Brant Banks,Dalton Cooper,Will Sheppard,Kisean Johnson,Dylan Barrett,Kyron Drones,Josh Gesky,Jaden Nixon,Dillon Wade,Chris Hilton Jr.,Malik Harrison,Jamin Davis,Israel Mukuamu,Julius Welschof,Jacoby Windmon,Kyler Baugh,Jack Henderson,Daryl Porter,Devan Boykin,Kevin Jobity Jr.,Tamon Lynum
2026002,1,4140,SACK,(1:20) (Shotgun) K.Drones sacked at GB 24 for -7 yards (sack split by K.Baugh and Ja.Davis).,https://pro.nfl.com/api/plays/summaryPlay?gameId=c66dfc69-5f68-11f1-b1d0-bb70a4640075&playId=4140,4,3,14,01:20,69.0,False,False,1800,9,28,-0.17284870031289756,11,1,1,3,5,11,2,4,5,Thomas Yassmin,Kaden Prather,Brant Banks,Dalton Cooper,Will Sheppard,Kisean Johnson,Dylan Barrett,Kyron Drones,Josh Gesky,Jaden Nixon,Dillon Wade,Malik Harrison,Jamin Davis,Israel Mukuamu,Julius Welschof,Jacoby Windmon,Kyler Baugh,Jack Henderson,Daryl Porter,Devan Boykin,Kevin Jobity Jr.,Tamon Lynum
2026002,1,4160,PUNT,"(:41) D.Whelan punts 49 yards to PIT 27, Center-C.Adomitis. M.Hurleman to PIT 36 for 9 yards (S.Bartholomew; M.Perry).
PENALTY on PIT-I.Mukuamu, Unnecessary Roughness, 13 yards, enforced at PIT 27.",https://pro.nfl.com/api/plays/summaryPlay?gameId=c66dfc69-5f68-11f1-b1d0-bb70a4640075&playId=4160,4,4,21,00:41,76.0,False,False,1800,9,28,-0.09417180065065622,11,1,1,1,0,10,0,2,4,Kristian Welch,Cal Adomitis,Daniel Whelan,Shemar Bartholomew,Mark Perry,Collin Oliver,Damien Martinez,Drake Dabney,Nyjalik Kelly,TJ Quinn,Chris Hilton Jr.,Malik Harrison,Jamin Davis,Israel Mukuamu,Lew Nichols III,Kaleb Johnson,Jack Henderson,Daryl Porter,Max Hurleman,Lance Mason,Tamon Lynum,
2026002,1,4197,RUSH,(:30) D.Allar kneels to PIT 13 for -1 yards.,https://pro.nfl.com/api/plays/summaryPlay?gameId=c66dfc69-5f68-11f1-b1d0-bb70a4640075&playId=4197,4,1,10,00:30,86.0,False,False,3900,28,9,-0.04708590032532811,11,1,3,1,5,11,4,3,4,Jack Driscoll,Broderick Jones,Doug Nester,Drew Allar,Gennings Dunker,Riley Nowakowski,Eli Heidenreich,Lance Mason,Levi Wentz,Lake McRee,Greg Crippen,Kristian Welch,Jonathan Ford,Arron Mosby,Trey Dean III,Jaylin Simpson,Jaden Crumedy,MJ Devonshire,Tra Fluellen,Nazir Stackhouse,Nyjalik Kelly,TJ Quinn
2026002,1,4219,END_GAME,END GAME,https://pro.nfl.com/api/plays/summaryPlay?gameId=c66dfc69-5f68-11f1-b1d0-bb70a4640075&playId=4219,4,0,0,00:00,,False,,1800,9,28,,0,0,0,0,0,0,0,0,0,,,,,,,,,,,,,,,,,,,,,,
2026003,1,1,GAME_START,GAME,https://pro.nfl.com/api/plays/summaryPlay?gameId=c66df6a7-5f68-11f1-b1d0-bb70a4640075&playId=1,1,0,0,,,False,,1540,0,0,,0,0,0,0,0,0,0,0,0,,,,,,,,,,,,,,,,,,,,,,
2026003,1,41,KICK_OFF,E.McPherson kicks 64 yards from CIN 35 to DET 1. R.Blackshear to DET 29 for 28 yards (O.Burks; J.Newton).,https://pro.nfl.com/api/plays/summaryPlay?gameId=c66df6a7-5f68-11f1-b1d0-bb70a4640075&playId=41,1,0,0,15:00,65.0,False,False,0920,0,0,-0.19039726024493575,11,1,0,0,0,11,1,2,3,Oren Burks,Joe Giles-Harris,Kyle Dugger,Evan McPherson,Gary Brightwell,Ja'Sir Taylor,D.J. Ivey,Shaka Heyward,Josh Newton,Cedric Johnson,PJ Jules,Troy Reeder,Joe Bachie,Tarik Black,Raheem Blackshear,Tay Martin,Loren Strickland,Ahmed Hassanein,Dan Jackson,Dominic Lovett,Jackson Meeks,Keith Abney II
2026003,1,64,PASS,(14:53) L.Altmyer pass short left to T.Conklin to DET 29 for no gain (K.Dugger).,https://pro.nfl.com/api/plays/summaryPlay?gameId=c66df6a7-5f68-11f1-b1d0-bb70a4640075&playId=64,1,1,10,14:53,71.0,False,False,1540,0,0,-0.5431985280010849,11,1,1,3,5,11,4,3,4,Tyler Conklin,Cedrick Wilson Jr.,Larry Borom,Jacob Saylors,Christian Mahogany,Isaac TeSlaa,Miles Frazier,Seth McLaughlin,Jackson Meeks,Blake Miller,Luke Altmyer,Jonathan Allen,Dexter Lawrence,Kyle Dugger,Tedarrell Slaton,Boye Mafe,Myles Murphy,DJ Turner II,Jordan Battle,D.J. Ivey,Demetrius Knight Jr.,Barrett Carter
2026003,1,89,RUSH,(14:21) J.Saylors up the middle to DET 36 for 7 yards (B.Mafe; J.Battle).,https://pro.nfl.com/api/plays/summaryPlay?gameId=c66df6a7-5f68-11f1-b1d0-bb70a4640075&playId=89,1,2,10,14:21,71.0,False,False,1540,0,0,0.05706565361469984,11,1,1,3,5,11,3,3,5,Tyler Conklin,Cedrick Wilson Jr.,Larry Borom,Jacob Saylors,Christian Mahogany,Isaac TeSlaa,Miles Frazier,Seth McLaughlin,Jackson Meeks,Blake Miller,Luke Altmyer,Jonathan Allen,Dexter Lawrence,Kyle Dugger,Boye Mafe,Ja'Sir Taylor,Myles Murphy,DJ Turner II,Jordan Battle,D.J. Ivey,Demetrius Knight Jr.,Barrett Carter
2026003,1,111,PASS,(13:43) (Shotgun) L.Altmyer pass short left to J.Saylors pushed ob at DET 44 for 8 yards (D.Knight).,https://pro.nfl.com/api/plays/summaryPlay?gameId=c66df6a7-5f68-11f1-b1d0-bb70a4640075&playId=111,1,3,3,13:43,64.0,False,False,1540,0,0,1.5575638057198375,11,1,1,3,5,11,3,3,5,Tyler Conklin,Cedrick Wilson Jr.,Greg Dortch,Larry Borom,Jacob Saylors,Christian Mahogany,Isaac TeSlaa,Miles Frazier,Seth McLaughlin,Blake Miller,Luke Altmyer,Jonathan Allen,Dexter Lawrence,Kyle Dugger,Boye Mafe,Ja'Sir Taylor,Myles Murphy,DJ Turner II,Jordan Battle,D.J. Ivey,Demetrius Knight Jr.,Barrett Carter
2026003,1,141,PASS,"(13:16) L.Altmyer pass deep right to C.Wilson to CIN 33 for 23 yards (J.Battle).
Penalty on CIN-K.Jenkins, Defensive Offside, declined.",https://pro.nfl.com/api/plays/summaryPlay?gameId=c66df6a7-5f68-11f1-b1d0-bb70a4640075&playId=141,1,1,10,13:16,56.0,False,False,1540,0,0,1.3364888376090676,11,1,1,3,5,11,4,3,4,Tyler Conklin,Cedrick Wilson Jr.,Larry Borom,Jacob Saylors,Christian Mahogany,Isaac TeSlaa,Miles Frazier,Seth McLaughlin,Jackson Meeks,Blake Miller,Luke Altmyer,Kyle Dugger,Tedarrell Slaton,Boye Mafe,Myles Murphy,DJ Turner II,Jordan Battle,D.J. Ivey,Kris Jenkins,McKinnley Jackson,Demetrius Knight Jr.,Barrett Carter
2026003,1,177,PASS,(12:51) (Shotgun) L.Altmyer pass short right intended for I.TeSlaa INTERCEPTED by J.Battle at CIN 25. J.Battle to CIN 26 for 1 yard (I.TeSlaa).,https://pro.nfl.com/api/plays/summaryPlay?gameId=c66df6a7-5f68-11f1-b1d0-bb70a4640075&playId=177,1,1,10,12:51,33.0,False,False,1540,0,0,-5.560239103855565,11,1,1,3,5,11,3,3,5,Tyler Conklin,Cedrick Wilson Jr.,Greg Dortch,Larry Borom,Jacob Saylors,Christian Mahogany,Isaac TeSlaa,Miles Frazier,Seth McLaughlin,Blake Miller,Luke Altmyer,Kyle Dugger,Tedarrell Slaton,Boye Mafe,Ja'Sir Taylor,Myles Murphy,DJ Turner II,Jordan Battle,D.J. Ivey,Kris Jenkins,Demetrius Knight Jr.,Barrett Carter
2026003,1,216,TIMEOUT,Timeout at 12:44.,https://pro.nfl.com/api/plays/summaryPlay?gameId=c66df6a7-5f68-11f1-b1d0-bb70a4640075&playId=216,1,0,0,12:44,,False,,1540,0,0,,0,0,0,0,0,0,0,0,0,,,,,,,,,,,,,,,,,,,,,,
2026003,1,204,RUSH,(12:44) C.Brown up the middle to CIN 31 for 5 yards (D.White).,https://pro.nfl.com/api/plays/summaryPlay?gameId=c66df6a7-5f68-11f1-b1d0-bb70a4640075&playId=204,1,1,10,12:44,74.0,False,False,0920,0,0,-0.0005364036187529564,11,1,2,2,5,11,4,3,4,Ted Karras,Orlando Brown,Dalton Risner,Drew Sample,Joe Burrow,Tee Higgins,Ja'Marr Chase,Chase Brown,Amarius Mims,Cam Grandy,Dylan Fairchild,Chuck Clark,Devin White,Joe Bachie,Levi Onwuzurike,Tyler Lacy,Trevor Nowaske,Chris Smith,Nick Whiteside,Ennis Rakestraw Jr.,Thomas Harper,Anthony Lucas
2026003,1,233,PASS,(12:07) J.Burrow pass deep middle to J.Chase to CIN 47 for 16 yards (E.Rakestraw).,https://pro.nfl.com/api/plays/summaryPlay?gameId=c66df6a7-5f68-11f1-b1d0-bb70a4640075&playId=233,1,2,5,12:07,69.0,False,False,0920,0,0,1.3197748225647956,11,1,1,3,5,11,4,2,5,Ted Karras,Orlando Brown,Dalton Risner,Drew Sample,Joe Burrow,Tee Higgins,Ja'Marr Chase,Chase Brown,Andrei Iosivas,Amarius Mims,Dylan Fairchild,Chuck Clark,Devin White,Levi Onwuzurike,Tyler Lacy,Trevor Nowaske,Chris Smith,Christian Izien,Nick Whiteside,Ennis Rakestraw Jr.,Thomas Harper,Anthony Lucas
2026003,1,258,RUSH,(11:25) C.Brown left guard to DET 49 for 4 yards (D.White).,https://pro.nfl.com/api/plays/summaryPlay?gameId=c66df6a7-5f68-11f1-b1d0-bb70a4640075&playId=258,1,1,10,11:25,53.0,False,False,0920,0,0,-0.11902461992576718,11,1,1,3,5,11,4,2,5,Ted Karras,Orlando Brown,Dalton Risner,Drew Sample,Joe Burrow,Tee Higgins,Ja'Marr Chase,Chase Brown,Andrei Iosivas,Amarius Mims,Dylan Fairchild,Chuck Clark,Devin White,Levi Onwuzurike,Tyler Lacy,Trevor Nowaske,Chris Smith,Christian Izien,Nick Whiteside,Ennis Rakestraw Jr.,Thomas Harper,Anthony Lucas
2026003,1,280,SACK,(10:43) J.Burrow sacked at CIN 42 for -9 yards (A.Hassanein).,https://pro.nfl.com/api/plays/summaryPlay?gameId=c66df6a7-5f68-11f1-b1d0-bb70a4640075&playId=280,1,2,6,10:43,49.0,False,False,0920,0,0,-2.278924298938364,11,1,2,2,5,11,4,3,4,Ted Karras,Orlando Brown,Dalton Risner,Drew Sample,Joe Burrow,Tee Higgins,Ja'Marr Chase,Chase Brown,Amarius Mims,Cam Grandy,Dylan Fairchild,Chuck Clark,Devin White,Joe Bachie,Trevor Nowaske,Chris Smith,Nick Whiteside,Ennis Rakestraw Jr.,Mekhi Wingo,Thomas Harper,Ahmed Hassanein,Anthony Lucas
2026003,1,300,PASS,(10:03) (Shotgun) J.Burrow pass short right to S.Perine to CIN 47 for 5 yards (A.Hassanein; T.Nowaske).,https://pro.nfl.com/api/plays/summaryPlay?gameId=c66df6a7-5f68-11f1-b1d0-bb70a4640075&playId=300,1,3,15,10:03,58.0,False,False,0920,0,0,-0.991060859290883,11,1,1,3,5,11,4,2,5,Ted Karras,Samaje Perine,Mike Gesicki,Orlando Brown,Dalton Risner,Joe Burrow,Tee Higgins,Ja'Marr Chase,Andrei Iosivas,Amarius Mims,Dylan Fairchild,Chuck Clark,Devin White,Trevor Nowaske,Nick Whiteside,Ennis Rakestraw Jr.,Mekhi Wingo,Thomas Harper,Ahmed Hassanein,Keith Abney II,Skyler Gill-Howard,Anthony Lucas
2026003,1,325,PUNT,"(9:30) R.Rehkow punts 49 yards to DET 4, Center-W.Wagner. G.Dortch to DET 12 for 8 yards (J.Giles-Harris; K.Dugger).",https://pro.nfl.com/api/plays/summaryPlay?gameId=c66df6a7-5f68-11f1-b1d0-bb70a4640075&playId=325,1,4,10,09:30,53.0,False,False,0920,0,0,0.1283548823557794,11,1,2,0,0,11,0,1,4,Oren Burks,Tanner Hudson,Joe Giles-Harris,Kyle Dugger,D.J. Ivey,Shaka Heyward,Daijahn Anthony,Kendall Milton,Ryan Rehkow,Cam Grandy,William Wagner,Greg Dortch,Joe Bachie,Roger McCreary,Tay Martin,Malik Cunningham,Loren Strickland,Dan Jackson,Zach Horton,Jackson Meeks,Kye Robichaux,Keith Abney II
2026003,1,363,TIMEOUT,Timeout at 09:20.,https://pro.nfl.com/api/plays/summaryPlay?gameId=c66df6a7-5f68-11f1-b1d0-bb70a4640075&playId=363,1,0,0,09:20,,False,,1540,0,0,,0,0,0,0,0,0,0,0,0,,,,,,,,,,,,,,,,,,,,,,
2026003,1,351,RUSH,(9:20) J.Saylors up the middle to DET 14 for 2 yards (K.Jenkins; B.Mafe).,https://pro.nfl.com/api/plays/summaryPlay?gameId=c66df6a7-5f68-11f1-b1d0-bb70a4640075&playId=351,1,1,10,09:20,88.0,False,False,1540,0,0,-0.5337701276876032,11,1,1,3,5,11,4,3,4,Tyler Conklin,Cedrick Wilson Jr.,Larry Borom,Jacob Saylors,Christian Mahogany,Isaac TeSlaa,Miles Frazier,Seth McLaughlin,Jackson Meeks,Blake Miller,Luke Altmyer,Kyle Dugger,Tedarrell Slaton,Boye Mafe,Myles Murphy,Jordan Battle,D.J. Ivey,Kris Jenkins,Josh Newton,Demetrius Knight Jr.,Barrett Carter,Landon Robinson
2026003,1,380,PENALTY,"(8:48) L.Altmyer pass short right to J.Saylors to DET 22 for 8 yards (B.Mafe).
PENALTY on DET-C.Mahogany, Ineligible Downfield Pass, 5 yards, enforced at DET 14 - No Play.",https://pro.nfl.com/api/plays/summaryPlay?gameId=c66df6a7-5f68-11f1-b1d0-bb70a4640075&playId=380,1,2,8,08:48,86.0,False,False,1540,0,0,-0.5418856097385287,11,1,1,3,5,11,4,3,4,Tyler Conklin,Cedrick Wilson Jr.,Larry Borom,Jacob Saylors,Christian Mahogany,Isaac TeSlaa,Miles Frazier,Seth McLaughlin,Jackson Meeks,Blake Miller,Luke Altmyer,Kyle Dugger,Tedarrell Slaton,Boye Mafe,Myles Murphy,Jordan Battle,D.J. Ivey,Kris Jenkins,Josh Newton,Demetrius Knight Jr.,Barrett Carter,Landon Robinson
2026003,1,416,PASS,(8:25) (Shotgun) L.Altmyer pass incomplete short middle to G.Dortch (T.Slaton).,https://pro.nfl.com/api/plays/summaryPlay?gameId=c66df6a7-5f68-11f1-b1d0-bb70a4640075&playId=416,1,2,13,08:25,91.0,False,False,1540,0,0,-1.021888884715736,11,1,1,3,5,11,3,3,5,Tyler Conklin,Cedrick Wilson Jr.,Greg Dortch,Larry Borom,Jacob Saylors,Christian Mahogany,Isaac TeSlaa,Miles Frazier,Seth McLaughlin,Blake Miller,Luke Altmyer,Kyle Dugger,Tedarrell Slaton,Boye Mafe,Ja'Sir Taylor,Myles Murphy,Jordan Battle,D.J. Ivey,Kris Jenkins,Josh Newton,Demetrius Knight Jr.,Barrett Carter
2026003,1,439,PASS,(8:20) (Shotgun) L.Altmyer pass incomplete deep right to I.TeSlaa.,https://pro.nfl.com/api/plays/summaryPlay?gameId=c66df6a7-5f68-11f1-b1d0-bb70a4640075&playId=439,1,3,13,08:20,91.0,False,False,1540,0,0,-1.179758632555604,11,1,1,3,5,11,3,3,5,Tyler Conklin,Cedrick Wilson Jr.,Greg Dortch,Larry Borom,Jacob Saylors,Christian Mahogany,Isaac TeSlaa,Miles Frazier,Seth McLaughlin,Blake Miller,Luke Altmyer,Kyle Dugger,Boye Mafe,Ja'Sir Taylor,Myles Murphy,Jordan Battle,D.J. Ivey,Kris Jenkins,Josh Newton,Demetrius Knight Jr.,Barrett Carter,Howard Cross III
2026003,1,462,PUNT,"(8:16) J.Fox punts 51 yards to CIN 40, Center-H.Hatten. C.Jones to CIN 40 for no gain (T.Reeder).
PENALTY on CIN-J.Newton, Offensive Holding, 10 yards, enforced at CIN 40.",https://pro.nfl.com/api/plays/summaryPlay?gameId=c66df6a7-5f68-11f1-b1d0-bb70a4640075&playId=462,1,4,13,08:16,91.0,False,False,1540,0,0,1.1082375766709447,11,1,1,2,0,11,1,3,4,Jack Fox,Troy Reeder,Tay Martin,Nick Whiteside,Jacob Saylors,Hogan Hatten,Loren Strickland,Thomas Harper,Zach Horton,Jackson Meeks,Erick Hunter,Oren Burks,Tanner Hudson,Joe Giles-Harris,Charlie Jones,D.J. Ivey,Shaka Heyward,Josh Newton,Cedric Johnson,Daijahn Anthony,PJ Jules,Tahj Brooks
2026003,1,511,TIMEOUT,Timeout at 08:05.,https://pro.nfl.com/api/plays/summaryPlay?gameId=c66df6a7-5f68-11f1-b1d0-bb70a4640075&playId=511,1,0,0,08:05,,False,,1540,0,0,,0,0,0,0,0,0,0,0,0,,,,,,,,,,,,,,,,,,,,,,
2026003,1,499,RUSH,(8:05) (Shotgun) C.Brown left tackle to CIN 35 for 5 yards (A.Lucas).,https://pro.nfl.com/api/plays/summaryPlay?gameId=c66df6a7-5f68-11f1-b1d0-bb70a4640075&playId=499,1,1,10,08:05,70.0,False,False,0920,0,0,-0.11182826268486679,11,1,1,3,5,11,4,2,5,Ted Karras,Orlando Brown,Dalton Risner,Drew Sample,Joe Burrow,Tee Higgins,Ja'Marr Chase,Chase Brown,Andrei Iosivas,Amarius Mims,Dylan Fairchild,Chuck Clark,Devin White,Levi Onwuzurike,Tyler Lacy,Trevor Nowaske,Chris Smith,Christian Izien,Nick Whiteside,Ennis Rakestraw Jr.,Thomas Harper,Anthony Lucas
2026003,1,528,RUSH,(7:34) (Shotgun) C.Brown up the middle to CIN 38 for 3 yards (E.Rakestraw; C.Izien).,https://pro.nfl.com/api/plays/summaryPlay?gameId=c66df6a7-5f68-11f1-b1d0-bb70a4640075&playId=528,1,2,5,07:34,65.0,False,False,0920,0,0,-0.14647372625768185,11,1,1,3,5,11,4,2,5,Ted Karras,Orlando Brown,Dalton Risner,Drew Sample,Joe Burrow,Tee Higgins,Ja'Marr Chase,Chase Brown,Andrei Iosivas,Amarius Mims,Dylan Fairchild,Chuck Clark,Devin White,Levi Onwuzurike,Tyler Lacy,Trevor Nowaske,Chris Smith,Christian Izien,Nick Whiteside,Ennis Rakestraw Jr.,Thomas Harper,Anthony Lucas
2026003,1,550,PASS,(6:56) (Shotgun) J.Burrow pass short right to D.Sample to CIN 40 for 2 yards (E.Rakestraw; T.Nowaske).,https://pro.nfl.com/api/plays/summaryPlay?gameId=c66df6a7-5f68-11f1-b1d0-bb70a4640075&playId=550,1,3,2,06:56,62.0,False,False,0920,0,0,0.8892091375309974,11,1,2,2,5,11,4,3,4,Ted Karras,Mike Gesicki,Orlando Brown,Dalton Risner,Drew Sample,Joe Burrow,Tee Higgins,Ja'Marr Chase,Chase Brown,Amarius Mims,Dylan Fairchild,Chuck Clark,Devin White,Joe Bachie,Levi Onwuzurike,Tyler Lacy,Trevor Nowaske,Chris Smith,Nick Whiteside,Ennis Rakestraw Jr.,Thomas Harper,Anthony Lucas
2026003,1,575,PASS,(6:20) J.Burrow pass short right to A.Iosivas pushed ob at CIN 49 for 9 yards (T.Harper).,https://pro.nfl.com/api/plays/summaryPlay?gameId=c66df6a7-5f68-11f1-b1d0-bb70a4640075&playId=575,1,1,10,06:20,60.0,False,False,0920,0,0,0.8411548670846969,11,1,1,3,5,11,4,2,5,Ted Karras,Samaje Perine,Orlando Brown,Dalton Risner,Drew Sample,Joe Burrow,Tee Higgins,Ja'Marr Chase,Andrei Iosivas,Amarius Mims,Dylan Fairchild,Chuck Clark,Devin White,Levi Onwuzurike,Tyler Lacy,Trevor Nowaske,Chris Smith,Christian Izien,Nick Whiteside,Ennis Rakestraw Jr.,Thomas Harper,Anthony Lucas
2026003,1,605,RUSH,(5:45) S.Perine up the middle to DET 44 for 7 yards (C.Clark; N.Whiteside).,https://pro.nfl.com/api/plays/summaryPlay?gameId=c66df6a7-5f68-11f1-b1d0-bb70a4640075&playId=605,1,2,1,05:45,51.0,False,False,0920,0,0,0.06899118586443365,11,1,2,2,5,11,4,2,5,Ted Karras,Samaje Perine,Orlando Brown,Dalton Risner,Drew Sample,Joe Burrow,Ja'Marr Chase,Amarius Mims,Cam Grandy,Dylan Fairchild,Colbie Young,Chuck Clark,Devin White,Levi Onwuzurike,Tyler Lacy,Trevor Nowaske,Chris Smith,Christian Izien,Nick Whiteside,Ennis Rakestraw Jr.,Thomas Harper,Anthony Lucas
2026003,1,627,PASS,(5:06) (Shotgun) J.Burrow pass short right to S.Perine to DET 37 for 7 yards (E.Rakestraw; C.Izien).,https://pro.nfl.com/api/plays/summaryPlay?gameId=c66df6a7-5f68-11f1-b1d0-bb70a4640075&playId=627,1,1,10,05:06,44.0,False,False,0920,0,0,0.3851002920418978,11,1,1,3,5,11,4,2,5,Ted Karras,Samaje Perine,Orlando Brown,Dalton Risner,Drew Sample,Joe Burrow,Tee Higgins,Ja'Marr Chase,Andrei Iosivas,Amarius Mims,Dylan Fairchild,Chuck Clark,Devin White,Levi Onwuzurike,Tyler Lacy,Trevor Nowaske,Chris Smith,Christian Izien,Nick Whiteside,Ennis Rakestraw Jr.,Thomas Harper,Anthony Lucas
2026003,1,652,RUSH,(4:29) C.Brown up the middle to DET 38 for -1 yards (T.Nowaske).,https://pro.nfl.com/api/plays/summaryPlay?gameId=c66df6a7-5f68-11f1-b1d0-bb70a4640075&playId=652,1,2,3,04:29,37.0,False,False,0920,0,0,-0.934974854812026,11,1,1,3,5,11,4,2,5,Ted Karras,Orlando Brown,Dalton Risner,Drew Sample,Joe Burrow,Ja'Marr Chase,Chase Brown,Andrei Iosivas,Amarius Mims,Dylan Fairchild,Colbie Young,Devin White,Myles Adams,Trevor Nowaske,Christian Izien,Nick Whiteside,Ennis Rakestraw Jr.,Mekhi Wingo,Thomas Harper,Ahmed Hassanein,Aamaris Brown,Eric O'Neill
2026003,1,674,PASS,(3:52) (Shotgun) J.Burrow pass incomplete deep left to M.Gesicki [E.O'Neill].,https://pro.nfl.com/api/plays/summaryPlay?gameId=c66df6a7-5f68-11f1-b1d0-bb70a4640075&playId=674,1,3,4,03:52,38.0,False,False,0920,0,0,-1.8096508788876235,11,1,1,3,5,11,4,2,5,Ted Karras,Mike Gesicki,Orlando Brown,Dalton Risner,Joe Burrow,Tee Higgins,Ja'Marr Chase,Chase Brown,Andrei Iosivas,Amarius Mims,Dylan Fairchild,Chuck Clark,Devin White,Trevor Nowaske,Nick Whiteside,Ennis Rakestraw Jr.,Mekhi Wingo,Thomas Harper,Ahmed Hassanein,Keith Abney II,Skyler Gill-Howard,Eric O'Neill
2026003,1,697,FIELD_GOAL,"(3:45) E.McPherson 56 yard field goal is GOOD, Center-W.Wagner, Holder-R.Rehkow.",https://pro.nfl.com/api/plays/summaryPlay?gameId=c66df6a7-5f68-11f1-b1d0-bb70a4640075&playId=697,1,4,4,03:45,38.0,False,False,0920,0,0,2.0806554723531008,11,0,2,0,6,11,4,3,4,Ted Karras,Orlando Brown,Tanner Hudson,Cody Ford,Dalton Risner,Drew Sample,Evan McPherson,Amarius Mims,Ryan Rehkow,Jalen Rivers,William Wagner,Troy Reeder,Joe Bachie,Chris Smith,Nick Whiteside,Ennis Rakestraw Jr.,Loren Strickland,Thomas Harper,Ahmed Hassanein,Skyler Gill-Howard,Erick Hunter,Eric O'Neill
2026003,1,727,TIMEOUT,Timeout at 03:42.,https://pro.nfl.com/api/plays/summaryPlay?gameId=c66df6a7-5f68-11f1-b1d0-bb70a4640075&playId=727,1,0,0,03:42,,False,,1540,0,3,,0,0,0,0,0,0,0,0,0,,,,,,,,,,,,,,,,,,,,,,
2026003,1,717,KICK_OFF,E.McPherson kicks 60 yards from CIN 35 to DET 5. R.Blackshear to DET 31 for 26 yards (O.Burks; J.Giles-Harris). DET-A.Hassanein was injured during the play.,https://pro.nfl.com/api/plays/summaryPlay?gameId=c66df6a7-5f68-11f1-b1d0-bb70a4640075&playId=717,1,0,0,03:42,65.0,False,False,0920,3,0,-0.32570511056110263,11,1,1,0,0,11,1,2,3,Oren Burks,Tanner Hudson,Joe Giles-Harris,Evan McPherson,Gary Brightwell,Ja'Sir Taylor,D.J. Ivey,Shaka Heyward,Josh Newton,Cedric Johnson,PJ Jules,Troy Reeder,Joe Bachie,Tarik Black,Raheem Blackshear,Tay Martin,Loren Strickland,Ahmed Hassanein,Dan Jackson,Dominic Lovett,Jackson Meeks,Keith Abney II
2026003,1,750,PASS,(3:35) L.Altmyer pass short right to J.Saylors pushed ob at DET 47 for 16 yards (D.Ivey).,https://pro.nfl.com/api/plays/summaryPlay?gameId=c66df6a7-5f68-11f1-b1d0-bb70a4640075&playId=750,1,1,10,03:35,69.0,False,False,1540,0,3,0.9949159370735288,11,1,1,3,5,11,5,2,4,Tyler Conklin,Cedrick Wilson Jr.,Larry Borom,Jacob Saylors,Christian Mahogany,Isaac TeSlaa,Miles Frazier,Seth McLaughlin,Jackson Meeks,Blake Miller,Luke Altmyer,Oren Burks,Kyle Dugger,D.J. Ivey,Kris Jenkins,McKinnley Jackson,Josh Newton,Cedric Johnson,Swayze Bozeman,PJ Jules,Cashius Howell,Landon Robinson
2026003,1,784,PASS,(3:06) L.Altmyer pass short right to J.Meeks pushed ob at CIN 36 for 17 yards (P.Jules).,https://pro.nfl.com/api/plays/summaryPlay?gameId=c66df6a7-5f68-11f1-b1d0-bb70a4640075&playId=784,1,1,10,03:06,53.0,False,False,1540,0,3,0.9539936992805451,11,1,1,3,5,11,5,2,4,Tyler Conklin,Cedrick Wilson Jr.,Larry Borom,Jacob Saylors,Christian Mahogany,Isaac TeSlaa,Miles Frazier,Seth McLaughlin,Jackson Meeks,Blake Miller,Luke Altmyer,Oren Burks,Kyle Dugger,D.J. Ivey,Kris Jenkins,McKinnley Jackson,Josh Newton,Cedric Johnson,Swayze Bozeman,PJ Jules,Cashius Howell,Landon Robinson
2026003,1,814,RUSH,(2:37) J.Saylors left tackle to CIN 34 for 2 yards (C.Johnson; M.Jackson).,https://pro.nfl.com/api/plays/summaryPlay?gameId=c66df6a7-5f68-11f1-b1d0-bb70a4640075&playId=814,1,1,10,02:37,36.0,False,False,1540,0,3,-0.3152831688057631,11,1,1,3,5,11,5,2,4,Tyler Conklin,Cedrick Wilson Jr.,Larry Borom,Jacob Saylors,Christian Mahogany,Isaac TeSlaa,Miles Frazier,Seth McLaughlin,Jackson Meeks,Blake Miller,Luke Altmyer,Oren Burks,Kyle Dugger,D.J. Ivey,Kris Jenkins,McKinnley Jackson,Josh Newton,Cedric Johnson,Swayze Bozeman,PJ Jules,Cashius Howell,Landon Robinson
2026003,1,836,PASS,(2:01) (Shotgun) L.Altmyer pass short middle to T.Conklin to CIN 29 for 5 yards (S.Bozeman; O.Burks).,https://pro.nfl.com/api/plays/summaryPlay?gameId=c66df6a7-5f68-11f1-b1d0-bb70a4640075&playId=836,1,2,8,02:01,34.0,False,False,1540,0,3,0.062176230596378446,11,1,1,3,5,11,4,2,5,Tyler Conklin,Cedrick Wilson Jr.,Greg Dortch,Larry Borom,Christian Mahogany,Isaac TeSlaa,Miles Frazier,Seth McLaughlin,Kye Robichaux,Blake Miller,Luke Altmyer,Oren Burks,Kyle Dugger,Ja'Sir Taylor,D.J. Ivey,Kris Jenkins,Josh Newton,Cedric Johnson,Swayze Bozeman,PJ Jules,Cashius Howell,Landon Robinson
2026003,1,861,RUSH,(1:23) (Shotgun) K.Robichaux up the middle to CIN 29 for no gain (O.Burks).,https://pro.nfl.com/api/plays/summaryPlay?gameId=c66df6a7-5f68-11f1-b1d0-bb70a4640075&playId=861,1,3,3,01:23,29.0,False,False,1540,0,3,-1.4918370803352445,11,1,1,3,5,11,4,2,5,Tyler Conklin,Cedrick Wilson Jr.,Greg Dortch,Larry Borom,Christian Mahogany,Isaac TeSlaa,Miles Frazier,Seth McLaughlin,Kye Robichaux,Blake Miller,Luke Altmyer,Oren Burks,Kyle Dugger,Ja'Sir Taylor,D.J. Ivey,Kris Jenkins,Josh Newton,Cedric Johnson,Swayze Bozeman,PJ Jules,Cashius Howell,Landon Robinson
2026003,1,883,PASS,(:47) (Shotgun) L.Altmyer pass incomplete short left to I.TeSlaa (D.Ivey).,https://pro.nfl.com/api/plays/summaryPlay?gameId=c66df6a7-5f68-11f1-b1d0-bb70a4640075&playId=883,1,4,3,00:47,29.0,False,False,1540,0,3,-3.748419112060219,11,1,1,3,5,11,4,2,5,Tyler Conklin,Cedrick Wilson Jr.,Greg Dortch,Larry Borom,Christian Mahogany,Isaac TeSlaa,Miles Frazier,Seth McLaughlin,Kye Robichaux,Blake Miller,Luke Altmyer,Oren Burks,Kyle Dugger,Ja'Sir Taylor,D.J. Ivey,Kris Jenkins,Josh Newton,Cedric Johnson,Swayze Bozeman,PJ Jules,Cashius Howell,Landon Robinson
2026003,1,906,PASS,(:44) (Shotgun) J.Flacco pass incomplete short right to C.Young (E.Rakestraw).,https://pro.nfl.com/api/plays/summaryPlay?gameId=c66df6a7-5f68-11f1-b1d0-bb70a4640075&playId=906,1,1,10,00:44,70.0,False,False,0920,3,0,-0.5812954278662801,11,1,1,3,5,11,4,2,5,Joe Flacco,Cody Ford,Andrei Iosivas,Mitchell Tinsley,Andrew Coker,Cam Grandy,Jalen Rivers,Tahj Brooks,Jacob Bayer,Colbie Young,Brian Parker II,Devin White,Myles Adams,Levi Onwuzurike,Tyler Lacy,Trevor Nowaske,Christian Izien,Nick Whiteside,Ennis Rakestraw Jr.,Thomas Harper,Aamaris Brown,Anthony Lucas
2026003,1,929,RUSH,"(:40) (Shotgun) J.Flacco FUMBLES (Aborted) at CIN 25, and recovers at CIN 24. ** Injury Update: DET-A.Hassanein has returned to the game.",https://pro.nfl.com/api/plays/summaryPlay?gameId=c66df6a7-5f68-11f1-b1d0-bb70a4640075&playId=929,1,2,10,00:40,70.0,False,False,0920,3,0,-2.037684975657612,11,1,1,3,5,11,4,2,5,Joe Flacco,Tanner Hudson,Cody Ford,Andrei Iosivas,Mitchell Tinsley,Andrew Coker,Jalen Rivers,Tahj Brooks,Jacob Bayer,Colbie Young,Brian Parker II,Devin White,Trevor Nowaske,Nick Whiteside,Ennis Rakestraw Jr.,Mekhi Wingo,Thomas Harper,Ahmed Hassanein,Keith Abney II,Skyler Gill-Howard,Aamaris Brown,Anthony Lucas
2026003,1,956,END_QUARTER,END QUARTER 1,https://pro.nfl.com/api/plays/summaryPlay?gameId=c66df6a7-5f68-11f1-b1d0-bb70a4640075&playId=956,1,0,0,,,False,,1540,0,3,,0,0,0,0,0,0,0,0,0,,,,,,,,,,,,,,,,,,,,,,
2026003,1,976,PASS,(15:00) (Shotgun) J.Flacco pass deep left to C.Young to CIN 44 for 20 yards (T.Harper).,https://pro.nfl.com/api/plays/summaryPlay?gameId=c66df6a7-5f68-11f1-b1d0-bb70a4640075&playId=976,2,3,16,15:00,76.0,False,False,0920,3,0,3.483071736525744,11,1,1,3,5,11,4,2,5,Joe Flacco,Tanner Hudson,Cody Ford,Andrei Iosivas,Mitchell Tinsley,Andrew Coker,Jalen Rivers,Tahj Brooks,Jacob Bayer,Colbie Young,Brian Parker II,Devin White,Trevor Nowaske,Nick Whiteside,Ennis Rakestraw Jr.,Mekhi Wingo,Thomas Harper,Ahmed Hassanein,Keith Abney II,Skyler Gill-Howard,Aamaris Brown,Anthony Lucas
2026003,1,1004,PASS,"(14:19) J.Flacco pass incomplete deep left.
PENALTY on CIN-J.Flacco, Intentional Grounding, 10 yards, enforced at CIN 44.",https://pro.nfl.com/api/plays/summaryPlay?gameId=c66df6a7-5f68-11f1-b1d0-bb70a4640075&playId=1004,2,1,10,14:19,56.0,False,False,0920,3,0,-1.5107656219042838,11,1,1,3,5,11,4,2,5,Joe Flacco,Cody Ford,Andrei Iosivas,Mitchell Tinsley,Andrew Coker,Cam Grandy,Jalen Rivers,Tahj Brooks,Jacob Bayer,Colbie Young,Brian Parker II,Devin White,Myles Adams,Trevor Nowaske,Christian Izien,Nick Whiteside,Ennis Rakestraw Jr.,Mekhi Wingo,Thomas Harper,Ahmed Hassanein,Aamaris Brown,Anthony Lucas
2026003,1,1038,PASS,(14:13) (Shotgun) J.Flacco pass short left to A.Iosivas ran ob at CIN 45 for 11 yards.,https://pro.nfl.com/api/plays/summaryPlay?gameId=c66df6a7-5f68-11f1-b1d0-bb70a4640075&playId=1038,2,2,20,14:13,66.0,False,False,0920,3,0,0.09208988328464329,11,1,1,3,5,11,4,2,5,Joe Flacco,Tanner Hudson,Cody Ford,Andrei Iosivas,Mitchell Tinsley,Andrew Coker,Jalen Rivers,Tahj Brooks,Jacob Bayer,Colbie Young,Brian Parker II,Devin White,Myles Adams,Trevor Nowaske,Christian Izien,Nick Whiteside,Ennis Rakestraw Jr.,Mekhi Wingo,Thomas Harper,Ahmed Hassanein,Aamaris Brown,Anthony Lucas
2026003,1,1070,PASS,(13:45) (Shotgun) J.Flacco pass short left to C.Young ran ob at DET 47 for 8 yards.,https://pro.nfl.com/api/plays/summaryPlay?gameId=c66df6a7-5f68-11f1-b1d0-bb70a4640075&playId=1070,2,3,9,13:45,55.0,False,False,0920,3,0,-0.1847242875955999,11,1,1,3,5,11,4,2,5,Joe Flacco,Tanner Hudson,Cody Ford,Andrei Iosivas,Mitchell Tinsley,Andrew Coker,Jalen Rivers,Tahj Brooks,Jacob Bayer,Colbie Young,Brian Parker II,Devin White,Trevor Nowaske,Nick Whiteside,Ennis Rakestraw Jr.,Mekhi Wingo,Thomas Harper,Ahmed Hassanein,Keith Abney II,Skyler Gill-Howard,Aamaris Brown,Anthony Lucas
2026003,1,1100,RUSH,(13:14) T.Brooks up the middle to DET 45 for 2 yards (C.Smith).,https://pro.nfl.com/api/plays/summaryPlay?gameId=c66df6a7-5f68-11f1-b1d0-bb70a4640075&playId=1100,2,4,1,13:14,47.0,False,False,0920,3,0,2.165296979714185,11,1,2,2,5,11,4,3,4,Joe Flacco,Cody Ford,Andrei Iosivas,Andrew Coker,Cam Grandy,Jalen Rivers,Tahj Brooks,Jacob Bayer,Colbie Young,Brian Parker II,Jack Endries,Devin White,Joe Bachie,Levi Onwuzurike,Tyler Lacy,Trevor Nowaske,Chris Smith,Nick Whiteside,Ennis Rakestraw Jr.,Thomas Harper,Aamaris Brown,Anthony Lucas
2026003,1,1122,RUSH,(12:40) (Shotgun) T.Brooks up the middle to DET 40 for 5 yards (T.Nowaske; D.White).,https://pro.nfl.com/api/plays/summaryPlay?gameId=c66df6a7-5f68-11f1-b1d0-bb70a4640075&playId=1122,2,1,10,12:40,45.0,False,False,0920,3,0,0.06106921215541661,11,1,1,3,5,11,4,2,5,Joe Flacco,Cody Ford,Andrei Iosivas,Mitchell Tinsley,Andrew Coker,Jalen Rivers,Tahj Brooks,Jacob Bayer,Colbie Young,Brian Parker II,Jack Endries,Devin White,Levi Onwuzurike,Tyler Lacy,Trevor Nowaske,Chris Smith,Christian Izien,Nick Whiteside,Ennis Rakestraw Jr.,Thomas Harper,Aamaris Brown,Anthony Lucas
2026003,1,1144,PASS,(12:03) J.Flacco pass short right to T.Brooks to DET 32 for 8 yards (E.Rakestraw). DET-E.Rakestraw was injured during the play.,https://pro.nfl.com/api/plays/summaryPlay?gameId=c66df6a7-5f68-11f1-b1d0-bb70a4640075&playId=1144,2,2,5,12:03,40.0,False,False,0920,3,0,0.8065792999695987,11,1,1,3,5,11,4,2,5,Joe Flacco,Cody Ford,Andrei Iosivas,Mitchell Tinsley,Andrew Coker,Cam Grandy,Jalen Rivers,Tahj Brooks,Jacob Bayer,Colbie Young,Brian Parker II,Devin White,Levi Onwuzurike,Tyler Lacy,Trevor Nowaske,Chris Smith,Christian Izien,Nick Whiteside,Ennis Rakestraw Jr.,Thomas Harper,Aamaris Brown,Anthony Lucas
2026003,1,1184,TIMEOUT,Timeout at 11:51.,https://pro.nfl.com/api/plays/summaryPlay?gameId=c66df6a7-5f68-11f1-b1d0-bb70a4640075&playId=1184,2,0,0,11:51,,False,,1540,0,3,,0,0,0,0,0,0,0,0,0,,,,,,,,,,,,,,,,,,,,,,
2026003,1,1172,RUSH,(11:38) (Shotgun) K.Milton up the middle to DET 25 for 7 yards (T.Harper).,https://pro.nfl.com/api/plays/summaryPlay?gameId=c66df6a7-5f68-11f1-b1d0-bb70a4640075&playId=1172,2,1,10,11:38,32.0,False,False,0920,3,0,0.3150708967586979,11,1,1,3,5,11,4,2,5,Joe Flacco,Cody Ford,Andrei Iosivas,Mitchell Tinsley,Kendall Milton,Andrew Coker,Jalen Rivers,Jacob Bayer,Colbie Young,Brian Parker II,Jack Endries,Levi Onwuzurike,Roger McCreary,Trevor Nowaske,Chris Smith,Christian Izien,Nick Whiteside,Thomas Harper,Ahmed Hassanein,Aamaris Brown,Erick Hunter,Anthony Lucas
2026003,1,1201,PASS,(10:55) (Shotgun) J.Flacco pass incomplete short left to T.Brooks.,https://pro.nfl.com/api/plays/summaryPlay?gameId=c66df6a7-5f68-11f1-b1d0-bb70a4640075&playId=1201,2,2,3,10:55,25.0,False,False,0920,3,0,-0.6709130663657561,11,1,1,3,5,11,4,2,5,Joe Flacco,Cody Ford,Andrei Iosivas,Mitchell Tinsley,Andrew Coker,Jalen Rivers,Tahj Brooks,Jacob Bayer,Colbie Young,Brian Parker II,Jack Endries,Levi Onwuzurike,Roger McCreary,Trevor Nowaske,Chris Smith,Christian Izien,Nick Whiteside,Thomas Harper,Ahmed Hassanein,Aamaris Brown,Erick Hunter,Anthony Lucas
2026003,1,1224,RUSH,"(10:48) (Shotgun) J.Flacco Aborted. J.Bayer FUMBLES at DET 27, recovered by CIN-K.Milton at DET 30. K.Milton to DET 24 for 6 yards. FUMBLES, touched at DET 11, RECOVERED by DET-K.Abney at DET 10. K.Abney to DET 13 for 3 yards (J.Rivers).",https://pro.nfl.com/api/plays/summaryPlay?gameId=c66df6a7-5f68-11f1-b1d0-bb70a4640075&playId=1224,2,3,3,10:48,25.0,False,False,0920,3,0,-4.3022119090892375,11,1,1,3,5,11,4,2,5,Joe Flacco,Tanner Hudson,Cody Ford,Charlie Jones,Andrei Iosivas,Mitchell Tinsley,Kendall Milton,Andrew Coker,Jalen Rivers,Jacob Bayer,Brian Parker II,Roger McCreary,Trevor Nowaske,Nick Whiteside,Mekhi Wingo,Thomas Harper,Ahmed Hassanein,Keith Abney II,Skyler Gill-Howard,Aamaris Brown,Erick Hunter,Eric O'Neill
2026003,1,1274,TIMEOUT,Timeout at 10:37.,https://pro.nfl.com/api/plays/summaryPlay?gameId=c66df6a7-5f68-11f1-b1d0-bb70a4640075&playId=1274,2,0,0,10:37,,False,,1540,0,3,,0,0,0,0,0,0,0,0,0,,,,,,,,,,,,,,,,,,,,,,
2026003,1,1262,PENALTY,"(10:37) L.Altmyer pass incomplete short right to T.Gordon [L.Robinson].
PENALTY on DET-M.Frazier, Offensive Holding, 6 yards, enforced at DET 13 - No Play.",https://pro.nfl.com/api/plays/summaryPlay?gameId=c66df6a7-5f68-11f1-b1d0-bb70a4640075&playId=1262,2,1,10,10:37,87.0,False,False,1540,0,3,-0.8097568629309535,11,1,2,2,5,11,5,2,4,Tyler Conklin,Larry Borom,Tay Martin,Jacob Saylors,Christian Mahogany,Isaac TeSlaa,Miles Frazier,Seth McLaughlin,Thomas Gordon,Blake Miller,Luke Altmyer,Oren Burks,D.J. Ivey,Kris Jenkins,McKinnley Jackson,Josh Newton,Cedric Johnson,Daijahn Anthony,Swayze Bozeman,PJ Jules,Cashius Howell,Landon Robinson
2026003,1,1325,RUSH,"(10:31) L.Altmyer FUMBLES (Aborted) at DET 2, touched at DET 4, RECOVERED by CIN-C.Howell at DET 7.",https://pro.nfl.com/api/plays/summaryPlay?gameId=c66df6a7-5f68-11f1-b1d0-bb70a4640075&playId=1325,2,1,16,10:31,93.0,False,False,1540,0,3,-5.4059487249469385,11,1,2,2,5,11,5,2,4,Tyler Conklin,Larry Borom,Tay Martin,Jacob Saylors,Christian Mahogany,Isaac TeSlaa,Miles Frazier,Seth McLaughlin,Thomas Gordon,Blake Miller,Luke Altmyer,Oren Burks,D.J. Ivey,Kris Jenkins,McKinnley Jackson,Josh Newton,Cedric Johnson,Daijahn Anthony,Swayze Bozeman,PJ Jules,Cashius Howell,Landon Robinson
2026003,1,1359,RUSH,(10:21) T.Brooks up the middle to DET 4 for 3 yards (A.Hassanein).,https://pro.nfl.com/api/plays/summaryPlay?gameId=c66df6a7-5f68-11f1-b1d0-bb70a4640075&playId=1359,2,1,7,10:21,7.0,True,True,0920,3,0,-0.09137012140126899,11,1,1,3,5,10,3,2,5,Joe Flacco,Cody Ford,Charlie Jones,Dohnte Meyers,Javon Foster,Cam Grandy,Jalen Rivers,Tahj Brooks,Jacob Bayer,Colbie Young,Brian Parker II,Joe Bachie,Roger McCreary,Chris Smith,Christian Izien,Nick Whiteside,Thomas Harper,Ahmed Hassanein,Aamaris Brown,Erick Hunter,Anthony Lucas,
2026003,1,1381,PASS,"(9:40) (Shotgun) J.Flacco pass short right to J.Endries for 4 yards, TOUCHDOWN.",https://pro.nfl.com/api/plays/summaryPlay?gameId=c66df6a7-5f68-11f1-b1d0-bb70a4640075&playId=1381,2,2,4,09:40,4.0,True,True,0920,3,0,1.5286736259586178,11,1,2,2,5,11,4,3,4,Joe Flacco,Cody Ford,Mitchell Tinsley,Javon Foster,Cam Grandy,Jalen Rivers,Tahj Brooks,Jacob Bayer,Colbie Young,Brian Parker II,Jack Endries,Joe Bachie,Myles Adams,Roger McCreary,Ben Stille,Trevor Nowaske,Chris Smith,Nick Whiteside,Thomas Harper,Aamaris Brown,Erick Hunter,Anthony Lucas
2026003,1,1407,XP_KICK,"E.McPherson extra point is GOOD, Center-W.Wagner, Holder-R.Rehkow.",https://pro.nfl.com/api/plays/summaryPlay?gameId=c66df6a7-5f68-11f1-b1d0-bb70a4640075&playId=1407,2,0,0,09:35,15.0,False,False,0920,9,0,0.06888505002846201,11,0,2,0,6,11,4,3,4,Evan McPherson,Javon Foster,Ryan Rehkow,Andrew Coker,Cam Grandy,Jalen Rivers,Jacob Bayer,William Wagner,Brian Parker II,Jack Endries,Corey Robinson II,Troy Reeder,Joe Bachie,Chris Smith,Nick Whiteside,Loren Strickland,Thomas Harper,Keith Abney II,Skyler Gill-Howard,Tyre West,Erick Hunter,Eric O'Neill
2026003,1,1432,TIMEOUT,Timeout at 09:35.,https://pro.nfl.com/api/plays/summaryPlay?gameId=c66df6a7-5f68-11f1-b1d0-bb70a4640075&playId=1432,2,0,0,09:35,,False,,1540,0,10,,0,0,0,0,0,0,0,0,0,,,,,,,,,,,,,,,,,,,,,,
2026003,1,1422,KICK_OFF,E.McPherson kicks 65 yards from CIN 35 to DET 0. D.Lovett to DET 27 for 27 yards (J.Giles-Harris).,https://pro.nfl.com/api/plays/summaryPlay?gameId=c66df6a7-5f68-11f1-b1d0-bb70a4640075&playId=1422,2,0,0,09:35,65.0,False,False,0920,10,0,-0.04061305499635637,11,1,1,0,0,11,1,2,3,Oren Burks,Tanner Hudson,Joe Giles-Harris,Evan McPherson,Gary Brightwell,Ja'Sir Taylor,D.J. Ivey,Shaka Heyward,Josh Newton,Cedric Johnson,PJ Jules,Troy Reeder,Joe Bachie,Tarik Black,Raheem Blackshear,Tay Martin,Loren Strickland,Ahmed Hassanein,Dan Jackson,Dominic Lovett,Jackson Meeks,Keith Abney II
2026003,1,1452,RUSH,(9:30) J.Saylors up the middle to DET 36 for 9 yards (C.Johnson).,https://pro.nfl.com/api/plays/summaryPlay?gameId=c66df6a7-5f68-11f1-b1d0-bb70a4640075&playId=1452,2,1,10,09:30,73.0,False,False,1540,0,10,0.7307110903784633,11,1,1,3,5,11,5,1,5,Joshua Dobbs,Tom Kennedy,Larry Borom,Tay Martin,Jacob Saylors,Christian Mahogany,Miles Frazier,Dominic Lovett,Seth McLaughlin,Thomas Gordon,Blake Miller,D.J. Ivey,Kris Jenkins,McKinnley Jackson,Josh Newton,Cedric Johnson,Daijahn Anthony,Swayze Bozeman,PJ Jules,Bralyn Lux,Cashius Howell,Landon Robinson
2026003,1,1474,RUSH,(8:54) J.Saylors right guard to DET 39 for 3 yards (K.Jenkins).,https://pro.nfl.com/api/plays/summaryPlay?gameId=c66df6a7-5f68-11f1-b1d0-bb70a4640075&playId=1474,2,2,1,08:54,64.0,False,False,1540,0,10,-0.144675548421219,11,1,1,3,5,11,5,1,5,Joshua Dobbs,Tom Kennedy,Larry Borom,Tay Martin,Jacob Saylors,Christian Mahogany,Miles Frazier,Dominic Lovett,Seth McLaughlin,Thomas Gordon,Blake Miller,D.J. Ivey,Kris Jenkins,McKinnley Jackson,Josh Newton,Cedric Johnson,Daijahn Anthony,Swayze Bozeman,PJ Jules,Bralyn Lux,Cashius Howell,Landon Robinson
2026003,1,1496,PASS,(8:11) J.Dobbs pass incomplete deep left to T.Gordon.,https://pro.nfl.com/api/plays/summaryPlay?gameId=c66df6a7-5f68-11f1-b1d0-bb70a4640075&playId=1496,2,1,10,08:11,61.0,False,False,1540,0,10,-0.458079049596563,11,1,1,3,5,11,4,2,5,Joshua Dobbs,Tom Kennedy,Larry Borom,Tay Martin,Christian Mahogany,Miles Frazier,Dominic Lovett,Seth McLaughlin,Kye Robichaux,Thomas Gordon,Blake Miller,Oren Burks,D.J. Ivey,Kris Jenkins,Josh Newton,Cedric Johnson,Daijahn Anthony,Swayze Bozeman,PJ Jules,Bralyn Lux,Cashius Howell,Landon Robinson
2026003,1,1519,PASS,(8:05) (Shotgun) J.Dobbs pass short middle to D.Lovett to CIN 46 for 15 yards (D.Ivey).,https://pro.nfl.com/api/plays/summaryPlay?gameId=c66df6a7-5f68-11f1-b1d0-bb70a4640075&playId=1519,2,2,10,08:05,61.0,False,False,1540,0,10,1.3278597206808627,11,1,0,4,5,11,4,2,5,Joshua Dobbs,Tom Kennedy,Larry Borom,Tay Martin,Christian Mahogany,Miles Frazier,Dominic Lovett,Seth McLaughlin,Jackson Meeks,Kye Robichaux,Blake Miller,Oren Burks,D.J. Ivey,Josh Newton,Cedric Johnson,Daijahn Anthony,Swayze Bozeman,PJ Jules,Howard Cross III,Bralyn Lux,Cashius Howell,Landon Robinson
2026003,1,1544,RUSH,(7:32) K.Robichaux right tackle to CIN 42 for 4 yards (H.Cross; L.Robinson).,https://pro.nfl.com/api/plays/summaryPlay?gameId=c66df6a7-5f68-11f1-b1d0-bb70a4640075&playId=1544,2,1,10,07:32,46.0,False,False,1540,0,10,-0.03219338972121477,11,1,0,4,5,11,4,2,5,Joshua Dobbs,Tom Kennedy,Larry Borom,Tay Martin,Christian Mahogany,Miles Frazier,Dominic Lovett,Seth McLaughlin,Jackson Meeks,Kye Robichaux,Blake Miller,Oren Burks,D.J. Ivey,Josh Newton,Cedric Johnson,Daijahn Anthony,Swayze Bozeman,PJ Jules,Howard Cross III,Bralyn Lux,Cashius Howell,Landon Robinson
2026003,1,1566,RUSH,(6:52) (Shotgun) J.Dobbs scrambles right end pushed ob at CIN 33 for 9 yards (C.Johnson).,https://pro.nfl.com/api/plays/summaryPlay?gameId=c66df6a7-5f68-11f1-b1d0-bb70a4640075&playId=1566,2,2,6,06:52,42.0,False,False,1540,0,10,0.8867892910493538,11,1,1,3,5,11,4,2,5,Joshua Dobbs,Tom Kennedy,Larry Borom,Tay Martin,Jacob Saylors,Christian Mahogany,Miles Frazier,Dominic Lovett,Seth McLaughlin,Thomas Gordon,Blake Miller,Oren Burks,D.J. Ivey,McKinnley Jackson,Josh Newton,Cedric Johnson,Daijahn Anthony,Swayze Bozeman,PJ Jules,Howard Cross III,Bralyn Lux,Cashius Howell
2026003,1,1593,PENALTY,"(6:20) J.Saylors right guard to CIN 18 for 15 yards (O.Burks).
PENALTY on DET-C.Mahogany, Offensive Holding, 10 yards, enforced at CIN 33 - No Play.",https://pro.nfl.com/api/plays/summaryPlay?gameId=c66df6a7-5f68-11f1-b1d0-bb70a4640075&playId=1593,2,1,10,06:20,33.0,False,False,1540,0,10,-1.1491718721808866,11,1,1,3,5,11,4,2,5,Joshua Dobbs,Tom Kennedy,Larry Borom,Tay Martin,Jacob Saylors,Christian Mahogany,Miles Frazier,Dominic Lovett,Seth McLaughlin,Thomas Gordon,Blake Miller,Oren Burks,Isaiah Foskey,D.J. Ivey,McKinnley Jackson,Josh Newton,Daijahn Anthony,Swayze Bozeman,PJ Jules,Howard Cross III,Bralyn Lux,Cashius Howell
2026003,1,1626,PENALTY,"(5:54) (Shotgun) J.Dobbs pass short left to D.Lovett to CIN 35 for 8 yards (O.Burks).
PENALTY on CIN-B.Lux, Illegal Contact, 5 yards, enforced at CIN 43 - No Play.",https://pro.nfl.com/api/plays/summaryPlay?gameId=c66df6a7-5f68-11f1-b1d0-bb70a4640075&playId=1626,2,1,20,05:54,43.0,False,False,1540,0,10,0.9346091356128454,11,1,1,3,5,11,4,2,5,Joshua Dobbs,Tom Kennedy,Larry Borom,Tay Martin,Christian Mahogany,Miles Frazier,Dominic Lovett,Seth McLaughlin,Kye Robichaux,Thomas Gordon,Blake Miller,Oren Burks,Isaiah Foskey,D.J. Ivey,McKinnley Jackson,Josh Newton,Daijahn Anthony,Swayze Bozeman,PJ Jules,Howard Cross III,Bralyn Lux,Cashius Howell
2026003,1,1662,RUSH,(5:26) K.Robichaux up the middle to CIN 38 for no gain (K.Jenkins).,https://pro.nfl.com/api/plays/summaryPlay?gameId=c66df6a7-5f68-11f1-b1d0-bb70a4640075&playId=1662,2,1,10,05:26,38.0,False,False,1540,0,10,-0.5591276468476281,11,1,1,3,5,11,3,3,5,Joshua Dobbs,Tom Kennedy,Larry Borom,Lucky Jackson,Malik Cunningham,Christian Mahogany,Miles Frazier,Seth McLaughlin,Kye Robichaux,Thomas Gordon,Blake Miller,Oren Burks,Russ Yeast,Isaiah Foskey,D.J. Ivey,Kris Jenkins,Josh Newton,Daijahn Anthony,Swayze Bozeman,Antwaun Powell-Ryland,Bralyn Lux,Landon Robinson
2026003,1,1684,PASS,(4:47) J.Dobbs pass incomplete short right to J.Saylors.,https://pro.nfl.com/api/plays/summaryPlay?gameId=c66df6a7-5f68-11f1-b1d0-bb70a4640075&playId=1684,2,2,10,04:47,38.0,False,False,1540,0,10,-0.7898599068867043,11,1,1,3,5,11,5,2,4,Joshua Dobbs,Larry Borom,Tay Martin,Jacob Saylors,Christian Mahogany,Miles Frazier,Dominic Lovett,Seth McLaughlin,Jackson Meeks,Thomas Gordon,Blake Miller,Oren Burks,Russ Yeast,Isaiah Foskey,D.J. Ivey,Kris Jenkins,McKinnley Jackson,Josh Newton,Cedric Johnson,Daijahn Anthony,Swayze Bozeman,Landon Robinson
2026003,1,1707,SACK,(4:42) (Shotgun) J.Dobbs sacked at CIN 43 for -5 yards (K.Jenkins).,https://pro.nfl.com/api/plays/summaryPlay?gameId=c66df6a7-5f68-11f1-b1d0-bb70a4640075&playId=1707,2,3,10,04:42,38.0,False,False,1540,0,10,0.32981548487441614,11,1,0,4,5,11,4,2,5,Joshua Dobbs,Tom Kennedy,Larry Borom,Tay Martin,Jacob Saylors,Christian Mahogany,Miles Frazier,Dominic Lovett,Seth McLaughlin,Jackson Meeks,Blake Miller,Oren Burks,Russ Yeast,D.J. Ivey,Kris Jenkins,Josh Newton,Cedric Johnson,Daijahn Anthony,Swayze Bozeman,Howard Cross III,Bralyn Lux,Cashius Howell
2026003,1,1727,PUNT,"(3:57) J.Fox punts 38 yards to CIN 5, Center-H.Hatten, fair catch by C.Jones.
PENALTY on DET-T.Harper, Face Mask, 15 yards, enforced at CIN 5.",https://pro.nfl.com/api/plays/summaryPlay?gameId=c66df6a7-5f68-11f1-b1d0-bb70a4640075&playId=1727,2,4,15,03:57,43.0,False,False,1540,0,10,-3.624339199915994,11,1,1,1,0,11,1,2,4,Jack Fox,Troy Reeder,Nick Whiteside,Jacob Saylors,Hogan Hatten,Loren Strickland,Thomas Harper,Zach Horton,Jackson Meeks,Keith Abney II,Erick Hunter,Tanner Hudson,Joe Giles-Harris,Charlie Jones,D.J. Ivey,Shaka Heyward,Josh Newton,Cedric Johnson,Daijahn Anthony,Kendall Milton,PJ Jules,Tahj Brooks
2026003,1,1747,RUSH,(3:50) T.Brooks right guard to CIN 21 for 1 yard (E.Hunter).,https://pro.nfl.com/api/plays/summaryPlay?gameId=c66df6a7-5f68-11f1-b1d0-bb70a4640075&playId=1747,2,1,10,03:50,80.0,False,False,0920,10,0,-0.46210487140342593,11,1,2,2,5,11,4,3,4,Josh Johnson,Cody Ford,Charlie Jones,Javon Foster,Cam Grandy,Jalen Rivers,Tahj Brooks,Jacob Bayer,Colbie Young,Brian Parker II,Josh Kattus,Joe Bachie,Myles Adams,Khalil Dorsey,Roger McCreary,Ben Stille,Trevor Nowaske,Christian Izien,Thomas Harper,Skyler Gill-Howard,Erick Hunter,Eric O'Neill
2026003,1,1781,PASS,(3:10) (Shotgun) J.Johnson pass incomplete short left to T.Brooks.,https://pro.nfl.com/api/plays/summaryPlay?gameId=c66df6a7-5f68-11f1-b1d0-bb70a4640075&playId=1781,2,2,9,03:10,79.0,False,False,0920,10,0,-0.712826756760478,11,1,1,3,5,11,4,2,5,Josh Johnson,Tanner Hudson,Cody Ford,Charlie Jones,Dohnte Meyers,Javon Foster,Jalen Rivers,Tahj Brooks,Jacob Bayer,Colbie Young,Brian Parker II,Joe Bachie,Khalil Dorsey,Christian Izien,Nick Whiteside,Mekhi Wingo,Thomas Harper,Ahmed Hassanein,Keith Abney II,Skyler Gill-Howard,Erick Hunter,Eric O'Neill
2026003,1,1804,PASS,(3:07) (Shotgun) J.Johnson pass incomplete deep left to C.Jones (N.Whiteside).,https://pro.nfl.com/api/plays/summaryPlay?gameId=c66df6a7-5f68-11f1-b1d0-bb70a4640075&playId=1804,2,3,9,03:07,79.0,False,False,0920,10,0,-1.1729345191270113,11,1,1,3,5,11,4,2,5,Josh Johnson,Tanner Hudson,Cody Ford,Charlie Jones,Dohnte Meyers,Javon Foster,Jalen Rivers,Tahj Brooks,Jacob Bayer,Colbie Young,Brian Parker II,Joe Bachie,Khalil Dorsey,Christian Izien,Nick Whiteside,Mekhi Wingo,Thomas Harper,Ahmed Hassanein,Keith Abney II,Skyler Gill-Howard,Erick Hunter,Eric O'Neill
2026003,1,1827,PUNT,"(3:02) R.Rehkow punts 56 yards to DET 23, Center-W.Wagner. D.Lovett to DET 36 for 13 yards (W.Wagner; S.Heyward).",https://pro.nfl.com/api/plays/summaryPlay?gameId=c66df6a7-5f68-11f1-b1d0-bb70a4640075&playId=1827,2,4,9,03:02,79.0,False,False,0920,10,0,-0.606980805285275,11,1,2,0,0,11,0,1,4,Tanner Hudson,Joe Giles-Harris,Ja'Sir Taylor,Liam Anderson,Shaka Heyward,Daijahn Anthony,Kendall Milton,Ryan Rehkow,Cam Grandy,PJ Jules,William Wagner,Joe Bachie,Roger McCreary,Tay Martin,Malik Cunningham,Loren Strickland,Dan Jackson,Dominic Lovett,Zach Horton,Jackson Meeks,Kye Robichaux,Keith Abney II
2026003,1,1853,PASS,(2:50) J.Dobbs pass short right to J.Saylors to DET 40 for 4 yards (S.Bozeman; I.Foskey).,https://pro.nfl.com/api/plays/summaryPlay?gameId=c66df6a7-5f68-11f1-b1d0-bb70a4640075&playId=1853,2,1,10,02:50,64.0,False,False,1540,0,10,-0.13299883087165654,11,1,1,3,5,11,4,3,4,Joshua Dobbs,Larry Borom,Lucky Jackson,Jacob Saylors,Christian Mahogany,Miles Frazier,Dominic Lovett,Seth McLaughlin,Jackson Meeks,Thomas Gordon,Blake Miller,Russ Yeast,Isaiah Foskey,Shaka Heyward,McKinnley Jackson,Josh Newton,Swayze Bozeman,PJ Jules,Antwaun Powell-Ryland,Howard Cross III,Landon Robinson,Ceyair Wright
2026003,1,1878,RUSH,(2:13) J.Saylors up the middle to DET 36 for -4 yards (S.Bozeman).,https://pro.nfl.com/api/plays/summaryPlay?gameId=c66df6a7-5f68-11f1-b1d0-bb70a4640075&playId=1878,2,2,6,02:13,60.0,False,False,1540,0,10,-0.8756590196862817,11,1,1,3,5,11,4,3,4,Joshua Dobbs,Larry Borom,Lucky Jackson,Jacob Saylors,Christian Mahogany,Miles Frazier,Dominic Lovett,Seth McLaughlin,Jackson Meeks,Thomas Gordon,Blake Miller,Russ Yeast,Isaiah Foskey,Shaka Heyward,McKinnley Jackson,Josh Newton,Swayze Bozeman,PJ Jules,Antwaun Powell-Ryland,Howard Cross III,Landon Robinson,Ceyair Wright
2026003,1,1912,TIMEOUT,Two-Minute Warning,https://pro.nfl.com/api/plays/summaryPlay?gameId=c66df6a7-5f68-11f1-b1d0-bb70a4640075&playId=1912,2,0,0,02:00,,False,,1540,0,10,,0,0,0,0,0,0,0,0,0,,,,,,,,,,,,,,,,,,,,,,
2026003,1,1900,PENALTY,"(2:00) (Shotgun) J.Dobbs pass incomplete deep right to L.Jackson.
PENALTY on CIN-P.Jules, Defensive Pass Interference, 15 yards, enforced at DET 36 - No Play.",https://pro.nfl.com/api/plays/summaryPlay?gameId=c66df6a7-5f68-11f1-b1d0-bb70a4640075&playId=1900,2,3,10,02:00,64.0,False,False,1540,0,10,1.6736630090745166,11,1,0,4,5,11,4,2,5,Joshua Dobbs,Tom Kennedy,Larry Borom,Lucky Jackson,Jacob Saylors,Christian Mahogany,Miles Frazier,Dominic Lovett,Seth McLaughlin,Jackson Meeks,Blake Miller,Russ Yeast,Isaiah Foskey,Shaka Heyward,Kris Jenkins,Josh Newton,Cedric Johnson,Swayze Bozeman,PJ Jules,Howard Cross III,Bralyn Lux,Ceyair Wright
2026003,1,1941,PASS,(1:56) (Shotgun) J.Dobbs pass incomplete short right to D.Lovett (B.Lux).,https://pro.nfl.com/api/plays/summaryPlay?gameId=c66df6a7-5f68-11f1-b1d0-bb70a4640075&playId=1941,2,1,10,01:56,49.0,False,False,1540,0,10,-0.35980372631456703,11,1,0,4,5,11,4,2,5,Joshua Dobbs,Tom Kennedy,Larry Borom,Lucky Jackson,Jacob Saylors,Christian Mahogany,Miles Frazier,Dominic Lovett,Seth McLaughlin,Jackson Meeks,Blake Miller,Russ Yeast,Isaiah Foskey,Shaka Heyward,Kris Jenkins,Josh Newton,Cedric Johnson,Swayze Bozeman,PJ Jules,Howard Cross III,Bralyn Lux,Ceyair Wright
2026003,1,1964,RUSH,(1:51) J.Saylors right guard to CIN 22 for 27 yards (C.Wright).,https://pro.nfl.com/api/plays/summaryPlay?gameId=c66df6a7-5f68-11f1-b1d0-bb70a4640075&playId=1964,2,2,10,01:51,49.0,False,False,1540,0,10,1.9964562763925642,11,1,0,4,5,11,4,2,5,Joshua Dobbs,Tom Kennedy,Larry Borom,Lucky Jackson,Jacob Saylors,Christian Mahogany,Miles Frazier,Dominic Lovett,Seth McLaughlin,Jackson Meeks,Blake Miller,Russ Yeast,Isaiah Foskey,Shaka Heyward,Kris Jenkins,Josh Newton,Cedric Johnson,Swayze Bozeman,PJ Jules,Howard Cross III,Bralyn Lux,Ceyair Wright
2026003,1,1986,PENALTY,"(1:14) K.Robichaux left guard to CIN 15 for 7 yards (I.Foskey; H.Cross).
PENALTY on DET-M.Frazier, Offensive Holding, 10 yards, enforced at CIN 22 - No Play.",https://pro.nfl.com/api/plays/summaryPlay?gameId=c66df6a7-5f68-11f1-b1d0-bb70a4640075&playId=1986,2,1,10,01:14,22.0,False,False,1540,0,10,-1.0688006754498929,11,1,0,4,5,11,4,2,5,Joshua Dobbs,Tom Kennedy,Larry Borom,Lucky Jackson,Malik Cunningham,Christian Mahogany,Miles Frazier,Seth McLaughlin,Jackson Meeks,Kye Robichaux,Blake Miller,Russ Yeast,Isaiah Foskey,Shaka Heyward,Kris Jenkins,Josh Newton,Cedric Johnson,Daijahn Anthony,Swayze Bozeman,Howard Cross III,Bralyn Lux,Ceyair Wright
2026003,1,2019,RUSH,(1:10) (Shotgun) K.Robichaux up the middle to CIN 31 for 1 yard (M.Jackson).,https://pro.nfl.com/api/plays/summaryPlay?gameId=c66df6a7-5f68-11f1-b1d0-bb70a4640075&playId=2019,2,1,20,01:10,32.0,False,False,1540,0,10,-0.4140678797266446,11,1,0,4,5,11,4,2,5,Joshua Dobbs,Tom Kennedy,Larry Borom,Lucky Jackson,Malik Cunningham,Christian Mahogany,Miles Frazier,Seth McLaughlin,Jackson Meeks,Kye Robichaux,Blake Miller,Russ Yeast,Isaiah Foskey,Shaka Heyward,Kris Jenkins,McKinnley Jackson,Josh Newton,Cedric Johnson,Daijahn Anthony,Swayze Bozeman,Bralyn Lux,Ceyair Wright
2026003,1,2053,TIMEOUT,Timeout #1 by CIN at 01:04.,https://pro.nfl.com/api/plays/summaryPlay?gameId=c66df6a7-5f68-11f1-b1d0-bb70a4640075&playId=2053,2,0,0,01:04,,False,,1540,0,10,,0,0,0,0,0,0,0,0,0,,,,,,,,,,,,,,,,,,,,,,
2026003,1,2041,PASS,(1:04) (Shotgun) J.Dobbs pass incomplete deep left to J.Saylors (S.Bozeman).,https://pro.nfl.com/api/plays/summaryPlay?gameId=c66df6a7-5f68-11f1-b1d0-bb70a4640075&playId=2041,2,2,19,01:04,31.0,False,False,1540,0,10,-0.25800266984151676,11,1,0,4,5,11,4,2,5,Joshua Dobbs,Tom Kennedy,Larry Borom,Lucky Jackson,Jacob Saylors,Malik Cunningham,Christian Mahogany,Miles Frazier,Seth McLaughlin,Jackson Meeks,Blake Miller,Russ Yeast,Isaiah Foskey,Shaka Heyward,Josh Newton,Cedric Johnson,Daijahn Anthony,Swayze Bozeman,Howard Cross III,Bralyn Lux,Landon Robinson,Ceyair Wright
2026003,1,2071,PASS,"(:57) (Shotgun) J.Dobbs pass short right to T.Kennedy to CIN 11 for 20 yards (I.Foskey).
PENALTY on DET-M.Frazier, Offensive Holding, 10 yards, enforced at CIN 26.",https://pro.nfl.com/api/plays/summaryPlay?gameId=c66df6a7-5f68-11f1-b1d0-bb70a4640075&playId=2071,2,3,19,00:57,31.0,False,False,1540,0,10,-0.5047114713815972,11,1,0,4,5,11,4,2,5,Joshua Dobbs,Tom Kennedy,Larry Borom,Lucky Jackson,Jacob Saylors,Malik Cunningham,Christian Mahogany,Miles Frazier,Seth McLaughlin,Jackson Meeks,Blake Miller,Russ Yeast,Isaiah Foskey,Shaka Heyward,Josh Newton,Cedric Johnson,Daijahn Anthony,Swayze Bozeman,Howard Cross III,Bralyn Lux,Landon Robinson,Ceyair Wright
2026003,1,2107,PASS,(:50) (Shotgun) J.Dobbs pass short right to M.Cunningham to CIN 28 for 8 yards (S.Heyward).,https://pro.nfl.com/api/plays/summaryPlay?gameId=c66df6a7-5f68-11f1-b1d0-bb70a4640075&playId=2107,2,3,24,00:50,36.0,False,False,1540,0,10,0.050541374017484486,11,1,1,3,5,11,3,3,5,Joshua Dobbs,Tom Kennedy,Larry Borom,Lucky Jackson,Jacob Saylors,Malik Cunningham,Christian Mahogany,Miles Frazier,Seth McLaughlin,Thomas Gordon,Blake Miller,Russ Yeast,Isaiah Foskey,Shaka Heyward,Josh Newton,Daijahn Anthony,Swayze Bozeman,Antwaun Powell-Ryland,Howard Cross III,Bralyn Lux,Landon Robinson,Ceyair Wright
2026003,1,2144,TIMEOUT,Timeout #2 by CIN at 00:43.,https://pro.nfl.com/api/plays/summaryPlay?gameId=c66df6a7-5f68-11f1-b1d0-bb70a4640075&playId=2144,2,0,0,00:43,,False,,1540,0,10,,0,0,0,0,0,0,0,0,0,,,,,,,,,,,,,,,,,,,,,,
2026003,1,2132,FIELD_GOAL,"(:43) J.Bates 46 yard field goal is GOOD, NULLIFIED by Penalty, Center-H.Hatten, Holder-J.Fox.
PENALTY on CIN-M.Jackson, Illegal Formation, 5 yards, enforced at CIN 28 - No Play.",https://pro.nfl.com/api/plays/summaryPlay?gameId=c66df6a7-5f68-11f1-b1d0-bb70a4640075&playId=2132,2,4,16,00:43,28.0,False,False,1540,0,10,0.43729866459034383,11,0,2,0,6,11,4,3,4,Jack Fox,Larry Borom,Colby Sorsdal,Jake Bates,Christian Mahogany,Hogan Hatten,Seth McLaughlin,Zach Horton,Mason Miller,Thomas Gordon,Blake Miller,Russ Yeast,Isaiah Foskey,Shaka Heyward,McKinnley Jackson,Josh Newton,Daijahn Anthony,Swayze Bozeman,Antwaun Powell-Ryland,Howard Cross III,Landon Robinson,Ceyair Wright
2026003,1,2181,TIMEOUT,Timeout #1 by DET at 00:38.,https://pro.nfl.com/api/plays/summaryPlay?gameId=c66df6a7-5f68-11f1-b1d0-bb70a4640075&playId=2181,2,0,0,00:38,,False,,1540,0,10,,0,0,0,0,0,0,0,0,0,,,,,,,,,,,,,,,,,,,,,,
2026003,1,2169,FIELD_GOAL,"(:38) J.Bates 41 yard field goal is GOOD, Center-H.Hatten, Holder-J.Fox.",https://pro.nfl.com/api/plays/summaryPlay?gameId=c66df6a7-5f68-11f1-b1d0-bb70a4640075&playId=2169,2,4,11,00:38,23.0,False,False,1540,0,10,0.5076962050516158,11,0,2,0,6,11,5,2,4,Jack Fox,Larry Borom,Colby Sorsdal,Jake Bates,Christian Mahogany,Hogan Hatten,Seth McLaughlin,Zach Horton,Mason Miller,Thomas Gordon,Blake Miller,Russ Yeast,Isaiah Foskey,Shaka Heyward,McKinnley Jackson,Josh Newton,Cedric Johnson,Daijahn Anthony,Swayze Bozeman,Howard Cross III,Landon Robinson,Ceyair Wright
2026003,1,2196,KICK_OFF,J.Bates kicks 60 yards from DET 35 to CIN 5. K.Williams to DET 47 for 48 yards (J.Bates).,https://pro.nfl.com/api/plays/summaryPlay?gameId=c66df6a7-5f68-11f1-b1d0-bb70a4640075&playId=2196,2,0,0,00:34,65.0,False,False,1540,3,10,-1.1217983742244542,11,1,0,1,0,11,1,3,2,Troy Reeder,Joe Bachie,Roger McCreary,Tay Martin,Nick Whiteside,Jacob Saylors,Jake Bates,Loren Strickland,Ahmed Hassanein,Keith Abney II,Erick Hunter,Oren Burks,Tanner Hudson,Joe Giles-Harris,Mitchell Tinsley,Shaka Heyward,Cedric Johnson,Daijahn Anthony,Cam Grandy,PJ Jules,Tahj Brooks,Ke'Shawn Williams
2026003,1,2219,RUSH,(:27) (Shotgun) G.Brightwell left guard to DET 44 for 3 yards (M.Wingo).,https://pro.nfl.com/api/plays/summaryPlay?gameId=c66df6a7-5f68-11f1-b1d0-bb70a4640075&playId=2219,2,1,10,00:27,47.0,False,False,0920,10,3,-0.2090131231234409,11,1,1,3,5,11,4,2,5,Josh Johnson,Gary Brightwell,Charlie Jones,Dohnte Meyers,Javon Foster,Andrew Coker,Jalen Rivers,Jacob Bayer,Colbie Young,Brian Parker II,Jack Endries,Joe Bachie,Khalil Dorsey,Christian Izien,Nick Whiteside,Mekhi Wingo,Thomas Harper,Keith Abney II,Skyler Gill-Howard,Erick Hunter,Anthony Lucas,Eric O'Neill
2026003,1,2253,TIMEOUT,Timeout #3 by CIN at 00:23.,https://pro.nfl.com/api/plays/summaryPlay?gameId=c66df6a7-5f68-11f1-b1d0-bb70a4640075&playId=2253,2,0,0,00:23,,False,,1540,3,10,,0,0,0,0,0,0,0,0,0,,,,,,,,,,,,,,,,,,,,,,
2026003,1,2241,PASS,(:23) (Shotgun) J.Johnson pass incomplete short right to G.Brightwell [S.Gill-Howard]. DET-M.Wingo was injured during the play.,https://pro.nfl.com/api/plays/summaryPlay?gameId=c66df6a7-5f68-11f1-b1d0-bb70a4640075&playId=2241,2,2,7,00:23,44.0,False,False,0920,10,3,-0.5829588487395085,11,1,1,3,5,11,4,2,5,Josh Johnson,Tanner Hudson,Gary Brightwell,Charlie Jones,Dohnte Meyers,Javon Foster,Andrew Coker,Jalen Rivers,Jacob Bayer,Colbie Young,Brian Parker II,Joe Bachie,Khalil Dorsey,Christian Izien,Nick Whiteside,Mekhi Wingo,Thomas Harper,Keith Abney II,Skyler Gill-Howard,Erick Hunter,Anthony Lucas,Eric O'Neill
2026003,1,2286,TIMEOUT,Timeout #2 by DET at 00:16.,https://pro.nfl.com/api/plays/summaryPlay?gameId=c66df6a7-5f68-11f1-b1d0-bb70a4640075&playId=2286,2,0,0,00:16,,False,,1540,3,10,,0,0,0,0,0,0,0,0,0,,,,,,,,,,,,,,,,,,,,,,
2026003,1,2271,PASS,(:16) (Shotgun) J.Johnson pass incomplete deep right to C.Young (T.Harper).,https://pro.nfl.com/api/plays/summaryPlay?gameId=c66df6a7-5f68-11f1-b1d0-bb70a4640075&playId=2271,2,3,7,00:16,44.0,False,False,0920,10,3,-0.5795679185539484,11,1,1,3,5,11,4,2,5,Josh Johnson,Tanner Hudson,Gary Brightwell,Charlie Jones,Dohnte Meyers,Javon Foster,Andrew Coker,Jalen Rivers,Jacob Bayer,Colbie Young,Brian Parker II,Joe Bachie,Myles Adams,Khalil Dorsey,Christian Izien,Nick Whiteside,Thomas Harper,Keith Abney II,Skyler Gill-Howard,Erick Hunter,Anthony Lucas,Eric O'Neill
2026003,1,2304,PASS,"(:11) (Shotgun) J.Johnson pass incomplete short middle [S.Gill-Howard].
PENALTY on CIN-J.Johnson, Intentional Grounding, 13 yards, enforced at DET 44.",https://pro.nfl.com/api/plays/summaryPlay?gameId=c66df6a7-5f68-11f1-b1d0-bb70a4640075&playId=2304,2,4,7,00:11,44.0,False,False,0920,10,3,-1.6760085383430123,11,1,1,3,5,11,4,2,5,Josh Johnson,Tanner Hudson,Gary Brightwell,Charlie Jones,Dohnte Meyers,Javon Foster,Andrew Coker,Jalen Rivers,Jacob Bayer,Colbie Young,Brian Parker II,Joe Bachie,Myles Adams,Khalil Dorsey,Christian Izien,Nick Whiteside,Thomas Harper,Keith Abney II,Skyler Gill-Howard,Erick Hunter,Anthony Lucas,Eric O'Neill
2026003,1,2338,RUSH,(:07) (Shotgun) J.Saylors right guard to CIN 34 for 9 yards (J.Giles-Harris).,https://pro.nfl.com/api/plays/summaryPlay?gameId=c66df6a7-5f68-11f1-b1d0-bb70a4640075&playId=2338,2,1,10,00:07,43.0,False,False,1540,3,10,0.43170566530898213,11,1,1,3,5,11,4,2,5,Joshua Dobbs,Tom Kennedy,Larry Borom,Lucky Jackson,Jacob Saylors,Christian Mahogany,Miles Frazier,Dominic Lovett,Seth McLaughlin,Thomas Gordon,Blake Miller,Joe Giles-Harris,Russ Yeast,Isaiah Foskey,Shaka Heyward,Josh Newton,Cedric Johnson,Daijahn Anthony,Howard Cross III,Bralyn Lux,Landon Robinson,Ceyair Wright
2026003,1,2372,TIMEOUT,Timeout #3 by DET at 00:01.,https://pro.nfl.com/api/plays/summaryPlay?gameId=c66df6a7-5f68-11f1-b1d0-bb70a4640075&playId=2372,2,0,0,00:01,,False,,1540,3,10,,0,0,0,0,0,0,0,0,0,,,,,,,,,,,,,,,,,,,,,,
2026003,1,2360,FIELD_GOAL,"(:01) J.Bates 52 yard field goal is GOOD, Center-H.Hatten, Holder-J.Fox.",https://pro.nfl.com/api/plays/summaryPlay?gameId=c66df6a7-5f68-11f1-b1d0-bb70a4640075&playId=2360,2,2,1,00:01,34.0,False,False,1540,3,10,1.3687678888672963,11,0,2,0,6,11,5,2,4,Jack Fox,Larry Borom,Colby Sorsdal,Jake Bates,Christian Mahogany,Hogan Hatten,Seth McLaughlin,Zach Horton,Mason Miller,Thomas Gordon,Blake Miller,Joe Giles-Harris,Russ Yeast,Isaiah Foskey,Shaka Heyward,McKinnley Jackson,Josh Newton,Cedric Johnson,Daijahn Anthony,Howard Cross III,Landon Robinson,Ceyair Wright
2026003,1,2387,END_QUARTER,END QUARTER 2,https://pro.nfl.com/api/plays/summaryPlay?gameId=c66df6a7-5f68-11f1-b1d0-bb70a4640075&playId=2387,2,0,0,,,False,,1540,6,10,,0,0,0,0,0,0,0,0,0,,,,,,,,,,,,,,,,,,,,,,
2026003,1,2405,KICK_OFF,J.Bates kicks 60 yards from DET 35 to CIN 5. K.Williams to CIN 30 for 25 yards (D.Jackson).,https://pro.nfl.com/api/plays/summaryPlay?gameId=c66df6a7-5f68-11f1-b1d0-bb70a4640075&playId=2405,3,0,0,15:00,65.0,False,False,1540,6,10,-0.23992794705554843,11,2,1,2,0,11,1,4,2,Amen Ogbongbemiga,Lucky Jackson,Raheem Blackshear,Jake Bates,Thomas Harper,Dan Jackson,Zach Horton,Jackson Meeks,Kye Robichaux,Aamaris Brown,Eric O'Neill,Gary Brightwell,Russ Yeast,Isaiah Foskey,D.J. Ivey,Liam Anderson,Swayze Bozeman,Jordan Moore,Ke'Shawn Williams,Jack Endries,Jack Dingle,Eric Gentry
2026003,1,2428,RUSH,(14:56) K.Milton left tackle to CIN 29 for -1 yards (A.Ogbongbemiga).,https://pro.nfl.com/api/plays/summaryPlay?gameId=c66df6a7-5f68-11f1-b1d0-bb70a4640075&playId=2428,3,1,10,14:56,70.0,False,False,0920,10,6,-0.8545660795643926,11,1,2,2,5,11,4,3,4,Josh Johnson,Cody Ford,Charlie Jones,Javon Foster,Kendall Milton,Cam Grandy,Jalen Rivers,Jacob Bayer,Brian Parker II,Jack Endries,Noah Thomas,Joe Bachie,Khalil Dorsey,Amen Ogbongbemiga,Roger McCreary,Ben Stille,Chris Smith,Christian Izien,Thomas Harper,Skyler Gill-Howard,Erick Hunter,Anthony Lucas
2026003,1,2450,PASS,(14:15) (Shotgun) J.Johnson pass incomplete short left to C.Jones (R.McCreary).,https://pro.nfl.com/api/plays/summaryPlay?gameId=c66df6a7-5f68-11f1-b1d0-bb70a4640075&playId=2450,3,2,11,14:15,71.0,False,False,0920,10,6,-1.0527314292266965,11,1,1,3,5,11,4,2,5,Josh Johnson,Cody Ford,Charlie Jones,Dohnte Meyers,Javon Foster,Kendall Milton,Jalen Rivers,Jacob Bayer,Brian Parker II,Jack Endries,Noah Thomas,Joe Bachie,Myles Adams,Khalil Dorsey,Roger McCreary,Christian Izien,Thomas Harper,Ahmed Hassanein,Keith Abney II,Skyler Gill-Howard,Erick Hunter,Anthony Lucas
2026003,1,2473,PASS,(14:12) (Shotgun) J.Johnson pass incomplete short right to T.Hudson [A.Hassanein].,https://pro.nfl.com/api/plays/summaryPlay?gameId=c66df6a7-5f68-11f1-b1d0-bb70a4640075&playId=2473,3,3,11,14:12,71.0,False,False,0920,10,6,-1.3669374925084412,11,1,1,3,5,11,4,2,5,Josh Johnson,Tanner Hudson,Cody Ford,Charlie Jones,Dohnte Meyers,Javon Foster,Kendall Milton,Jalen Rivers,Jacob Bayer,Brian Parker II,Noah Thomas,Joe Bachie,Myles Adams,Khalil Dorsey,Roger McCreary,Christian Izien,Thomas Harper,Ahmed Hassanein,Keith Abney II,Skyler Gill-Howard,Erick Hunter,Anthony Lucas
2026003,1,2496,PUNT,"(14:03) R.Rehkow punts -3 yards to DET 22, Center-W.Wagner. D.Lovett MUFFS catch, and recovers at DET 19. D.Lovett to DET 17 for -54 yards (J.Haynes).
PENALTY on DET-T.Harper, Illegal Block Above the Waist, 7 yards, enforced at DET 14.",https://pro.nfl.com/api/plays/summaryPlay?gameId=c66df6a7-5f68-11f1-b1d0-bb70a4640075&playId=2496,3,4,11,14:03,71.0,False,False,0920,10,6,1.3343786662444472,11,3,0,0,0,11,0,2,4,Gary Brightwell,Ja'Sir Taylor,Isaiah Foskey,Liam Anderson,Cedric Johnson,Swayze Bozeman,Ryan Rehkow,Tahj Brooks,Bralyn Lux,William Wagner,Jamal Haynes,Tarik Black,Amen Ogbongbemiga,Lucky Jackson,Nick Whiteside,Malik Cunningham,Ryan Cooper Jr.,Thomas Harper,Dominic Lovett,Thomas Gordon,Aamaris Brown,Erick Hunter
2026003,1,2545,TIMEOUT,Timeout at 13:53.,https://pro.nfl.com/api/plays/summaryPlay?gameId=c66df6a7-5f68-11f1-b1d0-bb70a4640075&playId=2545,3,0,0,13:53,,False,,1540,6,10,,0,0,0,0,0,0,0,0,0,,,,,,,,,,,,,,,,,,,,,,
2026003,1,2533,RUSH,(13:53) K.Robichaux up the middle to DET 10 for 3 yards (K.Jenkins; J.Giles-Harris).,https://pro.nfl.com/api/plays/summaryPlay?gameId=c66df6a7-5f68-11f1-b1d0-bb70a4640075&playId=2533,3,1,10,13:53,93.0,False,False,1540,6,10,-0.39648139104247093,11,1,2,2,5,11,5,2,4,Michael Niese,Colby Sorsdal,Miles Frazier,Dominic Lovett,Zach Horton,Jackson Meeks,Mason Miller,Kye Robichaux,Thomas Gordon,Luke Altmyer,Melvin Priestly,Joe Giles-Harris,Russ Yeast,Isaiah Foskey,Shaka Heyward,Kris Jenkins,McKinnley Jackson,Josh Newton,Cedric Johnson,PJ Jules,Landon Robinson,Ceyair Wright
2026003,1,2576,PASS,(13:20) (Shotgun) L.Altmyer pass incomplete short left to D.Lovett.,https://pro.nfl.com/api/plays/summaryPlay?gameId=c66df6a7-5f68-11f1-b1d0-bb70a4640075&playId=2576,3,2,7,13:20,90.0,False,False,1540,6,10,-0.9530997751280665,11,1,1,3,5,11,5,2,4,Lucky Jackson,Michael Niese,Colby Sorsdal,Miles Frazier,Dominic Lovett,Jackson Meeks,Mason Miller,Kye Robichaux,Thomas Gordon,Luke Altmyer,Melvin Priestly,Joe Giles-Harris,Russ Yeast,Isaiah Foskey,Shaka Heyward,Kris Jenkins,McKinnley Jackson,Josh Newton,Cedric Johnson,PJ Jules,Landon Robinson,Ceyair Wright
2026003,1,2599,PASS,(13:16) (Shotgun) L.Altmyer pass incomplete short right to D.Lovett (H.Cross).,https://pro.nfl.com/api/plays/summaryPlay?gameId=c66df6a7-5f68-11f1-b1d0-bb70a4640075&playId=2599,3,3,7,13:16,90.0,False,False,1540,6,10,-1.653100081719458,11,1,0,4,5,11,4,2,5,Tom Kennedy,Lucky Jackson,Michael Niese,Colby Sorsdal,Miles Frazier,Dominic Lovett,Jackson Meeks,Mason Miller,Kye Robichaux,Luke Altmyer,Melvin Priestly,Joe Giles-Harris,Russ Yeast,Isaiah Foskey,Shaka Heyward,Kris Jenkins,Josh Newton,Cedric Johnson,PJ Jules,Howard Cross III,Bralyn Lux,Ceyair Wright
2026003,1,2630,PUNT,"(13:13) J.Fox punts 54 yards to CIN 36, Center-H.Hatten. D.Meyers to CIN 47 for 11 yards (J.Bachie).",https://pro.nfl.com/api/plays/summaryPlay?gameId=c66df6a7-5f68-11f1-b1d0-bb70a4640075&playId=2630,3,4,7,13:13,90.0,False,False,1540,6,10,-0.09792003990150988,11,1,1,1,0,11,1,3,3,Jack Fox,Joe Bachie,Amen Ogbongbemiga,Malik Cunningham,Hogan Hatten,Loren Strickland,Ahmed Hassanein,Zach Horton,Kye Robichaux,Keith Abney II,Aamaris Brown,Gary Brightwell,Ja'Sir Taylor,Russ Yeast,Isaiah Foskey,Liam Anderson,Mitchell Tinsley,Dohnte Meyers,Kendall Milton,Swayze Bozeman,Bralyn Lux,Jack Dingle
2026003,1,2668,TIMEOUT,Timeout at 13:02.,https://pro.nfl.com/api/plays/summaryPlay?gameId=c66df6a7-5f68-11f1-b1d0-bb70a4640075&playId=2668,3,0,0,13:02,,False,,1540,6,10,,0,0,0,0,0,0,0,0,0,,,,,,,,,,,,,,,,,,,,,,
2026003,1,2656,RUSH,(13:02) D.Meyers right end ran ob at DET 40 for 13 yards (K.Abney).,https://pro.nfl.com/api/plays/summaryPlay?gameId=c66df6a7-5f68-11f1-b1d0-bb70a4640075&playId=2656,3,1,10,13:02,53.0,False,False,0920,10,6,0.8329841084778309,11,1,1,3,5,11,4,2,5,Josh Johnson,Gary Brightwell,Dohnte Meyers,Javon Foster,Andrew Coker,Jalen Rivers,Jacob Bayer,Ke'Shawn Williams,Brian Parker II,Jack Endries,Noah Thomas,Joe Bachie,Myles Adams,Khalil Dorsey,Roger McCreary,Loren Strickland,Keith Abney II,Skyler Gill-Howard,Aamaris Brown,Erick Hunter,Anthony Lucas,Eric O'Neill
2026003,1,2690,RUSH,(12:25) G.Brightwell right end pushed ob at DET 39 for 1 yard (K.Abney).,https://pro.nfl.com/api/plays/summaryPlay?gameId=c66df6a7-5f68-11f1-b1d0-bb70a4640075&playId=2690,3,1,10,12:25,40.0,False,False,0920,10,6,-0.6173609117977321,11,1,1,3,5,11,4,2,5,Josh Johnson,Gary Brightwell,Dohnte Meyers,Javon Foster,Andrew Coker,Jalen Rivers,Jacob Bayer,Ke'Shawn Williams,Brian Parker II,Jack Endries,Noah Thomas,Joe Bachie,Myles Adams,Khalil Dorsey,Roger McCreary,Loren Strickland,Keith Abney II,Skyler Gill-Howard,Aamaris Brown,Erick Hunter,Anthony Lucas,Eric O'Neill
2026003,1,2717,PENALTY,"(11:52) (Shotgun) J.Johnson pass short left to N.Thomas to DET 30 for 9 yards (K.Dorsey).
PENALTY on CIN-G.Brightwell, Illegal Formation, 5 yards, enforced at DET 39 - No Play.",https://pro.nfl.com/api/plays/summaryPlay?gameId=c66df6a7-5f68-11f1-b1d0-bb70a4640075&playId=2717,3,2,9,11:52,39.0,False,False,0920,10,6,-0.9981666465755552,11,1,1,3,5,11,4,2,5,Josh Johnson,Gary Brightwell,Dohnte Meyers,Javon Foster,Andrew Coker,Jalen Rivers,Jacob Bayer,Ke'Shawn Williams,Brian Parker II,Jack Endries,Noah Thomas,Joe Bachie,Myles Adams,Khalil Dorsey,Roger McCreary,Loren Strickland,Keith Abney II,Skyler Gill-Howard,Aamaris Brown,Erick Hunter,Anthony Lucas,Eric O'Neill
2026003,1,2765,TIMEOUT,Timeout #1 by CIN at 11:35.,https://pro.nfl.com/api/plays/summaryPlay?gameId=c66df6a7-5f68-11f1-b1d0-bb70a4640075&playId=2765,3,0,0,11:35,,False,,1540,6,10,,0,0,0,0,0,0,0,0,0,,,,,,,,,,,,,,,,,,,,,,
2026003,1,2753,PASS,(11:35) (Shotgun) J.Johnson pass short middle to N.Thomas to DET 41 for 3 yards (E.Hunter).,https://pro.nfl.com/api/plays/summaryPlay?gameId=c66df6a7-5f68-11f1-b1d0-bb70a4640075&playId=2753,3,2,14,11:35,44.0,False,False,0920,10,6,-0.8739528078585863,11,1,2,2,5,11,4,3,4,Josh Johnson,Gary Brightwell,Dohnte Meyers,Javon Foster,Andrew Coker,Cam Grandy,Jalen Rivers,Jacob Bayer,Brian Parker II,Jack Endries,Noah Thomas,Joe Bachie,Myles Adams,Khalil Dorsey,Amen Ogbongbemiga,Roger McCreary,Ben Stille,Loren Strickland,Skyler Gill-Howard,Aamaris Brown,Erick Hunter,Anthony Lucas
2026003,1,2785,PASS,(10:57) (Shotgun) J.Johnson pass short middle to D.Meyers to DET 28 for 13 yards (K.Dorsey).,https://pro.nfl.com/api/plays/summaryPlay?gameId=c66df6a7-5f68-11f1-b1d0-bb70a4640075&playId=2785,3,3,11,10:57,41.0,False,False,0920,10,6,3.1975700855255127,11,1,1,3,5,11,4,2,5,Josh Johnson,Tanner Hudson,Gary Brightwell,Dohnte Meyers,Javon Foster,Andrew Coker,Jalen Rivers,Jacob Bayer,Ke'Shawn Williams,Brian Parker II,Noah Thomas,Joe Bachie,Myles Adams,Khalil Dorsey,Roger McCreary,Loren Strickland,Keith Abney II,Skyler Gill-Howard,Aamaris Brown,Erick Hunter,Anthony Lucas,Eric O'Neill
2026003,1,2810,RUSH,(10:14) (Shotgun) K.Milton left end pushed ob at DET 26 for 2 yards (K.Dorsey).,https://pro.nfl.com/api/plays/summaryPlay?gameId=c66df6a7-5f68-11f1-b1d0-bb70a4640075&playId=2810,3,1,10,10:14,28.0,False,False,0920,10,6,-0.46538747393060476,11,1,1,3,5,11,4,2,5,Josh Johnson,Dohnte Meyers,Javon Foster,Kendall Milton,Andrew Coker,Cam Grandy,Jalen Rivers,Jacob Bayer,Ke'Shawn Williams,Brian Parker II,Noah Thomas,Joe Bachie,Myles Adams,Khalil Dorsey,Roger McCreary,Loren Strickland,Keith Abney II,Skyler Gill-Howard,Aamaris Brown,Erick Hunter,Anthony Lucas,Eric O'Neill
2026003,1,2837,PENALTY,"(9:37) (Shotgun) PENALTY on CIN-A.Coker, False Start, 5 yards, enforced at DET 26 - No Play.",https://pro.nfl.com/api/plays/summaryPlay?gameId=c66df6a7-5f68-11f1-b1d0-bb70a4640075&playId=2837,3,2,8,09:37,26.0,False,False,0920,10,6,-0.6170296651544049,11,1,1,3,5,11,4,2,5,Josh Johnson,Dohnte Meyers,Javon Foster,Kendall Milton,Andrew Coker,Jalen Rivers,Jacob Bayer,Jordan Moore,Ke'Shawn Williams,Brian Parker II,Jack Endries,Joe Bachie,Myles Adams,Roger McCreary,Ryan Cooper Jr.,Loren Strickland,Keith Abney II,Skyler Gill-Howard,Aamaris Brown,Erick Hunter,Anthony Lucas,Eric O'Neill
2026003,1,2861,RUSH,(9:17) (Shotgun) K.Milton up the middle to DET 27 for 4 yards (E.O'Neill; M.Adams).,https://pro.nfl.com/api/plays/summaryPlay?gameId=c66df6a7-5f68-11f1-b1d0-bb70a4640075&playId=2861,3,2,13,09:17,31.0,False,False,0920,10,6,-0.09288062143605202,11,1,1,3,5,11,4,2,5,Josh Johnson,Dohnte Meyers,Javon Foster,Kendall Milton,Andrew Coker,Jalen Rivers,Jacob Bayer,Jordan Moore,Ke'Shawn Williams,Brian Parker II,Jack Endries,Joe Bachie,Myles Adams,Roger McCreary,Ryan Cooper Jr.,Loren Strickland,Keith Abney II,Skyler Gill-Howard,Aamaris Brown,Erick Hunter,Anthony Lucas,Eric O'Neill
2026003,1,2883,PASS,(8:40) (Shotgun) J.Johnson pass short left to T.Hudson to DET 12 for 15 yards (A.Brown).,https://pro.nfl.com/api/plays/summaryPlay?gameId=c66df6a7-5f68-11f1-b1d0-bb70a4640075&playId=2883,3,3,9,08:40,27.0,False,False,0920,10,6,1.9355171576607972,11,1,1,3,5,11,4,2,5,Josh Johnson,Tanner Hudson,Dohnte Meyers,Javon Foster,Kendall Milton,Andrew Coker,Jalen Rivers,Jacob Bayer,Ke'Shawn Williams,Brian Parker II,Noah Thomas,Joe Bachie,Myles Adams,Roger McCreary,Ryan Cooper Jr.,Loren Strickland,Keith Abney II,Skyler Gill-Howard,Aamaris Brown,Erick Hunter,Anthony Lucas,Eric O'Neill
2026003,1,2908,RUSH,(7:58) J.Johnson scrambles left end ran ob at DET 7 for 5 yards (L.Strickland). DET-L.Strickland was injured during the play.,https://pro.nfl.com/api/plays/summaryPlay?gameId=c66df6a7-5f68-11f1-b1d0-bb70a4640075&playId=2908,3,1,10,07:58,12.0,False,True,0920,10,6,0.04978159943129867,11,1,1,3,5,11,4,2,5,Josh Johnson,Dohnte Meyers,Javon Foster,Kendall Milton,Andrew Coker,Jalen Rivers,Jacob Bayer,Ke'Shawn Williams,Brian Parker II,Jack Endries,Noah Thomas,Joe Bachie,Roger McCreary,Chris Smith,Ryan Cooper Jr.,Loren Strickland,Keith Abney II,Skyler Gill-Howard,Aamaris Brown,Erick Hunter,Anthony Lucas,Eric O'Neill
2026003,1,2935,PASS,(7:44) (Shotgun) J.Johnson pass incomplete short left to N.Thomas.,https://pro.nfl.com/api/plays/summaryPlay?gameId=c66df6a7-5f68-11f1-b1d0-bb70a4640075&playId=2935,3,2,5,07:44,7.0,False,True,0920,10,6,-0.8705144623527303,11,1,1,3,5,11,4,2,5,Josh Johnson,Dohnte Meyers,Javon Foster,Kendall Milton,Andrew Coker,Jalen Rivers,Jacob Bayer,Ke'Shawn Williams,Brian Parker II,Jack Endries,Noah Thomas,Joe Bachie,Roger McCreary,Chris Smith,Ryan Cooper Jr.,Ahmed Hassanein,Dan Jackson,Keith Abney II,Skyler Gill-Howard,Aamaris Brown,Erick Hunter,Anthony Lucas
2026003,1,2961,SACK,"(7:41) (Shotgun) J.Johnson sacked at DET 16 for -9 yards (A.Hassanein). FUMBLES (A.Hassanein), recovered by CIN-J.Rivers at DET 15.",https://pro.nfl.com/api/plays/summaryPlay?gameId=c66df6a7-5f68-11f1-b1d0-bb70a4640075&playId=2961,3,3,5,07:41,7.0,False,True,0920,10,6,-1.6773322279332206,11,1,1,3,5,11,4,2,5,Josh Johnson,Tanner Hudson,Dohnte Meyers,Javon Foster,Kendall Milton,Andrew Coker,Jalen Rivers,Jacob Bayer,Ke'Shawn Williams,Brian Parker II,Noah Thomas,Joe Bachie,Roger McCreary,Chris Smith,Ryan Cooper Jr.,Ahmed Hassanein,Dan Jackson,Keith Abney II,Skyler Gill-Howard,Aamaris Brown,Erick Hunter,Anthony Lucas
2026003,1,2991,FIELD_GOAL,"(6:58) E.McPherson 33 yard field goal is GOOD, Center-W.Wagner, Holder-R.Rehkow.",https://pro.nfl.com/api/plays/summaryPlay?gameId=c66df6a7-5f68-11f1-b1d0-bb70a4640075&playId=2991,3,4,13,06:58,15.0,False,False,0920,10,6,0.33689880929887295,11,0,2,0,6,11,4,3,4,Evan McPherson,Javon Foster,Ryan Rehkow,Andrew Coker,Cam Grandy,Jalen Rivers,Jacob Bayer,William Wagner,Brian Parker II,Jack Endries,Corey Robinson II,Troy Reeder,Joe Bachie,Chris Smith,Nick Whiteside,Thomas Harper,Ahmed Hassanein,Keith Abney II,Skyler Gill-Howard,Aamaris Brown,Erick Hunter,Eric O'Neill
2026003,1,3021,TIMEOUT,Timeout at 06:55.,https://pro.nfl.com/api/plays/summaryPlay?gameId=c66df6a7-5f68-11f1-b1d0-bb70a4640075&playId=3021,3,0,0,06:55,,False,,1540,6,13,,0,0,0,0,0,0,0,0,0,,,,,,,,,,,,,,,,,,,,,,
2026003,1,3011,KICK_OFF,E.McPherson kicks 63 yards from CIN 35 to DET 2. R.Blackshear to DET 26 for 24 yards (T.Hudson).,https://pro.nfl.com/api/plays/summaryPlay?gameId=c66df6a7-5f68-11f1-b1d0-bb70a4640075&playId=3011,3,0,0,06:55,65.0,False,False,0920,13,6,-0.0022126538679003716,11,2,2,0,0,11,1,2,4,Tanner Hudson,Evan McPherson,Russ Yeast,Liam Anderson,Daijahn Anthony,Kendall Milton,Swayze Bozeman,Cam Grandy,Tahj Brooks,Bralyn Lux,Ceyair Wright,Amen Ogbongbemiga,Lucky Jackson,Roger McCreary,Raheem Blackshear,Nick Whiteside,Thomas Harper,Zach Horton,Kye Robichaux,Aamaris Brown,Erick Hunter,Eric O'Neill
2026003,1,3041,PASS,(6:50) L.Altmyer pass short right to Z.Horton to DET 28 for 2 yards (J.Giles-Harris).,https://pro.nfl.com/api/plays/summaryPlay?gameId=c66df6a7-5f68-11f1-b1d0-bb70a4640075&playId=3041,3,1,10,06:50,74.0,False,False,1540,6,13,-0.5734498631209135,11,1,2,2,5,11,5,2,4,Lucky Jackson,Michael Niese,Raheem Blackshear,Colby Sorsdal,Malik Cunningham,Miles Frazier,Zach Horton,Mason Miller,Thomas Gordon,Luke Altmyer,Melvin Priestly,Joe Giles-Harris,Isaiah Foskey,Shaka Heyward,Kris Jenkins,Jordan Jefferson,Cedric Johnson,Daijahn Anthony,PJ Jules,Jalen Kimber,Landon Robinson,Ceyair Wright
2026003,1,3066,PASS,(6:12) (Shotgun) L.Altmyer pass short left to Z.Horton to DET 31 for 3 yards (P.Jules).,https://pro.nfl.com/api/plays/summaryPlay?gameId=c66df6a7-5f68-11f1-b1d0-bb70a4640075&playId=3066,3,2,8,06:12,72.0,False,False,1540,6,13,-0.31303983088582754,11,1,2,2,5,11,5,2,4,Lucky Jackson,Michael Niese,Raheem Blackshear,Colby Sorsdal,Malik Cunningham,Miles Frazier,Zach Horton,Mason Miller,Thomas Gordon,Luke Altmyer,Melvin Priestly,Joe Giles-Harris,Isaiah Foskey,Shaka Heyward,Kris Jenkins,Jordan Jefferson,Cedric Johnson,Daijahn Anthony,PJ Jules,Jalen Kimber,Landon Robinson,Ceyair Wright
2026003,1,3091,RUSH,(5:36) (Shotgun) R.Blackshear right guard to CIN 45 for 24 yards (D.Anthony).,https://pro.nfl.com/api/plays/summaryPlay?gameId=c66df6a7-5f68-11f1-b1d0-bb70a4640075&playId=3091,3,3,5,05:36,69.0,False,False,1540,6,13,2.6340433553559706,11,1,1,3,5,11,4,2,5,Tom Kennedy,Lucky Jackson,Michael Niese,Raheem Blackshear,Colby Sorsdal,Malik Cunningham,Miles Frazier,Mason Miller,Thomas Gordon,Luke Altmyer,Melvin Priestly,Joe Giles-Harris,Isaiah Foskey,Shaka Heyward,Kris Jenkins,Cedric Johnson,Daijahn Anthony,PJ Jules,Howard Cross III,Bralyn Lux,Jalen Kimber,Ceyair Wright
2026003,1,3113,RUSH,(4:56) R.Blackshear up the middle to CIN 44 for 1 yard (S.Heyward; C.Johnson).,https://pro.nfl.com/api/plays/summaryPlay?gameId=c66df6a7-5f68-11f1-b1d0-bb70a4640075&playId=3113,3,1,10,04:56,45.0,False,False,1540,6,13,-0.5241815127665177,11,1,1,3,5,11,4,2,5,Tom Kennedy,Lucky Jackson,Michael Niese,Raheem Blackshear,Colby Sorsdal,Malik Cunningham,Miles Frazier,Mason Miller,Thomas Gordon,Luke Altmyer,Melvin Priestly,Joe Giles-Harris,Russ Yeast,Isaiah Foskey,Shaka Heyward,McKinnley Jackson,Cedric Johnson,Daijahn Anthony,Howard Cross III,Bralyn Lux,Jalen Kimber,Ceyair Wright
2026003,1,3135,RUSH,(4:21) R.Blackshear left guard to CIN 43 for 1 yard (B.Lux).,https://pro.nfl.com/api/plays/summaryPlay?gameId=c66df6a7-5f68-11f1-b1d0-bb70a4640075&playId=3135,3,2,9,04:21,44.0,False,False,1540,6,13,-0.9069935522275046,11,1,2,2,5,11,4,2,5,Lucky Jackson,Michael Niese,Raheem Blackshear,Colby Sorsdal,Malik Cunningham,Miles Frazier,Zach Horton,Mason Miller,Thomas Gordon,Luke Altmyer,Melvin Priestly,Joe Giles-Harris,Russ Yeast,Isaiah Foskey,Shaka Heyward,McKinnley Jackson,Cedric Johnson,Daijahn Anthony,Howard Cross III,Bralyn Lux,Jalen Kimber,Ceyair Wright
2026003,1,3157,RUSH,"(3:42) (Shotgun) L.Altmyer Aborted. M.Niese FUMBLES at CIN 47, recovered by DET-R.Blackshear at 50.",https://pro.nfl.com/api/plays/summaryPlay?gameId=c66df6a7-5f68-11f1-b1d0-bb70a4640075&playId=3157,3,3,8,03:42,43.0,False,False,1540,6,13,-2.3932225682074204,11,1,1,3,5,11,4,2,5,Tom Kennedy,Lucky Jackson,Michael Niese,Raheem Blackshear,Colby Sorsdal,Malik Cunningham,Miles Frazier,Mason Miller,Thomas Gordon,Luke Altmyer,Melvin Priestly,Joe Giles-Harris,Russ Yeast,Isaiah Foskey,Shaka Heyward,Kris Jenkins,Cedric Johnson,Daijahn Anthony,Howard Cross III,Bralyn Lux,Jalen Kimber,Ceyair Wright
2026003,1,3184,PUNT,"(3:04) J.Fox punts 38 yards to CIN 12, Center-H.Hatten, fair catch by D.Meyers.",https://pro.nfl.com/api/plays/summaryPlay?gameId=c66df6a7-5f68-11f1-b1d0-bb70a4640075&playId=3184,3,4,15,03:04,50.0,False,False,1540,6,13,0.04162770323455334,11,1,1,1,0,11,1,3,3,Jack Fox,Joe Bachie,Amen Ogbongbemiga,Malik Cunningham,Hogan Hatten,Ahmed Hassanein,Dan Jackson,Zach Horton,Kye Robichaux,Keith Abney II,Aamaris Brown,Gary Brightwell,Ja'Sir Taylor,Russ Yeast,Isaiah Foskey,Liam Anderson,Mitchell Tinsley,Dohnte Meyers,Kendall Milton,Swayze Bozeman,Bralyn Lux,Jack Dingle
2026003,1,3216,TIMEOUT,Timeout at 02:57.,https://pro.nfl.com/api/plays/summaryPlay?gameId=c66df6a7-5f68-11f1-b1d0-bb70a4640075&playId=3216,3,0,0,02:57,,False,,1540,6,13,,0,0,0,0,0,0,0,0,0,,,,,,,,,,,,,,,,,,,,,,
2026003,1,3204,PASS,(2:57) J.Johnson pass short right to J.Kattus to CIN 16 for 4 yards (K.Abney).,https://pro.nfl.com/api/plays/summaryPlay?gameId=c66df6a7-5f68-11f1-b1d0-bb70a4640075&playId=3204,3,1,10,02:57,88.0,False,False,0920,13,6,-0.14877163339406252,11,1,2,2,5,11,4,3,4,Josh Johnson,Gary Brightwell,Dohnte Meyers,Javon Foster,Andrew Coker,Jalen Rivers,Jacob Bayer,Jordan Moore,Brian Parker II,Jack Endries,Josh Kattus,Troy Reeder,Myles Adams,Amen Ogbongbemiga,Roger McCreary,Dan Jackson,Keith Abney II,Skyler Gill-Howard,Tyre West,Aamaris Brown,Erick Hunter,Eric O'Neill
2026003,1,3236,RUSH,(2:21) (Shotgun) G.Brightwell right tackle to CIN 17 for 1 yard (A.Brown).,https://pro.nfl.com/api/plays/summaryPlay?gameId=c66df6a7-5f68-11f1-b1d0-bb70a4640075&playId=3236,3,2,6,02:21,84.0,False,False,0920,13,6,-0.8383067958056927,11,1,1,3,5,11,4,2,5,Josh Johnson,Gary Brightwell,Dohnte Meyers,Javon Foster,Andrew Coker,Jalen Rivers,Jacob Bayer,Jordan Moore,Ke'Shawn Williams,Brian Parker II,Jack Endries,Troy Reeder,Myles Adams,Roger McCreary,Ryan Cooper Jr.,Ahmed Hassanein,Dan Jackson,Keith Abney II,Skyler Gill-Howard,Aamaris Brown,Erick Hunter,Eric O'Neill
2026003,1,3258,PASS,(1:48) (Shotgun) J.Johnson pass short left to D.Meyers to CIN 29 for 12 yards (K.Abney).,https://pro.nfl.com/api/plays/summaryPlay?gameId=c66df6a7-5f68-11f1-b1d0-bb70a4640075&playId=3258,3,3,5,01:48,83.0,False,False,0920,13,6,2.110082095488906,11,1,1,3,5,11,4,2,5,Josh Johnson,Gary Brightwell,Dohnte Meyers,Javon Foster,Andrew Coker,Jalen Rivers,Jacob Bayer,Jordan Moore,Ke'Shawn Williams,Brian Parker II,Jack Endries,Troy Reeder,Myles Adams,Roger McCreary,Ryan Cooper Jr.,Ahmed Hassanein,Dan Jackson,Keith Abney II,Skyler Gill-Howard,Aamaris Brown,Erick Hunter,Eric O'Neill
2026003,1,3283,PASS,(1:13) J.Johnson pass short left to J.Endries to CIN 46 for 17 yards (T.Reeder).,https://pro.nfl.com/api/plays/summaryPlay?gameId=c66df6a7-5f68-11f1-b1d0-bb70a4640075&playId=3283,3,1,10,01:13,71.0,False,False,0920,13,6,1.1294125618878752,11,1,1,3,5,11,4,2,5,Josh Johnson,Dohnte Meyers,Javon Foster,Kendall Milton,Andrew Coker,Jalen Rivers,Jacob Bayer,Jordan Moore,Ke'Shawn Williams,Brian Parker II,Jack Endries,Troy Reeder,Myles Adams,Roger McCreary,Ryan Cooper Jr.,Ahmed Hassanein,Dan Jackson,Keith Abney II,Skyler Gill-Howard,Aamaris Brown,Erick Hunter,Eric O'Neill
2026003,1,3308,PASS,(:28) J.Johnson pass short right to K.Milton to DET 47 for 7 yards (A.Ogbongbemiga; K.Abney).,https://pro.nfl.com/api/plays/summaryPlay?gameId=c66df6a7-5f68-11f1-b1d0-bb70a4640075&playId=3308,3,1,10,00:28,54.0,False,False,0920,13,6,0.3048164686188102,11,1,2,2,5,11,4,3,4,Josh Johnson,Dohnte Meyers,Javon Foster,Kendall Milton,Andrew Coker,Cam Grandy,Jalen Rivers,Jacob Bayer,Jordan Moore,Brian Parker II,Jack Endries,Troy Reeder,Myles Adams,Amen Ogbongbemiga,Roger McCreary,Ben Stille,Dan Jackson,Keith Abney II,Skyler Gill-Howard,Aamaris Brown,Erick Hunter,Eric O'Neill
2026003,1,3333,END_QUARTER,END QUARTER 3,https://pro.nfl.com/api/plays/summaryPlay?gameId=c66df6a7-5f68-11f1-b1d0-bb70a4640075&playId=3333,3,0,0,,,False,,1540,6,13,,0,0,0,0,0,0,0,0,0,,,,,,,,,,,,,,,,,,,,,,
2026003,1,3353,RUSH,(15:00) K.Milton up the middle to DET 45 for 2 yards (E.Hunter).,https://pro.nfl.com/api/plays/summaryPlay?gameId=c66df6a7-5f68-11f1-b1d0-bb70a4640075&playId=3353,4,2,3,15:00,47.0,False,False,0920,13,6,-0.33295321778859943,11,1,1,3,5,11,4,2,5,Josh Johnson,Dohnte Meyers,Javon Foster,Kendall Milton,Andrew Coker,Jalen Rivers,Jacob Bayer,Jordan Moore,Ke'Shawn Williams,Brian Parker II,Jack Endries,Troy Reeder,Myles Adams,Roger McCreary,Chris Smith,Ryan Cooper Jr.,Dan Jackson,Keith Abney II,Aamaris Brown,Erick Hunter,Anthony Lucas,Eric O'Neill
2026003,1,3375,PASS,(14:16) J.Johnson pass short right to J.Endries to DET 41 for 4 yards (A.Brown).,https://pro.nfl.com/api/plays/summaryPlay?gameId=c66df6a7-5f68-11f1-b1d0-bb70a4640075&playId=3375,4,3,1,14:16,45.0,False,False,0920,13,6,0.7850674331421033,11,1,2,2,5,11,4,3,4,Josh Johnson,Dohnte Meyers,Javon Foster,Kendall Milton,Andrew Coker,Cam Grandy,Jalen Rivers,Jacob Bayer,Jordan Moore,Brian Parker II,Jack Endries,Troy Reeder,Myles Adams,Amen Ogbongbemiga,Roger McCreary,Ben Stille,Chris Smith,Dan Jackson,Keith Abney II,Aamaris Brown,Erick Hunter,Eric O'Neill
2026003,1,3400,PASS,(13:33) (Shotgun) J.Johnson pass short middle to D.Meyers to DET 37 for 4 yards (A.Brown).,https://pro.nfl.com/api/plays/summaryPlay?gameId=c66df6a7-5f68-11f1-b1d0-bb70a4640075&playId=3400,4,1,10,13:33,41.0,False,False,0920,13,6,-0.15441300394013524,11,1,1,3,5,11,4,2,5,Josh Johnson,Dohnte Meyers,Javon Foster,Kendall Milton,Andrew Coker,Cam Grandy,Jalen Rivers,Jacob Bayer,Jordan Moore,Ke'Shawn Williams,Brian Parker II,Troy Reeder,Myles Adams,Roger McCreary,Chris Smith,Ryan Cooper Jr.,Ahmed Hassanein,Dan Jackson,Keith Abney II,Aamaris Brown,Erick Hunter,Eric O'Neill
2026003,1,3425,RUSH,(12:56) (Shotgun) K.Milton right end to DET 34 for 3 yards (R.McCreary; T.Reeder). DET-A.Brown was injured during the play.,https://pro.nfl.com/api/plays/summaryPlay?gameId=c66df6a7-5f68-11f1-b1d0-bb70a4640075&playId=3425,4,2,6,12:56,37.0,False,False,0920,13,6,-0.20101069984957576,11,1,1,3,5,11,4,2,5,Josh Johnson,Dohnte Meyers,Javon Foster,Kendall Milton,Andrew Coker,Jalen Rivers,Jacob Bayer,Jordan Moore,Ke'Shawn Williams,Brian Parker II,Jack Endries,Troy Reeder,Myles Adams,Roger McCreary,Chris Smith,Ryan Cooper Jr.,Ahmed Hassanein,Dan Jackson,Keith Abney II,Aamaris Brown,Erick Hunter,Eric O'Neill
2026003,1,3462,TIMEOUT,Timeout at 12:39.,https://pro.nfl.com/api/plays/summaryPlay?gameId=c66df6a7-5f68-11f1-b1d0-bb70a4640075&playId=3462,4,0,0,12:39,,False,,1540,6,13,,0,0,0,0,0,0,0,0,0,,,,,,,,,,,,,,,,,,,,,,
2026003,1,3450,PASS,(12:30) (Shotgun) J.Johnson pass short right to T.Hudson to DET 29 for 5 yards (E.Hunter).,https://pro.nfl.com/api/plays/summaryPlay?gameId=c66df6a7-5f68-11f1-b1d0-bb70a4640075&playId=3450,4,3,3,12:30,34.0,False,False,0920,13,6,1.1243428577436134,11,1,1,3,5,11,4,2,5,Josh Johnson,Tanner Hudson,Gary Brightwell,Dohnte Meyers,Javon Foster,Xavier Johnson,Andrew Coker,Jalen Rivers,Jacob Bayer,Ke'Shawn Williams,Brian Parker II,Troy Reeder,Myles Adams,Roger McCreary,Ryan Cooper Jr.,Thomas Harper,Ahmed Hassanein,Dan Jackson,Keith Abney II,Skyler Gill-Howard,Erick Hunter,Eric O'Neill
2026003,1,3482,PASS,"(12:10) (No Huddle, Shotgun) J.Johnson pass incomplete short left to D.Meyers (R.Cooper).
Detroit challenged the incomplete pass ruling, and the play was Upheld. The ruling on the field stands. (Timeout #1.)",https://pro.nfl.com/api/plays/summaryPlay?gameId=c66df6a7-5f68-11f1-b1d0-bb70a4640075&playId=3482,4,1,10,12:10,29.0,False,False,0920,13,6,-0.29544541402719915,11,1,1,3,5,11,4,2,5,Josh Johnson,Tanner Hudson,Gary Brightwell,Dohnte Meyers,Javon Foster,Xavier Johnson,Andrew Coker,Jalen Rivers,Jacob Bayer,Ke'Shawn Williams,Brian Parker II,Troy Reeder,Myles Adams,Roger McCreary,Ryan Cooper Jr.,Thomas Harper,Ahmed Hassanein,Dan Jackson,Keith Abney II,Skyler Gill-Howard,Erick Hunter,Eric O'Neill
2026003,1,3517,RUSH,(12:04) G.Brightwell right end to DET 24 for 5 yards (R.McCreary). ** Injury Update: DET-A.Brown has returned to the game.,https://pro.nfl.com/api/plays/summaryPlay?gameId=c66df6a7-5f68-11f1-b1d0-bb70a4640075&playId=3517,4,2,10,12:04,29.0,False,False,0920,13,6,-0.1147955417400226,11,1,1,3,5,11,4,2,5,Josh Johnson,Gary Brightwell,Javon Foster,Xavier Johnson,Andrew Coker,Jalen Rivers,Jacob Bayer,Jordan Moore,Ke'Shawn Williams,Brian Parker II,Jack Endries,Troy Reeder,Myles Adams,Roger McCreary,Ryan Cooper Jr.,Dan Jackson,Keith Abney II,Skyler Gill-Howard,Aamaris Brown,Erick Hunter,Anthony Lucas,Eric O'Neill
2026003,1,3590,RUSH,(11:23) (Shotgun) J.Johnson scrambles left end to DET 23 for 1 yard (S.Gill-Howard).,https://pro.nfl.com/api/plays/summaryPlay?gameId=c66df6a7-5f68-11f1-b1d0-bb70a4640075&playId=3590,4,3,5,11:23,24.0,False,False,0920,13,6,-1.0793740233057179,11,1,1,3,5,11,4,2,5,Josh Johnson,Gary Brightwell,Dohnte Meyers,Javon Foster,Andrew Coker,Jalen Rivers,Jacob Bayer,Jordan Moore,Ke'Shawn Williams,Brian Parker II,Jack Endries,Troy Reeder,Myles Adams,Roger McCreary,Ryan Cooper Jr.,Dan Jackson,Keith Abney II,Skyler Gill-Howard,Aamaris Brown,Erick Hunter,Anthony Lucas,Eric O'Neill
2026003,1,3612,FIELD_GOAL,"(10:35) E.McPherson 41 yard field goal is GOOD, Center-W.Wagner, Holder-R.Rehkow.",https://pro.nfl.com/api/plays/summaryPlay?gameId=c66df6a7-5f68-11f1-b1d0-bb70a4640075&playId=3612,4,4,4,10:35,23.0,False,False,0920,13,6,0.38550578692229465,11,0,2,0,6,11,4,3,4,Evan McPherson,Javon Foster,Ryan Rehkow,Andrew Coker,Cam Grandy,Jalen Rivers,Jacob Bayer,William Wagner,Brian Parker II,Jack Endries,Corey Robinson II,Troy Reeder,Joe Bachie,Chris Smith,Nick Whiteside,Thomas Harper,Dan Jackson,Keith Abney II,Skyler Gill-Howard,Tyre West,Erick Hunter,Eric O'Neill
2026003,1,3642,TIMEOUT,Timeout at 10:31.,https://pro.nfl.com/api/plays/summaryPlay?gameId=c66df6a7-5f68-11f1-b1d0-bb70a4640075&playId=3642,4,0,0,10:31,,False,,1540,6,16,,0,0,0,0,0,0,0,0,0,,,,,,,,,,,,,,,,,,,,,,
2026003,1,3632,KICK_OFF,E.McPherson kicks 62 yards from CIN 35 to DET 3. K.Robichaux to DET 29 for 26 yards (T.Hudson; L.Anderson).,https://pro.nfl.com/api/plays/summaryPlay?gameId=c66df6a7-5f68-11f1-b1d0-bb70a4640075&playId=3632,4,0,0,10:31,65.0,False,False,0920,16,6,-0.06944177928380668,11,1,1,0,0,11,1,2,4,Tanner Hudson,Evan McPherson,Russ Yeast,Isaiah Foskey,Liam Anderson,Daijahn Anthony,Kendall Milton,Swayze Bozeman,Bralyn Lux,Eric Gentry,Ceyair Wright,Amen Ogbongbemiga,Lucky Jackson,Roger McCreary,Raheem Blackshear,Nick Whiteside,Thomas Harper,Zach Horton,Kye Robichaux,Aamaris Brown,Erick Hunter,Eric O'Neill
2026003,1,3665,PASS,(10:26) (Shotgun) L.Altmyer pass short right to T.Gordon to DET 34 for 5 yards (S.Heyward; J.Kimber).,https://pro.nfl.com/api/plays/summaryPlay?gameId=c66df6a7-5f68-11f1-b1d0-bb70a4640075&playId=3665,4,1,10,10:26,71.0,False,False,1540,6,16,-0.13192740734666586,11,1,2,2,5,11,4,3,4,Tarik Black,Michael Niese,Raheem Blackshear,Tay Martin,Colby Sorsdal,Miles Frazier,Zach Horton,Mason Miller,Thomas Gordon,Luke Altmyer,Melvin Priestly,Joe Giles-Harris,Russ Yeast,Isaiah Foskey,Shaka Heyward,McKinnley Jackson,Jordan Jefferson,Daijahn Anthony,Antwaun Powell-Ryland,Jalen Kimber,Landon Robinson,Ceyair Wright
2026003,1,3690,PENALTY,"(9:53) (Shotgun) L.Altmyer pass deep left to T.Black pushed ob at CIN 31 for 35 yards (C.Wright).
PENALTY on DET-T.Black, Offensive Pass Interference, 10 yards, enforced at DET 34 - No Play.",https://pro.nfl.com/api/plays/summaryPlay?gameId=c66df6a7-5f68-11f1-b1d0-bb70a4640075&playId=3690,4,2,5,09:53,66.0,False,False,1540,6,16,-1.4106664874125272,11,1,2,2,5,11,4,3,4,Tarik Black,Michael Niese,Raheem Blackshear,Tay Martin,Colby Sorsdal,Miles Frazier,Zach Horton,Mason Miller,Thomas Gordon,Luke Altmyer,Melvin Priestly,Joe Giles-Harris,Russ Yeast,Isaiah Foskey,Shaka Heyward,McKinnley Jackson,Jordan Jefferson,Daijahn Anthony,Antwaun Powell-Ryland,Jalen Kimber,Landon Robinson,Ceyair Wright
2026003,1,3726,PASS,(9:31) L.Altmyer pass incomplete deep left to T.Black.,https://pro.nfl.com/api/plays/summaryPlay?gameId=c66df6a7-5f68-11f1-b1d0-bb70a4640075&playId=3726,4,2,15,09:31,76.0,False,False,1540,6,16,-0.9735379903577268,11,1,2,2,5,11,3,3,5,Tarik Black,Michael Niese,Raheem Blackshear,Tay Martin,Colby Sorsdal,Miles Frazier,Zach Horton,Mason Miller,Thomas Gordon,Luke Altmyer,Melvin Priestly,Joe Giles-Harris,Russ Yeast,Isaiah Foskey,Shaka Heyward,Jordan Jefferson,Daijahn Anthony,Antwaun Powell-Ryland,Bralyn Lux,Jalen Kimber,Landon Robinson,Ceyair Wright
2026003,1,3749,SACK,(9:24) (Shotgun) L.Altmyer sacked at DET 12 for -12 yards (sack split by L.Robinson and A.Powell-Ryland).,https://pro.nfl.com/api/plays/summaryPlay?gameId=c66df6a7-5f68-11f1-b1d0-bb70a4640075&playId=3749,4,3,15,09:24,76.0,False,False,1540,6,16,-1.4935738677158952,11,1,1,3,5,11,3,3,5,Tom Kennedy,Tarik Black,Michael Niese,Raheem Blackshear,Tay Martin,Colby Sorsdal,Miles Frazier,Zach Horton,Mason Miller,Luke Altmyer,Melvin Priestly,Joe Giles-Harris,Russ Yeast,Isaiah Foskey,Shaka Heyward,Daijahn Anthony,Antwaun Powell-Ryland,Howard Cross III,Bralyn Lux,Jalen Kimber,Landon Robinson,Ceyair Wright
2026003,1,3769,PUNT,"(8:43) J.Fox punts 56 yards to CIN 32, Center-H.Hatten. K.Williams to CIN 39 for 7 yards (A.Brown).
PENALTY on CIN-J.Dingle, Illegal Block Above the Waist, 10 yards, enforced at CIN 39.",https://pro.nfl.com/api/plays/summaryPlay?gameId=c66df6a7-5f68-11f1-b1d0-bb70a4640075&playId=3769,4,4,27,08:43,88.0,False,False,1540,6,16,0.8259696066379547,11,1,1,2,0,11,1,2,3,Jack Fox,Joe Bachie,Amen Ogbongbemiga,Lucky Jackson,Malik Cunningham,Hogan Hatten,Ahmed Hassanein,Dan Jackson,Zach Horton,Kye Robichaux,Aamaris Brown,Gary Brightwell,Ja'Sir Taylor,Russ Yeast,Isaiah Foskey,Liam Anderson,Mitchell Tinsley,Kendall Milton,Xavier Johnson,Bralyn Lux,Ke'Shawn Williams,Jack Dingle
2026003,1,3806,RUSH,(8:32) K.Williams right end to CIN 37 for 8 yards (T.Reeder; R.McCreary).,https://pro.nfl.com/api/plays/summaryPlay?gameId=c66df6a7-5f68-11f1-b1d0-bb70a4640075&playId=3806,4,1,10,08:32,71.0,False,False,0920,16,6,0.5341990711167455,11,1,1,3,5,11,4,2,5,Sean Clifford,Jacob Bayer,Jordan Moore,Ke'Shawn Williams,Brian Parker II,Jack Endries,Liam Brown,Jamal Haynes,Christian Jones,Corey Robinson II,Noah Thomas,Troy Reeder,Amen Ogbongbemiga,Roger McCreary,Ben Stille,Chris Smith,Ryan Cooper Jr.,Dan Jackson,Keith Abney II,Aamaris Brown,Anthony Lucas,Eric O'Neill
2026003,1,3833,RUSH,(7:48) K.Bullock up the middle to CIN 43 for 6 yards (A.Lucas; A.Ogbongbemiga).,https://pro.nfl.com/api/plays/summaryPlay?gameId=c66df6a7-5f68-11f1-b1d0-bb70a4640075&playId=3833,4,2,2,07:48,63.0,False,False,0920,16,6,0.2654482441721484,11,1,1,3,5,11,4,2,5,Sean Clifford,Xavier Johnson,Jacob Bayer,Ke'Shawn Williams,Brian Parker II,Jack Endries,Liam Brown,Kentrel Bullock,Christian Jones,Corey Robinson II,Noah Thomas,Troy Reeder,Amen Ogbongbemiga,Roger McCreary,Ben Stille,Chris Smith,Ryan Cooper Jr.,Dan Jackson,Keith Abney II,Aamaris Brown,Anthony Lucas,Eric O'Neill
2026003,1,3855,PASS,(7:08) S.Clifford pass incomplete short right.,https://pro.nfl.com/api/plays/summaryPlay?gameId=c66df6a7-5f68-11f1-b1d0-bb70a4640075&playId=3855,4,1,10,07:08,57.0,False,False,0920,16,6,-0.4906957661733031,11,1,1,3,5,11,4,2,5,Sean Clifford,Xavier Johnson,Jacob Bayer,Ke'Shawn Williams,Brian Parker II,Jack Endries,Liam Brown,Kentrel Bullock,Christian Jones,Corey Robinson II,Noah Thomas,Troy Reeder,Amen Ogbongbemiga,Roger McCreary,Ben Stille,Chris Smith,Ryan Cooper Jr.,Dan Jackson,Keith Abney II,Aamaris Brown,Anthony Lucas,Eric O'Neill
2026003,1,3878,PASS,(7:02) (Shotgun) S.Clifford pass short left to G.Brightwell to CIN 45 for 2 yards (A.Ogbongbemiga).,https://pro.nfl.com/api/plays/summaryPlay?gameId=c66df6a7-5f68-11f1-b1d0-bb70a4640075&playId=3878,4,2,10,07:02,57.0,False,False,0920,16,6,-0.7095524325268343,11,1,1,3,5,11,4,2,5,Gary Brightwell,Sean Clifford,Xavier Johnson,Jacob Bayer,Ke'Shawn Williams,Brian Parker II,Jack Endries,Liam Brown,Christian Jones,Corey Robinson II,Noah Thomas,Troy Reeder,Myles Adams,Amen Ogbongbemiga,Roger McCreary,Ryan Cooper Jr.,Ahmed Hassanein,Dan Jackson,Keith Abney II,Skyler Gill-Howard,Aamaris Brown,Anthony Lucas
2026003,1,3903,PASS,(6:22) (Shotgun) S.Clifford pass incomplete deep left to K.Williams.,https://pro.nfl.com/api/plays/summaryPlay?gameId=c66df6a7-5f68-11f1-b1d0-bb70a4640075&playId=3903,4,3,8,06:22,55.0,False,False,0920,16,6,-1.7156790154986084,11,1,1,3,5,11,4,2,5,Gary Brightwell,Sean Clifford,Xavier Johnson,Jacob Bayer,Ke'Shawn Williams,Brian Parker II,Jack Endries,Liam Brown,Christian Jones,Corey Robinson II,Noah Thomas,Troy Reeder,Myles Adams,Amen Ogbongbemiga,Roger McCreary,Ryan Cooper Jr.,Ahmed Hassanein,Dan Jackson,Keith Abney II,Skyler Gill-Howard,Aamaris Brown,Anthony Lucas
2026003,1,3926,PUNT,"(6:15) R.Rehkow punts 55 yards to end zone, Center-W.Wagner, Touchback.",https://pro.nfl.com/api/plays/summaryPlay?gameId=c66df6a7-5f68-11f1-b1d0-bb70a4640075&playId=3926,4,4,8,06:15,55.0,False,False,0920,16,6,-0.4883714511524886,11,3,0,1,0,11,0,2,4,Gary Brightwell,Isaiah Foskey,Liam Anderson,Mitchell Tinsley,Josh Newton,Cedric Johnson,Swayze Bozeman,Ryan Rehkow,Tahj Brooks,William Wagner,Jamal Haynes,Tarik Black,Amen Ogbongbemiga,Lucky Jackson,Nick Whiteside,Malik Cunningham,Ryan Cooper Jr.,Thomas Harper,Dominic Lovett,Thomas Gordon,Aamaris Brown,Erick Hunter
2026003,1,3944,RUSH,(6:09) K.Robichaux up the middle to DET 24 for 4 yards (J.Giles-Harris).,https://pro.nfl.com/api/plays/summaryPlay?gameId=c66df6a7-5f68-11f1-b1d0-bb70a4640075&playId=3944,4,1,10,06:09,80.0,False,False,1540,6,16,-0.4151253963354975,11,1,1,3,5,11,4,2,5,Tarik Black,Michael Niese,Tay Martin,Colby Sorsdal,Miles Frazier,Dominic Lovett,Zach Horton,Mason Miller,Kye Robichaux,Luke Altmyer,Melvin Priestly,Joe Giles-Harris,Russ Yeast,Isaiah Foskey,McKinnley Jackson,Jordan Jefferson,Daijahn Anthony,Antwaun Powell-Ryland,Bralyn Lux,Jalen Kimber,Landon Robinson,Ceyair Wright
2026003,1,3966,RUSH,(5:31) (Shotgun) K.Robichaux left guard to DET 37 for 13 yards (R.Yeast).,https://pro.nfl.com/api/plays/summaryPlay?gameId=c66df6a7-5f68-11f1-b1d0-bb70a4640075&playId=3966,4,2,6,05:31,76.0,False,False,1540,6,16,1.1103440287988633,11,1,1,3,5,11,4,2,5,Tarik Black,Michael Niese,Tay Martin,Colby Sorsdal,Miles Frazier,Dominic Lovett,Zach Horton,Mason Miller,Kye Robichaux,Luke Altmyer,Melvin Priestly,Joe Giles-Harris,Russ Yeast,Isaiah Foskey,McKinnley Jackson,Jordan Jefferson,Daijahn Anthony,Antwaun Powell-Ryland,Bralyn Lux,Jalen Kimber,Landon Robinson,Ceyair Wright
2026003,1,3988,RUSH,(4:58) K.Robichaux left guard to DET 43 for 6 yards (J.Giles-Harris).,https://pro.nfl.com/api/plays/summaryPlay?gameId=c66df6a7-5f68-11f1-b1d0-bb70a4640075&playId=3988,4,1,10,04:58,63.0,False,False,1540,6,16,-0.05590219027362764,11,1,1,3,5,11,3,3,5,Tarik Black,Michael Niese,Tay Martin,Colby Sorsdal,Miles Frazier,Dominic Lovett,Zach Horton,Mason Miller,Kye Robichaux,Luke Altmyer,Melvin Priestly,Joe Giles-Harris,Russ Yeast,Isaiah Foskey,Liam Anderson,Jordan Jefferson,Daijahn Anthony,Antwaun Powell-Ryland,Bralyn Lux,Jalen Kimber,Landon Robinson,Ceyair Wright
2026003,1,4010,RUSH,(4:25) R.Blackshear left guard to DET 46 for 3 yards (L.Anderson; I.Foskey).,https://pro.nfl.com/api/plays/summaryPlay?gameId=c66df6a7-5f68-11f1-b1d0-bb70a4640075&playId=4010,4,2,4,04:25,57.0,False,False,1540,6,16,0.9268286226433702,11,1,1,3,5,11,3,3,5,Tarik Black,Michael Niese,Raheem Blackshear,Tay Martin,Colby Sorsdal,Miles Frazier,Dominic Lovett,Zach Horton,Mason Miller,Luke Altmyer,Melvin Priestly,Joe Giles-Harris,Russ Yeast,Isaiah Foskey,Liam Anderson,Jordan Jefferson,Daijahn Anthony,Antwaun Powell-Ryland,Bralyn Lux,Jalen Kimber,Landon Robinson,Ceyair Wright
2026003,1,4032,RUSH,(3:53) L.Altmyer up the middle to DET 47 for 1 yard (R.Yeast; H.Cross).,https://pro.nfl.com/api/plays/summaryPlay?gameId=c66df6a7-5f68-11f1-b1d0-bb70a4640075&playId=4032,4,3,1,03:53,54.0,False,False,1540,6,16,-0.5185122027178295,11,1,1,3,5,11,4,2,5,Tarik Black,Michael Niese,Raheem Blackshear,Tay Martin,Colby Sorsdal,Miles Frazier,Dominic Lovett,Zach Horton,Mason Miller,Luke Altmyer,Melvin Priestly,Joe Giles-Harris,Russ Yeast,Isaiah Foskey,McKinnley Jackson,Daijahn Anthony,Antwaun Powell-Ryland,Howard Cross III,Bralyn Lux,Jalen Kimber,Landon Robinson,Ceyair Wright
2026003,1,4056,RUSH,"(3:29) (No Huddle, Shotgun) L.Altmyer Aborted. M.Niese FUMBLES at DET 43, recovered by DET-L.Altmyer at DET 41. L.Altmyer to DET 45 for 4 yards (J.Giles-Harris).",https://pro.nfl.com/api/plays/summaryPlay?gameId=c66df6a7-5f68-11f1-b1d0-bb70a4640075&playId=4056,4,1,10,03:29,53.0,False,False,1540,6,16,-0.7105426798807457,11,1,1,3,5,11,3,3,5,Tarik Black,Michael Niese,Raheem Blackshear,Tay Martin,Colby Sorsdal,Miles Frazier,Dominic Lovett,Zach Horton,Mason Miller,Luke Altmyer,Melvin Priestly,Joe Giles-Harris,Russ Yeast,Isaiah Foskey,Liam Anderson,Daijahn Anthony,Antwaun Powell-Ryland,Howard Cross III,Bralyn Lux,Jalen Kimber,Landon Robinson,Ceyair Wright
2026003,1,4083,PASS,"(3:05) (No Huddle, Shotgun) L.Altmyer pass short left to T.Martin to CIN 41 for 14 yards (C.Wright).",https://pro.nfl.com/api/plays/summaryPlay?gameId=c66df6a7-5f68-11f1-b1d0-bb70a4640075&playId=4083,4,2,12,03:05,55.0,False,False,1540,6,16,1.4600257446873002,11,1,1,3,5,11,3,3,5,Tarik Black,Michael Niese,Raheem Blackshear,Tay Martin,Colby Sorsdal,Miles Frazier,Dominic Lovett,Zach Horton,Mason Miller,Luke Altmyer,Melvin Priestly,Joe Giles-Harris,Russ Yeast,Isaiah Foskey,Liam Anderson,Daijahn Anthony,Antwaun Powell-Ryland,Howard Cross III,Bralyn Lux,Jalen Kimber,Landon Robinson,Ceyair Wright
2026003,1,4108,RUSH,"(2:37) (No Huddle, Shotgun) R.Blackshear up the middle to CIN 37 for 4 yards (L.Anderson).",https://pro.nfl.com/api/plays/summaryPlay?gameId=c66df6a7-5f68-11f1-b1d0-bb70a4640075&playId=4108,4,1,10,02:37,41.0,False,False,1540,6,16,-0.10445215960498899,11,1,1,3,5,11,3,3,5,Michael Niese,Raheem Blackshear,Tay Martin,Colby Sorsdal,Malik Cunningham,Miles Frazier,Dominic Lovett,Zach Horton,Mason Miller,Luke Altmyer,Melvin Priestly,Joe Giles-Harris,Russ Yeast,Isaiah Foskey,Liam Anderson,Daijahn Anthony,Antwaun Powell-Ryland,Howard Cross III,Bralyn Lux,Jalen Kimber,Landon Robinson,Ceyair Wright
2026003,1,4130,PASS,"(2:16) (No Huddle, Shotgun) L.Altmyer pass short right to D.Lovett to CIN 35 for 2 yards (B.Lux).",https://pro.nfl.com/api/plays/summaryPlay?gameId=c66df6a7-5f68-11f1-b1d0-bb70a4640075&playId=4130,4,2,6,02:16,37.0,False,False,1540,6,16,-0.10649987449869514,11,1,1,3,5,11,3,3,5,Michael Niese,Raheem Blackshear,Tay Martin,Colby Sorsdal,Malik Cunningham,Miles Frazier,Dominic Lovett,Zach Horton,Mason Miller,Luke Altmyer,Melvin Priestly,Joe Giles-Harris,Russ Yeast,Isaiah Foskey,Liam Anderson,Daijahn Anthony,Antwaun Powell-Ryland,Howard Cross III,Bralyn Lux,Jalen Kimber,Landon Robinson,Ceyair Wright
2026003,1,4167,TIMEOUT,Two-Minute Warning,https://pro.nfl.com/api/plays/summaryPlay?gameId=c66df6a7-5f68-11f1-b1d0-bb70a4640075&playId=4167,4,0,0,02:00,,False,,1540,6,16,,0,0,0,0,0,0,0,0,0,,,,,,,,,,,,,,,,,,,,,,
2026003,1,4155,PASS,(2:00) (Shotgun) L.Altmyer pass short middle to D.Lovett to CIN 24 for 11 yards (J.Kimber).,https://pro.nfl.com/api/plays/summaryPlay?gameId=c66df6a7-5f68-11f1-b1d0-bb70a4640075&playId=4155,4,3,4,02:00,35.0,False,False,1540,6,16,1.2918450151919387,11,1,1,3,5,11,3,3,5,Tarik Black,Michael Niese,Tay Martin,Colby Sorsdal,Miles Frazier,Dominic Lovett,Zach Horton,Mason Miller,Kye Robichaux,Luke Altmyer,Melvin Priestly,Joe Giles-Harris,Russ Yeast,Isaiah Foskey,Liam Anderson,Daijahn Anthony,Antwaun Powell-Ryland,Howard Cross III,Bralyn Lux,Jalen Kimber,Landon Robinson,Ceyair Wright
2026003,1,4187,PASS,"(1:40) (No Huddle, Shotgun) L.Altmyer pass incomplete deep right to D.Lovett. CIN-I.Foskey was injured during the play.",https://pro.nfl.com/api/plays/summaryPlay?gameId=c66df6a7-5f68-11f1-b1d0-bb70a4640075&playId=4187,4,1,10,01:40,24.0,False,False,1540,6,16,-0.6906723636202514,11,1,1,3,5,11,3,3,5,Tarik Black,Michael Niese,Tay Martin,Colby Sorsdal,Miles Frazier,Dominic Lovett,Zach Horton,Mason Miller,Kye Robichaux,Luke Altmyer,Melvin Priestly,Joe Giles-Harris,Russ Yeast,Isaiah Foskey,Liam Anderson,Daijahn Anthony,Antwaun Powell-Ryland,Howard Cross III,Bralyn Lux,Jalen Kimber,Landon Robinson,Ceyair Wright
2026003,1,4225,TIMEOUT,Timeout #2 by CIN at 01:35.,https://pro.nfl.com/api/plays/summaryPlay?gameId=c66df6a7-5f68-11f1-b1d0-bb70a4640075&playId=4225,4,0,0,01:35,,False,,1540,6,16,,0,0,0,0,0,0,0,0,0,,,,,,,,,,,,,,,,,,,,,,
2026003,1,4210,PASS,"(1:35) (Shotgun) L.Altmyer pass short right to T.Black for 24 yards, TOUCHDOWN [L.Robinson].",https://pro.nfl.com/api/plays/summaryPlay?gameId=c66df6a7-5f68-11f1-b1d0-bb70a4640075&playId=4210,4,2,10,01:35,24.0,False,False,1540,6,16,3.7609275289578363,11,1,1,3,5,11,3,3,5,Tom Kennedy,Tarik Black,Michael Niese,Tay Martin,Colby Sorsdal,Miles Frazier,Zach Horton,Mason Miller,Kye Robichaux,Luke Altmyer,Melvin Priestly,Joe Giles-Harris,Russ Yeast,Liam Anderson,Cedric Johnson,Daijahn Anthony,Antwaun Powell-Ryland,Howard Cross III,Bralyn Lux,Jalen Kimber,Landon Robinson,Ceyair Wright
2026003,1,4246,PAT2,TWO-POINT CONVERSION ATTEMPT. L.Altmyer rushes left end. ATTEMPT SUCCEEDS.,https://pro.nfl.com/api/plays/summaryPlay?gameId=c66df6a7-5f68-11f1-b1d0-bb70a4640075&playId=4246,4,0,0,01:28,2.0,False,False,1540,12,16,1.053,11,1,1,3,5,11,3,3,5,Tarik Black,Michael Niese,Tay Martin,Colby Sorsdal,Miles Frazier,Dominic Lovett,Zach Horton,Mason Miller,Kye Robichaux,Luke Altmyer,Melvin Priestly,Joe Giles-Harris,Russ Yeast,Liam Anderson,Cedric Johnson,Daijahn Anthony,Antwaun Powell-Ryland,Howard Cross III,Bralyn Lux,Jalen Kimber,Landon Robinson,Ceyair Wright
2026003,1,4259,KICK_OFF,J.Bates kicks onside 12 yards from DET 35 to DET 47. N.Thomas (didn't try to advance) to DET 42 for 5 yards.,https://pro.nfl.com/api/plays/summaryPlay?gameId=c66df6a7-5f68-11f1-b1d0-bb70a4640075&playId=4259,4,0,0,01:28,65.0,False,False,1540,14,16,-1.6573291894746944,11,1,1,2,0,11,0,2,1,Joe Bachie,Tarik Black,Roger McCreary,Raheem Blackshear,Jake Bates,Ryan Cooper Jr.,Dan Jackson,Jackson Meeks,Thomas Gordon,Keith Abney II,Aamaris Brown,Tanner Hudson,Liam Anderson,Mitchell Tinsley,Kendall Milton,Swayze Bozeman,Cam Grandy,PJ Jules,Tahj Brooks,Ke'Shawn Williams,Jack Endries,Noah Thomas
2026003,1,4282,RUSH,(1:26) K.Milton left tackle to DET 39 for 3 yards (M.Adams).,https://pro.nfl.com/api/plays/summaryPlay?gameId=c66df6a7-5f68-11f1-b1d0-bb70a4640075&playId=4282,4,1,10,01:26,42.0,False,False,0920,16,14,-0.6477614794275723,11,1,2,2,5,11,4,3,4,Sean Clifford,Kendall Milton,Xavier Johnson,Jacob Bayer,Jordan Moore,Brian Parker II,Jack Endries,Liam Brown,Christian Jones,Josh Kattus,Corey Robinson II,Troy Reeder,Myles Adams,Amen Ogbongbemiga,Ben Stille,Ryan Cooper Jr.,Dan Jackson,Keith Abney II,Tyre West,Aamaris Brown,Erick Hunter,Eric O'Neill
2026003,1,4316,TIMEOUT,Timeout #2 by DET at 01:22.,https://pro.nfl.com/api/plays/summaryPlay?gameId=c66df6a7-5f68-11f1-b1d0-bb70a4640075&playId=4316,4,0,0,01:22,,False,,1540,14,16,,0,0,0,0,0,0,0,0,0,,,,,,,,,,,,,,,,,,,,,,
2026003,1,4304,RUSH,(1:22) K.Milton up the middle to DET 37 for 2 yards (M.Adams; B.Stille).,https://pro.nfl.com/api/plays/summaryPlay?gameId=c66df6a7-5f68-11f1-b1d0-bb70a4640075&playId=4304,4,2,7,01:22,39.0,False,False,0920,16,14,-1.0766799282864667,11,1,2,2,5,11,4,3,4,Sean Clifford,Kendall Milton,Xavier Johnson,Jacob Bayer,Jordan Moore,Brian Parker II,Jack Endries,Liam Brown,Christian Jones,Josh Kattus,Corey Robinson II,Troy Reeder,Myles Adams,Amen Ogbongbemiga,Ben Stille,Ryan Cooper Jr.,Dan Jackson,Keith Abney II,Tyre West,Aamaris Brown,Erick Hunter,Eric O'Neill
2026003,1,4345,TIMEOUT,Timeout #3 by DET at 01:18.,https://pro.nfl.com/api/plays/summaryPlay?gameId=c66df6a7-5f68-11f1-b1d0-bb70a4640075&playId=4345,4,0,0,01:18,,False,,1540,14,16,,0,0,0,0,0,0,0,0,0,,,,,,,,,,,,,,,,,,,,,,
2026003,1,4333,RUSH,"(1:18) K.Milton left guard to DET 38 for -1 yards (E.O'Neill, R.McCreary).",https://pro.nfl.com/api/plays/summaryPlay?gameId=c66df6a7-5f68-11f1-b1d0-bb70a4640075&playId=4333,4,3,5,01:18,37.0,False,False,0920,16,14,-0.48001157317776233,11,1,1,3,5,11,4,2,5,Sean Clifford,Kendall Milton,Xavier Johnson,Jacob Bayer,Jordan Moore,Brian Parker II,Liam Brown,Christian Jones,Josh Kattus,Corey Robinson II,Noah Thomas,Troy Reeder,Myles Adams,Roger McCreary,Ben Stille,Ryan Cooper Jr.,Ahmed Hassanein,Dan Jackson,Keith Abney II,Aamaris Brown,Erick Hunter,Eric O'Neill
2026003,1,4362,PENALTY,"(:32) (Run formation) PENALTY on CIN, Delay of Game, 5 yards, enforced at DET 38 - No Play.",https://pro.nfl.com/api/plays/summaryPlay?gameId=c66df6a7-5f68-11f1-b1d0-bb70a4640075&playId=4362,4,4,6,00:32,38.0,False,False,0920,16,14,-0.254026718554087,11,1,1,3,5,11,4,2,5,Sean Clifford,Kendall Milton,Xavier Johnson,Jacob Bayer,Jordan Moore,Brian Parker II,Liam Brown,Christian Jones,Josh Kattus,Corey Robinson II,Noah Thomas,Troy Reeder,Myles Adams,Roger McCreary,Ben Stille,Ryan Cooper Jr.,Ahmed Hassanein,Dan Jackson,Keith Abney II,Aamaris Brown,Erick Hunter,Eric O'Neill
2026003,1,4386,PUNT,"(:32) R.Rehkow punts 34 yards to DET 9, Center-W.Wagner, fair catch by D.Lovett. ** Injury Update: CIN-I.Foskey has returned to the game.",https://pro.nfl.com/api/plays/summaryPlay?gameId=c66df6a7-5f68-11f1-b1d0-bb70a4640075&playId=4386,4,4,11,00:32,43.0,False,False,0920,16,14,-2.9676262190914713,11,3,0,1,0,11,0,2,4,Gary Brightwell,Isaiah Foskey,Liam Anderson,Mitchell Tinsley,Josh Newton,Cedric Johnson,Swayze Bozeman,Ryan Rehkow,Tahj Brooks,William Wagner,Jamal Haynes,Tarik Black,Amen Ogbongbemiga,Lucky Jackson,Nick Whiteside,Malik Cunningham,Ryan Cooper Jr.,Thomas Harper,Dominic Lovett,Thomas Gordon,Aamaris Brown,Erick Hunter
2026003,1,4406,PASS,"(:25) (Shotgun) L.Altmyer pass deep left intended for D.Lovett INTERCEPTED by R.Yeast at DET 36. R.Yeast pushed ob at DET 22 for 14 yards (T.Martin; K.Robichaux).
PENALTY on DET-T.Martin, Face Mask, 11 yards, enforced at DET 22.",https://pro.nfl.com/api/plays/summaryPlay?gameId=c66df6a7-5f68-11f1-b1d0-bb70a4640075&playId=4406,4,1,10,00:25,91.0,False,False,1540,14,16,-6.117095968744252,11,1,1,3,5,11,3,3,5,Tarik Black,Michael Niese,Tay Martin,Colby Sorsdal,Miles Frazier,Dominic Lovett,Zach Horton,Mason Miller,Kye Robichaux,Luke Altmyer,Melvin Priestly,Russ Yeast,Isaiah Foskey,Liam Anderson,Daijahn Anthony,Antwaun Powell-Ryland,Howard Cross III,Bralyn Lux,Jalen Kimber,Landon Robinson,Jack Dingle,Ceyair Wright
2026003,1,4454,RUSH,(:15) S.Clifford kneels to DET 12 for -1 yards.,https://pro.nfl.com/api/plays/summaryPlay?gameId=c66df6a7-5f68-11f1-b1d0-bb70a4640075&playId=4454,4,1,10,00:15,11.0,False,True,0920,16,14,0.0,11,2,2,1,5,11,4,3,4,Sean Clifford,Kendall Milton,Tahj Brooks,Jacob Bayer,Jordan Moore,Brian Parker II,Jack Endries,Liam Brown,Christian Jones,Josh Kattus,Corey Robinson II,Troy Reeder,Amen Ogbongbemiga,Ben Stille,Chris Smith,Ryan Cooper Jr.,Dan Jackson,Keith Abney II,Tyre West,Aamaris Brown,Erick Hunter,Eric O'Neill
2026003,1,4477,END_GAME,END GAME,https://pro.nfl.com/api/plays/summaryPlay?gameId=c66df6a7-5f68-11f1-b1d0-bb70a4640075&playId=4477,4,0,0,00:00,,False,,1540,14,16,,0,0,0,0,0,0,0,0,0,,,,,,,,,,,,,,,,,,,,,,
2026004,1,1,GAME_START,GAME,https://pro.nfl.com/api/plays/summaryPlay?gameId=c66dfe7a-5f68-11f1-b1d0-bb70a4640075&playId=1,1,0,0,,,False,,2200,0,0,,0,0,0,0,0,0,0,0,0,,,,,,,,,,,,,,,,,,,,,,
2026004,1,40,KICK_OFF,"B.Grupe kicks 65 yards from IND 35 to end zone, Touchback to the NE 35.",https://pro.nfl.com/api/plays/summaryPlay?gameId=c66dfe7a-5f68-11f1-b1d0-bb70a4640075&playId=40,1,0,0,15:00,65.0,False,False,2200,0,0,-0.438013477018103,11,0,0,2,0,11,0,3,4,Jonathan Owens,D.J. Montgomery,Daniel Scott,Jaylon Jones,Austin Ajiake,Blake Grupe,Ben Nikkel,Bryce Boettcher,George Gumbs Jr.,Caden Curry,Tahj Chambers,K.J. Britt,Mike Brown,Marcellas Dial Jr.,Jack Westover,Dell Pettus,Bradyn Swinson,Lan Larison,Eli Raridon,Namdi Obiazor,Tanner Arkin,Channing Canada
2026004,1,57,RUSH,(15:00) J.Miller right tackle to NE 36 for 1 yard (B.Boettcher; M.Blackmon).,https://pro.nfl.com/api/plays/summaryPlay?gameId=c66dfe7a-5f68-11f1-b1d0-bb70a4640075&playId=57,1,1,10,15:00,65.0,False,False,3200,0,0,-0.24116296460852027,11,1,2,2,5,11,5,2,4,Mack Hollins,James Hudson,Ben Brown,Andrew Rupcich,Kayshon Boutte,Tommy DeVito,Marcus Bryant,Caleb Lomu,Eli Raridon,Jam Miller,Tanner Arkin,Derrick Nnadi,Jonathan Owens,Jerry Tillery,Cam Taylor-Britt,Mekhi Blackmon,Colby Wooden,Austin Ajiake,Jaylahn Tuimolaou,A.J. Haulcy,Bryce Boettcher,George Gumbs Jr.
2026004,1,79,PASS,(14:29) T.DeVito pass short right to M.Hollins pushed ob at NE 42 for 6 yards (M.Blackmon).,https://pro.nfl.com/api/plays/summaryPlay?gameId=c66dfe7a-5f68-11f1-b1d0-bb70a4640075&playId=79,1,2,9,14:29,64.0,False,False,3200,0,0,-0.15666178008541465,11,1,2,2,5,11,4,2,5,Mack Hollins,James Hudson,Ben Brown,Andrew Rupcich,Kayshon Boutte,Tommy DeVito,Marcus Bryant,Caleb Lomu,Eli Raridon,Jam Miller,Tanner Arkin,Derrick Nnadi,Jonathan Owens,Cam Taylor-Britt,Micheal Clemons,Mekhi Blackmon,Colby Wooden,Austin Ajiake,Jaylahn Tuimolaou,Johnathan Edwards,A.J. Haulcy,Bryce Boettcher
2026004,1,109,PENALTY,"(13:58) (Shotgun) T.DeVito pass incomplete short right to K.Williams.
PENALTY on IND-M.Blackmon, Defensive Pass Interference, 9 yards, enforced at NE 42 - No Play.",https://pro.nfl.com/api/plays/summaryPlay?gameId=c66dfe7a-5f68-11f1-b1d0-bb70a4640075&playId=109,1,3,3,13:58,58.0,False,False,3200,0,0,1.6269755475223064,11,1,1,3,5,11,4,2,5,Mack Hollins,James Hudson,Ben Brown,Andrew Rupcich,Tommy DeVito,Kyle Williams,Marcus Bryant,Efton Chism III,Lan Larison,Caleb Lomu,Eli Raridon,Derrick Nnadi,Jonathan Owens,Cam Taylor-Britt,Micheal Clemons,Mekhi Blackmon,Colby Wooden,Austin Ajiake,Jaylahn Tuimolaou,Johnathan Edwards,A.J. Haulcy,Bryce Boettcher
2026004,1,143,RUSH,(13:54) J.Miller left guard to IND 43 for 6 yards (C.Taylor-Britt).,https://pro.nfl.com/api/plays/summaryPlay?gameId=c66dfe7a-5f68-11f1-b1d0-bb70a4640075&playId=143,1,1,10,13:54,49.0,False,False,3200,0,0,0.04127151775173843,11,1,1,3,5,11,4,2,5,Mack Hollins,James Hudson,Ben Brown,Andrew Rupcich,Kayshon Boutte,Tommy DeVito,Marcus Bryant,Efton Chism III,Caleb Lomu,Eli Raridon,Jam Miller,Derrick Nnadi,Jonathan Owens,Cam Taylor-Britt,Micheal Clemons,Mekhi Blackmon,Colby Wooden,Austin Ajiake,Jaylahn Tuimolaou,Johnathan Edwards,A.J. Haulcy,Bryce Boettcher
2026004,1,165,RUSH,(13:21) J.Miller left guard to IND 39 for 4 yards (A.Ajiake).,https://pro.nfl.com/api/plays/summaryPlay?gameId=c66dfe7a-5f68-11f1-b1d0-bb70a4640075&playId=165,1,2,4,13:21,43.0,False,False,3200,0,0,0.5399186697322875,11,1,2,2,5,11,4,2,5,James Hudson,Ben Brown,Andrew Rupcich,Tommy DeVito,Kyle Williams,Marcus Bryant,Efton Chism III,Caleb Lomu,Eli Raridon,Jam Miller,Tanner Arkin,Derrick Nnadi,Jonathan Owens,Cam Taylor-Britt,Micheal Clemons,Mekhi Blackmon,Colby Wooden,Austin Ajiake,Jaylahn Tuimolaou,Johnathan Edwards,A.J. Haulcy,Bryce Boettcher
2026004,1,187,PENALTY,"(12:42) (Shotgun) T.DeVito pass incomplete deep right to M.Hollins.
PENALTY on IND-M.Blackmon, Defensive Pass Interference, 11 yards, enforced at IND 39 - No Play.",https://pro.nfl.com/api/plays/summaryPlay?gameId=c66dfe7a-5f68-11f1-b1d0-bb70a4640075&playId=187,1,1,10,12:42,39.0,False,False,3200,0,0,0.7426433810032904,11,1,1,3,5,11,4,2,5,Mack Hollins,James Hudson,Ben Brown,Andrew Rupcich,Kayshon Boutte,Tommy DeVito,Marcus Bryant,Efton Chism III,Caleb Lomu,Eli Raridon,Jam Miller,Derrick Nnadi,Jonathan Owens,Cam Taylor-Britt,Micheal Clemons,Mekhi Blackmon,Colby Wooden,Austin Ajiake,Jaylahn Tuimolaou,Johnathan Edwards,A.J. Haulcy,Bryce Boettcher
2026004,1,221,RUSH,(12:36) J.Miller left guard to IND 24 for 4 yards (A.Haulcy).,https://pro.nfl.com/api/plays/summaryPlay?gameId=c66dfe7a-5f68-11f1-b1d0-bb70a4640075&playId=221,1,1,10,12:36,28.0,False,False,3200,0,0,-0.13400377880316228,11,1,1,3,5,11,4,2,5,James Hudson,Ben Brown,Andrew Rupcich,Kayshon Boutte,Tommy DeVito,Kyle Williams,Marcus Bryant,Efton Chism III,Caleb Lomu,Eli Raridon,Jam Miller,Derrick Nnadi,Jonathan Owens,Cam Taylor-Britt,Micheal Clemons,Mekhi Blackmon,Colby Wooden,Austin Ajiake,Jaylahn Tuimolaou,Johnathan Edwards,A.J. Haulcy,Bryce Boettcher
2026004,1,243,PASS,(12:03) (Shotgun) T.DeVito pass incomplete short left to J.Miller.,https://pro.nfl.com/api/plays/summaryPlay?gameId=c66dfe7a-5f68-11f1-b1d0-bb70a4640075&playId=243,1,2,6,12:03,24.0,False,False,3200,0,0,-0.5787871844368055,11,1,1,3,5,11,4,2,5,James Hudson,Ben Brown,Andrew Rupcich,Kayshon Boutte,Tommy DeVito,Kyle Williams,Marcus Bryant,Efton Chism III,Caleb Lomu,Eli Raridon,Jam Miller,Derrick Nnadi,Jonathan Owens,Cam Taylor-Britt,Micheal Clemons,Mekhi Blackmon,Colby Wooden,Austin Ajiake,Jaylahn Tuimolaou,Johnathan Edwards,A.J. Haulcy,Bryce Boettcher
2026004,1,266,PASS,(12:00) (Shotgun) T.DeVito pass short right to E.Chism to IND 21 for 3 yards (A.Ajiake).,https://pro.nfl.com/api/plays/summaryPlay?gameId=c66dfe7a-5f68-11f1-b1d0-bb70a4640075&playId=266,1,3,6,12:00,24.0,False,False,3200,0,0,-0.9858226793585345,11,1,1,3,5,11,4,2,5,Mack Hollins,James Hudson,Ben Brown,Andrew Rupcich,Kayshon Boutte,Tommy DeVito,Marcus Bryant,Efton Chism III,Lan Larison,Caleb Lomu,Eli Raridon,Jonathan Owens,Cam Taylor-Britt,Micheal Clemons,Mekhi Blackmon,Adetomiwa Adebawore,Austin Ajiake,Jaylon Carlies,Jaylahn Tuimolaou,Johnathan Edwards,A.J. Haulcy,George Gumbs Jr.
2026004,1,291,FIELD_GOAL,"(11:19) A.Borregales 40 yard field goal is GOOD, Center-N.Lalos, Holder-B.Baringer.",https://pro.nfl.com/api/plays/summaryPlay?gameId=c66dfe7a-5f68-11f1-b1d0-bb70a4640075&playId=291,1,4,3,11:19,21.0,False,False,3200,0,0,0.24841563741210848,11,0,0,0,6,11,4,3,4,Niko Lalos,James Hudson,Ben Brown,Bryce Baringer,Leonard Taylor III,Andy Borregales,Marcus Bryant,Eric Gregory,Caleb Lomu,Dametrious Crownover,Jacob Rizy,Adetomiwa Adebawore,Daniel Scott,Jaylon Jones,Trey Washington,Rob Carter Jr.,Bryce Boettcher,Caden Curry,Cameron Ball,Tahj Chambers,Mitchell Melton,West Weeks
2026004,1,321,TIMEOUT,Timeout at 11:17.,https://pro.nfl.com/api/plays/summaryPlay?gameId=c66dfe7a-5f68-11f1-b1d0-bb70a4640075&playId=321,1,0,0,11:17,,False,,2200,0,3,,0,0,0,0,0,0,0,0,0,,,,,,,,,,,,,,,,,,,,,,
2026004,1,311,KICK_OFF,A.Borregales kicks 55 yards from NE 35 to IND 10. C.Owen to IND 38 for 28 yards (H.Haskins; K.Vildor).,https://pro.nfl.com/api/plays/summaryPlay?gameId=c66dfe7a-5f68-11f1-b1d0-bb70a4640075&playId=311,1,0,0,11:17,65.0,False,False,3200,3,0,-0.7873872148338705,11,1,0,0,0,11,2,3,2,Kindle Vildor,Hassan Haskins,Mike Brown,Marcellas Dial Jr.,Dell Pettus,Bradyn Swinson,Andy Borregales,Gabe Jacas,Namdi Obiazor,Khalil Jacobs,Riley Wilson,Will Mallory,Jaylon Jones,Austin Ajiake,Ben Nikkel,Coleman Owen,Trey Washington,Bryce Boettcher,George Gumbs Jr.,Caden Curry,Seth McGowan,Tahj Chambers
2026004,1,341,PASS,(11:12) A.Richardson pass incomplete short left to W.Mallory.,https://pro.nfl.com/api/plays/summaryPlay?gameId=c66dfe7a-5f68-11f1-b1d0-bb70a4640075&playId=341,1,1,10,11:12,62.0,False,False,2200,0,3,-0.5742967140395194,11,1,2,2,5,11,2,4,5,Laquon Treadwell,Nick Westbrook-Ikhine,Andrew Ogletree,Josh Sills,Anthony Richardson,Blake Freeland,Will Mallory,Dalton Tucker,Jalen Travis,Jalen Farmer,Seth McGowan,Kindle Vildor,K.J. Britt,Chad Muma,Mike Brown,Dell Pettus,Joshua Farmer,John Saunders Jr.,Eric Gregory,Gabe Jacas,Karon Prunty,Quintayvious Hutchins
2026004,1,364,PASS,(11:08) (Shotgun) A.Richardson pass short right to A.Ogletree to NE 45 for 17 yards (Q.Hutchins; J.Farmer).,https://pro.nfl.com/api/plays/summaryPlay?gameId=c66dfe7a-5f68-11f1-b1d0-bb70a4640075&playId=364,1,2,10,11:08,62.0,False,False,2200,0,3,1.5809351415373385,11,1,1,3,5,11,2,4,5,Laquon Treadwell,Nick Westbrook-Ikhine,Andrew Ogletree,Josh Sills,Anthony Richardson,Blake Freeland,Dalton Tucker,Jalen Travis,Coleman Owen,Jalen Farmer,Seth McGowan,Kindle Vildor,K.J. Britt,Chad Muma,Dell Pettus,Joshua Farmer,John Saunders Jr.,Eric Gregory,Gabe Jacas,Karon Prunty,Quintayvious Hutchins,Channing Canada
2026004,1,389,RUSH,(10:34) S.McGowan left guard to NE 36 for 9 yards (G.Jacas; K.Britt).,https://pro.nfl.com/api/plays/summaryPlay?gameId=c66dfe7a-5f68-11f1-b1d0-bb70a4640075&playId=389,1,1,10,10:34,45.0,False,False,2200,0,3,0.6622439390048385,11,1,1,3,5,11,2,4,5,Laquon Treadwell,Nick Westbrook-Ikhine,Andrew Ogletree,Josh Sills,Anthony Richardson,Blake Freeland,Dalton Tucker,Jalen Travis,Coleman Owen,Jalen Farmer,Seth McGowan,Kindle Vildor,K.J. Britt,Chad Muma,Dell Pettus,Joshua Farmer,John Saunders Jr.,Eric Gregory,Gabe Jacas,Karon Prunty,Quintayvious Hutchins,Channing Canada
2026004,1,411,RUSH,(9:57) (Shotgun) S.McGowan up the middle to NE 33 for 3 yards (Q.Hutchins).,https://pro.nfl.com/api/plays/summaryPlay?gameId=c66dfe7a-5f68-11f1-b1d0-bb70a4640075&playId=411,1,2,1,09:57,36.0,False,False,2200,0,3,0.0920066898688674,11,1,1,3,5,11,2,4,5,Laquon Treadwell,Nick Westbrook-Ikhine,Andrew Ogletree,Josh Sills,Anthony Richardson,Blake Freeland,Dalton Tucker,Jalen Travis,Coleman Owen,Jalen Farmer,Seth McGowan,Kindle Vildor,K.J. Britt,Chad Muma,Dell Pettus,Joshua Farmer,John Saunders Jr.,Eric Gregory,Gabe Jacas,Karon Prunty,Quintayvious Hutchins,Channing Canada
2026004,1,433,PASS,(9:17) (Shotgun) A.Richardson pass short right intended for C.Owen INTERCEPTED by K.Vildor at NE 33. K.Vildor to NE 33 for no gain (C.Owen).,https://pro.nfl.com/api/plays/summaryPlay?gameId=c66dfe7a-5f68-11f1-b1d0-bb70a4640075&playId=433,1,1,10,09:17,33.0,False,False,2200,0,3,-5.866320304805413,11,1,1,3,5,11,2,4,5,Laquon Treadwell,Nick Westbrook-Ikhine,Andrew Ogletree,Josh Sills,Anthony Richardson,Blake Freeland,Dalton Tucker,Jalen Travis,Coleman Owen,Jalen Farmer,Seth McGowan,Kindle Vildor,K.J. Britt,Chad Muma,Dell Pettus,Joshua Farmer,John Saunders Jr.,Eric Gregory,Gabe Jacas,Karon Prunty,Quintayvious Hutchins,Channing Canada
2026004,1,472,TIMEOUT,Timeout at 09:11.,https://pro.nfl.com/api/plays/summaryPlay?gameId=c66dfe7a-5f68-11f1-b1d0-bb70a4640075&playId=472,1,0,0,09:11,,False,,2200,0,3,,0,0,0,0,0,0,0,0,0,,,,,,,,,,,,,,,,,,,,,,
2026004,1,460,RUSH,(9:11) L.Larison left tackle to NE 35 for 2 yards (J.Tuimoloau).,https://pro.nfl.com/api/plays/summaryPlay?gameId=c66dfe7a-5f68-11f1-b1d0-bb70a4640075&playId=460,1,1,10,09:11,67.0,False,False,3200,3,0,-0.5120218694210052,11,1,1,3,5,11,4,2,5,Mack Hollins,James Hudson,Ben Brown,Andrew Rupcich,Kayshon Boutte,Tommy DeVito,Marcus Bryant,Efton Chism III,Lan Larison,Caleb Lomu,Eli Raridon,Derrick Nnadi,Jonathan Owens,Cam Taylor-Britt,Micheal Clemons,Mekhi Blackmon,Colby Wooden,Austin Ajiake,Jaylon Carlies,Jaylahn Tuimolaou,Johnathan Edwards,A.J. Haulcy
2026004,1,489,PASS,(8:37) (Shotgun) T.DeVito pass incomplete short middle to M.Hollins.,https://pro.nfl.com/api/plays/summaryPlay?gameId=c66dfe7a-5f68-11f1-b1d0-bb70a4640075&playId=489,1,2,8,08:37,65.0,False,False,3200,3,0,-0.8994571648072451,11,1,1,3,5,11,4,2,5,Mack Hollins,James Hudson,Ben Brown,Andrew Rupcich,Kayshon Boutte,Tommy DeVito,Marcus Bryant,Efton Chism III,Lan Larison,Caleb Lomu,Eli Raridon,Derrick Nnadi,Jonathan Owens,Cam Taylor-Britt,Micheal Clemons,Mekhi Blackmon,Colby Wooden,Austin Ajiake,Jaylon Carlies,Jaylahn Tuimolaou,Johnathan Edwards,A.J. Haulcy
2026004,1,512,PASS,(8:33) (Shotgun) T.DeVito pass incomplete deep right to M.Hollins.,https://pro.nfl.com/api/plays/summaryPlay?gameId=c66dfe7a-5f68-11f1-b1d0-bb70a4640075&playId=512,1,3,8,08:33,65.0,False,False,3200,3,0,-1.5896601439453661,11,1,1,3,5,11,4,2,5,Mack Hollins,James Hudson,Ben Brown,Andrew Rupcich,Kayshon Boutte,Tommy DeVito,Marcus Bryant,Efton Chism III,Lan Larison,Caleb Lomu,Eli Raridon,Jonathan Owens,Cam Taylor-Britt,Micheal Clemons,Mekhi Blackmon,Adetomiwa Adebawore,Austin Ajiake,Jaylon Carlies,Jaylahn Tuimolaou,Johnathan Edwards,A.J. Haulcy,George Gumbs Jr.
2026004,1,535,PUNT,"(8:28) B.Baringer punts 56 yards to IND 9, Center-N.Lalos, fair catch by C.Owen.",https://pro.nfl.com/api/plays/summaryPlay?gameId=c66dfe7a-5f68-11f1-b1d0-bb70a4640075&playId=535,1,4,8,08:28,65.0,False,False,3200,3,0,0.7996769198216498,11,1,1,1,0,11,2,2,5,Niko Lalos,Chad Muma,Mike Brown,Bryce Baringer,Marcellas Dial Jr.,Kyle Williams,Lan Larison,Gabe Jacas,Namdi Obiazor,Tanner Arkin,Khalil Jacobs,Juanyeh Thomas,Daniel Scott,Jaylon Jones,Ben Nikkel,Coleman Owen,Rob Carter Jr.,George Gumbs Jr.,Caden Curry,Austin Brown,Tahj Chambers,West Weeks
2026004,1,581,TIMEOUT,Timeout at 08:21.,https://pro.nfl.com/api/plays/summaryPlay?gameId=c66dfe7a-5f68-11f1-b1d0-bb70a4640075&playId=581,1,0,0,08:21,,False,,2200,0,3,,0,0,0,0,0,0,0,0,0,,,,,,,,,,,,,,,,,,,,,,
2026004,1,569,RUSH,(8:21) S.McGowan right tackle to IND 9 for no gain (C.Muma; J.Saunders).,https://pro.nfl.com/api/plays/summaryPlay?gameId=c66dfe7a-5f68-11f1-b1d0-bb70a4640075&playId=569,1,1,10,08:21,91.0,False,False,2200,0,3,-0.6153160715475678,11,1,2,2,5,11,3,4,4,Pharaoh Brown,Nick Westbrook-Ikhine,Luke Tenuta,Josh Sills,Anthony Richardson,Blake Freeland,Will Mallory,Dalton Tucker,Jalen Farmer,Seth McGowan,Deion Burks,Kindle Vildor,K.J. Britt,Chad Muma,Leonard Taylor III,Isaiah Iton,Dell Pettus,Joshua Farmer,John Saunders Jr.,Gabe Jacas,Karon Prunty,Quintayvious Hutchins
2026004,1,598,RUSH,(7:45) (Shotgun) A.Richardson scrambles right end pushed ob at IND 16 for 7 yards (G.Jacas).,https://pro.nfl.com/api/plays/summaryPlay?gameId=c66dfe7a-5f68-11f1-b1d0-bb70a4640075&playId=598,1,2,10,07:45,91.0,False,False,2200,0,3,-0.11731738829985261,11,1,1,3,5,11,2,4,5,Nick Westbrook-Ikhine,Luke Tenuta,Josh Sills,Anthony Richardson,Blake Freeland,Will Mallory,Dalton Tucker,Coleman Owen,Jalen Farmer,Seth McGowan,Deion Burks,Kindle Vildor,K.J. Britt,Chad Muma,Isaiah Iton,Dell Pettus,Joshua Farmer,John Saunders Jr.,Gabe Jacas,Karon Prunty,Quintayvious Hutchins,Channing Canada
2026004,1,625,PASS,(7:09) (Shotgun) A.Richardson pass short left to C.Owen to IND 17 for 1 yard (K.Prunty; C.Canada).,https://pro.nfl.com/api/plays/summaryPlay?gameId=c66dfe7a-5f68-11f1-b1d0-bb70a4640075&playId=625,1,3,3,07:09,84.0,False,False,2200,0,3,-1.5048316521570086,11,1,1,3,5,11,2,3,6,Nick Westbrook-Ikhine,Luke Tenuta,Josh Sills,Anthony Richardson,Blake Freeland,Will Mallory,Dalton Tucker,Coleman Owen,Jalen Farmer,Seth McGowan,Deion Burks,Kindle Vildor,Jeremiah Pharms Jr.,Chad Muma,Mike Brown,Dell Pettus,Joshua Farmer,John Saunders Jr.,Gabe Jacas,Karon Prunty,Quintayvious Hutchins,Channing Canada
2026004,1,650,PUNT,"(6:31) R.Sanchez punts 57 yards to NE 26, Center-L.Rhodes. K.Prentice to NE 34 for 8 yards (J.Owens; A.Ajiake).",https://pro.nfl.com/api/plays/summaryPlay?gameId=c66dfe7a-5f68-11f1-b1d0-bb70a4640075&playId=650,1,4,2,06:31,83.0,False,False,2200,0,3,-0.03577890666201711,11,0,1,1,0,11,0,4,5,Luke Rhodes,Rigoberto Sanchez,Jonathan Owens,Juanyeh Thomas,Will Mallory,Jaylon Jones,Austin Ajiake,Jaylon Carlies,Ben Nikkel,George Gumbs Jr.,Caden Curry,Kindle Vildor,Mike Brown,Marcellas Dial Jr.,Bradyn Swinson,Lan Larison,Karon Prunty,Namdi Obiazor,Quintayvious Hutchins,Kobe Prentice,Channing Canada,Khalil Jacobs
2026004,1,688,TIMEOUT,Timeout at 06:19.,https://pro.nfl.com/api/plays/summaryPlay?gameId=c66dfe7a-5f68-11f1-b1d0-bb70a4640075&playId=688,1,0,0,06:19,,False,,2200,0,3,,0,0,0,0,0,0,0,0,0,,,,,,,,,,,,,,,,,,,,,,
2026004,1,676,PENALTY,"(6:19) T.DeVito pass short right to E.Raridon to IND 42 for 24 yards (J.Owens; M.Blackmon).
PENALTY on NE-C.Lomu, Ineligible Downfield Pass, 5 yards, enforced at NE 34 - No Play.",https://pro.nfl.com/api/plays/summaryPlay?gameId=c66dfe7a-5f68-11f1-b1d0-bb70a4640075&playId=676,1,1,10,06:19,66.0,False,False,3200,3,0,-0.5324586271308362,11,1,2,2,5,11,5,2,4,Mack Hollins,James Hudson,Ben Brown,Andrew Rupcich,Kayshon Boutte,Tommy DeVito,Marcus Bryant,Caleb Lomu,Eli Raridon,Jam Miller,Tanner Arkin,Derrick Nnadi,Jonathan Owens,Jerry Tillery,Cam Taylor-Britt,Mekhi Blackmon,Adetomiwa Adebawore,Austin Ajiake,Jaylon Carlies,Jaylahn Tuimolaou,A.J. Haulcy,George Gumbs Jr.
2026004,1,719,RUSH,"(5:59) J.Miller right tackle to NE 29 for no gain (J.Carlies, J.Tillery).",https://pro.nfl.com/api/plays/summaryPlay?gameId=c66dfe7a-5f68-11f1-b1d0-bb70a4640075&playId=719,1,1,15,05:59,71.0,False,False,3200,3,0,-0.6448673182167113,11,1,2,2,5,11,5,2,4,Mack Hollins,James Hudson,Ben Brown,Andrew Rupcich,Kayshon Boutte,Tommy DeVito,Marcus Bryant,Caleb Lomu,Eli Raridon,Jam Miller,Tanner Arkin,Derrick Nnadi,Jonathan Owens,Jerry Tillery,Cam Taylor-Britt,Mekhi Blackmon,Adetomiwa Adebawore,Austin Ajiake,Jaylon Carlies,Jaylahn Tuimolaou,A.J. Haulcy,George Gumbs Jr.
2026004,1,741,PASS,"(5:27) (Shotgun) T.DeVito pass short right to L.Larison to NE 45 for 16 yards (A.Haulcy).
PENALTY on NE-E.Chism, Illegal Block Above the Waist, 10 yards, enforced at NE 42.",https://pro.nfl.com/api/plays/summaryPlay?gameId=c66dfe7a-5f68-11f1-b1d0-bb70a4640075&playId=741,1,2,15,05:27,71.0,False,False,3200,3,0,0.25186591828241944,11,1,1,3,5,11,4,2,5,Mack Hollins,James Hudson,Ben Brown,Andrew Rupcich,Kayshon Boutte,Tommy DeVito,Marcus Bryant,Efton Chism III,Lan Larison,Caleb Lomu,Eli Raridon,Jonathan Owens,Jerry Tillery,Cam Taylor-Britt,Micheal Clemons,Mekhi Blackmon,Adetomiwa Adebawore,Austin Ajiake,Jaylon Carlies,Jaylahn Tuimolaou,Johnathan Edwards,A.J. Haulcy
2026004,1,777,PASS,(4:56) (Shotgun) T.DeVito pass deep middle to M.Hollins to 50 for 18 yards (M.Blackmon).,https://pro.nfl.com/api/plays/summaryPlay?gameId=c66dfe7a-5f68-11f1-b1d0-bb70a4640075&playId=777,1,2,12,04:56,68.0,False,False,3200,3,0,2.064431152306497,11,1,1,3,5,11,4,2,5,Mack Hollins,James Hudson,Ben Brown,Andrew Rupcich,Tommy DeVito,Kyle Williams,Marcus Bryant,Efton Chism III,Lan Larison,Caleb Lomu,Eli Raridon,Jonathan Owens,Jerry Tillery,Cam Taylor-Britt,Micheal Clemons,Mekhi Blackmon,Adetomiwa Adebawore,Austin Ajiake,Jaylon Carlies,Jaylahn Tuimolaou,Johnathan Edwards,A.J. Haulcy
2026004,1,802,RUSH,(4:19) J.Miller right guard to IND 47 for 3 yards (A.Ajiake; M.Blackmon).,https://pro.nfl.com/api/plays/summaryPlay?gameId=c66dfe7a-5f68-11f1-b1d0-bb70a4640075&playId=802,1,1,10,04:19,50.0,False,False,3200,3,0,-0.354935749899596,11,1,2,2,5,11,5,2,4,James Hudson,Ben Brown,Andrew Rupcich,Tommy DeVito,Kyle Williams,Marcus Bryant,Efton Chism III,Caleb Lomu,Eli Raridon,Jam Miller,Tanner Arkin,Derrick Nnadi,Jonathan Owens,Jerry Tillery,Cam Taylor-Britt,Mekhi Blackmon,Adetomiwa Adebawore,Austin Ajiake,Jaylon Carlies,Jaylahn Tuimolaou,A.J. Haulcy,George Gumbs Jr.
2026004,1,824,SACK,(3:43) T.DeVito sacked at IND 49 for -2 yards (G.Gumbs). NE-B.Brown was injured during the play.,https://pro.nfl.com/api/plays/summaryPlay?gameId=c66dfe7a-5f68-11f1-b1d0-bb70a4640075&playId=824,1,2,7,03:43,47.0,False,False,3200,3,0,-1.1461582346819341,11,1,2,2,5,11,5,2,4,James Hudson,Ben Brown,Andrew Rupcich,Tommy DeVito,Kyle Williams,Marcus Bryant,Efton Chism III,Caleb Lomu,Eli Raridon,Jam Miller,Tanner Arkin,Derrick Nnadi,Jonathan Owens,Jerry Tillery,Cam Taylor-Britt,Mekhi Blackmon,Adetomiwa Adebawore,Austin Ajiake,Jaylon Carlies,Jaylahn Tuimolaou,A.J. Haulcy,George Gumbs Jr.
2026004,1,844,PASS,(3:06) (Shotgun) T.DeVito pass short right to E.Raridon pushed ob at IND 41 for 8 yards (A.Haulcy).,https://pro.nfl.com/api/plays/summaryPlay?gameId=c66dfe7a-5f68-11f1-b1d0-bb70a4640075&playId=844,1,3,9,03:06,49.0,False,False,3200,3,0,0.04704394959844649,11,1,1,3,5,11,4,2,5,James Hudson,Andrew Rupcich,Kayshon Boutte,Tommy DeVito,Kyle Williams,Marcus Bryant,Efton Chism III,Lan Larison,Caleb Lomu,Eli Raridon,Jacob Rizy,Jonathan Owens,Cam Taylor-Britt,Micheal Clemons,Mekhi Blackmon,Adetomiwa Adebawore,Austin Ajiake,Jaylon Carlies,Jaylahn Tuimolaou,Johnathan Edwards,A.J. Haulcy,George Gumbs Jr.
2026004,1,877,RUSH,(2:36) (Shotgun) L.Larison right guard to IND 40 for 1 yard (M.Clemons).,https://pro.nfl.com/api/plays/summaryPlay?gameId=c66dfe7a-5f68-11f1-b1d0-bb70a4640075&playId=877,1,4,1,02:36,41.0,False,False,3200,3,0,2.0199143984355032,11,1,1,3,5,11,4,2,5,James Hudson,Andrew Rupcich,Kayshon Boutte,Tommy DeVito,Kyle Williams,Marcus Bryant,Efton Chism III,Lan Larison,Caleb Lomu,Eli Raridon,Jacob Rizy,Jonathan Owens,Jerry Tillery,Cam Taylor-Britt,Micheal Clemons,Mekhi Blackmon,Adetomiwa Adebawore,Austin Ajiake,Jaylon Carlies,Jaylahn Tuimolaou,Johnathan Edwards,A.J. Haulcy
2026004,1,899,RUSH,"(2:02) L.Larison right end to IND 44 for -4 yards (M.Blackmon, B.Boettcher).",https://pro.nfl.com/api/plays/summaryPlay?gameId=c66dfe7a-5f68-11f1-b1d0-bb70a4640075&playId=899,1,1,10,02:02,40.0,False,False,3200,3,0,-1.3840517646167427,11,1,2,2,5,11,5,2,4,James Hudson,Andrew Rupcich,Tommy DeVito,Kyle Williams,Marcus Bryant,Efton Chism III,Lan Larison,Caleb Lomu,Eli Raridon,Tanner Arkin,Jacob Rizy,Derrick Nnadi,Jonathan Owens,Jerry Tillery,Cam Taylor-Britt,Mekhi Blackmon,Adetomiwa Adebawore,Austin Ajiake,Jaylahn Tuimolaou,A.J. Haulcy,Bryce Boettcher,George Gumbs Jr.
2026004,1,921,PASS,(1:25) (Shotgun) T.DeVito pass short middle to L.Larison to IND 37 for 7 yards (A.Ajiake).,https://pro.nfl.com/api/plays/summaryPlay?gameId=c66dfe7a-5f68-11f1-b1d0-bb70a4640075&playId=921,1,2,14,01:25,44.0,False,False,3200,3,0,0.12277513579465449,11,1,1,3,5,11,4,2,5,James Hudson,Andrew Rupcich,Kayshon Boutte,Tommy DeVito,Kyle Williams,Marcus Bryant,Efton Chism III,Lan Larison,Caleb Lomu,Eli Raridon,Jacob Rizy,Jonathan Owens,Jerry Tillery,Cam Taylor-Britt,Micheal Clemons,Mekhi Blackmon,Adetomiwa Adebawore,Austin Ajiake,Jaylahn Tuimolaou,Johnathan Edwards,A.J. Haulcy,Bryce Boettcher
2026004,1,946,PASS,(:48) (Shotgun) T.DeVito pass incomplete short left to E.Raridon (J.Carlies).,https://pro.nfl.com/api/plays/summaryPlay?gameId=c66dfe7a-5f68-11f1-b1d0-bb70a4640075&playId=946,1,3,7,00:48,37.0,False,False,3200,3,0,-1.7194008403457701,11,1,1,3,5,11,4,2,5,James Hudson,Andrew Rupcich,Tommy DeVito,Kyle Williams,Marcus Bryant,Efton Chism III,Lan Larison,Caleb Lomu,Eli Raridon,Nick DeGennaro,Jacob Rizy,Jonathan Owens,Cam Taylor-Britt,Micheal Clemons,Mekhi Blackmon,Adetomiwa Adebawore,Austin Ajiake,Jaylon Carlies,Jaylahn Tuimolaou,Johnathan Edwards,A.J. Haulcy,George Gumbs Jr.
2026004,1,969,FIELD_GOAL,"(:45) A.Borregales 56 yard field goal is No Good, Wide Left, Center-N.Lalos, Holder-B.Baringer.",https://pro.nfl.com/api/plays/summaryPlay?gameId=c66dfe7a-5f68-11f1-b1d0-bb70a4640075&playId=969,1,4,7,00:45,37.0,False,False,3200,3,0,-3.428859207080677,11,0,0,0,6,11,4,3,4,Niko Lalos,James Hudson,Andrew Rupcich,Bryce Baringer,Leonard Taylor III,Andy Borregales,Marcus Bryant,Eric Gregory,Caleb Lomu,Dametrious Crownover,Jacob Rizy,Adetomiwa Adebawore,Daniel Scott,Jaylon Jones,Trey Washington,Rob Carter Jr.,Bryce Boettcher,Caden Curry,Cameron Ball,Tahj Chambers,Mitchell Melton,West Weeks
2026004,1,990,PASS,(:41) (Shotgun) A.Richardson pass deep left to N.Westbrook-Ikhine to NE 35 for 19 yards (C.Canada; M.Brown).,https://pro.nfl.com/api/plays/summaryPlay?gameId=c66dfe7a-5f68-11f1-b1d0-bb70a4640075&playId=990,1,1,10,00:41,54.0,False,False,2200,0,3,1.1484677009284496,11,1,2,2,5,11,2,4,5,Pharaoh Brown,Nick Westbrook-Ikhine,Luke Tenuta,Josh Sills,Anthony Richardson,Blake Freeland,Will Mallory,Dalton Tucker,Jalen Farmer,Seth McGowan,Deion Burks,K.J. Britt,Chad Muma,Mike Brown,Isaiah Iton,Dell Pettus,John Saunders Jr.,Eric Gregory,Gabe Jacas,Karon Prunty,Quintayvious Hutchins,Channing Canada
2026004,1,1015,END_QUARTER,END QUARTER 1,https://pro.nfl.com/api/plays/summaryPlay?gameId=c66dfe7a-5f68-11f1-b1d0-bb70a4640075&playId=1015,1,0,0,,,False,,2200,0,3,,0,0,0,0,0,0,0,0,0,,,,,,,,,,,,,,,,,,,,,,
2026004,1,1035,RUSH,(15:00) (Shotgun) A.Richardson left guard to NE 13 for 22 yards (D.Pettus).,https://pro.nfl.com/api/plays/summaryPlay?gameId=c66dfe7a-5f68-11f1-b1d0-bb70a4640075&playId=1035,2,1,10,15:00,35.0,False,False,2200,0,3,1.2371908004861325,11,1,1,3,5,11,2,4,5,Nick Westbrook-Ikhine,Luke Tenuta,Josh Sills,Anthony Richardson,Blake Freeland,Will Mallory,Dalton Tucker,Coleman Owen,Jalen Farmer,Seth McGowan,Deion Burks,K.J. Britt,Chad Muma,Marcellas Dial Jr.,Isaiah Iton,Dell Pettus,John Saunders Jr.,Eric Gregory,Gabe Jacas,Karon Prunty,Quintayvious Hutchins,Channing Canada
2026004,1,1057,RUSH,(14:21) S.McGowan up the middle to NE 7 for 6 yards (L.Taylor).,https://pro.nfl.com/api/plays/summaryPlay?gameId=c66dfe7a-5f68-11f1-b1d0-bb70a4640075&playId=1057,2,1,10,14:21,13.0,False,True,2200,0,3,0.15447671571746469,11,1,2,2,5,11,3,4,4,Pharaoh Brown,Nick Westbrook-Ikhine,Luke Tenuta,Josh Sills,Anthony Richardson,Blake Freeland,Will Mallory,Dalton Tucker,Jalen Farmer,Seth McGowan,Deion Burks,K.J. Britt,Jeremiah Pharms Jr.,Chad Muma,Leonard Taylor III,Dell Pettus,John Saunders Jr.,Eric Gregory,Gabe Jacas,Karon Prunty,Quintayvious Hutchins,Channing Canada
2026004,1,1079,RUSH,(13:42) (Shotgun) A.Richardson left end ran ob at NE 1 for 6 yards (K.Prunty).,https://pro.nfl.com/api/plays/summaryPlay?gameId=c66dfe7a-5f68-11f1-b1d0-bb70a4640075&playId=1079,2,2,4,13:42,7.0,False,True,2200,0,3,1.1949511402053759,11,1,1,3,5,11,2,4,5,Nick Westbrook-Ikhine,Luke Tenuta,Josh Sills,Anthony Richardson,Blake Freeland,Will Mallory,Dalton Tucker,Coleman Owen,Jalen Farmer,Seth McGowan,Deion Burks,K.J. Britt,Chad Muma,Marcellas Dial Jr.,Leonard Taylor III,Dell Pettus,John Saunders Jr.,Eric Gregory,Gabe Jacas,Karon Prunty,Quintayvious Hutchins,Channing Canada
2026004,1,1101,RUSH,"(13:10) (Shotgun) S.McGowan up the middle to NE 1 for no gain (J.Pharms, J.Saunders). FUMBLES (J.Saunders), RECOVERED by NE-D.Pettus at NE 2.",https://pro.nfl.com/api/plays/summaryPlay?gameId=c66dfe7a-5f68-11f1-b1d0-bb70a4640075&playId=1101,2,1,1,13:10,1.0,True,True,2200,0,3,-6.688019858323969,11,1,2,2,5,11,3,4,4,Pharaoh Brown,Nick Westbrook-Ikhine,Luke Tenuta,Josh Sills,Anthony Richardson,Blake Freeland,Will Mallory,Dalton Tucker,Jalen Farmer,Seth McGowan,Deion Burks,K.J. Britt,Jeremiah Pharms Jr.,Chad Muma,Leonard Taylor III,Dell Pettus,John Saunders Jr.,Eric Gregory,Gabe Jacas,Karon Prunty,Quintayvious Hutchins,Channing Canada
2026004,1,1139,RUSH,(12:45) J.Miller up the middle to NE 2 for no gain (H.Wohler).,https://pro.nfl.com/api/plays/summaryPlay?gameId=c66dfe7a-5f68-11f1-b1d0-bb70a4640075&playId=1139,2,1,10,12:45,98.0,False,False,3200,3,0,-0.48363570496439934,11,1,1,3,5,11,4,2,5,James Hudson,Andrew Rupcich,Tommy DeVito,Kyle Williams,Marcus Bryant,Efton Chism III,Caleb Lomu,Eli Raridon,Jam Miller,Nick DeGennaro,Jacob Rizy,Jonathan Owens,Colby Wooden,Jaylon Jones,Austin Ajiake,Tim Smith,Hunter Wohler,Johnathan Edwards,Rob Carter Jr.,Bryce Boettcher,George Gumbs Jr.,Caden Curry
2026004,1,1161,PASS,(12:15) T.DeVito pass incomplete deep right to E.Raridon.,https://pro.nfl.com/api/plays/summaryPlay?gameId=c66dfe7a-5f68-11f1-b1d0-bb70a4640075&playId=1161,2,2,10,12:15,98.0,False,False,3200,3,0,-0.8153382129967213,11,1,1,3,5,11,4,2,5,James Hudson,Andrew Rupcich,Tommy DeVito,Kyle Williams,Marcus Bryant,Efton Chism III,Caleb Lomu,Eli Raridon,Jam Miller,Nick DeGennaro,Jacob Rizy,Jonathan Owens,Colby Wooden,Jaylon Jones,Austin Ajiake,Tim Smith,Hunter Wohler,Johnathan Edwards,Rob Carter Jr.,Bryce Boettcher,George Gumbs Jr.,Caden Curry
2026004,1,1184,RUSH,(12:09) (Shotgun) L.Larison left guard to NE 3 for 1 yard (A.Adebawore).,https://pro.nfl.com/api/plays/summaryPlay?gameId=c66dfe7a-5f68-11f1-b1d0-bb70a4640075&playId=1184,2,3,10,12:09,98.0,False,False,3200,3,0,-1.4947462482377887,11,1,1,3,5,11,4,2,5,James Hudson,Andrew Rupcich,Tommy DeVito,Kyle Williams,Marcus Bryant,Efton Chism III,Lan Larison,Caleb Lomu,Eli Raridon,Nick DeGennaro,Jacob Rizy,Jonathan Owens,Micheal Clemons,Adetomiwa Adebawore,Jaylon Jones,Austin Ajiake,Jaylon Carlies,Hunter Wohler,Johnathan Edwards,Rob Carter Jr.,George Gumbs Jr.,Caden Curry
2026004,1,1206,PUNT,"(11:30) B.Baringer punts 53 yards to IND 44, Center-N.Lalos. C.Owen to NE 29 for 27 yards (K.Minor; M.Brown).",https://pro.nfl.com/api/plays/summaryPlay?gameId=c66dfe7a-5f68-11f1-b1d0-bb70a4640075&playId=1206,2,4,9,11:30,97.0,False,False,3200,3,0,-1.5879182782955468,11,1,1,0,0,11,2,2,5,Niko Lalos,Chad Muma,Mike Brown,Bryce Baringer,Marcellas Dial Jr.,Kobee Minor,Lan Larison,Gabe Jacas,Namdi Obiazor,Tanner Arkin,Khalil Jacobs,Cam Taylor-Britt,Juanyeh Thomas,Daniel Scott,Ben Nikkel,Coleman Owen,Rob Carter Jr.,George Gumbs Jr.,Caden Curry,Austin Brown,Tahj Chambers,West Weeks
2026004,1,1232,RUSH,(11:16) U.Bentley right tackle to NE 31 for -2 yards (K.Britt).,https://pro.nfl.com/api/plays/summaryPlay?gameId=c66dfe7a-5f68-11f1-b1d0-bb70a4640075&playId=1232,2,1,10,11:16,29.0,False,False,2200,0,3,-0.8242413215339184,11,1,1,3,5,11,2,4,5,Luke Tenuta,Josh Sills,Anthony Richardson,Blake Freeland,Will Mallory,Dalton Tucker,Eli Pancol,Coleman Owen,Ulysses Bentley IV,Jalen Farmer,Deion Burks,K.J. Britt,Chad Muma,Marcellas Dial Jr.,Isaiah Iton,Dell Pettus,Joshua Farmer,Bradyn Swinson,John Saunders Jr.,Karon Prunty,Quintayvious Hutchins,Channing Canada
2026004,1,1254,RUSH,"(10:39) (Shotgun) A.Richardson scrambles left end to NE 21 for 10 yards (K.Britt). FUMBLES (K.Britt), RECOVERED by NE-I.Iton at NE 18.  The fumble was assisted by replay.",https://pro.nfl.com/api/plays/summaryPlay?gameId=c66dfe7a-5f68-11f1-b1d0-bb70a4640075&playId=1254,2,2,12,10:39,31.0,False,False,2200,0,3,-4.462463966570795,11,1,1,3,5,11,2,4,5,Luke Tenuta,Josh Sills,Anthony Richardson,Blake Freeland,Will Mallory,Dalton Tucker,Eli Pancol,Coleman Owen,Ulysses Bentley IV,Jalen Farmer,Deion Burks,K.J. Britt,Chad Muma,Marcellas Dial Jr.,Isaiah Iton,Dell Pettus,Joshua Farmer,Bradyn Swinson,John Saunders Jr.,Karon Prunty,Quintayvious Hutchins,Channing Canada
2026004,1,1318,TIMEOUT,Timeout at 10:30.,https://pro.nfl.com/api/plays/summaryPlay?gameId=c66dfe7a-5f68-11f1-b1d0-bb70a4640075&playId=1318,2,0,0,10:30,,False,,2200,0,3,,0,0,0,0,0,0,0,0,0,,,,,,,,,,,,,,,,,,,,,,
2026004,1,1304,RUSH,(10:30) J.Miller left guard to NE 19 for 1 yard (J.Tillery; T.Washington).,https://pro.nfl.com/api/plays/summaryPlay?gameId=c66dfe7a-5f68-11f1-b1d0-bb70a4640075&playId=1304,2,1,10,10:30,82.0,False,False,3200,3,0,-0.5917956363409758,11,1,1,3,5,11,4,2,5,James Hudson,Andrew Rupcich,Tommy DeVito,Kyle Williams,Marcus Bryant,Efton Chism III,Caleb Lomu,Eli Raridon,Jam Miller,Nick DeGennaro,Jacob Rizy,Jerry Tillery,Micheal Clemons,Colby Wooden,Jaylon Jones,Austin Ajiake,Jaylon Carlies,Jaylahn Tuimolaou,Hunter Wohler,Johnathan Edwards,Trey Washington,Rob Carter Jr.
2026004,1,1335,RUSH,(9:56) J.Miller right tackle to NE 25 for 6 yards (H.Wohler).,https://pro.nfl.com/api/plays/summaryPlay?gameId=c66dfe7a-5f68-11f1-b1d0-bb70a4640075&playId=1335,2,2,9,09:56,81.0,False,False,3200,3,0,0.1371067618019879,11,1,2,2,5,11,4,2,5,James Hudson,Andrew Rupcich,Tommy DeVito,Kyle Williams,Marcus Bryant,Efton Chism III,Caleb Lomu,Eli Raridon,Jam Miller,Tanner Arkin,Jacob Rizy,Jerry Tillery,Micheal Clemons,Colby Wooden,Jaylon Jones,Austin Ajiake,Jaylon Carlies,Jaylahn Tuimolaou,Hunter Wohler,Johnathan Edwards,Trey Washington,Rob Carter Jr.
2026004,1,1357,PASS,"(9:21) (Shotgun) T.DeVito pass short right to L.Larison to NE 27 for 2 yards (J.Jones).
Penalty on NE-K.Williams, Offensive Pass Interference, declined.",https://pro.nfl.com/api/plays/summaryPlay?gameId=c66dfe7a-5f68-11f1-b1d0-bb70a4640075&playId=1357,2,3,3,09:21,75.0,False,False,3200,3,0,-1.2296695983968675,11,1,1,3,5,11,4,2,5,James Hudson,Andrew Rupcich,Tommy DeVito,Kyle Williams,Marcus Bryant,Efton Chism III,Lan Larison,Caleb Lomu,Eli Raridon,Nick DeGennaro,Jacob Rizy,Jerry Tillery,Micheal Clemons,Colby Wooden,Jaylon Jones,Austin Ajiake,Jaylon Carlies,Jaylahn Tuimolaou,Hunter Wohler,Johnathan Edwards,Trey Washington,Rob Carter Jr.
2026004,1,1393,RUSH,(9:00) J.Miller up the middle to NE 30 for 3 yards (H.Wohler; J.Carlies).,https://pro.nfl.com/api/plays/summaryPlay?gameId=c66dfe7a-5f68-11f1-b1d0-bb70a4640075&playId=1393,2,4,1,09:00,73.0,False,False,3200,3,0,2.2711153011769056,11,1,1,3,5,11,4,2,5,James Hudson,Andrew Rupcich,Tommy DeVito,Kyle Williams,Marcus Bryant,Efton Chism III,Caleb Lomu,Eli Raridon,Jam Miller,Nick DeGennaro,Jacob Rizy,Jerry Tillery,Micheal Clemons,Colby Wooden,Jaylon Jones,Austin Ajiake,Jaylon Carlies,Jaylahn Tuimolaou,Hunter Wohler,Johnathan Edwards,Trey Washington,Rob Carter Jr.
2026004,1,1420,PENALTY,"(8:22) T.DeVito pass deep middle to C.Dorner to IND 22 for 48 yards (J.Edwards) [J.Tillery].
PENALTY on NE-J.Hudson, Ineligible Downfield Pass, 5 yards, enforced at NE 30 - No Play.",https://pro.nfl.com/api/plays/summaryPlay?gameId=c66dfe7a-5f68-11f1-b1d0-bb70a4640075&playId=1420,2,1,10,08:22,70.0,False,False,3200,3,0,-0.6653703353367746,11,1,2,2,5,11,5,2,4,James Hudson,Andrew Rupcich,Tommy DeVito,Marcus Bryant,Caleb Lomu,Eli Raridon,Jam Miller,Tanner Arkin,Nick DeGennaro,Cameron Dorner,Jacob Rizy,Derrick Nnadi,Jerry Tillery,Colby Wooden,Jaylon Jones,Austin Ajiake,Jaylahn Tuimolaou,Hunter Wohler,Johnathan Edwards,Trey Washington,Bryce Boettcher,George Gumbs Jr.
2026004,1,1456,PASS,(7:55) (Shotgun) T.DeVito pass short left to C.Dorner to NE 43 for 18 yards (J.Edwards; B.Boettcher).,https://pro.nfl.com/api/plays/summaryPlay?gameId=c66dfe7a-5f68-11f1-b1d0-bb70a4640075&playId=1456,2,1,15,07:55,75.0,False,False,3200,3,0,1.4666976204607636,11,1,1,3,5,11,4,2,5,James Hudson,Andrew Rupcich,Tommy DeVito,Marcus Bryant,Efton Chism III,Lan Larison,Caleb Lomu,Eli Raridon,Nick DeGennaro,Cameron Dorner,Jacob Rizy,Derrick Nnadi,Micheal Clemons,Colby Wooden,Jaylon Jones,Austin Ajiake,Jaylahn Tuimolaou,Hunter Wohler,Johnathan Edwards,Trey Washington,Rob Carter Jr.,Bryce Boettcher
2026004,1,1481,PASS,(7:16) (Shotgun) T.DeVito pass short right to E.Chism to NE 40 for -3 yards (R.Carter).,https://pro.nfl.com/api/plays/summaryPlay?gameId=c66dfe7a-5f68-11f1-b1d0-bb70a4640075&playId=1481,2,1,10,07:16,57.0,False,False,3200,3,0,-1.1347033383790404,11,1,1,3,5,11,4,2,5,James Hudson,Andrew Rupcich,Tommy DeVito,Marcus Bryant,Efton Chism III,Lan Larison,Caleb Lomu,Eli Raridon,Nick DeGennaro,Cameron Dorner,Jacob Rizy,Derrick Nnadi,Micheal Clemons,Colby Wooden,Daniel Scott,Jaylon Jones,Austin Ajiake,Jaylahn Tuimolaou,Johnathan Edwards,Trey Washington,Rob Carter Jr.,Bryce Boettcher
2026004,1,1506,PASS,(6:41) (Shotgun) T.DeVito pass short right to L.Larison to NE 49 for 9 yards (J.Jones).,https://pro.nfl.com/api/plays/summaryPlay?gameId=c66dfe7a-5f68-11f1-b1d0-bb70a4640075&playId=1506,2,2,13,06:41,60.0,False,False,3200,3,0,0.42742812912911177,11,1,1,3,5,11,4,2,5,James Hudson,Andrew Rupcich,Tommy DeVito,Kyle Williams,Marcus Bryant,Efton Chism III,Lan Larison,Caleb Lomu,Eli Raridon,Nick DeGennaro,Jacob Rizy,Derrick Nnadi,Micheal Clemons,Colby Wooden,Daniel Scott,Jaylon Jones,Austin Ajiake,Jaylahn Tuimolaou,Johnathan Edwards,Trey Washington,Rob Carter Jr.,Bryce Boettcher
2026004,1,1531,PASS,(6:00) (Shotgun) T.DeVito pass short right to E.Chism to IND 31 for 20 yards (J.Edwards).,https://pro.nfl.com/api/plays/summaryPlay?gameId=c66dfe7a-5f68-11f1-b1d0-bb70a4640075&playId=1531,2,3,4,06:00,51.0,False,False,3200,3,0,2.213221338693984,11,1,1,3,5,11,4,2,5,James Hudson,Andrew Rupcich,Tommy DeVito,Kyle Williams,Marcus Bryant,Efton Chism III,Lan Larison,Caleb Lomu,Eli Raridon,Nick DeGennaro,Jacob Rizy,Derrick Nnadi,Micheal Clemons,Colby Wooden,Daniel Scott,Jaylon Jones,Austin Ajiake,Jaylahn Tuimolaou,Johnathan Edwards,Trey Washington,Rob Carter Jr.,Bryce Boettcher
2026004,1,1556,RUSH,(5:18) J.Miller left end pushed ob at IND 16 for 15 yards (D.Scott).,https://pro.nfl.com/api/plays/summaryPlay?gameId=c66dfe7a-5f68-11f1-b1d0-bb70a4640075&playId=1556,2,1,10,05:18,31.0,False,False,3200,3,0,0.9961874387226999,11,1,2,2,5,11,5,2,4,James Hudson,Andrew Rupcich,Tommy DeVito,Kyle Williams,Marcus Bryant,Caleb Lomu,Eli Raridon,Jam Miller,Tanner Arkin,Nick DeGennaro,Jacob Rizy,Derrick Nnadi,Jerry Tillery,Colby Wooden,Daniel Scott,Jaylon Jones,Austin Ajiake,Jaylahn Tuimolaou,Johnathan Edwards,Trey Washington,Bryce Boettcher,Caden Curry
2026004,1,1583,PASS,(4:50) T.DeVito pass incomplete short right to E.Raridon.,https://pro.nfl.com/api/plays/summaryPlay?gameId=c66dfe7a-5f68-11f1-b1d0-bb70a4640075&playId=1583,2,1,10,04:50,16.0,False,True,3200,3,0,-0.42024565779138356,11,1,2,2,5,11,5,2,4,James Hudson,Andrew Rupcich,Tommy DeVito,Kyle Williams,Marcus Bryant,Caleb Lomu,Eli Raridon,Jam Miller,Tanner Arkin,Nick DeGennaro,Jacob Rizy,Derrick Nnadi,Jerry Tillery,Adetomiwa Adebawore,Daniel Scott,Jaylon Jones,Austin Ajiake,Jaylahn Tuimolaou,Johnathan Edwards,Trey Washington,Bryce Boettcher,Caden Curry
2026004,1,1606,RUSH,(4:45) (Shotgun) J.Miller left tackle to IND 12 for 4 yards (D.Nnadi).,https://pro.nfl.com/api/plays/summaryPlay?gameId=c66dfe7a-5f68-11f1-b1d0-bb70a4640075&playId=1606,2,2,10,04:45,16.0,False,True,3200,3,0,-0.6118626293027773,11,1,1,3,5,11,4,2,5,James Hudson,Andrew Rupcich,Tommy DeVito,Marcus Bryant,Efton Chism III,Caleb Lomu,Eli Raridon,Jam Miller,Nick DeGennaro,Cameron Dorner,Jacob Rizy,Derrick Nnadi,Adetomiwa Adebawore,Daniel Scott,Jaylon Jones,Austin Ajiake,Jaylahn Tuimolaou,Johnathan Edwards,Trey Washington,Rob Carter Jr.,Bryce Boettcher,Caden Curry
2026004,1,1628,PASS,"(4:07) (Shotgun) T.DeVito pass short left to K.Williams for 12 yards, TOUCHDOWN.",https://pro.nfl.com/api/plays/summaryPlay?gameId=c66dfe7a-5f68-11f1-b1d0-bb70a4640075&playId=1628,2,3,6,04:07,12.0,False,True,3200,3,0,3.054425118607469,11,1,1,3,5,11,4,2,5,James Hudson,Andrew Rupcich,Tommy DeVito,Kyle Williams,Marcus Bryant,Efton Chism III,Lan Larison,Caleb Lomu,Eli Raridon,Nick DeGennaro,Jacob Rizy,Derrick Nnadi,Adetomiwa Adebawore,Daniel Scott,Jaylon Jones,Austin Ajiake,Jaylahn Tuimolaou,Johnathan Edwards,Trey Washington,Rob Carter Jr.,Bryce Boettcher,Caden Curry
2026004,1,1654,XP_KICK,"A.Borregales extra point is GOOD, Center-N.Lalos, Holder-B.Baringer.",https://pro.nfl.com/api/plays/summaryPlay?gameId=c66dfe7a-5f68-11f1-b1d0-bb70a4640075&playId=1654,2,0,0,04:03,15.0,False,False,3200,9,0,0.06888505002846201,11,0,0,0,6,11,4,3,4,Niko Lalos,James Hudson,Andrew Rupcich,Bryce Baringer,Leonard Taylor III,Andy Borregales,Marcus Bryant,Eric Gregory,Caleb Lomu,Dametrious Crownover,Jacob Rizy,Adetomiwa Adebawore,Daniel Scott,Jaylon Jones,Trey Washington,Rob Carter Jr.,Bryce Boettcher,Caden Curry,Cameron Ball,Tahj Chambers,Mitchell Melton,West Weeks
2026004,1,1679,TIMEOUT,Timeout at 04:03.,https://pro.nfl.com/api/plays/summaryPlay?gameId=c66dfe7a-5f68-11f1-b1d0-bb70a4640075&playId=1679,2,0,0,04:03,,False,,2200,0,10,,0,0,0,0,0,0,0,0,0,,,,,,,,,,,,,,,,,,,,,,
2026004,1,1669,KICK_OFF,A.Borregales kicks 60 yards from NE 35 to IND 5. C.Owen to IND 31 for 26 yards (G.Jacas).,https://pro.nfl.com/api/plays/summaryPlay?gameId=c66dfe7a-5f68-11f1-b1d0-bb70a4640075&playId=1669,2,0,0,04:03,65.0,False,False,3200,10,0,-0.33289651153609157,11,1,0,0,0,11,2,3,2,Hassan Haskins,Mike Brown,Marcellas Dial Jr.,Dell Pettus,Bradyn Swinson,Andy Borregales,Gabe Jacas,Namdi Obiazor,Channing Canada,Khalil Jacobs,Riley Wilson,Cam Taylor-Britt,Will Mallory,Austin Ajiake,Ben Nikkel,Coleman Owen,Trey Washington,Bryce Boettcher,George Gumbs Jr.,Caden Curry,Seth McGowan,Tahj Chambers
2026004,1,1702,RUSH,(3:59) U.Bentley right guard to IND 33 for 2 yards (E.Gregory).,https://pro.nfl.com/api/plays/summaryPlay?gameId=c66dfe7a-5f68-11f1-b1d0-bb70a4640075&playId=1702,2,1,10,03:59,69.0,False,False,2200,0,10,-0.30534897674806416,11,1,1,3,5,11,2,4,5,Pharaoh Brown,D.J. Montgomery,Luke Tenuta,Josh Sills,Anthony Richardson,Blake Freeland,Dalton Tucker,Eli Pancol,Coleman Owen,Ulysses Bentley IV,Jalen Farmer,Chad Muma,Mike Brown,Marcellas Dial Jr.,Dell Pettus,Joshua Farmer,Eric Gregory,Gabe Jacas,Karon Prunty,Quintayvious Hutchins,Channing Canada,Khalil Jacobs
2026004,1,1724,PASS,(3:22) (Shotgun) A.Richardson pass short middle to D.Montgomery to IND 46 for 13 yards (C.Canada).,https://pro.nfl.com/api/plays/summaryPlay?gameId=c66dfe7a-5f68-11f1-b1d0-bb70a4640075&playId=1724,2,2,8,03:22,67.0,False,False,2200,0,10,1.104322306578979,11,1,1,3,5,11,2,4,5,D.J. Montgomery,Luke Tenuta,Josh Sills,Anthony Richardson,Blake Freeland,Will Mallory,Dalton Tucker,Eli Pancol,Coleman Owen,Ulysses Bentley IV,Jalen Farmer,Chad Muma,Mike Brown,Marcellas Dial Jr.,Dell Pettus,Joshua Farmer,Eric Gregory,Gabe Jacas,Karon Prunty,Quintayvious Hutchins,Channing Canada,Khalil Jacobs
2026004,1,1749,PASS,(2:44) A.Richardson pass short right to W.Mallory to NE 36 for 18 yards (M.Brown).,https://pro.nfl.com/api/plays/summaryPlay?gameId=c66dfe7a-5f68-11f1-b1d0-bb70a4640075&playId=1749,2,1,10,02:44,54.0,False,False,2200,0,10,1.1870128775481135,11,1,2,2,5,11,3,4,4,Pharaoh Brown,D.J. Montgomery,Luke Tenuta,Josh Sills,Anthony Richardson,Blake Freeland,Will Mallory,Dalton Tucker,Eli Pancol,Ulysses Bentley IV,Jalen Farmer,Jeremiah Pharms Jr.,Chad Muma,Mike Brown,Casey Rogers,Isaiah Iton,Dell Pettus,Gabe Jacas,Karon Prunty,Quintayvious Hutchins,Channing Canada,Khalil Jacobs
2026004,1,1774,PASS,(2:02) A.Richardson pass deep right to W.Mallory to NE 17 for 19 yards (D.Pettus; M.Brown).,https://pro.nfl.com/api/plays/summaryPlay?gameId=c66dfe7a-5f68-11f1-b1d0-bb70a4640075&playId=1774,2,1,10,02:02,36.0,False,False,2200,0,10,1.0744207869865932,11,1,2,2,5,11,3,4,4,Pharaoh Brown,D.J. Montgomery,Luke Tenuta,Josh Sills,Anthony Richardson,Blake Freeland,Will Mallory,Dalton Tucker,Eli Pancol,Ulysses Bentley IV,Jalen Farmer,Jeremiah Pharms Jr.,Chad Muma,Mike Brown,Casey Rogers,Isaiah Iton,Dell Pettus,Gabe Jacas,Karon Prunty,Quintayvious Hutchins,Channing Canada,Khalil Jacobs
2026004,1,1811,TIMEOUT,Two-Minute Warning,https://pro.nfl.com/api/plays/summaryPlay?gameId=c66dfe7a-5f68-11f1-b1d0-bb70a4640075&playId=1811,2,0,0,01:52,,False,,2200,0,10,,0,0,0,0,0,0,0,0,0,,,,,,,,,,,,,,,,,,,,,,
2026004,1,1799,RUSH,(1:52) (Shotgun) A.Richardson right end ran ob at NE 10 for 7 yards (C.Muma).,https://pro.nfl.com/api/plays/summaryPlay?gameId=c66dfe7a-5f68-11f1-b1d0-bb70a4640075&playId=1799,2,1,10,01:52,17.0,False,True,2200,0,10,0.49327000323683023,11,1,1,3,5,11,2,4,5,Luke Tenuta,Josh Sills,Anthony Richardson,Blake Freeland,Will Mallory,Dalton Tucker,Eli Pancol,Coleman Owen,Ulysses Bentley IV,Jalen Farmer,Deion Burks,Chad Muma,Mike Brown,Marcellas Dial Jr.,Dell Pettus,Joshua Farmer,Eric Gregory,Gabe Jacas,Karon Prunty,Quintayvious Hutchins,Channing Canada,Khalil Jacobs
2026004,1,1836,PASS,"(1:47) (Shotgun) A.Richardson pass short right to U.Bentley for 10 yards, TOUCHDOWN.
The Replay Official reviewed the runner broke the plane ruling, and the play was REVERSED.
(Shotgun) A.Richardson pass short right to U.Bentley to NE 1 for 9 yards (D.Pettus; C.Canada).  10-second runoff.",https://pro.nfl.com/api/plays/summaryPlay?gameId=c66dfe7a-5f68-11f1-b1d0-bb70a4640075&playId=1836,2,2,3,01:47,10.0,False,True,2200,0,10,1.3826455631060526,11,1,1,3,5,11,2,4,5,Luke Tenuta,Josh Sills,Anthony Richardson,Blake Freeland,Will Mallory,Dalton Tucker,Eli Pancol,Coleman Owen,Ulysses Bentley IV,Jalen Farmer,Deion Burks,Chad Muma,Mike Brown,Marcellas Dial Jr.,Dell Pettus,Joshua Farmer,Eric Gregory,Gabe Jacas,Karon Prunty,Quintayvious Hutchins,Channing Canada,Khalil Jacobs
2026004,1,1892,RUSH,"(1:09) A.Richardson up the middle for 1 yard, TOUCHDOWN.",https://pro.nfl.com/api/plays/summaryPlay?gameId=c66dfe7a-5f68-11f1-b1d0-bb70a4640075&playId=1892,2,1,1,01:09,1.0,True,True,2200,0,10,0.5323789341491647,11,1,2,2,5,11,3,4,4,Pharaoh Brown,Luke Tenuta,Josh Sills,Anthony Richardson,Blake Freeland,Will Mallory,Dalton Tucker,Eli Pancol,Ulysses Bentley IV,Jalen Farmer,Deion Burks,Chad Muma,Mike Brown,Leonard Taylor III,Dell Pettus,Joshua Farmer,Eric Gregory,Gabe Jacas,Karon Prunty,Quintayvious Hutchins,Channing Canada,Khalil Jacobs
2026004,1,1930,XP_KICK,"B.Grupe extra point is GOOD, Center-L.Rhodes, Holder-R.Sanchez.",https://pro.nfl.com/api/plays/summaryPlay?gameId=c66dfe7a-5f68-11f1-b1d0-bb70a4640075&playId=1930,2,0,0,01:04,15.0,False,False,2200,6,10,0.06888505002846201,11,0,2,0,6,11,2,4,5,Luke Rhodes,Rigoberto Sanchez,Pharaoh Brown,Jimmy Morrissey,Luke Tenuta,Josh Sills,Blake Freeland,Blake Grupe,Dalton Tucker,Carson Towt,Jalen Farmer,Chad Muma,Mike Brown,Marcellas Dial Jr.,Dell Pettus,Joshua Farmer,Eric Gregory,Gabe Jacas,Karon Prunty,Quintayvious Hutchins,Channing Canada,Khalil Jacobs
2026004,1,1945,KICK_OFF,B.Grupe kicks 60 yards from IND 35 to NE 5. C.Canada to NE 32 for 27 yards (D.Montgomery).,https://pro.nfl.com/api/plays/summaryPlay?gameId=c66dfe7a-5f68-11f1-b1d0-bb70a4640075&playId=1945,2,0,0,01:04,65.0,False,False,2200,7,10,-0.40130934375338256,11,0,0,2,0,11,0,3,4,D.J. Montgomery,Cam Taylor-Britt,Daniel Scott,Jaylon Jones,Austin Ajiake,Blake Grupe,Ben Nikkel,Bryce Boettcher,George Gumbs Jr.,Caden Curry,Tahj Chambers,K.J. Britt,Mike Brown,Marcellas Dial Jr.,Jack Westover,Dell Pettus,Bradyn Swinson,CJ Dippre,Lan Larison,Namdi Obiazor,Tanner Arkin,Channing Canada
2026004,1,1968,PASS,(:59) (Shotgun) T.DeVito pass deep left to K.Williams pushed ob at IND 43 for 25 yards (T.Washington) [M.Clemons].,https://pro.nfl.com/api/plays/summaryPlay?gameId=c66dfe7a-5f68-11f1-b1d0-bb70a4640075&playId=1968,2,1,10,00:59,68.0,False,False,3200,10,7,1.3797600687248632,11,2,0,3,5,11,4,2,5,James Hudson,Andrew Rupcich,Tommy DeVito,Jack Westover,Kyle Williams,Marcus Bryant,Lan Larison,Caleb Lomu,Kobe Prentice,Nick DeGennaro,Jacob Rizy,Micheal Clemons,Adetomiwa Adebawore,Daniel Scott,Jaylon Jones,Jaylon Carlies,Jaylahn Tuimolaou,Johnathan Edwards,Trey Washington,Rob Carter Jr.,Bryce Boettcher,George Gumbs Jr.
2026004,1,1998,PASS,(:51) (Shotgun) T.DeVito pass incomplete deep left to K.Williams.,https://pro.nfl.com/api/plays/summaryPlay?gameId=c66dfe7a-5f68-11f1-b1d0-bb70a4640075&playId=1998,2,1,10,00:51,43.0,False,False,3200,10,7,-0.24891225690953434,11,2,0,3,5,11,4,2,5,James Hudson,Andrew Rupcich,Tommy DeVito,Jack Westover,Kyle Williams,Marcus Bryant,Lan Larison,Caleb Lomu,Kobe Prentice,Nick DeGennaro,Jacob Rizy,Micheal Clemons,Adetomiwa Adebawore,Daniel Scott,Jaylon Jones,Jaylon Carlies,Jaylahn Tuimolaou,Johnathan Edwards,Trey Washington,Rob Carter Jr.,Bryce Boettcher,George Gumbs Jr.
2026004,1,2021,PASS,(:45) (Shotgun) T.DeVito pass incomplete short middle to K.Prentice (R.Carter).,https://pro.nfl.com/api/plays/summaryPlay?gameId=c66dfe7a-5f68-11f1-b1d0-bb70a4640075&playId=2021,2,2,10,00:45,43.0,False,False,3200,10,7,-0.4419089670991525,11,2,0,3,5,11,4,2,5,James Hudson,Andrew Rupcich,Tommy DeVito,Jack Westover,Marcus Bryant,Lan Larison,Caleb Lomu,Kobe Prentice,Nick DeGennaro,Cameron Dorner,Jacob Rizy,Micheal Clemons,Adetomiwa Adebawore,Daniel Scott,Jaylon Jones,Jaylon Carlies,Jaylahn Tuimolaou,Johnathan Edwards,Trey Washington,Rob Carter Jr.,Bryce Boettcher,George Gumbs Jr.
2026004,1,2044,PASS,(:41) (Shotgun) T.DeVito pass incomplete short left to T.Palmer.,https://pro.nfl.com/api/plays/summaryPlay?gameId=c66dfe7a-5f68-11f1-b1d0-bb70a4640075&playId=2044,2,3,10,00:41,43.0,False,False,3200,10,7,-1.48484754585661,11,2,0,3,5,11,4,2,5,James Hudson,Andrew Rupcich,Tommy DeVito,Tejhaun Palmer,Jack Westover,Marcus Bryant,Lan Larison,Caleb Lomu,Kobe Prentice,Cameron Dorner,Jacob Rizy,Micheal Clemons,Adetomiwa Adebawore,Daniel Scott,Jaylon Jones,Jaylon Carlies,Jaylahn Tuimolaou,Johnathan Edwards,Trey Washington,Rob Carter Jr.,Bryce Boettcher,George Gumbs Jr.
2026004,1,2067,PUNT,"(:37) B.Baringer punts 35 yards to IND 8, Center-N.Lalos, downed by NE-K.Jacobs.",https://pro.nfl.com/api/plays/summaryPlay?gameId=c66dfe7a-5f68-11f1-b1d0-bb70a4640075&playId=2067,2,4,10,00:37,43.0,False,False,3200,10,7,-0.7997485396917909,11,1,1,0,0,11,2,2,5,Niko Lalos,Bryce Baringer,Jack Westover,Dell Pettus,Bradyn Swinson,Kobee Minor,Gabe Jacas,Namdi Obiazor,Tanner Arkin,Kenneth Harris,Khalil Jacobs,Cam Taylor-Britt,Juanyeh Thomas,Daniel Scott,Durell Nchami,Ben Nikkel,Coleman Owen,Rob Carter Jr.,Austin Brown,Tahj Chambers,Mitchell Melton,West Weeks
2026004,1,2087,PASS,(:28) (Shotgun) A.Richardson pass short right to C.Owen to IND 24 for 16 yards (K.Jacobs; C.Canada).,https://pro.nfl.com/api/plays/summaryPlay?gameId=c66dfe7a-5f68-11f1-b1d0-bb70a4640075&playId=2087,2,1,10,00:28,92.0,False,False,2200,7,10,0.26959827507380396,11,1,1,3,5,11,2,4,5,Luke Tenuta,Josh Sills,Anthony Richardson,Blake Freeland,Will Mallory,Dalton Tucker,Eli Pancol,Coleman Owen,Ulysses Bentley IV,Jalen Farmer,Deion Burks,Jeremiah Pharms Jr.,Chad Muma,Marcellas Dial Jr.,Dell Pettus,Joshua Farmer,John Saunders Jr.,Gabe Jacas,Karon Prunty,Quintayvious Hutchins,Channing Canada,Khalil Jacobs
2026004,1,2124,TIMEOUT,Timeout #1 by IND at 00:23.,https://pro.nfl.com/api/plays/summaryPlay?gameId=c66dfe7a-5f68-11f1-b1d0-bb70a4640075&playId=2124,2,0,0,00:23,,False,,2200,7,10,,0,0,0,0,0,0,0,0,0,,,,,,,,,,,,,,,,,,,,,,
2026004,1,2112,PASS,(:23) (Shotgun) A.Richardson pass short right to E.Pancol to IND 35 for 11 yards (C.Canada).,https://pro.nfl.com/api/plays/summaryPlay?gameId=c66dfe7a-5f68-11f1-b1d0-bb70a4640075&playId=2112,2,1,10,00:23,76.0,False,False,2200,7,10,0.24797551258234307,11,1,1,3,5,11,2,4,5,Luke Tenuta,Josh Sills,Anthony Richardson,Blake Freeland,Will Mallory,Dalton Tucker,Eli Pancol,Coleman Owen,Ulysses Bentley IV,Jalen Farmer,Deion Burks,Jeremiah Pharms Jr.,Chad Muma,Marcellas Dial Jr.,Dell Pettus,Joshua Farmer,John Saunders Jr.,Gabe Jacas,Karon Prunty,Quintayvious Hutchins,Channing Canada,Khalil Jacobs
2026004,1,2156,TIMEOUT,Timeout #2 by IND at 00:18.,https://pro.nfl.com/api/plays/summaryPlay?gameId=c66dfe7a-5f68-11f1-b1d0-bb70a4640075&playId=2156,2,0,0,00:18,,False,,2200,7,10,,0,0,0,0,0,0,0,0,0,,,,,,,,,,,,,,,,,,,,,,
2026004,1,2144,PASS,(:18) (Shotgun) A.Richardson pass short right to W.Mallory pushed ob at 50 for 15 yards (C.Muma).,https://pro.nfl.com/api/plays/summaryPlay?gameId=c66dfe7a-5f68-11f1-b1d0-bb70a4640075&playId=2144,2,1,10,00:18,65.0,False,False,2200,7,10,0.38854726002318785,11,1,1,3,5,11,2,4,5,Luke Tenuta,Josh Sills,Anthony Richardson,Blake Freeland,Will Mallory,Dalton Tucker,Eli Pancol,Coleman Owen,Ulysses Bentley IV,Jalen Farmer,Deion Burks,Jeremiah Pharms Jr.,Chad Muma,Marcellas Dial Jr.,Dell Pettus,Joshua Farmer,John Saunders Jr.,Gabe Jacas,Karon Prunty,Quintayvious Hutchins,Channing Canada,Khalil Jacobs
2026004,1,2181,PASS,(:13) (Shotgun) A.Richardson pass incomplete short right to C.Owen.,https://pro.nfl.com/api/plays/summaryPlay?gameId=c66dfe7a-5f68-11f1-b1d0-bb70a4640075&playId=2181,2,1,10,00:13,50.0,False,False,2200,7,10,-0.13924031902570277,11,1,1,3,5,11,2,4,5,D.J. Montgomery,Luke Tenuta,Josh Sills,Anthony Richardson,Blake Freeland,Will Mallory,Dalton Tucker,Eli Pancol,Coleman Owen,Ulysses Bentley IV,Jalen Farmer,Jeremiah Pharms Jr.,Chad Muma,Marcellas Dial Jr.,Dell Pettus,Joshua Farmer,John Saunders Jr.,Gabe Jacas,Karon Prunty,Quintayvious Hutchins,Channing Canada,Khalil Jacobs
2026004,1,2204,PASS,(:10) (Shotgun) A.Richardson pass short middle to E.Pancol to NE 43 for 7 yards (D.Pettus).,https://pro.nfl.com/api/plays/summaryPlay?gameId=c66dfe7a-5f68-11f1-b1d0-bb70a4640075&playId=2204,2,2,10,00:10,50.0,False,False,2200,7,10,0.007766052964143455,11,1,1,3,5,11,2,4,5,D.J. Montgomery,Luke Tenuta,Josh Sills,Anthony Richardson,Blake Freeland,Will Mallory,Dalton Tucker,Eli Pancol,Coleman Owen,Ulysses Bentley IV,Jalen Farmer,Jeremiah Pharms Jr.,Chad Muma,Marcellas Dial Jr.,Dell Pettus,Joshua Farmer,John Saunders Jr.,Gabe Jacas,Karon Prunty,Quintayvious Hutchins,Channing Canada,Khalil Jacobs
2026004,1,2242,TIMEOUT,Timeout #3 by IND at 00:04.,https://pro.nfl.com/api/plays/summaryPlay?gameId=c66dfe7a-5f68-11f1-b1d0-bb70a4640075&playId=2242,2,0,0,00:04,,False,,2200,7,10,,0,0,0,0,0,0,0,0,0,,,,,,,,,,,,,,,,,,,,,,
2026004,1,2230,FIELD_GOAL,"(:04) B.Grupe 61 yard field goal is No Good, Wide Right, Center-L.Rhodes, Holder-R.Sanchez.",https://pro.nfl.com/api/plays/summaryPlay?gameId=c66dfe7a-5f68-11f1-b1d0-bb70a4640075&playId=2230,2,3,3,00:04,43.0,False,False,2200,7,10,-0.8970556447748095,11,0,2,0,6,11,2,4,4,Luke Rhodes,Rigoberto Sanchez,Pharaoh Brown,Jimmy Morrissey,Luke Tenuta,Josh Sills,Blake Freeland,Blake Grupe,Dalton Tucker,Carson Towt,Jalen Farmer,Jeremiah Pharms Jr.,Chad Muma,Marcellas Dial Jr.,Dell Pettus,Joshua Farmer,Gabe Jacas,Karon Prunty,Quintayvious Hutchins,Kobe Prentice,Channing Canada,Khalil Jacobs
2026004,1,2259,END_QUARTER,END QUARTER 2,https://pro.nfl.com/api/plays/summaryPlay?gameId=c66dfe7a-5f68-11f1-b1d0-bb70a4640075&playId=2259,2,0,0,,,False,,2200,7,10,,0,0,0,0,0,0,0,0,0,,,,,,,,,,,,,,,,,,,,,,
2026004,1,2279,KICK_OFF,"A.Borregales kicks 61 yards from NE 35 to IND 4. S.McGowan to IND 43 for 39 yards (K.Prunty).
PENALTY on IND-W.Weeks, Offensive Holding, 10 yards, enforced at IND 30.",https://pro.nfl.com/api/plays/summaryPlay?gameId=c66dfe7a-5f68-11f1-b1d0-bb70a4640075&playId=2279,3,0,0,15:00,65.0,False,False,3200,10,7,0.5373226874507964,11,1,1,1,0,11,1,3,2,K.J. Britt,Hassan Haskins,Tejhaun Palmer,Andy Borregales,John Saunders Jr.,CJ Dippre,Gabe Jacas,Karon Prunty,Quintayvious Hutchins,Peter Manuma,Channing Canada,Pharaoh Brown,Cam Taylor-Britt,Ben Nikkel,Devin Veresuk,Coleman Owen,Trey Washington,Seth McGowan,Tahj Chambers,Mitchell Melton,West Weeks,Anderson Castle
2026004,1,2318,PASS,(14:53) R.Leonard pass short right to W.Mallory pushed ob at IND 29 for 9 yards (K.Minor; N.Obiazor) [J.Luketa].,https://pro.nfl.com/api/plays/summaryPlay?gameId=c66dfe7a-5f68-11f1-b1d0-bb70a4640075&playId=2318,3,1,10,14:53,80.0,False,False,2200,7,10,1.0857971170917153,11,1,1,3,5,11,2,4,5,Jimmy Morrissey,Luke Tenuta,Josh Sills,Blake Freeland,Will Mallory,Riley Leonard,Eli Pancol,Coleman Owen,Jalen Farmer,Deion Burks,Anderson Castle,Jesse Luketa,Marcellas Dial Jr.,Joshua Farmer,Bradyn Swinson,Kobee Minor,John Saunders Jr.,Eric Gregory,Karon Prunty,Namdi Obiazor,Peter Manuma,Khalil Jacobs
2026004,1,2348,RUSH,(14:21) A.Castle right guard to IND 31 for 2 yards (K.Jacobs).,https://pro.nfl.com/api/plays/summaryPlay?gameId=c66dfe7a-5f68-11f1-b1d0-bb70a4640075&playId=2348,3,2,1,14:21,71.0,False,False,2200,7,10,-0.16632328066043556,11,1,1,3,5,11,2,4,5,Pharaoh Brown,Jimmy Morrissey,Luke Tenuta,Josh Sills,Blake Freeland,Riley Leonard,Eli Pancol,Coleman Owen,Jalen Farmer,Deion Burks,Anderson Castle,Jesse Luketa,Marcellas Dial Jr.,Joshua Farmer,Bradyn Swinson,Kobee Minor,John Saunders Jr.,Eric Gregory,Karon Prunty,Namdi Obiazor,Peter Manuma,Khalil Jacobs
2026004,1,2370,PASS,(13:44) (Shotgun) R.Leonard pass deep middle intended for E.Pancol INTERCEPTED by J.Saunders [E.Gregory] at NE 31. J.Saunders to IND 43 for 26 yards (P.Brown).,https://pro.nfl.com/api/plays/summaryPlay?gameId=c66dfe7a-5f68-11f1-b1d0-bb70a4640075&playId=2370,3,1,10,13:44,69.0,False,False,2200,7,10,-5.178254636237398,11,1,1,3,5,11,2,4,5,Pharaoh Brown,Jimmy Morrissey,Luke Tenuta,Josh Sills,Blake Freeland,Riley Leonard,Eli Pancol,Coleman Owen,Jalen Farmer,Deion Burks,Anderson Castle,Jesse Luketa,Marcellas Dial Jr.,Joshua Farmer,Bradyn Swinson,Kobee Minor,John Saunders Jr.,Eric Gregory,Karon Prunty,Namdi Obiazor,Peter Manuma,Khalil Jacobs
2026004,1,2409,TIMEOUT,Timeout at 13:33.,https://pro.nfl.com/api/plays/summaryPlay?gameId=c66dfe7a-5f68-11f1-b1d0-bb70a4640075&playId=2409,3,0,0,13:33,,False,,2200,7,10,,0,0,0,0,0,0,0,0,0,,,,,,,,,,,,,,,,,,,,,,
2026004,1,2397,RUSH,(13:33) J.Miller left tackle to IND 38 for 5 yards (D.Nnadi).,https://pro.nfl.com/api/plays/summaryPlay?gameId=c66dfe7a-5f68-11f1-b1d0-bb70a4640075&playId=2397,3,1,10,13:33,43.0,False,False,3200,10,7,0.11132464115507901,11,2,1,2,5,11,5,2,4,James Hudson,Andrew Rupcich,Jack Westover,Mehki Butler,CJ Dippre,Dametrious Crownover,Behren Morton,Jam Miller,Nick DeGennaro,Cameron Dorner,Jacob Rizy,Derrick Nnadi,Jerry Tillery,Colby Wooden,Daniel Scott,Jaylon Jones,Jaylon Carlies,Trey Washington,Rob Carter Jr.,Bryce Boettcher,George Gumbs Jr.,Caden Curry
2026004,1,2426,RUSH,(13:01) J.Miller up the middle to IND 35 for 3 yards (C.Wooden; J.Carlies).,https://pro.nfl.com/api/plays/summaryPlay?gameId=c66dfe7a-5f68-11f1-b1d0-bb70a4640075&playId=2426,3,2,5,13:01,38.0,False,False,3200,10,7,-0.09314698539674282,11,2,1,2,5,11,5,2,4,James Hudson,Andrew Rupcich,Jack Westover,Mehki Butler,CJ Dippre,Dametrious Crownover,Behren Morton,Jam Miller,Nick DeGennaro,Cameron Dorner,Jacob Rizy,Derrick Nnadi,Jerry Tillery,Colby Wooden,Daniel Scott,Jaylon Jones,Jaylon Carlies,Trey Washington,Rob Carter Jr.,Bryce Boettcher,George Gumbs Jr.,Caden Curry
2026004,1,2448,RUSH,(12:25) L.Larison right guard to IND 34 for 1 yard (C.Curry; C.Wooden).,https://pro.nfl.com/api/plays/summaryPlay?gameId=c66dfe7a-5f68-11f1-b1d0-bb70a4640075&playId=2448,3,3,2,12:25,35.0,False,False,3200,10,7,-1.10126145882532,11,2,1,2,5,11,5,2,4,James Hudson,Andrew Rupcich,Tejhaun Palmer,Jack Westover,Mehki Butler,CJ Dippre,Lan Larison,Dametrious Crownover,Behren Morton,Nick DeGennaro,Jacob Rizy,Derrick Nnadi,Jerry Tillery,Colby Wooden,Daniel Scott,Jaylon Jones,Jaylon Carlies,Trey Washington,Rob Carter Jr.,Bryce Boettcher,George Gumbs Jr.,Caden Curry
2026004,1,2488,TIMEOUT,Timeout #1 by NE at 11:42.,https://pro.nfl.com/api/plays/summaryPlay?gameId=c66dfe7a-5f68-11f1-b1d0-bb70a4640075&playId=2488,3,0,0,11:42,,False,,2200,7,10,,0,0,0,0,0,0,0,0,0,,,,,,,,,,,,,,,,,,,,,,
2026004,1,2470,FIELD_GOAL,"(11:42) A.Borregales 52 yard field goal is GOOD, Center-N.Lalos, Holder-B.Baringer.",https://pro.nfl.com/api/plays/summaryPlay?gameId=c66dfe7a-5f68-11f1-b1d0-bb70a4640075&playId=2470,3,4,1,11:42,34.0,False,False,3200,10,7,0.7461804726626724,11,0,2,0,6,11,4,3,4,Niko Lalos,James Hudson,Andrew Rupcich,Bryce Baringer,Andy Borregales,Marcus Bryant,Mehki Butler,CJ Dippre,Dametrious Crownover,Tanner Arkin,Jacob Rizy,Adetomiwa Adebawore,Daniel Scott,Jaylon Jones,Trey Washington,Rob Carter Jr.,Bryce Boettcher,Caden Curry,Cameron Ball,Tahj Chambers,Mitchell Melton,West Weeks
2026004,1,2509,TIMEOUT,Timeout at 11:38.,https://pro.nfl.com/api/plays/summaryPlay?gameId=c66dfe7a-5f68-11f1-b1d0-bb70a4640075&playId=2509,3,0,0,11:38,,False,,2200,7,13,,0,0,0,0,0,0,0,0,0,,,,,,,,,,,,,,,,,,,,,,
2026004,1,2499,KICK_OFF,"A.Borregales kicks 60 yards from NE 35 to IND 5. D.Burks to IND 30 for 25 yards (G.Jacas).
PENALTY on IND-J.Thomas, Illegal Block Above the Waist, 10 yards, enforced at IND 30.",https://pro.nfl.com/api/plays/summaryPlay?gameId=c66dfe7a-5f68-11f1-b1d0-bb70a4640075&playId=2499,3,0,0,11:38,65.0,False,False,3200,13,7,0.5392769477330148,11,1,1,1,0,11,1,3,3,K.J. Britt,Hassan Haskins,Tejhaun Palmer,Andy Borregales,John Saunders Jr.,CJ Dippre,Gabe Jacas,Karon Prunty,Quintayvious Hutchins,Peter Manuma,Channing Canada,Pharaoh Brown,Cam Taylor-Britt,Juanyeh Thomas,Devin Veresuk,Coleman Owen,Trey Washington,Deion Burks,Tahj Chambers,Mitchell Melton,West Weeks,Anderson Castle
2026004,1,2540,RUSH,(11:31) A.Castle right tackle to IND 25 for 5 yards (K.Jacobs).,https://pro.nfl.com/api/plays/summaryPlay?gameId=c66dfe7a-5f68-11f1-b1d0-bb70a4640075&playId=2540,3,1,10,11:31,80.0,False,False,2200,7,13,0.10414775786921382,11,1,2,2,5,11,3,4,4,Pharaoh Brown,D.J. Montgomery,Jimmy Morrissey,Luke Tenuta,Josh Sills,Blake Freeland,Will Mallory,Riley Leonard,Eli Pancol,Jalen Farmer,Anderson Castle,Jesse Luketa,Mike Brown,Leonard Taylor III,Joshua Farmer,Bradyn Swinson,Kobee Minor,John Saunders Jr.,Eric Gregory,Namdi Obiazor,Channing Canada,Khalil Jacobs
2026004,1,2562,RUSH,(10:56) A.Castle right tackle to IND 26 for 1 yard (N.Obiazor).,https://pro.nfl.com/api/plays/summaryPlay?gameId=c66dfe7a-5f68-11f1-b1d0-bb70a4640075&playId=2562,3,2,5,10:56,75.0,False,False,2200,7,13,-0.8192243967205286,11,1,1,3,5,11,2,4,5,D.J. Montgomery,Jimmy Morrissey,Luke Tenuta,Josh Sills,Blake Freeland,Will Mallory,Riley Leonard,Eli Pancol,Jalen Farmer,Raylen Sharpe,Anderson Castle,Jesse Luketa,Mike Brown,Marcellas Dial Jr.,Leonard Taylor III,Bradyn Swinson,Kobee Minor,John Saunders Jr.,Eric Gregory,Namdi Obiazor,Channing Canada,Khalil Jacobs
2026004,1,2584,SACK,(10:19) (Shotgun) R.Leonard sacked at IND 14 for -12 yards (J.Farmer).,https://pro.nfl.com/api/plays/summaryPlay?gameId=c66dfe7a-5f68-11f1-b1d0-bb70a4640075&playId=2584,3,3,4,10:19,74.0,False,False,2200,7,13,-3.141281737945974,11,1,1,3,5,11,2,3,6,D.J. Montgomery,Jimmy Morrissey,Luke Tenuta,Josh Sills,Blake Freeland,Will Mallory,Riley Leonard,Eli Pancol,Jalen Farmer,Raylen Sharpe,Anderson Castle,Jeremiah Pharms Jr.,Jesse Luketa,Mike Brown,Marcellas Dial Jr.,Joshua Farmer,Bradyn Swinson,Kobee Minor,John Saunders Jr.,Peter Manuma,Channing Canada,Khalil Jacobs
2026004,1,2604,PUNT,"(9:34) R.Sanchez punts 52 yards to NE 34, Center-L.Rhodes. K.Prentice to NE 39 for 5 yards (C.Taylor-Britt).",https://pro.nfl.com/api/plays/summaryPlay?gameId=c66dfe7a-5f68-11f1-b1d0-bb70a4640075&playId=2604,3,4,16,09:34,86.0,False,False,2200,7,13,0.42376623302698135,11,1,0,1,0,11,0,3,5,Luke Rhodes,Rigoberto Sanchez,Cam Taylor-Britt,Juanyeh Thomas,Daniel Scott,Ben Nikkel,Bryce Boettcher,Caden Curry,Seth McGowan,Tahj Chambers,West Weeks,K.J. Britt,Jesse Luketa,Jack Westover,Bradyn Swinson,Kobee Minor,John Saunders Jr.,Brandon Crossley,Jam Miller,Peter Manuma,Kobe Prentice,Kenneth Harris
2026004,1,2642,TIMEOUT,Timeout at 09:21.,https://pro.nfl.com/api/plays/summaryPlay?gameId=c66dfe7a-5f68-11f1-b1d0-bb70a4640075&playId=2642,3,0,0,09:21,,False,,2200,7,13,,0,0,0,0,0,0,0,0,0,,,,,,,,,,,,,,,,,,,,,,
2026004,1,2630,RUSH,(9:21) (Shotgun) H.Haskins right guard to NE 43 for 4 yards (T.Washington; D.Scott).,https://pro.nfl.com/api/plays/summaryPlay?gameId=c66dfe7a-5f68-11f1-b1d0-bb70a4640075&playId=2630,3,1,10,09:21,61.0,False,False,3200,13,7,-0.1477756651584059,11,1,1,3,5,11,4,2,5,James Hudson,Hassan Haskins,Andrew Rupcich,Tejhaun Palmer,Mehki Butler,CJ Dippre,Dametrious Crownover,Behren Morton,Kobe Prentice,Nick DeGennaro,Jacob Rizy,Jerry Tillery,Adetomiwa Adebawore,Daniel Scott,Jaylon Jones,Jaylon Carlies,Trey Washington,Rob Carter Jr.,Bryce Boettcher,George Gumbs Jr.,Caden Curry,Mekhi Rodgers
2026004,1,2659,RUSH,(8:45) (Shotgun) H.Haskins left guard to NE 45 for 2 yards (R.Carter).,https://pro.nfl.com/api/plays/summaryPlay?gameId=c66dfe7a-5f68-11f1-b1d0-bb70a4640075&playId=2659,3,2,6,08:45,57.0,False,False,3200,13,7,-0.6412128282245249,11,1,1,3,5,11,4,2,5,James Hudson,Hassan Haskins,Andrew Rupcich,Tejhaun Palmer,Mehki Butler,CJ Dippre,Dametrious Crownover,Behren Morton,Kobe Prentice,Nick DeGennaro,Jacob Rizy,Jerry Tillery,Adetomiwa Adebawore,Daniel Scott,Jaylon Jones,Jaylon Carlies,Trey Washington,Rob Carter Jr.,Bryce Boettcher,George Gumbs Jr.,Caden Curry,Mekhi Rodgers
2026004,1,2681,PASS,(8:14) (Shotgun) B.Morton pass short right to K.Prentice to IND 42 for 13 yards (R.Carter).,https://pro.nfl.com/api/plays/summaryPlay?gameId=c66dfe7a-5f68-11f1-b1d0-bb70a4640075&playId=2681,3,3,4,08:14,55.0,False,False,3200,13,7,2.055686133331619,11,2,0,3,5,11,4,2,5,James Hudson,Andrew Rupcich,Tejhaun Palmer,Jack Westover,Mehki Butler,Lan Larison,Dametrious Crownover,Behren Morton,Kobe Prentice,Nick DeGennaro,Jacob Rizy,Jerry Tillery,Adetomiwa Adebawore,Daniel Scott,Jaylon Jones,Jaylon Carlies,Trey Washington,Rob Carter Jr.,Bryce Boettcher,George Gumbs Jr.,Caden Curry,Mekhi Rodgers
2026004,1,2706,RUSH,(7:40) H.Haskins left tackle to IND 38 for 4 yards (A.Adebawore; C.Curry).,https://pro.nfl.com/api/plays/summaryPlay?gameId=c66dfe7a-5f68-11f1-b1d0-bb70a4640075&playId=2706,3,1,10,07:40,42.0,False,False,3200,13,7,-0.16021340165752918,11,1,1,3,5,11,4,2,5,James Hudson,Hassan Haskins,Andrew Rupcich,Tejhaun Palmer,Mehki Butler,CJ Dippre,Dametrious Crownover,Behren Morton,Kobe Prentice,Nick DeGennaro,Jacob Rizy,Jerry Tillery,Adetomiwa Adebawore,Daniel Scott,Jaylon Jones,Jaylon Carlies,Trey Washington,Rob Carter Jr.,Bryce Boettcher,George Gumbs Jr.,Caden Curry,Mekhi Rodgers
2026004,1,2728,RUSH,(7:04) (Shotgun) B.Morton scrambles left guard to IND 37 for 1 yard (G.Gumbs).,https://pro.nfl.com/api/plays/summaryPlay?gameId=c66dfe7a-5f68-11f1-b1d0-bb70a4640075&playId=2728,3,2,6,07:04,38.0,False,False,3200,13,7,-0.6617138597648591,11,1,1,3,5,11,4,2,5,James Hudson,Andrew Rupcich,Mehki Butler,CJ Dippre,Lan Larison,Dametrious Crownover,Behren Morton,Kobe Prentice,Nick DeGennaro,Cameron Dorner,Jacob Rizy,Jerry Tillery,Adetomiwa Adebawore,Daniel Scott,Jaylon Jones,Jaylon Carlies,Trey Washington,Rob Carter Jr.,Bryce Boettcher,George Gumbs Jr.,Caden Curry,Mekhi Rodgers
2026004,1,2750,PASS,(6:29) (Shotgun) B.Morton pass incomplete short left to K.Prentice [C.Curry].,https://pro.nfl.com/api/plays/summaryPlay?gameId=c66dfe7a-5f68-11f1-b1d0-bb70a4640075&playId=2750,3,3,5,06:29,37.0,False,False,3200,13,7,-1.8505786280147731,11,2,0,3,5,11,4,2,5,James Hudson,Andrew Rupcich,Tejhaun Palmer,Jack Westover,Mehki Butler,Lan Larison,Dametrious Crownover,Behren Morton,Kobe Prentice,Cameron Dorner,Jacob Rizy,Adetomiwa Adebawore,Daniel Scott,Jaylon Jones,Jaylon Carlies,Trey Washington,Rob Carter Jr.,Bryce Boettcher,George Gumbs Jr.,Caden Curry,Cameron Ball,Mekhi Rodgers
2026004,1,2773,FIELD_GOAL,"(6:25) A.Borregales 55 yard field goal is No Good, Wide Left, Center-N.Lalos, Holder-B.Baringer.",https://pro.nfl.com/api/plays/summaryPlay?gameId=c66dfe7a-5f68-11f1-b1d0-bb70a4640075&playId=2773,3,4,5,06:25,37.0,False,False,3200,13,7,-3.645183040876873,11,0,2,0,6,11,4,3,4,Niko Lalos,James Hudson,Andrew Rupcich,Bryce Baringer,Andy Borregales,Marcus Bryant,Mehki Butler,CJ Dippre,Dametrious Crownover,Tanner Arkin,Jacob Rizy,Adetomiwa Adebawore,Daniel Scott,Jaylon Jones,Trey Washington,Rob Carter Jr.,Bryce Boettcher,Caden Curry,Cameron Ball,Tahj Chambers,Mitchell Melton,West Weeks
2026004,1,2806,TIMEOUT,Timeout at 06:20.,https://pro.nfl.com/api/plays/summaryPlay?gameId=c66dfe7a-5f68-11f1-b1d0-bb70a4640075&playId=2806,3,0,0,06:20,,False,,2200,7,13,,0,0,0,0,0,0,0,0,0,,,,,,,,,,,,,,,,,,,,,,
2026004,1,2794,PASS,(6:20) (Shotgun) R.Leonard pass short left to D.Burks to NE 46 for 9 yards (N.Obiazor; K.Jacobs).,https://pro.nfl.com/api/plays/summaryPlay?gameId=c66dfe7a-5f68-11f1-b1d0-bb70a4640075&playId=2794,3,1,10,06:20,55.0,False,False,2200,7,13,0.7236216483870521,11,1,1,3,5,11,2,4,5,Jimmy Morrissey,Luke Tenuta,Blake Freeland,Will Mallory,Riley Leonard,Eli Pancol,Jalen Farmer,Deion Burks,Raylen Sharpe,Geno VanDeMark,Anderson Castle,Jesse Luketa,Mike Brown,Casey Rogers,Isaiah Iton,Bradyn Swinson,Brandon Crossley,Karon Prunty,Namdi Obiazor,Peter Manuma,Channing Canada,Khalil Jacobs
2026004,1,2826,RUSH,(5:39) A.Castle left guard to NE 28 for 18 yards (P.Manuma; K.Prunty).,https://pro.nfl.com/api/plays/summaryPlay?gameId=c66dfe7a-5f68-11f1-b1d0-bb70a4640075&playId=2826,3,2,1,05:39,46.0,False,False,2200,7,13,0.823026244295761,11,1,2,2,5,11,3,4,4,Pharaoh Brown,D.J. Montgomery,Jimmy Morrissey,Luke Tenuta,Blake Freeland,Will Mallory,Riley Leonard,Eli Pancol,Jalen Farmer,Geno VanDeMark,Anderson Castle,Jeremiah Pharms Jr.,Jesse Luketa,Mike Brown,Casey Rogers,Isaiah Iton,Bradyn Swinson,Brandon Crossley,Karon Prunty,Namdi Obiazor,Peter Manuma,Khalil Jacobs
2026004,1,2848,RUSH,(4:57) A.Castle up the middle to NE 25 for 3 yards (C.Rogers).,https://pro.nfl.com/api/plays/summaryPlay?gameId=c66dfe7a-5f68-11f1-b1d0-bb70a4640075&playId=2848,3,1,10,04:57,28.0,False,False,2200,7,13,-0.39836575649678707,11,1,2,2,5,11,3,4,4,Pharaoh Brown,D.J. Montgomery,Jimmy Morrissey,Luke Tenuta,Blake Freeland,Will Mallory,Riley Leonard,Eli Pancol,Jalen Farmer,Geno VanDeMark,Anderson Castle,Jeremiah Pharms Jr.,Jesse Luketa,Mike Brown,Casey Rogers,Isaiah Iton,Bradyn Swinson,Brandon Crossley,Karon Prunty,Namdi Obiazor,Peter Manuma,Khalil Jacobs
2026004,1,2870,PASS,(4:20) (Shotgun) R.Leonard pass incomplete short middle to R.Sharpe.,https://pro.nfl.com/api/plays/summaryPlay?gameId=c66dfe7a-5f68-11f1-b1d0-bb70a4640075&playId=2870,3,2,7,04:20,25.0,False,False,2200,7,13,-0.6841085047926754,11,1,1,3,5,11,2,4,5,D.J. Montgomery,Jimmy Morrissey,Luke Tenuta,Blake Freeland,Will Mallory,Riley Leonard,Eli Pancol,Jalen Farmer,Raylen Sharpe,Geno VanDeMark,Anderson Castle,Jesse Luketa,Mike Brown,Casey Rogers,Isaiah Iton,Bradyn Swinson,Brandon Crossley,Karon Prunty,Namdi Obiazor,Peter Manuma,Channing Canada,Khalil Jacobs
2026004,1,2893,PASS,(4:11) (Shotgun) R.Leonard pass short right to W.Mallory to NE 13 for 12 yards (C.Canada).,https://pro.nfl.com/api/plays/summaryPlay?gameId=c66dfe7a-5f68-11f1-b1d0-bb70a4640075&playId=2893,3,3,7,04:11,25.0,False,False,2200,7,13,1.8178316825069487,11,1,1,3,5,11,2,3,6,D.J. Montgomery,Jimmy Morrissey,Luke Tenuta,Blake Freeland,Will Mallory,Riley Leonard,Eli Pancol,Jalen Farmer,Raylen Sharpe,Geno VanDeMark,Anderson Castle,Jeremiah Pharms Jr.,Jesse Luketa,Mike Brown,Leonard Taylor III,Bradyn Swinson,John Saunders Jr.,Brandon Crossley,Karon Prunty,Peter Manuma,Channing Canada,Khalil Jacobs
2026004,1,2918,PASS,(3:30) R.Leonard pass short right to W.Mallory pushed ob at NE 6 for 7 yards (B.Crossley).,https://pro.nfl.com/api/plays/summaryPlay?gameId=c66dfe7a-5f68-11f1-b1d0-bb70a4640075&playId=2918,3,1,10,03:30,13.0,False,True,2200,7,13,0.3722904052119702,11,1,1,3,5,11,2,4,5,D.J. Montgomery,Jimmy Morrissey,Luke Tenuta,Blake Freeland,Will Mallory,Riley Leonard,Eli Pancol,Jalen Farmer,Raylen Sharpe,Geno VanDeMark,Roydell Williams,Mike Brown,Leonard Taylor III,Amari Gainer,Bradyn Swinson,Eric Gregory,Brandon Crossley,Karon Prunty,Namdi Obiazor,Peter Manuma,Channing Canada,Khalil Jacobs
2026004,1,2948,RUSH,(2:58) R.Williams left guard to NE 5 for 1 yard (B.Swinson).,https://pro.nfl.com/api/plays/summaryPlay?gameId=c66dfe7a-5f68-11f1-b1d0-bb70a4640075&playId=2948,3,2,3,02:58,6.0,False,True,2200,7,13,-0.49189844483044,11,1,2,2,5,11,3,4,4,Pharaoh Brown,D.J. Montgomery,Jimmy Morrissey,Luke Tenuta,Blake Freeland,Will Mallory,Riley Leonard,Eli Pancol,Jalen Farmer,Geno VanDeMark,Roydell Williams,Jeremiah Pharms Jr.,Mike Brown,Leonard Taylor III,Amari Gainer,Bradyn Swinson,Eric Gregory,Brandon Crossley,Karon Prunty,Namdi Obiazor,Peter Manuma,Khalil Jacobs
2026004,1,2970,PENALTY,"(2:18) (Shotgun) A.Castle up the middle to NE 3 for 2 yards (M.Dial; L.Taylor).
PENALTY on IND-P.Brown, Illegal Formation, 5 yards, enforced at NE 5 - No Play.",https://pro.nfl.com/api/plays/summaryPlay?gameId=c66dfe7a-5f68-11f1-b1d0-bb70a4640075&playId=2970,3,3,2,02:18,5.0,False,True,2200,7,13,-1.0703256224514917,11,1,1,3,5,11,2,4,5,Pharaoh Brown,D.J. Montgomery,Jimmy Morrissey,Luke Tenuta,Blake Freeland,Riley Leonard,Eli Pancol,Jalen Farmer,Raylen Sharpe,Geno VanDeMark,Anderson Castle,Mike Brown,Marcellas Dial Jr.,Leonard Taylor III,Amari Gainer,Bradyn Swinson,Eric Gregory,Brandon Crossley,Karon Prunty,Namdi Obiazor,Peter Manuma,Khalil Jacobs
2026004,1,3003,RUSH,(1:52) (Shotgun) A.Castle left guard to NE 6 for 4 yards (K.Jacobs; N.Obiazor).,https://pro.nfl.com/api/plays/summaryPlay?gameId=c66dfe7a-5f68-11f1-b1d0-bb70a4640075&playId=3003,3,3,7,01:52,10.0,False,True,2200,7,13,-1.0044303076574579,11,1,1,3,5,11,2,4,5,D.J. Montgomery,Jimmy Morrissey,Luke Tenuta,Blake Freeland,Will Mallory,Riley Leonard,Eli Pancol,Jalen Farmer,Raylen Sharpe,Geno VanDeMark,Anderson Castle,Mike Brown,Marcellas Dial Jr.,Leonard Taylor III,Amari Gainer,Bradyn Swinson,Eric Gregory,Brandon Crossley,Karon Prunty,Namdi Obiazor,Peter Manuma,Khalil Jacobs
2026004,1,3025,PASS,(1:15) (Shotgun) R.Leonard pass incomplete short left to R.Sharpe (B.Swinson).,https://pro.nfl.com/api/plays/summaryPlay?gameId=c66dfe7a-5f68-11f1-b1d0-bb70a4640075&playId=3025,3,4,3,01:15,6.0,False,True,2200,7,13,-3.00207719381433,11,1,1,3,5,11,2,4,5,D.J. Montgomery,Jimmy Morrissey,Luke Tenuta,Blake Freeland,Will Mallory,Riley Leonard,Eli Pancol,Jalen Farmer,Raylen Sharpe,Geno VanDeMark,Anderson Castle,Mike Brown,Marcellas Dial Jr.,Leonard Taylor III,Amari Gainer,Bradyn Swinson,Eric Gregory,Brandon Crossley,Karon Prunty,Namdi Obiazor,Peter Manuma,Khalil Jacobs
2026004,1,3048,RUSH,(1:10) J.Hasty left tackle to NE 7 for 1 yard (T.Chambers).,https://pro.nfl.com/api/plays/summaryPlay?gameId=c66dfe7a-5f68-11f1-b1d0-bb70a4640075&playId=3048,3,1,10,01:10,94.0,False,False,3200,13,7,-0.6696997219696641,11,1,1,3,5,11,4,2,5,Jamycal Hasty,James Hudson,Andrew Rupcich,Mehki Butler,Dametrious Crownover,Behren Morton,Kobe Prentice,Tanner Arkin,Nick DeGennaro,Cameron Dorner,Jacob Rizy,Juanyeh Thomas,Daniel Scott,Jaylon Jones,Tim Smith,Rob Carter Jr.,George Gumbs Jr.,Caden Curry,Cameron Ball,Tahj Chambers,West Weeks,Mekhi Rodgers
2026004,1,3070,PASS,(:35) (Shotgun) B.Morton pass incomplete deep left to C.Dorner (J.Jones). IND-J.Jones was injured during the play.,https://pro.nfl.com/api/plays/summaryPlay?gameId=c66dfe7a-5f68-11f1-b1d0-bb70a4640075&playId=3070,3,2,9,00:35,93.0,False,False,3200,13,7,-0.86835309676826,11,1,1,3,5,11,4,2,5,James Hudson,Andrew Rupcich,Mehki Butler,Lan Larison,Dametrious Crownover,Behren Morton,Kobe Prentice,Tanner Arkin,Nick DeGennaro,Cameron Dorner,Jacob Rizy,Juanyeh Thomas,Daniel Scott,Jaylon Jones,Tim Smith,Rob Carter Jr.,George Gumbs Jr.,Caden Curry,Cameron Ball,Tahj Chambers,West Weeks,Mekhi Rodgers
2026004,1,3093,PASS,(:30) (Shotgun) B.Morton pass short right to T.Palmer to NE 22 for 15 yards (M.Rodgers).,https://pro.nfl.com/api/plays/summaryPlay?gameId=c66dfe7a-5f68-11f1-b1d0-bb70a4640075&playId=3093,3,3,9,00:30,93.0,False,False,3200,13,7,2.4444306711666286,11,2,0,3,5,11,4,2,5,James Hudson,Andrew Rupcich,Tejhaun Palmer,Jack Westover,Mehki Butler,Lan Larison,Dametrious Crownover,Behren Morton,Kobe Prentice,Nick DeGennaro,Jacob Rizy,Juanyeh Thomas,Daniel Scott,Rob Carter Jr.,George Gumbs Jr.,Caden Curry,Cameron Ball,Tahj Chambers,Mitchell Melton,West Weeks,Jai'Onte' McMillan,Mekhi Rodgers
2026004,1,3121,END_QUARTER,END QUARTER 3,https://pro.nfl.com/api/plays/summaryPlay?gameId=c66dfe7a-5f68-11f1-b1d0-bb70a4640075&playId=3121,3,0,0,,,False,,2200,7,13,,0,0,0,0,0,0,0,0,0,,,,,,,,,,,,,,,,,,,,,,
2026004,1,3141,RUSH,(15:00) J.Hasty left end pushed ob at NE 30 for 8 yards (M.Rodgers).,https://pro.nfl.com/api/plays/summaryPlay?gameId=c66dfe7a-5f68-11f1-b1d0-bb70a4640075&playId=3141,4,1,10,15:00,78.0,False,False,3200,13,7,0.6623981716111302,11,2,1,2,5,11,5,2,4,Jamycal Hasty,James Hudson,Andrew Rupcich,Tejhaun Palmer,Jack Westover,Mehki Butler,Dametrious Crownover,Behren Morton,Tanner Arkin,Nick DeGennaro,Jacob Rizy,Juanyeh Thomas,Daniel Scott,Tim Smith,Rob Carter Jr.,George Gumbs Jr.,Caden Curry,Cameron Ball,Tahj Chambers,Mitchell Melton,West Weeks,Mekhi Rodgers
2026004,1,3168,RUSH,(14:35) J.Hasty right tackle to NE 32 for 2 yards (T.Smith; T.Chambers).,https://pro.nfl.com/api/plays/summaryPlay?gameId=c66dfe7a-5f68-11f1-b1d0-bb70a4640075&playId=3168,4,2,2,14:35,70.0,False,False,3200,13,7,0.01540628308430314,11,1,1,3,5,11,4,2,5,Jamycal Hasty,James Hudson,Andrew Rupcich,Tejhaun Palmer,Mehki Butler,Dametrious Crownover,Behren Morton,Kobe Prentice,Tanner Arkin,Cameron Dorner,Jacob Rizy,Juanyeh Thomas,Daniel Scott,Tim Smith,Rob Carter Jr.,George Gumbs Jr.,Caden Curry,Cameron Ball,Tahj Chambers,West Weeks,Jai'Onte' McMillan,Mekhi Rodgers
2026004,1,3190,RUSH,(13:58) (Shotgun) H.Haskins up the middle to NE 36 for 4 yards (C.Ball). NE-A.Rupcich was injured during the play.,https://pro.nfl.com/api/plays/summaryPlay?gameId=c66dfe7a-5f68-11f1-b1d0-bb70a4640075&playId=3190,4,1,10,13:58,68.0,False,False,3200,13,7,-0.0582654036115855,11,1,1,3,5,11,4,2,5,James Hudson,Hassan Haskins,Andrew Rupcich,Tejhaun Palmer,Mehki Butler,CJ Dippre,Dametrious Crownover,Behren Morton,Kobe Prentice,Cameron Dorner,Jacob Rizy,Juanyeh Thomas,Daniel Scott,Tim Smith,Rob Carter Jr.,George Gumbs Jr.,Caden Curry,Cameron Ball,Tahj Chambers,West Weeks,Jai'Onte' McMillan,Mekhi Rodgers
2026004,1,3227,TIMEOUT,Timeout at 13:46.,https://pro.nfl.com/api/plays/summaryPlay?gameId=c66dfe7a-5f68-11f1-b1d0-bb70a4640075&playId=3227,4,0,0,13:46,,False,,2200,7,13,,0,0,0,0,0,0,0,0,0,,,,,,,,,,,,,,,,,,,,,,
2026004,1,3215,PASS,(13:39) B.Morton pass incomplete short middle to N.DeGennaro [C.Curry].,https://pro.nfl.com/api/plays/summaryPlay?gameId=c66dfe7a-5f68-11f1-b1d0-bb70a4640075&playId=3215,4,2,6,13:39,64.0,False,False,3200,13,7,-0.9715629999991506,11,2,1,2,5,11,5,2,4,James Hudson,Tejhaun Palmer,Jack Westover,Mehki Butler,CJ Dippre,Lan Larison,Dametrious Crownover,Behren Morton,Nick DeGennaro,JonDarius Morgan,Jacob Rizy,Juanyeh Thomas,Daniel Scott,Durell Nchami,Tim Smith,Rob Carter Jr.,George Gumbs Jr.,Caden Curry,Cameron Ball,Tahj Chambers,West Weeks,Mekhi Rodgers
2026004,1,3245,SACK,(13:35) (Shotgun) B.Morton sacked at NE 26 for -10 yards (C.Curry).,https://pro.nfl.com/api/plays/summaryPlay?gameId=c66dfe7a-5f68-11f1-b1d0-bb70a4640075&playId=3245,4,3,6,13:35,64.0,False,False,3200,13,7,-2.491522973868996,11,2,0,3,5,11,4,2,5,James Hudson,Tejhaun Palmer,Jack Westover,Mehki Butler,Lan Larison,Dametrious Crownover,Behren Morton,Nick DeGennaro,Cameron Dorner,JonDarius Morgan,Jacob Rizy,Juanyeh Thomas,Daniel Scott,Durell Nchami,Rob Carter Jr.,George Gumbs Jr.,Caden Curry,Cameron Ball,Tahj Chambers,West Weeks,Jai'Onte' McMillan,Mekhi Rodgers
2026004,1,3265,PUNT,"(12:56) B.Baringer punts 65 yards to IND 9, Center-N.Lalos. C.Owen pushed ob at IND 21 for 12 yards (C.Canada).",https://pro.nfl.com/api/plays/summaryPlay?gameId=c66dfe7a-5f68-11f1-b1d0-bb70a4640075&playId=3265,4,4,16,12:56,74.0,False,False,3200,13,7,0.6934322663582861,11,1,1,0,0,11,2,2,4,Niko Lalos,Jesse Luketa,Bryce Baringer,John Saunders Jr.,CJ Dippre,Gabe Jacas,Karon Prunty,Jam Miller,Quintayvious Hutchins,Peter Manuma,Channing Canada,Daniel Scott,Durell Nchami,Eli Pancol,Johnathan Edwards,Coleman Owen,Ulysses Bentley IV,Rob Carter Jr.,Austin Brown,Tahj Chambers,Mitchell Melton,West Weeks
2026004,1,3303,TIMEOUT,Timeout at 12:43.,https://pro.nfl.com/api/plays/summaryPlay?gameId=c66dfe7a-5f68-11f1-b1d0-bb70a4640075&playId=3303,4,0,0,12:43,,False,,2200,7,13,,0,0,0,0,0,0,0,0,0,,,,,,,,,,,,,,,,,,,,,,
2026004,1,3291,RUSH,(12:43) R.Williams right end to IND 24 for 3 yards (K.Harris; K.Jacobs).,https://pro.nfl.com/api/plays/summaryPlay?gameId=c66dfe7a-5f68-11f1-b1d0-bb70a4640075&playId=3291,4,1,10,12:43,79.0,False,False,2200,7,13,-0.33306568395346403,11,1,1,3,5,11,2,4,5,Pharaoh Brown,D.J. Montgomery,Jimmy Morrissey,Luke Tenuta,Blake Freeland,Riley Leonard,Sahmir Hagans,Raylen Sharpe,Geno VanDeMark,Josh Kreutz,Roydell Williams,Leonard Taylor III,Casey Rogers,Amari Gainer,Bradyn Swinson,Kobee Minor,Brandon Crossley,Peter Manuma,Kenneth Harris,Khalil Jacobs,Eric Butler,Riley Wilson
2026004,1,3325,PASS,(12:05) (Shotgun) R.Leonard pass incomplete short left to R.Sharpe (C.Rogers).,https://pro.nfl.com/api/plays/summaryPlay?gameId=c66dfe7a-5f68-11f1-b1d0-bb70a4640075&playId=3325,4,2,7,12:05,76.0,False,False,2200,7,13,-0.9083535927347839,11,1,1,3,5,11,2,4,5,Pharaoh Brown,Jimmy Morrissey,Luke Tenuta,Blake Freeland,Riley Leonard,Sahmir Hagans,E.J. Horton,Raylen Sharpe,Geno VanDeMark,Josh Kreutz,Roydell Williams,Leonard Taylor III,Casey Rogers,Amari Gainer,Bradyn Swinson,Kobee Minor,Brandon Crossley,Peter Manuma,Kenneth Harris,Khalil Jacobs,Eric Butler,Riley Wilson
2026004,1,3348,PASS,(12:00) (Shotgun) R.Leonard pass incomplete short left to E.Horton (L.Taylor) [J.Pharms].,https://pro.nfl.com/api/plays/summaryPlay?gameId=c66dfe7a-5f68-11f1-b1d0-bb70a4640075&playId=3348,4,3,7,12:00,76.0,False,False,2200,7,13,-1.604113425128162,11,1,1,3,5,11,2,3,6,Jimmy Morrissey,Luke Tenuta,Blake Freeland,Riley Leonard,Carson Towt,Sahmir Hagans,E.J. Horton,Raylen Sharpe,Geno VanDeMark,Josh Kreutz,Anderson Castle,Jeremiah Pharms Jr.,Jesse Luketa,Mike Brown,Leonard Taylor III,Bradyn Swinson,Kobee Minor,Brandon Crossley,Peter Manuma,Kenneth Harris,Khalil Jacobs,Eric Butler
2026004,1,3371,PUNT,"(11:55) R.Sanchez punts 51 yards to NE 25, Center-L.Rhodes. K.Prentice to NE 26 for 1 yard (J.Edwards).",https://pro.nfl.com/api/plays/summaryPlay?gameId=c66dfe7a-5f68-11f1-b1d0-bb70a4640075&playId=3371,4,4,7,11:55,76.0,False,False,2200,7,13,0.22368218144401908,11,1,0,1,0,11,0,4,4,Luke Rhodes,Rigoberto Sanchez,Daniel Scott,Johnathan Edwards,Trey Washington,Bryce Boettcher,Caden Curry,Seth McGowan,Deion Burks,Tahj Chambers,West Weeks,Jesse Luketa,Tejhaun Palmer,Jack Westover,Amari Gainer,Bradyn Swinson,Kobee Minor,John Saunders Jr.,Brandon Crossley,Kobe Prentice,Kenneth Harris,Riley Wilson
2026004,1,3410,RUSH,"(11:45) H.Haskins right guard to NE 39 for 13 yards (D.Scott).
PENALTY on NE-L.Metz, Offensive Holding, 10 yards, enforced at NE 27.",https://pro.nfl.com/api/plays/summaryPlay?gameId=c66dfe7a-5f68-11f1-b1d0-bb70a4640075&playId=3410,4,1,10,11:45,74.0,False,False,3200,13,7,-0.8554277741350234,11,1,1,3,5,11,4,2,5,Hassan Haskins,Lorenz Metz,Mehki Butler,Mitch Van Vooren,Dametrious Crownover,Behren Morton,Kobe Prentice,Nick DeGennaro,Cameron Dorner,JonDarius Morgan,Jacob Rizy,Juanyeh Thomas,Daniel Scott,Tim Smith,Rob Carter Jr.,George Gumbs Jr.,Caden Curry,Cameron Ball,Tahj Chambers,West Weeks,Jai'Onte' McMillan,Mekhi Rodgers
2026004,1,3443,PASS,(11:26) (Shotgun) B.Morton pass short right to L.Larison to NE 15 for -2 yards (D.Scott).,https://pro.nfl.com/api/plays/summaryPlay?gameId=c66dfe7a-5f68-11f1-b1d0-bb70a4640075&playId=3443,4,1,19,11:26,83.0,False,False,3200,13,7,-0.9092067731544375,11,2,0,3,5,11,4,2,5,Lorenz Metz,Jack Westover,Mehki Butler,Lan Larison,Dametrious Crownover,Behren Morton,Kobe Prentice,Nick DeGennaro,Cameron Dorner,JonDarius Morgan,Jacob Rizy,Juanyeh Thomas,Daniel Scott,Tim Smith,Rob Carter Jr.,George Gumbs Jr.,Caden Curry,Cameron Ball,Tahj Chambers,West Weeks,Jai'Onte' McMillan,Mekhi Rodgers
2026004,1,3472,PASS,(10:53) (Shotgun) B.Morton pass incomplete short right to L.Larison.,https://pro.nfl.com/api/plays/summaryPlay?gameId=c66dfe7a-5f68-11f1-b1d0-bb70a4640075&playId=3472,4,2,21,10:53,85.0,False,False,3200,13,7,-1.0246131434105337,11,2,0,3,5,11,4,2,5,Lorenz Metz,Jack Westover,Mehki Butler,Lan Larison,Dametrious Crownover,Behren Morton,Kobe Prentice,Nick DeGennaro,Cameron Dorner,JonDarius Morgan,Jacob Rizy,Juanyeh Thomas,Daniel Scott,Tim Smith,Rob Carter Jr.,George Gumbs Jr.,Caden Curry,Cameron Ball,Tahj Chambers,West Weeks,Jai'Onte' McMillan,Mekhi Rodgers
2026004,1,3495,PASS,(10:47) (Shotgun) B.Morton pass short middle to L.Larison to NE 24 for 9 yards (W.Weeks).,https://pro.nfl.com/api/plays/summaryPlay?gameId=c66dfe7a-5f68-11f1-b1d0-bb70a4640075&playId=3495,4,3,21,10:47,85.0,False,False,3200,13,7,-0.5091078975237906,11,2,0,3,5,11,4,2,5,Lorenz Metz,Tejhaun Palmer,Jack Westover,Mehki Butler,Lan Larison,Dametrious Crownover,Behren Morton,Nick DeGennaro,Cameron Dorner,JonDarius Morgan,Jacob Rizy,Juanyeh Thomas,Daniel Scott,Durell Nchami,Rob Carter Jr.,George Gumbs Jr.,Caden Curry,Cameron Ball,Tahj Chambers,West Weeks,Jai'Onte' McMillan,Mekhi Rodgers
2026004,1,3520,PUNT,"(10:10) B.Baringer punts 46 yards to IND 30, Center-N.Lalos. C.Owen to IND 38 for 8 yards (K.Prunty).",https://pro.nfl.com/api/plays/summaryPlay?gameId=c66dfe7a-5f68-11f1-b1d0-bb70a4640075&playId=3520,4,4,12,10:10,76.0,False,False,3200,13,7,-0.308548646280542,11,1,1,0,0,11,2,2,4,Niko Lalos,Jesse Luketa,Bryce Baringer,John Saunders Jr.,CJ Dippre,Gabe Jacas,Karon Prunty,Jam Miller,Peter Manuma,Channing Canada,Riley Wilson,Daniel Scott,Durell Nchami,Eli Pancol,Johnathan Edwards,Coleman Owen,Ulysses Bentley IV,Rob Carter Jr.,Austin Brown,Tahj Chambers,Mitchell Melton,West Weeks
2026004,1,3558,TIMEOUT,Timeout at 09:58.,https://pro.nfl.com/api/plays/summaryPlay?gameId=c66dfe7a-5f68-11f1-b1d0-bb70a4640075&playId=3558,4,0,0,09:58,,False,,2200,7,13,,0,0,0,0,0,0,0,0,0,,,,,,,,,,,,,,,,,,,,,,
2026004,1,3546,RUSH,(9:58) (Shotgun) A.Castle up the middle to IND 41 for 3 yards (I.Iton; B.Crossley).,https://pro.nfl.com/api/plays/summaryPlay?gameId=c66dfe7a-5f68-11f1-b1d0-bb70a4640075&playId=3546,4,1,10,09:58,62.0,False,False,2200,7,13,-0.3568807119736448,11,1,1,3,5,11,2,4,5,Pharaoh Brown,Jimmy Morrissey,Luke Tenuta,Blake Freeland,Riley Leonard,Sahmir Hagans,E.J. Horton,Raylen Sharpe,Geno VanDeMark,Josh Kreutz,Anderson Castle,Amari Gainer,Isaiah Iton,Bradyn Swinson,Kobee Minor,Eric Gregory,Brandon Crossley,Peter Manuma,Kenneth Harris,Khalil Jacobs,Eric Butler,Riley Wilson
2026004,1,3575,PASS,(9:21) (Shotgun) R.Leonard pass short middle to S.Hagans to NE 42 for 17 yards (K.Harris).,https://pro.nfl.com/api/plays/summaryPlay?gameId=c66dfe7a-5f68-11f1-b1d0-bb70a4640075&playId=3575,4,2,7,09:21,59.0,False,False,2200,7,13,1.5442509821150452,11,1,1,3,5,11,2,4,5,Pharaoh Brown,Jimmy Morrissey,Luke Tenuta,Blake Freeland,Riley Leonard,Sahmir Hagans,E.J. Horton,Raylen Sharpe,Geno VanDeMark,Josh Kreutz,Anderson Castle,Amari Gainer,Isaiah Iton,Bradyn Swinson,Kobee Minor,Eric Gregory,Brandon Crossley,Peter Manuma,Kenneth Harris,Khalil Jacobs,Eric Butler,Riley Wilson
2026004,1,3600,PASS,(8:44) R.Leonard pass short right to R.Sharpe pushed ob at NE 28 for 14 yards (M.Brown).,https://pro.nfl.com/api/plays/summaryPlay?gameId=c66dfe7a-5f68-11f1-b1d0-bb70a4640075&playId=3600,4,1,10,08:44,42.0,False,False,2200,7,13,0.9577340241521597,11,1,1,3,5,11,2,4,5,Pharaoh Brown,Jimmy Morrissey,Luke Tenuta,Blake Freeland,Riley Leonard,Sahmir Hagans,E.J. Horton,Raylen Sharpe,Geno VanDeMark,Josh Kreutz,Anderson Castle,Mike Brown,Amari Gainer,Isaiah Iton,Bradyn Swinson,Kobee Minor,Eric Gregory,Brandon Crossley,Kenneth Harris,Khalil Jacobs,Eric Butler,Riley Wilson
2026004,1,3630,RUSH,"(8:10) R.Leonard FUMBLES (Aborted) at NE 29, and recovers at NE 29. R.Leonard to NE 27 for 2 yards (B.Swinson).",https://pro.nfl.com/api/plays/summaryPlay?gameId=c66dfe7a-5f68-11f1-b1d0-bb70a4640075&playId=3630,4,1,10,08:10,28.0,False,False,2200,7,13,-0.4628456940408796,11,1,1,3,5,11,2,4,5,Pharaoh Brown,Jimmy Morrissey,Luke Tenuta,Blake Freeland,Riley Leonard,Sahmir Hagans,E.J. Horton,Raylen Sharpe,Geno VanDeMark,Josh Kreutz,Anderson Castle,Mike Brown,Amari Gainer,Isaiah Iton,Bradyn Swinson,Kobee Minor,Eric Gregory,Brandon Crossley,Kenneth Harris,Khalil Jacobs,Eric Butler,Riley Wilson
2026004,1,3657,PASS,(7:33) (Shotgun) R.Leonard pass incomplete short right to E.Horton (K.Harris).,https://pro.nfl.com/api/plays/summaryPlay?gameId=c66dfe7a-5f68-11f1-b1d0-bb70a4640075&playId=3657,4,2,9,07:33,27.0,False,False,2200,7,13,-0.6775179506512359,11,1,1,3,5,11,2,4,5,Pharaoh Brown,Jimmy Morrissey,Luke Tenuta,Blake Freeland,Riley Leonard,Sahmir Hagans,E.J. Horton,Raylen Sharpe,Geno VanDeMark,Josh Kreutz,Anderson Castle,Mike Brown,Amari Gainer,Isaiah Iton,Bradyn Swinson,Kobee Minor,Eric Gregory,Brandon Crossley,Kenneth Harris,Khalil Jacobs,Eric Butler,Riley Wilson
2026004,1,3692,PASS,(7:30) (Shotgun) R.Leonard pass incomplete short middle to S.Hagans.,https://pro.nfl.com/api/plays/summaryPlay?gameId=c66dfe7a-5f68-11f1-b1d0-bb70a4640075&playId=3692,4,3,9,07:30,27.0,False,False,2200,7,13,-1.0543151445453987,11,1,1,3,5,11,2,4,5,Jimmy Morrissey,Luke Tenuta,Blake Freeland,Riley Leonard,Carson Towt,Sahmir Hagans,E.J. Horton,Raylen Sharpe,Geno VanDeMark,Josh Kreutz,Anderson Castle,Jeremiah Pharms Jr.,Mike Brown,Leonard Taylor III,Amari Gainer,Bradyn Swinson,Kobee Minor,Brandon Crossley,Namdi Obiazor,Kenneth Harris,Khalil Jacobs,Eric Butler
2026004,1,3715,FIELD_GOAL,"(7:25) S.Shrader 46 yard field goal is GOOD, Center-L.Rhodes, Holder-R.Sanchez.",https://pro.nfl.com/api/plays/summaryPlay?gameId=c66dfe7a-5f68-11f1-b1d0-bb70a4640075&playId=3715,4,4,9,07:25,27.0,False,False,2200,7,13,0.7907346667489037,11,0,2,0,6,11,2,4,5,Luke Rhodes,Rigoberto Sanchez,Pharaoh Brown,Jimmy Morrissey,Luke Tenuta,Josh Sills,Blake Freeland,Bayron Matos,Spencer Shrader,Carson Towt,Jalen Farmer,Jeremiah Pharms Jr.,Mike Brown,Leonard Taylor III,Amari Gainer,Bradyn Swinson,Kobee Minor,Brandon Crossley,Kenneth Harris,Khalil Jacobs,Eric Butler,Riley Wilson
2026004,1,3735,KICK_OFF,S.Shrader kicks 58 yards from IND 35 to NE 7. L.Larison to NE 31 for 24 yards (C.Curry).,https://pro.nfl.com/api/plays/summaryPlay?gameId=c66dfe7a-5f68-11f1-b1d0-bb70a4640075&playId=3735,4,0,0,07:21,65.0,False,False,2200,10,13,-0.1961620575748384,11,1,0,1,0,11,0,4,3,Juanyeh Thomas,Durell Nchami,Spencer Shrader,Johnathan Edwards,Rob Carter Jr.,Caden Curry,Seth McGowan,Deion Burks,Tahj Chambers,Mitchell Melton,West Weeks,Jesse Luketa,Bradyn Swinson,John Saunders Jr.,CJ Dippre,Lan Larison,Mitch Van Vooren,Karon Prunty,Jam Miller,Quintayvious Hutchins,Peter Manuma,Khalil Jacobs
2026004,1,3761,RUSH,(7:14) (Shotgun) J.Hasty left guard to NE 32 for 1 yard (C.Curry; J.Thomas).,https://pro.nfl.com/api/plays/summaryPlay?gameId=c66dfe7a-5f68-11f1-b1d0-bb70a4640075&playId=3761,4,1,10,07:14,69.0,False,False,3200,13,10,-0.555201810086146,11,2,0,3,5,11,4,2,5,Jamycal Hasty,Lorenz Metz,Jack Westover,Mehki Butler,Dametrious Crownover,Behren Morton,Kobe Prentice,Nick DeGennaro,Cameron Dorner,JonDarius Morgan,Jacob Rizy,Juanyeh Thomas,Tim Smith,Rob Carter Jr.,Caden Curry,Cameron Ball,Austin Brown,Tahj Chambers,Mitchell Melton,West Weeks,Jai'Onte' McMillan,Mekhi Rodgers
2026004,1,3783,RUSH,(6:42) J.Hasty left tackle to NE 31 for -1 yards (T.Chambers).,https://pro.nfl.com/api/plays/summaryPlay?gameId=c66dfe7a-5f68-11f1-b1d0-bb70a4640075&playId=3783,4,2,9,06:42,68.0,False,False,3200,13,10,-0.7945143925026059,11,1,1,3,5,11,4,2,5,Jamycal Hasty,Lorenz Metz,Mehki Butler,Mitch Van Vooren,Dametrious Crownover,Behren Morton,Kobe Prentice,Nick DeGennaro,Cameron Dorner,JonDarius Morgan,Jacob Rizy,Juanyeh Thomas,Tim Smith,Rob Carter Jr.,Caden Curry,Cameron Ball,Austin Brown,Tahj Chambers,Mitchell Melton,West Weeks,Jai'Onte' McMillan,Mekhi Rodgers
2026004,1,3805,PASS,(6:08) (Shotgun) B.Morton pass short left to M.Van Vooren to NE 35 for 4 yards (T.Chambers).,https://pro.nfl.com/api/plays/summaryPlay?gameId=c66dfe7a-5f68-11f1-b1d0-bb70a4640075&playId=3805,4,3,10,06:08,69.0,False,False,3200,13,10,-1.1881613619625568,11,1,1,3,5,11,4,2,5,Lorenz Metz,Tejhaun Palmer,Mehki Butler,Lan Larison,Mitch Van Vooren,Dametrious Crownover,Behren Morton,Kobe Prentice,Nick DeGennaro,JonDarius Morgan,Jacob Rizy,Juanyeh Thomas,Durell Nchami,Rob Carter Jr.,George Gumbs Jr.,Caden Curry,Cameron Ball,Austin Brown,Tahj Chambers,West Weeks,Jai'Onte' McMillan,Mekhi Rodgers
2026004,1,3830,PUNT,"(5:26) B.Baringer punts 54 yards to IND 11, Center-N.Lalos. C.Owen to IND 15 for 4 yards (G.Jacas; R.Wilson).",https://pro.nfl.com/api/plays/summaryPlay?gameId=c66dfe7a-5f68-11f1-b1d0-bb70a4640075&playId=3830,4,4,6,05:26,65.0,False,False,3200,13,10,0.2887287244666368,11,1,1,0,0,11,2,2,4,Niko Lalos,Jesse Luketa,Bryce Baringer,John Saunders Jr.,CJ Dippre,Gabe Jacas,Karon Prunty,Jam Miller,Peter Manuma,Channing Canada,Riley Wilson,Durell Nchami,Eli Pancol,Johnathan Edwards,Coleman Owen,Trey Washington,Ulysses Bentley IV,Austin Brown,Tahj Chambers,Mitchell Melton,West Weeks,Jai'Onte' McMillan
2026004,1,3856,RUSH,(5:13) (Shotgun) A.Castle right guard to IND 21 for 6 yards (N.Obiazor; C.Rogers).,https://pro.nfl.com/api/plays/summaryPlay?gameId=c66dfe7a-5f68-11f1-b1d0-bb70a4640075&playId=3856,4,1,10,05:13,85.0,False,False,2200,10,13,0.17227579723112285,11,1,1,3,5,11,2,4,5,Pharaoh Brown,Jimmy Morrissey,Luke Tenuta,Blake Freeland,Ben Nikkel,Riley Leonard,Sahmir Hagans,Raylen Sharpe,Geno VanDeMark,Josh Kreutz,Anderson Castle,Casey Rogers,Amari Gainer,Isaiah Iton,Bradyn Swinson,Kobee Minor,Brandon Crossley,Namdi Obiazor,Peter Manuma,Kenneth Harris,Khalil Jacobs,Eric Butler
2026004,1,3879,PASS,(4:41) (Shotgun) R.Leonard pass short left to R.Sharpe to IND 30 for 9 yards (B.Crossley).,https://pro.nfl.com/api/plays/summaryPlay?gameId=c66dfe7a-5f68-11f1-b1d0-bb70a4640075&playId=3879,4,2,4,04:41,79.0,False,False,2200,10,13,0.6633362374268472,11,1,1,3,5,11,2,4,5,Pharaoh Brown,Jimmy Morrissey,Luke Tenuta,Blake Freeland,Ben Nikkel,Riley Leonard,Sahmir Hagans,Raylen Sharpe,Geno VanDeMark,Josh Kreutz,Anderson Castle,Casey Rogers,Amari Gainer,Isaiah Iton,Bradyn Swinson,Kobee Minor,Brandon Crossley,Namdi Obiazor,Peter Manuma,Kenneth Harris,Khalil Jacobs,Eric Butler
2026004,1,3904,RUSH,(4:09) A.Castle left tackle to IND 35 for 5 yards (B.Swinson).,https://pro.nfl.com/api/plays/summaryPlay?gameId=c66dfe7a-5f68-11f1-b1d0-bb70a4640075&playId=3904,4,1,10,04:09,70.0,False,False,2200,10,13,-0.04449955152813345,11,1,1,3,5,11,2,4,5,Pharaoh Brown,Jimmy Morrissey,Luke Tenuta,Blake Freeland,Ben Nikkel,Riley Leonard,Sahmir Hagans,Raylen Sharpe,Geno VanDeMark,Josh Kreutz,Anderson Castle,Casey Rogers,Amari Gainer,Isaiah Iton,Bradyn Swinson,Kobee Minor,Brandon Crossley,Namdi Obiazor,Peter Manuma,Kenneth Harris,Khalil Jacobs,Eric Butler
2026004,1,3926,RUSH,(3:33) (Shotgun) R.Leonard scrambles right end ran ob at IND 46 for 11 yards (B.Crossley).,https://pro.nfl.com/api/plays/summaryPlay?gameId=c66dfe7a-5f68-11f1-b1d0-bb70a4640075&playId=3926,4,2,5,03:33,65.0,False,False,2200,10,13,0.7639761005993932,11,1,1,3,5,11,2,4,5,Pharaoh Brown,Jimmy Morrissey,Luke Tenuta,Blake Freeland,Ben Nikkel,Riley Leonard,Sahmir Hagans,Raylen Sharpe,Geno VanDeMark,Josh Kreutz,Anderson Castle,Casey Rogers,Amari Gainer,Isaiah Iton,Bradyn Swinson,Kobee Minor,Brandon Crossley,Namdi Obiazor,Peter Manuma,Kenneth Harris,Khalil Jacobs,Eric Butler
2026004,1,3950,PASS,(3:26) (Shotgun) R.Leonard pass incomplete deep left to R.Sharpe [C.Rogers].,https://pro.nfl.com/api/plays/summaryPlay?gameId=c66dfe7a-5f68-11f1-b1d0-bb70a4640075&playId=3950,4,1,10,03:26,54.0,False,False,2200,10,13,-0.40447246574331075,11,1,1,3,5,11,2,4,5,Pharaoh Brown,Jimmy Morrissey,Luke Tenuta,Blake Freeland,Ben Nikkel,Riley Leonard,Sahmir Hagans,Raylen Sharpe,Geno VanDeMark,Josh Kreutz,Anderson Castle,Casey Rogers,Amari Gainer,Isaiah Iton,Bradyn Swinson,Kobee Minor,Brandon Crossley,Namdi Obiazor,Peter Manuma,Kenneth Harris,Khalil Jacobs,Eric Butler
2026004,1,3973,PASS,(3:20) (Shotgun) R.Leonard pass short left to R.Sharpe to 50 for 4 yards (B.Crossley).,https://pro.nfl.com/api/plays/summaryPlay?gameId=c66dfe7a-5f68-11f1-b1d0-bb70a4640075&playId=3973,4,2,10,03:20,54.0,False,False,2200,10,13,-0.17761094530578703,11,1,1,3,5,11,2,4,5,Pharaoh Brown,Jimmy Morrissey,Luke Tenuta,Blake Freeland,Riley Leonard,Sahmir Hagans,E.J. Horton,Raylen Sharpe,Geno VanDeMark,Josh Kreutz,Anderson Castle,Jesse Luketa,Casey Rogers,Amari Gainer,Isaiah Iton,Kobee Minor,Brandon Crossley,Namdi Obiazor,Peter Manuma,Kenneth Harris,Khalil Jacobs,Eric Butler
2026004,1,3998,PENALTY,"(2:37) (Shotgun) R.Leonard pass short right to P.Brown to NE 49 for 1 yard (B.Crossley; K.Harris) [I.Iton].
PENALTY on NE-I.Iton, Illegal Use of Hands, 5 yards, enforced at 50 - No Play.",https://pro.nfl.com/api/plays/summaryPlay?gameId=c66dfe7a-5f68-11f1-b1d0-bb70a4640075&playId=3998,4,3,6,02:37,50.0,False,False,2200,10,13,1.0433617874514312,11,1,1,3,5,11,2,4,5,Pharaoh Brown,Jimmy Morrissey,Luke Tenuta,Blake Freeland,Riley Leonard,Sahmir Hagans,E.J. Horton,Raylen Sharpe,Geno VanDeMark,Josh Kreutz,Anderson Castle,Jesse Luketa,Casey Rogers,Amari Gainer,Isaiah Iton,Kobee Minor,Brandon Crossley,Namdi Obiazor,Peter Manuma,Kenneth Harris,Khalil Jacobs,Eric Butler
2026004,1,4034,RUSH,(2:29) (Shotgun) R.Williams left tackle to NE 45 for no gain (A.Gainer).,https://pro.nfl.com/api/plays/summaryPlay?gameId=c66dfe7a-5f68-11f1-b1d0-bb70a4640075&playId=4034,4,1,10,02:29,45.0,False,False,2200,10,13,-0.2762567460886203,11,1,1,3,5,11,2,4,5,Pharaoh Brown,Jimmy Morrissey,Blake Freeland,Bayron Matos,Riley Leonard,Sahmir Hagans,E.J. Horton,Raylen Sharpe,Geno VanDeMark,Josh Kreutz,Roydell Williams,Jeremiah Pharms Jr.,Leonard Taylor III,Amari Gainer,Bradyn Swinson,Kobee Minor,Brandon Crossley,Namdi Obiazor,Peter Manuma,Kenneth Harris,Khalil Jacobs,Eric Butler
2026004,1,4068,TIMEOUT,Two-Minute Warning,https://pro.nfl.com/api/plays/summaryPlay?gameId=c66dfe7a-5f68-11f1-b1d0-bb70a4640075&playId=4068,4,0,0,02:00,,False,,2200,10,13,,0,0,0,0,0,0,0,0,0,,,,,,,,,,,,,,,,,,,,,,
2026004,1,4056,PASS,(2:00) (Shotgun) R.Leonard pass short left to R.Sharpe to NE 43 for 2 yards (K.Minor).,https://pro.nfl.com/api/plays/summaryPlay?gameId=c66dfe7a-5f68-11f1-b1d0-bb70a4640075&playId=4056,4,2,10,02:00,45.0,False,False,2200,10,13,-0.5443614328396507,11,1,1,3,5,11,2,4,5,Pharaoh Brown,Jimmy Morrissey,Blake Freeland,Bayron Matos,Riley Leonard,Sahmir Hagans,E.J. Horton,Raylen Sharpe,Geno VanDeMark,Josh Kreutz,Anderson Castle,Jeremiah Pharms Jr.,Leonard Taylor III,Bradyn Swinson,Kobee Minor,Brandon Crossley,Quintayvious Hutchins,Peter Manuma,Kenneth Harris,Khalil Jacobs,Eric Butler,Riley Wilson
2026004,1,4098,PASS,(1:26) (Shotgun) R.Leonard pass incomplete deep left to E.Horton.,https://pro.nfl.com/api/plays/summaryPlay?gameId=c66dfe7a-5f68-11f1-b1d0-bb70a4640075&playId=4098,4,3,8,01:26,43.0,False,False,2200,10,13,-1.378839882905595,11,1,1,3,5,11,2,4,5,Pharaoh Brown,Jimmy Morrissey,Blake Freeland,Bayron Matos,Riley Leonard,Sahmir Hagans,E.J. Horton,Raylen Sharpe,Geno VanDeMark,Josh Kreutz,Anderson Castle,Jeremiah Pharms Jr.,Leonard Taylor III,Bradyn Swinson,Kobee Minor,Brandon Crossley,Namdi Obiazor,Quintayvious Hutchins,Peter Manuma,Kenneth Harris,Khalil Jacobs,Eric Butler
2026004,1,4121,FIELD_GOAL,"(1:21) S.Shrader 61 yard field goal is GOOD, Center-L.Rhodes, Holder-R.Sanchez.",https://pro.nfl.com/api/plays/summaryPlay?gameId=c66dfe7a-5f68-11f1-b1d0-bb70a4640075&playId=4121,4,4,8,01:21,43.0,False,False,2200,10,13,2.534649866167456,11,0,2,0,6,11,2,4,5,Luke Rhodes,Rigoberto Sanchez,Pharaoh Brown,Jimmy Morrissey,Josh Sills,Blake Freeland,Bayron Matos,Spencer Shrader,Carson Towt,Jalen Farmer,Geno VanDeMark,Jeremiah Pharms Jr.,Leonard Taylor III,Bradyn Swinson,Kobee Minor,Brandon Crossley,Quintayvious Hutchins,Peter Manuma,Kenneth Harris,Khalil Jacobs,Eric Butler,Riley Wilson
2026004,1,4141,KICK_OFF,S.Shrader kicks 63 yards from IND 35 to NE 2. N.DeGennaro to NE 27 for 25 yards (J.Thomas).,https://pro.nfl.com/api/plays/summaryPlay?gameId=c66dfe7a-5f68-11f1-b1d0-bb70a4640075&playId=4141,4,0,0,01:16,65.0,False,False,2200,13,13,-0.021647553890943527,11,2,0,0,0,11,0,4,3,Juanyeh Thomas,Durell Nchami,Spencer Shrader,Devin Veresuk,Johnathan Edwards,Ulysses Bentley IV,Rob Carter Jr.,Caden Curry,Seth McGowan,Tahj Chambers,Mitchell Melton,Jesse Luketa,Amari Gainer,Bradyn Swinson,John Saunders Jr.,CJ Dippre,Mitch Van Vooren,Karon Prunty,Peter Manuma,Nick DeGennaro,Cameron Dorner,Riley Wilson
2026004,1,4164,PASS,(1:10) (Shotgun) B.Morton pass short middle to K.Prentice to NE 35 for 8 yards (W.Weeks).,https://pro.nfl.com/api/plays/summaryPlay?gameId=c66dfe7a-5f68-11f1-b1d0-bb70a4640075&playId=4164,4,1,10,01:10,73.0,False,False,3200,13,13,0.19379524840041995,11,2,0,3,5,11,4,2,5,Lorenz Metz,Jack Westover,Mehki Butler,Lan Larison,Dametrious Crownover,Behren Morton,Kobe Prentice,Nick DeGennaro,Cameron Dorner,JonDarius Morgan,Jacob Rizy,Juanyeh Thomas,Durell Nchami,Devin Veresuk,Rob Carter Jr.,George Gumbs Jr.,Caden Curry,Cameron Ball,Austin Brown,West Weeks,Jai'Onte' McMillan,Mekhi Rodgers
2026004,1,4189,PASS,"(:50) (No Huddle, Shotgun) B.Morton pass incomplete short left to L.Larison (C.Curry).",https://pro.nfl.com/api/plays/summaryPlay?gameId=c66dfe7a-5f68-11f1-b1d0-bb70a4640075&playId=4189,4,2,2,00:50,65.0,False,False,3200,13,13,-0.4532004900975153,11,2,0,3,5,11,4,2,5,Lorenz Metz,Jack Westover,Mehki Butler,Lan Larison,Dametrious Crownover,Behren Morton,Kobe Prentice,Nick DeGennaro,Cameron Dorner,JonDarius Morgan,Jacob Rizy,Juanyeh Thomas,Durell Nchami,Devin Veresuk,Rob Carter Jr.,George Gumbs Jr.,Caden Curry,Cameron Ball,Austin Brown,West Weeks,Jai'Onte' McMillan,Mekhi Rodgers
2026004,1,4212,PASS,"(:45) (Shotgun) B.Morton pass short left to K.Prentice to IND 46 for 19 yards (M.Rodgers).
PENALTY on IND-M.Rodgers, Unnecessary Roughness, 15 yards, enforced at IND 46.",https://pro.nfl.com/api/plays/summaryPlay?gameId=c66dfe7a-5f68-11f1-b1d0-bb70a4640075&playId=4212,4,3,2,00:45,65.0,False,False,3200,13,13,2.708420601557009,11,2,0,3,5,11,4,2,5,Lorenz Metz,Tejhaun Palmer,Jack Westover,Mehki Butler,Lan Larison,Dametrious Crownover,Behren Morton,Kobe Prentice,Nick DeGennaro,JonDarius Morgan,Jacob Rizy,Juanyeh Thomas,Durell Nchami,Devin Veresuk,Rob Carter Jr.,George Gumbs Jr.,Caden Curry,Cameron Ball,Austin Brown,West Weeks,Jai'Onte' McMillan,Mekhi Rodgers
2026004,1,4237,RUSH,"(:39) L.Larison up the middle to IND 34 for -3 yards (C.Curry, J.Thomas).",https://pro.nfl.com/api/plays/summaryPlay?gameId=c66dfe7a-5f68-11f1-b1d0-bb70a4640075&playId=4237,4,1,10,00:39,31.0,False,False,3200,13,13,-1.0646927405614406,11,2,0,3,5,11,4,2,5,Lorenz Metz,Tejhaun Palmer,Jack Westover,Mehki Butler,Lan Larison,Dametrious Crownover,Behren Morton,Kobe Prentice,Nick DeGennaro,JonDarius Morgan,Jacob Rizy,Juanyeh Thomas,Durell Nchami,Devin Veresuk,Rob Carter Jr.,George Gumbs Jr.,Caden Curry,Cameron Ball,Austin Brown,West Weeks,Jai'Onte' McMillan,Mekhi Rodgers
2026004,1,4283,TIMEOUT,Timeout #2 by NE at 00:19.,https://pro.nfl.com/api/plays/summaryPlay?gameId=c66dfe7a-5f68-11f1-b1d0-bb70a4640075&playId=4283,4,0,0,00:19,,False,,2200,13,13,,0,0,0,0,0,0,0,0,0,,,,,,,,,,,,,,,,,,,,,,
2026004,1,4271,PASS,(:19) (Shotgun) B.Morton pass incomplete short left to T.Palmer (C.Curry).,https://pro.nfl.com/api/plays/summaryPlay?gameId=c66dfe7a-5f68-11f1-b1d0-bb70a4640075&playId=4271,4,2,13,00:19,34.0,False,False,3200,13,13,-0.1273142108693719,11,2,0,3,5,11,4,2,5,Lorenz Metz,Tejhaun Palmer,Jack Westover,Mehki Butler,Lan Larison,Dametrious Crownover,Behren Morton,Kobe Prentice,Nick DeGennaro,JonDarius Morgan,Jacob Rizy,Juanyeh Thomas,Tim Smith,Devin Veresuk,Rob Carter Jr.,George Gumbs Jr.,Caden Curry,Cameron Ball,Austin Brown,West Weeks,Jai'Onte' McMillan,Mekhi Rodgers
2026004,1,4301,RUSH,(:17) L.Larison left tackle to IND 31 for 3 yards (T.Smith).,https://pro.nfl.com/api/plays/summaryPlay?gameId=c66dfe7a-5f68-11f1-b1d0-bb70a4640075&playId=4301,4,3,13,00:17,34.0,False,False,3200,13,13,-2.1638899814570323,11,2,0,3,5,11,4,2,5,Lorenz Metz,Tejhaun Palmer,Jack Westover,Mehki Butler,Lan Larison,Dametrious Crownover,Behren Morton,Kobe Prentice,Nick DeGennaro,JonDarius Morgan,Jacob Rizy,Juanyeh Thomas,Tim Smith,Devin Veresuk,Rob Carter Jr.,George Gumbs Jr.,Caden Curry,Cameron Ball,Austin Brown,West Weeks,Jai'Onte' McMillan,Mekhi Rodgers
2026004,1,4340,TIMEOUT,Timeout #1 by IND at 00:13.,https://pro.nfl.com/api/plays/summaryPlay?gameId=c66dfe7a-5f68-11f1-b1d0-bb70a4640075&playId=4340,4,0,0,00:13,,False,,2200,13,13,,0,0,0,0,0,0,0,0,0,,,,,,,,,,,,,,,,,,,,,,
2026004,1,4328,FIELD_GOAL,"(:13) A.Borregales 49 yard field goal is No Good, Wide Left, Center-N.Lalos, Holder-B.Baringer.",https://pro.nfl.com/api/plays/summaryPlay?gameId=c66dfe7a-5f68-11f1-b1d0-bb70a4640075&playId=4328,4,4,10,00:13,31.0,False,False,3200,13,13,-0.7342689413926564,11,0,2,0,6,11,4,3,4,Niko Lalos,James Hudson,Bryce Baringer,Lorenz Metz,Andy Borregales,Marcus Bryant,Mehki Butler,CJ Dippre,Tanner Arkin,JonDarius Morgan,Jacob Rizy,Adetomiwa Adebawore,Daniel Scott,Johnathan Edwards,Trey Washington,Rob Carter Jr.,Bryce Boettcher,Caden Curry,Cameron Ball,Tahj Chambers,Mitchell Melton,West Weeks
2026004,1,4356,PASS,(:10) (Shotgun) R.Leonard pass incomplete short left to P.Brown [B.Swinson].,https://pro.nfl.com/api/plays/summaryPlay?gameId=c66dfe7a-5f68-11f1-b1d0-bb70a4640075&playId=4356,4,1,10,00:10,61.0,False,False,2200,13,13,-0.255953639105428,11,1,1,3,5,11,2,4,5,Pharaoh Brown,Jimmy Morrissey,Blake Freeland,Bayron Matos,Riley Leonard,Sahmir Hagans,E.J. Horton,Raylen Sharpe,Geno VanDeMark,Josh Kreutz,Anderson Castle,Jeremiah Pharms Jr.,Jesse Luketa,Leonard Taylor III,Bradyn Swinson,Kobee Minor,Brandon Crossley,Namdi Obiazor,Peter Manuma,Kenneth Harris,Khalil Jacobs,Eric Butler
2026004,1,4391,TIMEOUT,Timeout #2 by IND at 00:05.,https://pro.nfl.com/api/plays/summaryPlay?gameId=c66dfe7a-5f68-11f1-b1d0-bb70a4640075&playId=4391,4,0,0,00:05,,False,,2200,13,13,,0,0,0,0,0,0,0,0,0,,,,,,,,,,,,,,,,,,,,,,
2026004,1,4379,PASS,(:05) (Shotgun) R.Leonard pass short right to E.Horton to IND 45 for 6 yards (N.Obiazor).,https://pro.nfl.com/api/plays/summaryPlay?gameId=c66dfe7a-5f68-11f1-b1d0-bb70a4640075&playId=4379,4,2,10,00:05,61.0,False,False,2200,13,13,-0.17938795255031437,11,1,1,3,5,11,2,4,5,Pharaoh Brown,Jimmy Morrissey,Blake Freeland,Bayron Matos,Riley Leonard,Sahmir Hagans,E.J. Horton,Raylen Sharpe,Geno VanDeMark,Josh Kreutz,Anderson Castle,Jeremiah Pharms Jr.,Jesse Luketa,Leonard Taylor III,Bradyn Swinson,Kobee Minor,Brandon Crossley,Namdi Obiazor,Peter Manuma,Kenneth Harris,Khalil Jacobs,Eric Butler
2026004,1,4423,TIMEOUT,Timeout #3 by IND at 00:01.,https://pro.nfl.com/api/plays/summaryPlay?gameId=c66dfe7a-5f68-11f1-b1d0-bb70a4640075&playId=4423,4,0,0,00:01,,False,,2200,13,13,,0,0,0,0,0,0,0,0,0,,,,,,,,,,,,,,,,,,,,,,
2026004,1,4411,PASS,(:01) (Shotgun) R.Leonard pass incomplete deep right.,https://pro.nfl.com/api/plays/summaryPlay?gameId=c66dfe7a-5f68-11f1-b1d0-bb70a4640075&playId=4411,4,3,4,00:01,55.0,False,False,2200,13,13,-0.14946367486845702,11,1,1,3,5,11,2,4,5,Pharaoh Brown,Jimmy Morrissey,Blake Freeland,Bayron Matos,Riley Leonard,Sahmir Hagans,E.J. Horton,Raylen Sharpe,Geno VanDeMark,Josh Kreutz,Anderson Castle,Jeremiah Pharms Jr.,Jesse Luketa,Leonard Taylor III,Bradyn Swinson,Kobee Minor,Brandon Crossley,Namdi Obiazor,Peter Manuma,Kenneth Harris,Khalil Jacobs,Eric Butler
2026004,1,4441,END_GAME,END GAME,https://pro.nfl.com/api/plays/summaryPlay?gameId=c66dfe7a-5f68-11f1-b1d0-bb70a4640075&playId=4441,4,0,0,00:00,,False,,2200,13,13,,0,0,0,0,0,0,0,0,0,,,,,,,,,,,,,,,,,,,,,,
2026005,1,1,GAME_START,GAME,https://pro.nfl.com/api/plays/summaryPlay?gameId=c66e0191-5f68-11f1-b1d0-bb70a4640075&playId=1,1,0,0,,,False,,3800,0,0,,0,0,0,0,0,0,0,0,0,,,,,,,,,,,,,,,,,,,,,,
2026005,1,40,KICK_OFF,C.Ryland kicks 62 yards from AZ 35 to LV 3. D.Thompkins pushed ob at LV 32 for 29 yards (E.Leota).,https://pro.nfl.com/api/plays/summaryPlay?gameId=c66e0191-5f68-11f1-b1d0-bb70a4640075&playId=40,1,0,0,15:00,65.0,False,False,3800,0,0,-0.3600241900421679,11,1,0,2,0,11,0,4,2,Simi Fehoko,Bam Knight,Jack Gibbens,Chad Ryland,Jalen Brooks,Eku Leota,Elijah Jones,Dadrion Taylor-Demerson,Jordan Burch,Cody Simon,Karson Sharar,Dare Ogunbowale,Connor Heyward,Tristin McCollum,Deven Thompkins,Segun Olubi,Tommy Eichenberg,Brennan Jackson,Jack Bech,Cody Lindenberg,Treydan Stukes,Mike Washington Jr.
2026005,1,63,RUSH,(14:53) A.Jeanty left guard to LV 35 for 3 yards (Ma.Wilson; R.Lopez).,https://pro.nfl.com/api/plays/summaryPlay?gameId=c66e0191-5f68-11f1-b1d0-bb70a4640075&playId=63,1,1,10,14:53,68.0,False,False,2520,0,0,-0.41318630147725344,11,1,3,1,5,11,3,4,4,Kirk Cousins,Kolton Miller,Tyler Linderbaum,Spencer Burford,Connor Heyward,Michael Mayer,Tre Tucker,Brock Bowers,Jackson Powers-Johnson,DJ Glaze,Ashton Jeanty,L.J. Collier,Mack Wilson,Andrew Wingard,Zaven Collins,Roy Lopez,Jack Gibbens,Dadrion Taylor-Demerson,Walter Nolen,Will Johnson,Jordan Burch,Denzel Burke
2026005,1,85,PASS,(14:15) (Shotgun) K.Cousins pass incomplete short right to A.Jeanty (L.Collier).,https://pro.nfl.com/api/plays/summaryPlay?gameId=c66e0191-5f68-11f1-b1d0-bb70a4640075&playId=85,1,2,7,14:15,65.0,False,False,2520,0,0,-0.9829057231545448,11,1,1,3,5,11,3,3,5,Kirk Cousins,Kolton Miller,Tyler Linderbaum,Spencer Burford,Jalen Nailor,Michael Mayer,Tre Tucker,Jackson Powers-Johnson,DJ Glaze,Ashton Jeanty,Jack Bech,L.J. Collier,Sean Murphy-Bunting,Mack Wilson,Andrew Wingard,Zaven Collins,Roy Lopez,Dadrion Taylor-Demerson,Walter Nolen,Will Johnson,Jordan Burch,Denzel Burke
2026005,1,108,PASS,(14:10) (Shotgun) K.Cousins pass short left to J.Bech to LV 45 for 10 yards (W.Johnson).,https://pro.nfl.com/api/plays/summaryPlay?gameId=c66e0191-5f68-11f1-b1d0-bb70a4640075&playId=108,1,3,7,14:10,65.0,False,False,2520,0,0,2.329861278878525,11,1,1,3,5,11,2,4,5,Kirk Cousins,Kolton Miller,Tyler Linderbaum,Spencer Burford,Jalen Nailor,Michael Mayer,Tre Tucker,Jackson Powers-Johnson,DJ Glaze,Ashton Jeanty,Jack Bech,L.J. Collier,Sean Murphy-Bunting,Mack Wilson,Andrew Wingard,Zaven Collins,Jack Gibbens,Dadrion Taylor-Demerson,Walter Nolen,Will Johnson,Jordan Burch,Denzel Burke
2026005,1,133,PASS,(13:33) K.Cousins pass short right to M.Mayer to AZ 49 for 6 yards (Z.Collins).,https://pro.nfl.com/api/plays/summaryPlay?gameId=c66e0191-5f68-11f1-b1d0-bb70a4640075&playId=133,1,1,10,13:33,55.0,False,False,2520,0,0,0.22989815124310553,11,1,3,1,5,11,3,4,4,Kirk Cousins,Kolton Miller,Albert Okwuegbunam,Tyler Linderbaum,Spencer Burford,Connor Heyward,Michael Mayer,Jackson Powers-Johnson,DJ Glaze,Ashton Jeanty,Jack Bech,L.J. Collier,Mack Wilson,Andrew Wingard,Zaven Collins,Roy Lopez,Jack Gibbens,Dadrion Taylor-Demerson,Walter Nolen,Will Johnson,Jordan Burch,Denzel Burke
2026005,1,158,RUSH,"(12:58) A.Jeanty up the middle to AZ 46 for 3 yards (W.Nolen, Ma.Wilson).",https://pro.nfl.com/api/plays/summaryPlay?gameId=c66e0191-5f68-11f1-b1d0-bb70a4640075&playId=158,1,2,4,12:58,49.0,False,False,2520,0,0,-0.16914697759784758,11,1,2,2,5,11,3,3,5,Kirk Cousins,Kolton Miller,Tyler Linderbaum,Spencer Burford,Jalen Nailor,Connor Heyward,Michael Mayer,Tre Tucker,Jackson Powers-Johnson,DJ Glaze,Ashton Jeanty,L.J. Collier,Sean Murphy-Bunting,Mack Wilson,Andrew Wingard,Zaven Collins,Roy Lopez,BJ Ojulari,Dadrion Taylor-Demerson,Walter Nolen,Will Johnson,Denzel Burke
2026005,1,180,RUSH,(12:22) A.Jeanty left guard to AZ 36 for 10 yards (A.Wingard; D.Taylor-Demerson).,https://pro.nfl.com/api/plays/summaryPlay?gameId=c66e0191-5f68-11f1-b1d0-bb70a4640075&playId=180,1,3,1,12:22,46.0,False,False,2520,0,0,0.9990485517773777,11,1,2,2,5,11,3,4,4,Kirk Cousins,Kolton Miller,Ian Thomas,Tyler Linderbaum,Spencer Burford,Jalen Nailor,Michael Mayer,Tre Tucker,Jackson Powers-Johnson,DJ Glaze,Ashton Jeanty,L.J. Collier,Mack Wilson,Andrew Wingard,Zaven Collins,Roy Lopez,Jack Gibbens,Dadrion Taylor-Demerson,Walter Nolen,Will Johnson,Jordan Burch,Denzel Burke
2026005,1,202,PASS,(11:41) (Shotgun) K.Cousins pass short left to T.Tucker pushed ob at AZ 20 for 16 yards (W.Johnson).,https://pro.nfl.com/api/plays/summaryPlay?gameId=c66e0191-5f68-11f1-b1d0-bb70a4640075&playId=202,1,1,10,11:41,36.0,False,False,2520,0,0,1.0474527510814369,11,1,1,3,5,11,3,3,5,Kirk Cousins,Kolton Miller,Tyler Linderbaum,Spencer Burford,Jalen Nailor,Michael Mayer,Tre Tucker,Jackson Powers-Johnson,DJ Glaze,Ashton Jeanty,Jack Bech,Andrew Billings,Sean Murphy-Bunting,Mack Wilson,Andrew Wingard,BJ Ojulari,Eku Leota,Darius Robinson,Dadrion Taylor-Demerson,Walter Nolen,Will Johnson,Denzel Burke
2026005,1,227,RUSH,(11:09) M.Washington left end to AZ 18 for 2 yards (A.Wingard; J.Gibbens).,https://pro.nfl.com/api/plays/summaryPlay?gameId=c66e0191-5f68-11f1-b1d0-bb70a4640075&playId=227,1,1,10,11:09,20.0,False,True,2520,0,0,-0.33087470673490316,11,1,2,2,5,11,3,4,4,Kirk Cousins,Kolton Miller,Tyler Linderbaum,Spencer Burford,Jalen Nailor,Connor Heyward,Michael Mayer,Tre Tucker,Jackson Powers-Johnson,DJ Glaze,Mike Washington Jr.,Andrew Billings,Mack Wilson,Andrew Wingard,Jack Gibbens,BJ Ojulari,Eku Leota,Darius Robinson,Dadrion Taylor-Demerson,Walter Nolen,Will Johnson,Denzel Burke
2026005,1,249,PASS,(10:29) K.Cousins pass short right to T.Tucker to AZ 13 for 5 yards (D.Burke).,https://pro.nfl.com/api/plays/summaryPlay?gameId=c66e0191-5f68-11f1-b1d0-bb70a4640075&playId=249,1,2,8,10:29,18.0,False,True,2520,0,0,0.03229292680043727,11,1,2,2,5,11,3,4,4,Kirk Cousins,Kolton Miller,Ian Thomas,Tyler Linderbaum,Spencer Burford,Jalen Nailor,Michael Mayer,Tre Tucker,Jackson Powers-Johnson,DJ Glaze,Mike Washington Jr.,Andrew Billings,Mack Wilson,Andrew Wingard,Jack Gibbens,BJ Ojulari,Eku Leota,Darius Robinson,Dadrion Taylor-Demerson,Walter Nolen,Will Johnson,Denzel Burke
2026005,1,274,PASS,"(9:50) (Shotgun) K.Cousins pass short left to M.Mayer for 13 yards, TOUCHDOWN.",https://pro.nfl.com/api/plays/summaryPlay?gameId=c66e0191-5f68-11f1-b1d0-bb70a4640075&playId=274,1,3,3,09:50,13.0,False,True,2520,0,0,2.438335702288896,11,1,1,3,5,11,2,4,5,Kirk Cousins,Kolton Miller,Tyler Linderbaum,Spencer Burford,Jalen Nailor,Michael Mayer,Tre Tucker,Jackson Powers-Johnson,DJ Glaze,Jack Bech,Mike Washington Jr.,L.J. Collier,Sean Murphy-Bunting,Mack Wilson,Andrew Wingard,Zaven Collins,Jack Gibbens,Darius Robinson,Dadrion Taylor-Demerson,Will Johnson,Jordan Burch,Denzel Burke
2026005,1,295,XP_KICK,"M.Gay extra point is GOOD, Center-A.Ward, Holder-A.Cole.",https://pro.nfl.com/api/plays/summaryPlay?gameId=c66e0191-5f68-11f1-b1d0-bb70a4640075&playId=295,1,0,0,09:44,15.0,False,False,2520,6,0,0.06888505002846201,11,0,0,0,7,11,4,3,4,Kolton Miller,Matt Gay,AJ Cole,Spencer Burford,Alex Ward,Jackson Powers-Johnson,DJ Glaze,Caleb Rogers,Charles Grant,Tonka Hemingway,Trey Zuhn III,Isaiah Oliver,Jonah Williams,Brodric Martin,Owen Pappoe,Starling Thomas V,Eku Leota,Elijah Jones,Cam Horsley,Karson Sharar,Damonic Williams,Wydett Williams Jr.
2026005,1,320,TIMEOUT,Timeout at 09:44.,https://pro.nfl.com/api/plays/summaryPlay?gameId=c66e0191-5f68-11f1-b1d0-bb70a4640075&playId=320,1,0,0,09:44,,False,,3800,0,7,,0,0,0,0,0,0,0,0,0,,,,,,,,,,,,,,,,,,,,,,
2026005,1,310,KICK_OFF,M.Gay kicks 62 yards from LV 35 to AZ 3. I.Smith-Marsette to AZ 27 for 24 yards (B.Jackson; D.Ogunbowale).,https://pro.nfl.com/api/plays/summaryPlay?gameId=c66e0191-5f68-11f1-b1d0-bb70a4640075&playId=310,1,0,0,09:44,65.0,False,False,2520,7,0,-0.06380624324083328,11,1,1,2,0,11,0,6,2,Dare Ogunbowale,Matt Gay,Connor Heyward,Dareke Young,Tristin McCollum,Segun Olubi,Brennan Jackson,Jack Bech,Cody Lindenberg,Treydan Stukes,Dalton Johnson,Devin Duvernay,Ihmir Smith-Marsette,Jack Gibbens,Owen Pappoe,Jalen Brooks,Eku Leota,Dadrion Taylor-Demerson,Kalen King,Jordan Burch,Cody Simon,Karson Sharar
2026005,1,340,RUSH,(9:37) J.Love left guard to AZ 30 for 3 yards (T.Johnson).,https://pro.nfl.com/api/plays/summaryPlay?gameId=c66e0191-5f68-11f1-b1d0-bb70a4640075&playId=340,1,1,10,09:37,73.0,False,False,3800,0,7,-0.3151154010556638,11,1,1,3,5,11,4,2,5,Isaac Seumalo,Jacoby Brissett,Kendrick Bourne,Elijah Wilkinson,Hjalte Froholdt,Trey McBride,Paris Johnson Jr.,Michael Wilson,Marvin Harrison Jr.,Isaiah Adams,Jeremiyah Love,Adam Butler,Taron Johnson,Jeremy Chinn,Kwity Paye,Eric Stokes,Malcolm Koonce,Quay Walker,Nakobe Dean,Isaiah Pola-Mao,Darien Porter,Tonka Hemingway
2026005,1,362,PASS,(9:06) J.Brissett pass short right to M.Wilson pushed ob at AZ 35 for 5 yards (J.Chinn).,https://pro.nfl.com/api/plays/summaryPlay?gameId=c66e0191-5f68-11f1-b1d0-bb70a4640075&playId=362,1,2,7,09:06,70.0,False,False,3800,0,7,0.012036409694701433,11,1,2,2,5,11,5,2,4,Isaac Seumalo,Jacoby Brissett,Elijah Wilkinson,Hjalte Froholdt,Teagan Quitoriano,Paris Johnson Jr.,Michael Wilson,Marvin Harrison Jr.,Isaiah Adams,Rivaldo Fairweather,Jeremiyah Love,Adam Butler,Jeremy Chinn,Kwity Paye,Eric Stokes,Malcolm Koonce,Quay Walker,Nakobe Dean,Thomas Booker,Isaiah Pola-Mao,Darien Porter,Tonka Hemingway
2026005,1,387,PENALTY,"(8:36) (Shotgun) J.Brissett pass incomplete deep left to M.Harrison.
PENALTY on LV-T.Johnson, Defensive Pass Interference, 20 yards, enforced at AZ 35 - No Play.",https://pro.nfl.com/api/plays/summaryPlay?gameId=c66e0191-5f68-11f1-b1d0-bb70a4640075&playId=387,1,3,2,08:36,65.0,False,False,3800,0,7,2.0672495488543063,11,1,1,3,5,11,4,2,5,Isaac Seumalo,Jacoby Brissett,Kendrick Bourne,Elijah Wilkinson,Hjalte Froholdt,Teagan Quitoriano,Paris Johnson Jr.,Michael Wilson,Marvin Harrison Jr.,Isaiah Adams,Jeremiyah Love,Adam Butler,Taron Johnson,Jeremy Chinn,Kwity Paye,Eric Stokes,Malcolm Koonce,Quay Walker,Nakobe Dean,Isaiah Pola-Mao,Darien Porter,Tonka Hemingway
2026005,1,421,RUSH,(8:31) J.Love left guard to LV 43 for 2 yards (Q.Walker).,https://pro.nfl.com/api/plays/summaryPlay?gameId=c66e0191-5f68-11f1-b1d0-bb70a4640075&playId=421,1,1,10,08:31,45.0,False,False,3800,0,7,-0.5080033112317324,11,1,1,3,5,11,4,2,5,Isaac Seumalo,Jacoby Brissett,Kendrick Bourne,Elijah Wilkinson,Hjalte Froholdt,Teagan Quitoriano,Paris Johnson Jr.,Jalen Brooks,Marvin Harrison Jr.,Isaiah Adams,Jeremiyah Love,Adam Butler,Taron Johnson,Jeremy Chinn,Kwity Paye,Eric Stokes,Malcolm Koonce,Quay Walker,Nakobe Dean,Isaiah Pola-Mao,Darien Porter,Tonka Hemingway
2026005,1,443,PENALTY,"(7:55) (Shotgun) PENALTY on AZ-I.Seumalo, False Start, 5 yards, enforced at LV 43 - No Play.",https://pro.nfl.com/api/plays/summaryPlay?gameId=c66e0191-5f68-11f1-b1d0-bb70a4640075&playId=443,1,2,8,07:55,43.0,False,False,3800,0,7,-0.46508250990882516,11,1,1,3,5,11,4,2,5,Isaac Seumalo,Jacoby Brissett,Kendrick Bourne,Elijah Wilkinson,Hjalte Froholdt,Teagan Quitoriano,Paris Johnson Jr.,Jalen Brooks,Marvin Harrison Jr.,Isaiah Adams,Jeremiyah Love,Adam Butler,Taron Johnson,Jeremy Chinn,Kwity Paye,Eric Stokes,Malcolm Koonce,Quay Walker,Nakobe Dean,Isaiah Pola-Mao,Darien Porter,Tonka Hemingway
2026005,1,467,PASS,(7:46) (Shotgun) J.Brissett pass short right to J.Love to LV 46 for 2 yards (T.Johnson).,https://pro.nfl.com/api/plays/summaryPlay?gameId=c66e0191-5f68-11f1-b1d0-bb70a4640075&playId=467,1,2,13,07:46,48.0,False,False,3800,0,7,-1.1009218133985996,11,1,1,3,5,11,4,2,5,Isaac Seumalo,Jacoby Brissett,Kendrick Bourne,Elijah Wilkinson,Hjalte Froholdt,Teagan Quitoriano,Paris Johnson Jr.,Michael Wilson,Marvin Harrison Jr.,Isaiah Adams,Jeremiyah Love,Adam Butler,Taron Johnson,Jeremy Chinn,Kwity Paye,Eric Stokes,Malcolm Koonce,Quay Walker,Nakobe Dean,Isaiah Pola-Mao,Darien Porter,Tonka Hemingway
2026005,1,492,PASS,"(7:18) (No Huddle, Shotgun) J.Brissett pass short right to M.Wilson pushed ob at LV 28 for 18 yards (E.Stokes).",https://pro.nfl.com/api/plays/summaryPlay?gameId=c66e0191-5f68-11f1-b1d0-bb70a4640075&playId=492,1,3,11,07:18,46.0,False,False,3800,0,7,3.230037203291431,11,1,1,3,5,11,4,2,5,Isaac Seumalo,Jacoby Brissett,Kendrick Bourne,Elijah Wilkinson,Hjalte Froholdt,Teagan Quitoriano,Paris Johnson Jr.,Michael Wilson,Marvin Harrison Jr.,Isaiah Adams,Jeremiyah Love,Taron Johnson,Jeremy Chinn,Kwity Paye,Eric Stokes,Malcolm Koonce,Quay Walker,Nakobe Dean,Isaiah Pola-Mao,Jonah Laulu,Darien Porter,Tonka Hemingway
2026005,1,517,RUSH,(6:51) T.Allgeier up the middle to LV 21 for 7 yards (N.Dean).,https://pro.nfl.com/api/plays/summaryPlay?gameId=c66e0191-5f68-11f1-b1d0-bb70a4640075&playId=517,1,1,10,06:51,28.0,False,False,3800,0,7,0.3080211371416226,11,1,1,3,5,11,4,2,5,Isaac Seumalo,Jacoby Brissett,Kendrick Bourne,Elijah Wilkinson,Hjalte Froholdt,Tyler Allgeier,Teagan Quitoriano,Paris Johnson Jr.,Jalen Brooks,Marvin Harrison Jr.,Isaiah Adams,Taron Johnson,Jeremy Chinn,Kwity Paye,Eric Stokes,Malcolm Koonce,Quay Walker,Nakobe Dean,Thomas Booker,Isaiah Pola-Mao,Jonah Laulu,Darien Porter
2026005,1,539,RUSH,(6:18) T.Allgeier left end pushed ob at LV 14 for 7 yards (J.Chinn).,https://pro.nfl.com/api/plays/summaryPlay?gameId=c66e0191-5f68-11f1-b1d0-bb70a4640075&playId=539,1,2,3,06:18,21.0,False,False,3800,0,7,0.42830495117232203,11,1,1,3,5,11,4,2,5,Isaac Seumalo,Jacoby Brissett,Kendrick Bourne,Elijah Wilkinson,Hjalte Froholdt,Tyler Allgeier,Paris Johnson Jr.,Jalen Brooks,Marvin Harrison Jr.,Isaiah Adams,Rivaldo Fairweather,Taron Johnson,Jeremy Chinn,Kwity Paye,Eric Stokes,Malcolm Koonce,Quay Walker,Nakobe Dean,Thomas Booker,Isaiah Pola-Mao,Jonah Laulu,Darien Porter
2026005,1,561,RUSH,(5:43) T.Allgeier right guard to LV 14 for no gain (Q.Walker).,https://pro.nfl.com/api/plays/summaryPlay?gameId=c66e0191-5f68-11f1-b1d0-bb70a4640075&playId=561,1,1,10,05:43,14.0,False,True,3800,0,7,-0.4476647649426013,11,1,2,2,5,11,5,2,4,Isaac Seumalo,Jacoby Brissett,Elijah Wilkinson,Hjalte Froholdt,Tyler Allgeier,Teagan Quitoriano,Paris Johnson Jr.,Jalen Brooks,Marvin Harrison Jr.,Isaiah Adams,Rivaldo Fairweather,Adam Butler,Jeremy Chinn,Kwity Paye,Eric Stokes,Malcolm Koonce,Quay Walker,Nakobe Dean,Thomas Booker,Isaiah Pola-Mao,Jonah Laulu,Darien Porter
2026005,1,583,PENALTY,"(5:01) PENALTY on AZ-T.Quitoriano, False Start, 5 yards, enforced at LV 14 - No Play.",https://pro.nfl.com/api/plays/summaryPlay?gameId=c66e0191-5f68-11f1-b1d0-bb70a4640075&playId=583,1,2,10,05:01,14.0,False,True,3800,0,7,-0.8237706839572638,11,1,1,3,5,11,4,2,5,Isaac Seumalo,Jacoby Brissett,Kendrick Bourne,Elijah Wilkinson,Hjalte Froholdt,Tyler Allgeier,Teagan Quitoriano,Paris Johnson Jr.,Jalen Brooks,Marvin Harrison Jr.,Isaiah Adams,Adam Butler,Taron Johnson,Jeremy Chinn,Kwity Paye,Eric Stokes,Malcolm Koonce,Quay Walker,Nakobe Dean,Isaiah Pola-Mao,Jonah Laulu,Darien Porter
2026005,1,607,PASS,(4:37) (Shotgun) J.Brissett pass short left to K.Bourne to LV 7 for 12 yards (N.Dean; J.Chinn).,https://pro.nfl.com/api/plays/summaryPlay?gameId=c66e0191-5f68-11f1-b1d0-bb70a4640075&playId=607,1,2,15,04:37,19.0,False,True,3800,0,7,0.8705868282122537,11,1,1,3,5,11,4,2,5,Isaac Seumalo,Jacoby Brissett,Kendrick Bourne,Elijah Wilkinson,Hjalte Froholdt,Paris Johnson Jr.,Michael Wilson,Marvin Harrison Jr.,Isaiah Adams,Rivaldo Fairweather,Jeremiyah Love,Adam Butler,Taron Johnson,Jeremy Chinn,Kwity Paye,Eric Stokes,Malcolm Koonce,Quay Walker,Nakobe Dean,Isaiah Pola-Mao,Jonah Laulu,Darien Porter
2026005,1,632,PASS,"(3:52) J.Brissett pass short right to M.Harrison for 7 yards, TOUCHDOWN.",https://pro.nfl.com/api/plays/summaryPlay?gameId=c66e0191-5f68-11f1-b1d0-bb70a4640075&playId=632,1,3,3,03:52,7.0,False,True,3800,0,7,2.2420446258038282,11,1,2,2,5,11,4,2,5,Isaac Seumalo,Jacoby Brissett,Elijah Wilkinson,Hjalte Froholdt,Teagan Quitoriano,Paris Johnson Jr.,Michael Wilson,Marvin Harrison Jr.,Isaiah Adams,Rivaldo Fairweather,Jeremiyah Love,Adam Butler,Taron Johnson,Jeremy Chinn,Kwity Paye,Eric Stokes,Malcolm Koonce,Quay Walker,Nakobe Dean,Isaiah Pola-Mao,Darien Porter,Tonka Hemingway
2026005,1,653,XP_KICK,"C.Ryland extra point is GOOD, Center-C.Kreiter, Holder-B.Gillikin.
PENALTY on LV-A.Butler, Defensive Offside, 5 yards, enforced between downs.",https://pro.nfl.com/api/plays/summaryPlay?gameId=c66e0191-5f68-11f1-b1d0-bb70a4640075&playId=653,1,0,0,03:47,15.0,False,False,3800,6,7,0.06888505002846201,11,0,2,0,6,11,4,2,5,Casey Kreiter,Matt Pryor,Blake Gillikin,Chad Ryland,Jon Gaines II,Christian Jones,Hayden Conner,Rivaldo Fairweather,Josh Fryar,Chase Bisontis,Jameson Geers,Adam Butler,Taron Johnson,Jeremy Chinn,Kwity Paye,Eric Stokes,Malcolm Koonce,Quay Walker,Nakobe Dean,Isaiah Pola-Mao,Darien Porter,Tonka Hemingway
2026005,1,689,TIMEOUT,Timeout at 03:47.,https://pro.nfl.com/api/plays/summaryPlay?gameId=c66e0191-5f68-11f1-b1d0-bb70a4640075&playId=689,1,0,0,03:47,,False,,3800,7,7,,0,0,0,0,0,0,0,0,0,,,,,,,,,,,,,,,,,,,,,,
2026005,1,679,KICK_OFF,"C.Ryland kicks 57 yards from AZ 40 to LV 3. M.Washington to LV 30 for 27 yards (E.Leota; W.Williams).
PENALTY on LV-C.Heyward, Offensive Holding, 10 yards, enforced at LV 25.",https://pro.nfl.com/api/plays/summaryPlay?gameId=c66e0191-5f68-11f1-b1d0-bb70a4640075&playId=679,1,0,0,03:47,60.0,False,False,3800,7,7,0.81122777890414,11,1,0,1,0,11,0,4,2,Isaiah Oliver,Simi Fehoko,Bam Knight,Elliott Brown,Chad Ryland,Owen Pappoe,Eku Leota,Elijah Jones,Dadrion Taylor-Demerson,Karson Sharar,Wydett Williams Jr.,Dare Ogunbowale,Connor Heyward,Tristin McCollum,Deven Thompkins,Segun Olubi,Tommy Eichenberg,Brennan Jackson,Jack Bech,Cody Lindenberg,Treydan Stukes,Mike Washington Jr.
2026005,1,720,RUSH,(3:39) M.Washington up the middle to LV 17 for 2 yards (J.Gibbens).,https://pro.nfl.com/api/plays/summaryPlay?gameId=c66e0191-5f68-11f1-b1d0-bb70a4640075&playId=720,1,1,10,03:39,85.0,False,False,2520,7,7,-0.4293901324272156,11,1,1,3,5,11,3,3,5,Ian Thomas,Jordan Meredith,Deven Thompkins,Atonio Mafi,Jack Bech,Caleb Rogers,Charles Grant,Fernando Mendoza,Trey Zuhn III,Mike Washington Jr.,Malik Benson,Andrew Billings,L.J. Collier,Sean Murphy-Bunting,Jack Gibbens,Darius Robinson,Dadrion Taylor-Demerson,Will Johnson,Jordan Burch,Cody Simon,Denzel Burke,Kitan Crawford
2026005,1,742,PASS,(3:03) (Shotgun) F.Mendoza pass incomplete short right.,https://pro.nfl.com/api/plays/summaryPlay?gameId=c66e0191-5f68-11f1-b1d0-bb70a4640075&playId=742,1,2,8,03:03,83.0,False,False,2520,7,7,-0.962641735561192,11,1,1,3,5,11,3,3,5,Ian Thomas,Jordan Meredith,Deven Thompkins,Atonio Mafi,Jack Bech,Caleb Rogers,Charles Grant,Fernando Mendoza,Trey Zuhn III,Mike Washington Jr.,Malik Benson,Andrew Billings,L.J. Collier,Sean Murphy-Bunting,Jack Gibbens,Darius Robinson,Dadrion Taylor-Demerson,Will Johnson,Jordan Burch,Cody Simon,Denzel Burke,Kitan Crawford
2026005,1,765,PASS,(2:58) (Shotgun) F.Mendoza pass short right to J.Bech ran ob at LV 26 for 9 yards.,https://pro.nfl.com/api/plays/summaryPlay?gameId=c66e0191-5f68-11f1-b1d0-bb70a4640075&playId=765,1,3,8,02:58,83.0,False,False,2520,7,7,2.1880415747873485,11,1,1,3,5,11,2,4,5,Ian Thomas,Jordan Meredith,Deven Thompkins,Atonio Mafi,Jack Bech,Caleb Rogers,Charles Grant,Fernando Mendoza,Trey Zuhn III,Mike Washington Jr.,Malik Benson,L.J. Collier,Sean Murphy-Bunting,Jack Gibbens,Elliott Brown,Dadrion Taylor-Demerson,Walter Nolen,Will Johnson,Jordan Burch,Cody Simon,Denzel Burke,Kitan Crawford
2026005,1,790,RUSH,(2:29) M.Washington up the middle to LV 28 for 2 yards (J.Gibbens; R.Lopez).,https://pro.nfl.com/api/plays/summaryPlay?gameId=c66e0191-5f68-11f1-b1d0-bb70a4640075&playId=790,1,1,10,02:29,74.0,False,False,2520,7,7,-0.5383943999186158,11,1,2,2,5,11,3,4,4,Ian Thomas,Jordan Meredith,Connor Heyward,Atonio Mafi,Jack Bech,Caleb Rogers,Charles Grant,Fernando Mendoza,Trey Zuhn III,Mike Washington Jr.,Malik Benson,Roy Lopez,Jack Gibbens,BJ Ojulari,Eku Leota,Darius Robinson,Dadrion Taylor-Demerson,Walter Nolen,Will Johnson,Cody Simon,Denzel Burke,Kitan Crawford
2026005,1,812,PENALTY,"(1:51) F.Mendoza pass short middle to M.Washington to LV 33 for 5 yards (D.Taylor-Demerson).
PENALTY on LV-C.Grant, Offensive Holding, 10 yards, enforced at LV 28 - No Play.",https://pro.nfl.com/api/plays/summaryPlay?gameId=c66e0191-5f68-11f1-b1d0-bb70a4640075&playId=812,1,2,8,01:51,72.0,False,False,2520,7,7,-1.021240286063403,11,1,2,2,5,11,3,3,5,Ian Thomas,Albert Okwuegbunam,Jordan Meredith,Atonio Mafi,Jack Bech,Caleb Rogers,Charles Grant,Fernando Mendoza,Trey Zuhn III,Mike Washington Jr.,Malik Benson,Sean Murphy-Bunting,Roy Lopez,Jack Gibbens,BJ Ojulari,Darius Robinson,Dadrion Taylor-Demerson,Walter Nolen,Will Johnson,Cody Simon,Denzel Burke,Kitan Crawford
2026005,1,848,PASS,(1:29) (Shotgun) F.Mendoza pass incomplete short right to M.Washington (D.Burke) [E.Leota].,https://pro.nfl.com/api/plays/summaryPlay?gameId=c66e0191-5f68-11f1-b1d0-bb70a4640075&playId=848,1,2,18,01:29,82.0,False,False,2520,7,7,-1.1115278750658035,11,1,1,3,5,11,2,4,5,Ian Thomas,Jordan Meredith,Deven Thompkins,Atonio Mafi,Jack Bech,Caleb Rogers,Charles Grant,Fernando Mendoza,Trey Zuhn III,Mike Washington Jr.,Malik Benson,L.J. Collier,Sean Murphy-Bunting,Jack Gibbens,BJ Ojulari,Eku Leota,Dadrion Taylor-Demerson,Walter Nolen,Will Johnson,Cody Simon,Denzel Burke,Kitan Crawford
2026005,1,871,RUSH,(1:24) (Shotgun) D.Laube right guard to LV 26 for 8 yards (L.Collier; C.Simon).,https://pro.nfl.com/api/plays/summaryPlay?gameId=c66e0191-5f68-11f1-b1d0-bb70a4640075&playId=871,1,3,18,01:24,82.0,False,False,2520,7,7,-0.4544363138265908,11,1,1,3,5,11,2,4,5,Ian Thomas,Jordan Meredith,Deven Thompkins,Atonio Mafi,Dylan Laube,Jack Bech,Caleb Rogers,Charles Grant,Fernando Mendoza,Trey Zuhn III,Malik Benson,L.J. Collier,Sean Murphy-Bunting,Jack Gibbens,Eku Leota,Dadrion Taylor-Demerson,Walter Nolen,Will Johnson,Jordan Burch,Cody Simon,Denzel Burke,Kitan Crawford
2026005,1,893,PUNT,"(:47) A.Cole punts 60 yards to AZ 14, Center-A.Ward. D.Duvernay to AZ 22 for 8 yards (D.Johnson).",https://pro.nfl.com/api/plays/summaryPlay?gameId=c66e0191-5f68-11f1-b1d0-bb70a4640075&playId=893,1,4,10,00:47,74.0,False,False,2520,7,7,0.518961007706821,11,2,1,0,0,11,0,4,4,Dare Ogunbowale,AJ Cole,Isaiah Pola-Mao,Segun Olubi,Alex Ward,Tommy Eichenberg,Dylan Laube,Cody Lindenberg,Treydan Stukes,Dalton Johnson,Patrick Gurd,Devin Duvernay,Simi Fehoko,Jack Gibbens,Jalen Brooks,Max Melton,Elijah Jones,Dadrion Taylor-Demerson,Jordan Burch,Cody Simon,Kitan Crawford,Karson Sharar
2026005,1,931,TIMEOUT,Timeout at 00:37.,https://pro.nfl.com/api/plays/summaryPlay?gameId=c66e0191-5f68-11f1-b1d0-bb70a4640075&playId=931,1,0,0,00:37,,False,,3800,7,7,,0,0,0,0,0,0,0,0,0,,,,,,,,,,,,,,,,,,,,,,
2026005,1,919,RUSH,(:37) J.Love up the middle to AZ 23 for 1 yard (T.Stukes; C.Lindenberg).,https://pro.nfl.com/api/plays/summaryPlay?gameId=c66e0191-5f68-11f1-b1d0-bb70a4640075&playId=919,1,1,10,00:37,78.0,False,False,3800,7,7,-0.5775015042163432,11,1,2,2,5,11,3,4,4,Gardner Minshew,Simi Fehoko,Teagan Quitoriano,Jon Gaines II,Jalen Brooks,Shawn Bowman,Hayden Conner,Josh Fryar,Jeremiyah Love,Chase Bisontis,Jayden Williams,Benito Jones,Tristin McCollum,Tommy Eichenberg,Brennan Jackson,Jonah Laulu,Cody Lindenberg,Treven Ma'ae,Treydan Stukes,Keyron Crawford,Jermod McCoy,Hezekiah Masses
2026005,1,948,END_QUARTER,END QUARTER 1,https://pro.nfl.com/api/plays/summaryPlay?gameId=c66e0191-5f68-11f1-b1d0-bb70a4640075&playId=948,1,0,0,,,False,,3800,7,7,,0,0,0,0,0,0,0,0,0,,,,,,,,,,,,,,,,,,,,,,
2026005,1,968,PASS,(15:00) (Shotgun) G.Minshew pass short middle to J.Love to AZ 28 for 5 yards (C.Lindenberg).,https://pro.nfl.com/api/plays/summaryPlay?gameId=c66e0191-5f68-11f1-b1d0-bb70a4640075&playId=968,2,2,9,15:00,77.0,False,False,3800,7,7,-0.17264552880078554,11,1,1,3,5,11,2,4,5,Gardner Minshew,Devin Duvernay,Simi Fehoko,Teagan Quitoriano,Jon Gaines II,Jalen Brooks,Hayden Conner,Josh Fryar,Jeremiyah Love,Chase Bisontis,Jayden Williams,Benito Jones,Tristin McCollum,Tommy Eichenberg,Brennan Jackson,Jonah Laulu,Cody Lindenberg,Greedy Vance,Treydan Stukes,Keyron Crawford,Jermod McCoy,Hezekiah Masses
2026005,1,993,PASS,(14:24) (Shotgun) G.Minshew pass short left to J.Brooks to AZ 37 for 9 yards (H.Masses).,https://pro.nfl.com/api/plays/summaryPlay?gameId=c66e0191-5f68-11f1-b1d0-bb70a4640075&playId=993,2,3,4,14:24,72.0,False,False,3800,7,7,1.7600609560031444,11,1,1,3,5,11,2,4,5,Gardner Minshew,Devin Duvernay,Simi Fehoko,Teagan Quitoriano,Jon Gaines II,Jalen Brooks,Hayden Conner,Josh Fryar,Jeremiyah Love,Chase Bisontis,Jayden Williams,Benito Jones,Tristin McCollum,Tommy Eichenberg,Brennan Jackson,Jonah Laulu,Cody Lindenberg,Greedy Vance,Treydan Stukes,Keyron Crawford,Jermod McCoy,Hezekiah Masses
2026005,1,1018,RUSH,(13:45) J.Love left guard to AZ 39 for 2 yards (B.Jackson).,https://pro.nfl.com/api/plays/summaryPlay?gameId=c66e0191-5f68-11f1-b1d0-bb70a4640075&playId=1018,2,1,10,13:45,63.0,False,False,3800,7,7,-0.38690809393301606,11,1,1,3,5,11,2,4,5,Gardner Minshew,Devin Duvernay,Simi Fehoko,Jon Gaines II,Jalen Brooks,Hayden Conner,Rivaldo Fairweather,Josh Fryar,Jeremiyah Love,Chase Bisontis,Jayden Williams,Benito Jones,Tristin McCollum,Tommy Eichenberg,Brennan Jackson,Jonah Laulu,Cody Lindenberg,Greedy Vance,Treydan Stukes,Keyron Crawford,Jermod McCoy,Hezekiah Masses
2026005,1,1040,RUSH,"(13:09) J.Love right end to AZ 47 for 8 yards (B.Jackson).
PENALTY on LV-T.Eichenberg, Unnecessary Roughness, 15 yards, enforced at AZ 47.",https://pro.nfl.com/api/plays/summaryPlay?gameId=c66e0191-5f68-11f1-b1d0-bb70a4640075&playId=1040,2,2,8,13:09,61.0,False,False,3800,7,7,1.9150829357095063,11,1,1,3,5,11,2,4,5,Gardner Minshew,Devin Duvernay,Simi Fehoko,Jon Gaines II,Jalen Brooks,Hayden Conner,Rivaldo Fairweather,Josh Fryar,Jeremiyah Love,Chase Bisontis,Jayden Williams,Benito Jones,Tristin McCollum,Tommy Eichenberg,Brennan Jackson,Jonah Laulu,Cody Lindenberg,Greedy Vance,Treydan Stukes,Keyron Crawford,Jermod McCoy,Hezekiah Masses
2026005,1,1073,RUSH,(12:32) J.Love up the middle to LV 37 for 1 yard (C.Lindenberg).,https://pro.nfl.com/api/plays/summaryPlay?gameId=c66e0191-5f68-11f1-b1d0-bb70a4640075&playId=1073,2,1,10,12:32,38.0,False,False,3800,7,7,-0.5330701696220785,11,1,1,3,5,11,2,4,5,Gardner Minshew,Devin Duvernay,Simi Fehoko,Teagan Quitoriano,Jon Gaines II,Jalen Brooks,Hayden Conner,Josh Fryar,Jeremiyah Love,Chase Bisontis,Jayden Williams,Thomas Booker,Tristin McCollum,Tommy Eichenberg,Brennan Jackson,JJ Pegues,Cody Lindenberg,Greedy Vance,Treydan Stukes,Keyron Crawford,Jermod McCoy,Hezekiah Masses
2026005,1,1095,PASS,(11:57) (Shotgun) G.Minshew pass short right to J.Brooks pushed ob at LV 28 for 9 yards (J.McCoy).,https://pro.nfl.com/api/plays/summaryPlay?gameId=c66e0191-5f68-11f1-b1d0-bb70a4640075&playId=1095,2,2,9,11:57,37.0,False,False,3800,7,7,1.1878855928080156,11,1,1,3,5,11,2,4,5,Gardner Minshew,Devin Duvernay,Simi Fehoko,Tyler Allgeier,Jon Gaines II,Jalen Brooks,Hayden Conner,Rivaldo Fairweather,Josh Fryar,Chase Bisontis,Jayden Williams,Thomas Booker,Tristin McCollum,Tommy Eichenberg,Brennan Jackson,JJ Pegues,Cody Lindenberg,Greedy Vance,Treydan Stukes,Keyron Crawford,Jermod McCoy,Hezekiah Masses
2026005,1,1120,RUSH,(11:20) T.Allgeier up the middle to LV 23 for 5 yards (H.Masses; C.Lindenberg).,https://pro.nfl.com/api/plays/summaryPlay?gameId=c66e0191-5f68-11f1-b1d0-bb70a4640075&playId=1120,2,1,10,11:20,28.0,False,False,3800,7,7,0.0596084650605917,11,1,2,2,5,11,2,4,5,Gardner Minshew,Simi Fehoko,Tyler Allgeier,Teagan Quitoriano,Jon Gaines II,Jalen Brooks,Hayden Conner,Rivaldo Fairweather,Josh Fryar,Chase Bisontis,Jayden Williams,Thomas Booker,Tristin McCollum,Tommy Eichenberg,Brennan Jackson,JJ Pegues,Cody Lindenberg,Greedy Vance,Treydan Stukes,Keyron Crawford,Jermod McCoy,Hezekiah Masses
2026005,1,1142,PASS,(10:42) G.Minshew pass short right to J.Brooks to LV 19 for 4 yards (G.Vance).,https://pro.nfl.com/api/plays/summaryPlay?gameId=c66e0191-5f68-11f1-b1d0-bb70a4640075&playId=1142,2,2,5,10:42,23.0,False,False,3800,7,7,0.13927602558396757,11,1,2,2,5,11,2,4,5,Gardner Minshew,Simi Fehoko,Tyler Allgeier,Teagan Quitoriano,Jon Gaines II,Jalen Brooks,Hayden Conner,Rivaldo Fairweather,Josh Fryar,Chase Bisontis,Jayden Williams,Thomas Booker,Tristin McCollum,Tommy Eichenberg,Brennan Jackson,JJ Pegues,Cody Lindenberg,Greedy Vance,Treydan Stukes,Keyron Crawford,Jermod McCoy,Hezekiah Masses
2026005,1,1179,TIMEOUT,Timeout #1 by LV at 10:00.,https://pro.nfl.com/api/plays/summaryPlay?gameId=c66e0191-5f68-11f1-b1d0-bb70a4640075&playId=1179,2,0,0,10:00,,False,,3800,7,7,,0,0,0,0,0,0,0,0,0,,,,,,,,,,,,,,,,,,,,,,
2026005,1,1167,RUSH,(10:00) J.Love left end to LV 10 for 9 yards (K.Crawford; T.McCollum).,https://pro.nfl.com/api/plays/summaryPlay?gameId=c66e0191-5f68-11f1-b1d0-bb70a4640075&playId=1167,2,3,1,10:00,19.0,False,True,3800,7,7,0.84268453536788,11,1,1,3,5,11,2,4,5,Gardner Minshew,Devin Duvernay,Simi Fehoko,Teagan Quitoriano,Jon Gaines II,Jalen Brooks,Hayden Conner,Josh Fryar,Jeremiyah Love,Chase Bisontis,Jayden Williams,Thomas Booker,Tristin McCollum,Tommy Eichenberg,Brennan Jackson,JJ Pegues,Cody Lindenberg,Greedy Vance,Treydan Stukes,Keyron Crawford,Jermod McCoy,Hezekiah Masses
2026005,1,1196,PASS,"(9:20) G.Minshew pass short right to S.Fehoko for 10 yards, TOUCHDOWN.",https://pro.nfl.com/api/plays/summaryPlay?gameId=c66e0191-5f68-11f1-b1d0-bb70a4640075&playId=1196,2,1,10,09:20,10.0,True,True,3800,7,7,1.651058004295919,11,1,1,3,5,11,2,4,5,Gardner Minshew,Devin Duvernay,Simi Fehoko,Teagan Quitoriano,Jon Gaines II,Jalen Brooks,Hayden Conner,Josh Fryar,Jeremiyah Love,Chase Bisontis,Jayden Williams,Thomas Booker,Tristin McCollum,Tommy Eichenberg,Brennan Jackson,JJ Pegues,Cody Lindenberg,Greedy Vance,Treydan Stukes,Keyron Crawford,Jermod McCoy,Hezekiah Masses
2026005,1,1217,XP_KICK,"C.Ryland extra point is GOOD, Center-C.Kreiter, Holder-B.Gillikin.",https://pro.nfl.com/api/plays/summaryPlay?gameId=c66e0191-5f68-11f1-b1d0-bb70a4640075&playId=1217,2,0,0,09:16,15.0,False,False,3800,13,7,0.06888505002846201,11,0,2,0,6,11,2,4,5,Casey Kreiter,Matt Pryor,Blake Gillikin,Chad Ryland,Jon Gaines II,Christian Jones,Hayden Conner,Rivaldo Fairweather,Josh Fryar,Chase Bisontis,Jameson Geers,Thomas Booker,Tristin McCollum,Tommy Eichenberg,Brennan Jackson,JJ Pegues,Cody Lindenberg,Greedy Vance,Treydan Stukes,Keyron Crawford,Jermod McCoy,Hezekiah Masses
2026005,1,1242,TIMEOUT,Timeout at 09:16.,https://pro.nfl.com/api/plays/summaryPlay?gameId=c66e0191-5f68-11f1-b1d0-bb70a4640075&playId=1242,2,0,0,09:16,,False,,3800,14,7,,0,0,0,0,0,0,0,0,0,,,,,,,,,,,,,,,,,,,,,,
2026005,1,1232,KICK_OFF,C.Ryland kicks 65 yards from AZ 35 to LV 0. M.Benson to LV 21 for 21 yards (K.Sharar).,https://pro.nfl.com/api/plays/summaryPlay?gameId=c66e0191-5f68-11f1-b1d0-bb70a4640075&playId=1232,2,0,0,09:16,65.0,False,False,3800,14,7,0.31215891567990184,11,1,0,1,0,11,0,4,2,Isaiah Oliver,Simi Fehoko,Bam Knight,Elliott Brown,Chad Ryland,Owen Pappoe,Eku Leota,Elijah Jones,Dadrion Taylor-Demerson,Karson Sharar,Wydett Williams Jr.,Dare Ogunbowale,Connor Heyward,Tristin McCollum,Deven Thompkins,Segun Olubi,Tommy Eichenberg,Brennan Jackson,Jack Bech,Cody Lindenberg,Treydan Stukes,Malik Benson
2026005,1,1262,PASS,(9:10) F.Mendoza pass deep middle to M.Benson to LV 40 for 19 yards (K.Crawford).,https://pro.nfl.com/api/plays/summaryPlay?gameId=c66e0191-5f68-11f1-b1d0-bb70a4640075&playId=1262,2,1,10,09:10,79.0,False,False,2520,7,14,0.905191095545888,11,1,2,2,5,11,3,4,4,Ian Thomas,Jordan Meredith,Connor Heyward,Atonio Mafi,Jackson Powers-Johnson,Jack Bech,Charles Grant,Fernando Mendoza,Trey Zuhn III,Mike Washington Jr.,Malik Benson,Andrew Billings,Jack Gibbens,Elliott Brown,Darius Robinson,Max Melton,Dadrion Taylor-Demerson,Walter Nolen,Jordan Burch,Cody Simon,Denzel Burke,Kitan Crawford
2026005,1,1287,PENALTY,"(8:40) F.Mendoza pass incomplete short right.
Penalty on LV-J.Powers-Johnson, Tripping, offsetting, enforced at LV 40 - No Play.
Penalty on AZ-D.Burke, Illegal Contact, offsetting.",https://pro.nfl.com/api/plays/summaryPlay?gameId=c66e0191-5f68-11f1-b1d0-bb70a4640075&playId=1287,2,1,10,08:40,60.0,False,False,2520,7,14,-0.003920918330550194,11,1,2,2,5,11,3,4,4,Ian Thomas,Jordan Meredith,Connor Heyward,Atonio Mafi,Jackson Powers-Johnson,Jack Bech,Charles Grant,Fernando Mendoza,Trey Zuhn III,Mike Washington Jr.,Malik Benson,Andrew Billings,Jack Gibbens,Elliott Brown,Darius Robinson,Max Melton,Dadrion Taylor-Demerson,Walter Nolen,Jordan Burch,Cody Simon,Denzel Burke,Kitan Crawford
2026005,1,1321,RUSH,"(8:31) M.Washington right end pushed ob at LV 47 for 7 yards (K.Crawford).
PENALTY on LV-A.Okwuegbunam, Offensive Holding, 10 yards, enforced at LV 42.",https://pro.nfl.com/api/plays/summaryPlay?gameId=c66e0191-5f68-11f1-b1d0-bb70a4640075&playId=1321,2,1,10,08:31,60.0,False,False,2520,7,14,-0.8196285804733634,11,1,2,2,5,11,3,3,5,Ian Thomas,Albert Okwuegbunam,Jordan Meredith,Atonio Mafi,Jackson Powers-Johnson,Jack Bech,Charles Grant,Fernando Mendoza,Trey Zuhn III,Mike Washington Jr.,Malik Benson,Andrew Billings,Sean Murphy-Bunting,Jack Gibbens,Darius Robinson,Max Melton,Dadrion Taylor-Demerson,Walter Nolen,Jordan Burch,Cody Simon,Denzel Burke,Kitan Crawford
2026005,1,1354,RUSH,(8:03) M.Washington up the middle pushed ob at AZ 15 for 53 yards (D.Taylor-Demerson).,https://pro.nfl.com/api/plays/summaryPlay?gameId=c66e0191-5f68-11f1-b1d0-bb70a4640075&playId=1354,2,1,18,08:03,68.0,False,False,2520,7,14,3.9639288323232904,11,1,2,2,5,11,3,4,4,Ian Thomas,Jordan Meredith,Connor Heyward,Atonio Mafi,Jackson Powers-Johnson,Jack Bech,Charles Grant,Fernando Mendoza,Trey Zuhn III,Mike Washington Jr.,Malik Benson,Andrew Billings,Jack Gibbens,Elliott Brown,Darius Robinson,Max Melton,Dadrion Taylor-Demerson,Walter Nolen,Cody Simon,Denzel Burke,Kitan Crawford,Cam Robertson
2026005,1,1376,PENALTY,"(7:12) (Shotgun) PENALTY on LV, False Start, 5 yards, enforced at AZ 15 - No Play.",https://pro.nfl.com/api/plays/summaryPlay?gameId=c66e0191-5f68-11f1-b1d0-bb70a4640075&playId=1376,2,1,10,07:12,15.0,False,True,2520,7,14,-0.9221828660229221,11,1,2,2,5,11,3,4,4,Ian Thomas,Albert Okwuegbunam,Jordan Meredith,Atonio Mafi,Jackson Powers-Johnson,Dylan Laube,Jack Bech,Charles Grant,Fernando Mendoza,Trey Zuhn III,Malik Benson,Andrew Billings,Jack Gibbens,Elliott Brown,Darius Robinson,Max Melton,Dadrion Taylor-Demerson,Walter Nolen,Cody Simon,Denzel Burke,Kitan Crawford,Cam Robertson
2026005,1,1400,PASS,(6:48) (Shotgun) F.Mendoza pass incomplete short left to M.Benson (D.Burke).,https://pro.nfl.com/api/plays/summaryPlay?gameId=c66e0191-5f68-11f1-b1d0-bb70a4640075&playId=1400,2,1,15,06:48,20.0,False,True,2520,7,14,-0.4188671715091914,11,1,1,3,5,11,3,3,5,Ian Thomas,Jordan Meredith,Deven Thompkins,Atonio Mafi,Jackson Powers-Johnson,Dylan Laube,Jack Bech,Charles Grant,Fernando Mendoza,Trey Zuhn III,Malik Benson,Andrew Billings,L.J. Collier,Sean Murphy-Bunting,Jack Gibbens,Darius Robinson,Max Melton,Dadrion Taylor-Demerson,Jordan Burch,Cody Simon,Denzel Burke,Kitan Crawford
2026005,1,1423,RUSH,(6:44) (Shotgun) F.Mendoza scrambles left guard to AZ 13 for 7 yards (K.Crawford).,https://pro.nfl.com/api/plays/summaryPlay?gameId=c66e0191-5f68-11f1-b1d0-bb70a4640075&playId=1423,2,2,15,06:44,20.0,False,True,2520,7,14,0.06378628057427704,11,1,1,3,5,11,2,4,5,Ian Thomas,Jordan Meredith,Deven Thompkins,Atonio Mafi,Jackson Powers-Johnson,Dylan Laube,Jack Bech,Charles Grant,Fernando Mendoza,Trey Zuhn III,Malik Benson,L.J. Collier,Sean Murphy-Bunting,Jack Gibbens,Eku Leota,Max Melton,Dadrion Taylor-Demerson,Walter Nolen,Jordan Burch,Cody Simon,Denzel Burke,Kitan Crawford
2026005,1,1445,PASS,(6:02) (Shotgun) F.Mendoza pass short right to M.Benson to AZ 6 for 7 yards (M.Melton).,https://pro.nfl.com/api/plays/summaryPlay?gameId=c66e0191-5f68-11f1-b1d0-bb70a4640075&playId=1445,2,3,8,06:02,13.0,False,True,2520,7,14,0.36355245008599013,11,1,1,3,5,11,2,4,5,Ian Thomas,Jordan Meredith,Deven Thompkins,Atonio Mafi,Jackson Powers-Johnson,Jack Bech,Charles Grant,Fernando Mendoza,Trey Zuhn III,Mike Washington Jr.,Malik Benson,L.J. Collier,Sean Murphy-Bunting,Jack Gibbens,Eku Leota,Max Melton,Dadrion Taylor-Demerson,Walter Nolen,Jordan Burch,Cody Simon,Denzel Burke,Kitan Crawford
2026005,1,1470,RUSH,(5:17) M.Washington right guard to AZ 4 for 2 yards (J.Gibbens; C.Simon).,https://pro.nfl.com/api/plays/summaryPlay?gameId=c66e0191-5f68-11f1-b1d0-bb70a4640075&playId=1470,2,4,1,05:17,6.0,False,True,2520,7,14,1.7744447166915052,11,1,3,1,5,11,3,4,4,Ian Thomas,Albert Okwuegbunam,Jordan Meredith,Connor Heyward,Dareke Young,Atonio Mafi,Jackson Powers-Johnson,Charles Grant,Fernando Mendoza,Trey Zuhn III,Mike Washington Jr.,Andrew Billings,Jack Gibbens,Eku Leota,Darius Robinson,Max Melton,Dadrion Taylor-Demerson,Walter Nolen,Jordan Burch,Cody Simon,Denzel Burke,Kitan Crawford
2026005,1,1492,SACK,(4:39) F.Mendoza sacked at AZ 12 for -8 yards (W.Nolen).,https://pro.nfl.com/api/plays/summaryPlay?gameId=c66e0191-5f68-11f1-b1d0-bb70a4640075&playId=1492,2,1,4,04:39,4.0,True,True,2520,7,14,-1.4616554556996562,11,1,2,2,5,11,3,4,4,Ian Thomas,Albert Okwuegbunam,Jordan Meredith,Atonio Mafi,Jackson Powers-Johnson,Jack Bech,Charles Grant,Fernando Mendoza,Trey Zuhn III,Mike Washington Jr.,Malik Benson,Andrew Billings,Jack Gibbens,BJ Ojulari,Darius Robinson,Max Melton,Dadrion Taylor-Demerson,Walter Nolen,Cody Simon,Denzel Burke,Kitan Crawford,Cam Robertson
2026005,1,1512,PASS,(3:59) (Shotgun) F.Mendoza pass short right to I.Thomas to AZ 6 for 6 yards (S.Murphy-Bunting) [B.Ojulari].,https://pro.nfl.com/api/plays/summaryPlay?gameId=c66e0191-5f68-11f1-b1d0-bb70a4640075&playId=1512,2,2,12,03:59,12.0,True,True,2520,7,14,-0.2869661721633747,11,1,1,3,5,11,2,4,5,Ian Thomas,Jordan Meredith,Deven Thompkins,Atonio Mafi,Jackson Powers-Johnson,Jack Bech,Charles Grant,Fernando Mendoza,Trey Zuhn III,Mike Washington Jr.,Malik Benson,L.J. Collier,Sean Murphy-Bunting,Jack Gibbens,BJ Ojulari,Darius Robinson,Max Melton,Dadrion Taylor-Demerson,Cody Simon,Denzel Burke,Kitan Crawford,Cam Robertson
2026005,1,1537,PASS,"(3:16) (Shotgun) F.Mendoza pass short middle to J.Bech for 6 yards, TOUCHDOWN.",https://pro.nfl.com/api/plays/summaryPlay?gameId=c66e0191-5f68-11f1-b1d0-bb70a4640075&playId=1537,2,3,6,03:16,6.0,True,True,2520,7,14,2.827747699455358,11,1,2,2,5,11,2,4,5,Ian Thomas,Albert Okwuegbunam,Jordan Meredith,Atonio Mafi,Jackson Powers-Johnson,Jack Bech,Charles Grant,Fernando Mendoza,Trey Zuhn III,Mike Washington Jr.,Malik Benson,L.J. Collier,Sean Murphy-Bunting,Jack Gibbens,BJ Ojulari,Darius Robinson,Max Melton,Dadrion Taylor-Demerson,Cody Simon,Denzel Burke,Kitan Crawford,Cam Robertson
2026005,1,1558,XP_KICK,"M.Gay extra point is GOOD, Center-A.Ward, Holder-A.Cole.",https://pro.nfl.com/api/plays/summaryPlay?gameId=c66e0191-5f68-11f1-b1d0-bb70a4640075&playId=1558,2,0,0,03:13,15.0,False,False,2520,13,14,0.06888505002846201,11,0,2,0,6,11,4,3,4,Ian Thomas,Matt Gay,AJ Cole,Albert Okwuegbunam,Jordan Meredith,Atonio Mafi,Alex Ward,Dalton Wagner,Will Putnam,Niklas Henning,Kamar Missouri,Isaiah Oliver,Jonah Williams,Brodric Martin,Owen Pappoe,Starling Thomas V,Eku Leota,Elijah Jones,Cam Horsley,Karson Sharar,Damonic Williams,Wydett Williams Jr.
2026005,1,1583,TIMEOUT,Timeout at 03:13.,https://pro.nfl.com/api/plays/summaryPlay?gameId=c66e0191-5f68-11f1-b1d0-bb70a4640075&playId=1583,2,0,0,03:13,,False,,3800,14,14,,0,0,0,0,0,0,0,0,0,,,,,,,,,,,,,,,,,,,,,,
2026005,1,1573,KICK_OFF,M.Gay kicks 61 yards from LV 35 to AZ 4. D.Duvernay to AZ 25 for 21 yards (D.Young).,https://pro.nfl.com/api/plays/summaryPlay?gameId=c66e0191-5f68-11f1-b1d0-bb70a4640075&playId=1573,2,0,0,03:13,65.0,False,False,2520,14,14,-0.022499202750623226,11,1,1,2,0,11,0,3,4,Dare Ogunbowale,Matt Gay,Patrick Johnson,Connor Heyward,Dareke Young,Tristin McCollum,Segun Olubi,Cody Lindenberg,Treydan Stukes,Dalton Johnson,E.J. Williams Jr.,Isaiah Oliver,Devin Duvernay,Ihmir Smith-Marsette,Owen Pappoe,Jalen Brooks,Eku Leota,Dadrion Taylor-Demerson,Kalen King,Rivaldo Fairweather,Karson Sharar,Wydett Williams Jr.
2026005,1,1603,RUSH,(3:06) J.Love right guard to AZ 27 for 2 yards (G.Vance).,https://pro.nfl.com/api/plays/summaryPlay?gameId=c66e0191-5f68-11f1-b1d0-bb70a4640075&playId=1603,2,1,10,03:06,75.0,False,False,3800,14,14,-0.4942259634844959,11,1,1,3,5,11,3,3,5,Gardner Minshew,Devin Duvernay,Ihmir Smith-Marsette,Teagan Quitoriano,Jon Gaines II,Jalen Brooks,Hayden Conner,Josh Fryar,Jeremiyah Love,Chase Bisontis,Jayden Williams,Benito Jones,Patrick Johnson,Tristin McCollum,Tommy Eichenberg,Jonah Laulu,Cody Lindenberg,Greedy Vance,Jahfari Harvey,Treydan Stukes,Jermod McCoy,Hezekiah Masses
2026005,1,1625,RUSH,(2:31) J.Love left tackle to AZ 41 for 14 yards (J.Harvey; H.Masses).,https://pro.nfl.com/api/plays/summaryPlay?gameId=c66e0191-5f68-11f1-b1d0-bb70a4640075&playId=1625,2,2,8,02:31,73.0,False,False,3800,14,14,1.247257182491012,11,1,1,3,5,11,3,3,5,Gardner Minshew,Devin Duvernay,Ihmir Smith-Marsette,Teagan Quitoriano,Jon Gaines II,Jalen Brooks,Hayden Conner,Josh Fryar,Jeremiyah Love,Chase Bisontis,Jayden Williams,Benito Jones,Patrick Johnson,Tristin McCollum,Tommy Eichenberg,Jonah Laulu,Cody Lindenberg,Greedy Vance,Jahfari Harvey,Treydan Stukes,Jermod McCoy,Hezekiah Masses
2026005,1,1659,TIMEOUT,Two-Minute Warning,https://pro.nfl.com/api/plays/summaryPlay?gameId=c66e0191-5f68-11f1-b1d0-bb70a4640075&playId=1659,2,0,0,02:00,,False,,3800,14,14,,0,0,0,0,0,0,0,0,0,,,,,,,,,,,,,,,,,,,,,,
2026005,1,1647,RUSH,(2:00) (Shotgun) J.Love right guard to LV 43 for 16 yards (G.Vance).,https://pro.nfl.com/api/plays/summaryPlay?gameId=c66e0191-5f68-11f1-b1d0-bb70a4640075&playId=1647,2,1,10,02:00,59.0,False,False,3800,14,14,0.5451387430657633,11,1,1,3,5,11,3,3,5,Gardner Minshew,Devin Duvernay,Ihmir Smith-Marsette,Teagan Quitoriano,Jon Gaines II,Jalen Brooks,Hayden Conner,Josh Fryar,Jeremiyah Love,Chase Bisontis,Jayden Williams,Benito Jones,Patrick Johnson,Tristin McCollum,Tommy Eichenberg,Jonah Laulu,Cody Lindenberg,Greedy Vance,Jahfari Harvey,Treydan Stukes,Jermod McCoy,Hezekiah Masses
2026005,1,1676,RUSH,(1:31) (Shotgun) J.Love right guard to LV 43 for no gain (P.Johnson).,https://pro.nfl.com/api/plays/summaryPlay?gameId=c66e0191-5f68-11f1-b1d0-bb70a4640075&playId=1676,2,1,10,01:31,43.0,False,False,3800,14,14,-0.23405423946678638,11,1,1,3,5,11,3,3,5,Gardner Minshew,Devin Duvernay,Ihmir Smith-Marsette,Teagan Quitoriano,Jon Gaines II,Jalen Brooks,Hayden Conner,Josh Fryar,Jeremiyah Love,Chase Bisontis,Jayden Williams,Benito Jones,Patrick Johnson,Tristin McCollum,Tommy Eichenberg,Jonah Laulu,Cody Lindenberg,Greedy Vance,Jahfari Harvey,Treydan Stukes,Jermod McCoy,Hezekiah Masses
2026005,1,1698,PASS,"(1:08) (No Huddle, Shotgun) G.Minshew pass short right to T.Quitoriano to LV 39 for 4 yards (T.Eichenberg).",https://pro.nfl.com/api/plays/summaryPlay?gameId=c66e0191-5f68-11f1-b1d0-bb70a4640075&playId=1698,2,2,10,01:08,43.0,False,False,3800,14,14,-0.43558085447875783,11,1,1,3,5,11,3,3,5,Gardner Minshew,Devin Duvernay,Ihmir Smith-Marsette,Teagan Quitoriano,Jon Gaines II,Jalen Brooks,Hayden Conner,Josh Fryar,Jeremiyah Love,Chase Bisontis,Jayden Williams,Benito Jones,Patrick Johnson,Tristin McCollum,Tommy Eichenberg,Jonah Laulu,Cody Lindenberg,Greedy Vance,Jahfari Harvey,Treydan Stukes,Jermod McCoy,Hezekiah Masses
2026005,1,1735,TIMEOUT,Timeout #2 by LV at 01:01.,https://pro.nfl.com/api/plays/summaryPlay?gameId=c66e0191-5f68-11f1-b1d0-bb70a4640075&playId=1735,2,0,0,01:01,,False,,3800,14,14,,0,0,0,0,0,0,0,0,0,,,,,,,,,,,,,,,,,,,,,,
2026005,1,1723,PASS,"(1:00) (Shotgun) G.Minshew pass short left to J.Brooks to LV 25 for 14 yards (H.Masses, T.Stukes).",https://pro.nfl.com/api/plays/summaryPlay?gameId=c66e0191-5f68-11f1-b1d0-bb70a4640075&playId=1723,2,3,6,01:00,39.0,False,False,3800,14,14,1.6080547901801765,11,1,1,3,5,11,3,3,5,Gardner Minshew,Devin Duvernay,Ihmir Smith-Marsette,Teagan Quitoriano,Jon Gaines II,Jalen Brooks,Hayden Conner,Josh Fryar,Jeremiyah Love,Chase Bisontis,Jayden Williams,Patrick Johnson,Tristin McCollum,Tommy Eichenberg,Jonah Laulu,JJ Pegues,Cody Lindenberg,Greedy Vance,Jahfari Harvey,Treydan Stukes,Jermod McCoy,Hezekiah Masses
2026005,1,1755,PASS,"(:41) (No Huddle, Shotgun) G.Minshew pass short left to J.Brooks to LV 15 for 10 yards (T.Eichenberg).",https://pro.nfl.com/api/plays/summaryPlay?gameId=c66e0191-5f68-11f1-b1d0-bb70a4640075&playId=1755,2,1,10,00:41,25.0,False,False,3800,14,14,0.8378746211528778,11,1,1,3,5,11,3,3,5,Gardner Minshew,Devin Duvernay,Ihmir Smith-Marsette,Teagan Quitoriano,Jon Gaines II,Jalen Brooks,Hayden Conner,Josh Fryar,Jeremiyah Love,Chase Bisontis,Jayden Williams,Patrick Johnson,Tristin McCollum,Tommy Eichenberg,Jonah Laulu,JJ Pegues,Cody Lindenberg,Greedy Vance,Jahfari Harvey,Treydan Stukes,Jermod McCoy,Hezekiah Masses
2026005,1,1792,TIMEOUT,Timeout #1 by AZ at 00:33.,https://pro.nfl.com/api/plays/summaryPlay?gameId=c66e0191-5f68-11f1-b1d0-bb70a4640075&playId=1792,2,0,0,00:33,,False,,3800,14,14,,0,0,0,0,0,0,0,0,0,,,,,,,,,,,,,,,,,,,,,,
2026005,1,1780,PASS,(:33) (Shotgun) G.Minshew pass short middle to J.Love to LV 8 for 7 yards (T.Eichenberg).,https://pro.nfl.com/api/plays/summaryPlay?gameId=c66e0191-5f68-11f1-b1d0-bb70a4640075&playId=1780,2,1,10,00:33,15.0,False,True,3800,14,14,0.19927581283263862,11,1,1,3,5,11,2,4,5,Gardner Minshew,Devin Duvernay,Ihmir Smith-Marsette,Jon Gaines II,Jalen Brooks,Hayden Conner,Rivaldo Fairweather,Josh Fryar,Jeremiyah Love,Chase Bisontis,Jayden Williams,Patrick Johnson,Tristin McCollum,Tommy Eichenberg,Jonah Laulu,JJ Pegues,Cody Lindenberg,Greedy Vance,Treydan Stukes,Keyron Crawford,Jermod McCoy,Hezekiah Masses
2026005,1,1824,TIMEOUT,Timeout #2 by AZ at 00:27.,https://pro.nfl.com/api/plays/summaryPlay?gameId=c66e0191-5f68-11f1-b1d0-bb70a4640075&playId=1824,2,0,0,00:27,,False,,3800,14,14,,0,0,0,0,0,0,0,0,0,,,,,,,,,,,,,,,,,,,,,,
2026005,1,1812,RUSH,(:27) Z.Knight right guard to LV 6 for 2 yards (T.Eichenberg).,https://pro.nfl.com/api/plays/summaryPlay?gameId=c66e0191-5f68-11f1-b1d0-bb70a4640075&playId=1812,2,2,3,00:27,8.0,False,True,3800,14,14,-1.0906073451042175,11,1,1,3,5,11,2,4,5,Gardner Minshew,Devin Duvernay,Ihmir Smith-Marsette,Teagan Quitoriano,Bam Knight,Jon Gaines II,Jalen Brooks,Hayden Conner,Josh Fryar,Chase Bisontis,Jayden Williams,Patrick Johnson,Tristin McCollum,Tommy Eichenberg,Jonah Laulu,JJ Pegues,Cody Lindenberg,Greedy Vance,Treydan Stukes,Keyron Crawford,Jermod McCoy,Hezekiah Masses
2026005,1,1853,TIMEOUT,Timeout #3 by AZ at 00:20.,https://pro.nfl.com/api/plays/summaryPlay?gameId=c66e0191-5f68-11f1-b1d0-bb70a4640075&playId=1853,2,0,0,00:20,,False,,3800,14,14,,0,0,0,0,0,0,0,0,0,,,,,,,,,,,,,,,,,,,,,,
2026005,1,1860,TIMEOUT,Timeout #3 by LV at 00:20.,https://pro.nfl.com/api/plays/summaryPlay?gameId=c66e0191-5f68-11f1-b1d0-bb70a4640075&playId=1860,2,0,0,00:20,,False,,3800,14,14,,0,0,0,0,0,0,0,0,0,,,,,,,,,,,,,,,,,,,,,,
2026005,1,1841,PASS,"(:20) (Shotgun) G.Minshew pass short right to J.Brooks for 6 yards, TOUCHDOWN.",https://pro.nfl.com/api/plays/summaryPlay?gameId=c66e0191-5f68-11f1-b1d0-bb70a4640075&playId=1841,2,3,1,00:20,6.0,False,True,3800,14,14,3.5037364864256233,11,1,1,3,5,11,2,4,5,Gardner Minshew,Devin Duvernay,Ihmir Smith-Marsette,Teagan Quitoriano,Bam Knight,Jon Gaines II,Jalen Brooks,Hayden Conner,Josh Fryar,Chase Bisontis,Jayden Williams,Patrick Johnson,Tristin McCollum,Tommy Eichenberg,Jonah Laulu,JJ Pegues,Cody Lindenberg,Greedy Vance,Treydan Stukes,Keyron Crawford,Jermod McCoy,Hezekiah Masses
2026005,1,1876,XP_KICK,"C.Ryland extra point is GOOD, Center-C.Kreiter, Holder-B.Gillikin.",https://pro.nfl.com/api/plays/summaryPlay?gameId=c66e0191-5f68-11f1-b1d0-bb70a4640075&playId=1876,2,0,0,00:17,15.0,False,False,3800,20,14,0.06888505002846201,11,0,2,0,6,11,2,4,5,Casey Kreiter,Matt Pryor,Blake Gillikin,Chad Ryland,Jon Gaines II,Christian Jones,Hayden Conner,Rivaldo Fairweather,Josh Fryar,Chase Bisontis,Jameson Geers,Patrick Johnson,Tristin McCollum,Tommy Eichenberg,Jonah Laulu,JJ Pegues,Cody Lindenberg,Greedy Vance,Treydan Stukes,Keyron Crawford,Jermod McCoy,Hezekiah Masses
2026005,1,1891,KICK_OFF,"C.Ryland kicks 65 yards from AZ 35 to end zone, Touchback to the LV 35.",https://pro.nfl.com/api/plays/summaryPlay?gameId=c66e0191-5f68-11f1-b1d0-bb70a4640075&playId=1891,2,0,0,00:17,65.0,False,False,3800,21,14,-0.1646084669046104,11,1,0,1,0,11,0,3,3,Isaiah Oliver,Simi Fehoko,Bam Knight,Elliott Brown,Chad Ryland,Owen Pappoe,Eku Leota,Elijah Jones,Dadrion Taylor-Demerson,Karson Sharar,Wydett Williams Jr.,Dare Ogunbowale,Albert Okwuegbunam,Connor Heyward,Tristin McCollum,Deven Thompkins,Segun Olubi,Tommy Eichenberg,Cody Lindenberg,Greedy Vance,Treydan Stukes,Roman Hemby
2026005,1,1908,RUSH,(:17) F.Mendoza kneels to LV 34 for -1 yards.,https://pro.nfl.com/api/plays/summaryPlay?gameId=c66e0191-5f68-11f1-b1d0-bb70a4640075&playId=1908,2,1,10,00:17,65.0,False,False,2520,14,21,0.0,11,1,3,1,5,11,2,4,5,Ian Thomas,Albert Okwuegbunam,Jordan Meredith,Connor Heyward,Dareke Young,Atonio Mafi,Dylan Laube,Caleb Rogers,Charles Grant,Fernando Mendoza,Trey Zuhn III,Jonah Williams,Elliott Brown,Owen Pappoe,Starling Thomas V,Eku Leota,Max Melton,Dadrion Taylor-Demerson,Kalen King,Kitan Crawford,Cam Horsley,Karson Sharar
2026005,1,1930,END_QUARTER,END QUARTER 2,https://pro.nfl.com/api/plays/summaryPlay?gameId=c66e0191-5f68-11f1-b1d0-bb70a4640075&playId=1930,2,0,0,,,False,,3800,21,14,,0,0,0,0,0,0,0,0,0,,,,,,,,,,,,,,,,,,,,,,
2026005,1,1960,UNSPECIFIED,** Injury Update: LV-B.Jackson return is Questionable.,https://pro.nfl.com/api/plays/summaryPlay?gameId=c66e0191-5f68-11f1-b1d0-bb70a4640075&playId=1960,3,0,0,,,False,,3800,21,14,,0,0,0,0,0,0,0,0,0,,,,,,,,,,,,,,,,,,,,,,
2026005,1,1950,KICK_OFF,"K.Matsuzawa kicks 41 yards from LV 35 to AZ 24, short of landing zone.
PENALTY on LV-K.Matsuzawa, Kickoff Short of Landing Zone, placed at AZ 40.",https://pro.nfl.com/api/plays/summaryPlay?gameId=c66e0191-5f68-11f1-b1d0-bb70a4640075&playId=1950,3,0,0,15:00,65.0,False,False,2520,14,21,-0.8989847134798765,11,0,1,3,0,11,0,3,4,Buddy Johnson,Brandon Johnson,Shedrick Jackson,Greedy Vance,Keyron Crawford,Kansei Matsuzawa,Devin Lafayette,Cian Slone,E.J. Williams Jr.,Patrick Gurd,Devyn Perkins,Isaiah Oliver,Ihmir Smith-Marsette,Owen Pappoe,Starling Thomas V,Eku Leota,Kalen King,Rivaldo Fairweather,Karson Sharar,Jameson Geers,Harrison Wallace III,Wydett Williams Jr.
2026005,1,1982,PASS,(15:00) G.Minshew pass short right to R.Fairweather to AZ 43 for 3 yards (G.Vance).,https://pro.nfl.com/api/plays/summaryPlay?gameId=c66e0191-5f68-11f1-b1d0-bb70a4640075&playId=1982,3,1,10,15:00,60.0,False,False,3800,21,14,-0.24683594866655767,11,1,1,3,5,11,2,4,5,Gardner Minshew,Ihmir Smith-Marsette,Simi Fehoko,Jon Gaines II,Hayden Conner,Rivaldo Fairweather,Josh Fryar,Corey Kiner,Chase Bisontis,Reggie Virgil,Jayden Williams,Cameron McGrone,Tristin McCollum,Segun Olubi,JJ Pegues,Treven Ma'ae,Greedy Vance,Treydan Stukes,Keyron Crawford,Jermod McCoy,Hezekiah Masses,Cian Slone
2026005,1,2007,RUSH,(14:16) Z.Knight left guard to LV 45 for 12 yards (T.Stukes).,https://pro.nfl.com/api/plays/summaryPlay?gameId=c66e0191-5f68-11f1-b1d0-bb70a4640075&playId=2007,3,2,7,14:16,57.0,False,False,3800,21,14,1.1932840626686811,11,1,1,3,5,11,2,4,5,Gardner Minshew,Ihmir Smith-Marsette,Simi Fehoko,Bam Knight,Jon Gaines II,Hayden Conner,Rivaldo Fairweather,Josh Fryar,Chase Bisontis,Reggie Virgil,Jayden Williams,Cameron McGrone,Tristin McCollum,Segun Olubi,JJ Pegues,Treven Ma'ae,Greedy Vance,Treydan Stukes,Keyron Crawford,Jermod McCoy,Hezekiah Masses,Cian Slone
2026005,1,2034,RUSH,(13:34) Z.Knight right guard to LV 44 for 1 yard (J.Pegues).,https://pro.nfl.com/api/plays/summaryPlay?gameId=c66e0191-5f68-11f1-b1d0-bb70a4640075&playId=2034,3,1,10,13:34,45.0,False,False,3800,21,14,-0.5165503211319447,11,1,1,3,5,11,2,4,5,Gardner Minshew,Ihmir Smith-Marsette,Simi Fehoko,Bam Knight,Jon Gaines II,Hayden Conner,Rivaldo Fairweather,Josh Fryar,Chase Bisontis,Reggie Virgil,Jayden Williams,Cameron McGrone,Tristin McCollum,Segun Olubi,JJ Pegues,Treven Ma'ae,Greedy Vance,Treydan Stukes,Keyron Crawford,Jermod McCoy,Hezekiah Masses,Cian Slone
2026005,1,2056,PASS,(12:58) G.Minshew pass incomplete deep right to R.Virgil.,https://pro.nfl.com/api/plays/summaryPlay?gameId=c66e0191-5f68-11f1-b1d0-bb70a4640075&playId=2056,3,2,9,12:58,44.0,False,False,3800,21,14,-0.9772978164255619,11,1,1,3,5,11,2,4,5,Gardner Minshew,Ihmir Smith-Marsette,Simi Fehoko,Bam Knight,Jon Gaines II,Hayden Conner,Rivaldo Fairweather,Josh Fryar,Chase Bisontis,Reggie Virgil,Jayden Williams,Cameron McGrone,Tristin McCollum,Segun Olubi,JJ Pegues,Treven Ma'ae,Greedy Vance,Treydan Stukes,Keyron Crawford,Jermod McCoy,Hezekiah Masses,Cian Slone
2026005,1,2079,PASS,(12:52) (Shotgun) G.Minshew pass short left to I.Smith-Marsette to LV 37 for 7 yards (G.Vance).,https://pro.nfl.com/api/plays/summaryPlay?gameId=c66e0191-5f68-11f1-b1d0-bb70a4640075&playId=2079,3,3,9,12:52,44.0,False,False,3800,21,14,-0.3582138130441308,11,1,1,3,5,11,2,4,5,Gardner Minshew,Ihmir Smith-Marsette,Simi Fehoko,Bam Knight,Jon Gaines II,Hayden Conner,Rivaldo Fairweather,Josh Fryar,Chase Bisontis,Reggie Virgil,Jayden Williams,Cameron McGrone,Tristin McCollum,Segun Olubi,JJ Pegues,Treven Ma'ae,Greedy Vance,Treydan Stukes,Keyron Crawford,Jermod McCoy,Hezekiah Masses,Cian Slone
2026005,1,2104,PASS,(12:11) (Shotgun) G.Minshew pass short left to S.Fehoko to LV 35 for 2 yards (H.Masses).,https://pro.nfl.com/api/plays/summaryPlay?gameId=c66e0191-5f68-11f1-b1d0-bb70a4640075&playId=2104,3,4,2,12:11,37.0,False,False,3800,21,14,2.5203176084905863,11,1,1,3,5,11,2,4,5,Gardner Minshew,Ihmir Smith-Marsette,Simi Fehoko,Bam Knight,Jon Gaines II,Hayden Conner,Rivaldo Fairweather,Josh Fryar,Chase Bisontis,Reggie Virgil,Jayden Williams,Cameron McGrone,Tristin McCollum,Segun Olubi,JJ Pegues,Treven Ma'ae,Greedy Vance,Treydan Stukes,Keyron Crawford,Jermod McCoy,Hezekiah Masses,Cian Slone
2026005,1,2129,PASS,"(11:47) (No Huddle) G.Minshew pass incomplete short right [P.Johnson]. AZ-C.Bisontis was injured during the play. 
PENALTY on AZ-G.Minshew, Intentional Grounding, 10 yards, enforced at LV 35.",https://pro.nfl.com/api/plays/summaryPlay?gameId=c66e0191-5f68-11f1-b1d0-bb70a4640075&playId=2129,3,1,10,11:47,35.0,False,False,3800,21,14,-1.6842940300703049,11,1,1,3,5,11,3,3,5,Gardner Minshew,Ihmir Smith-Marsette,Simi Fehoko,Bam Knight,Jon Gaines II,Hayden Conner,Rivaldo Fairweather,Josh Fryar,Chase Bisontis,Reggie Virgil,Jayden Williams,Cameron McGrone,Patrick Johnson,Tristin McCollum,Segun Olubi,Greedy Vance,Jahfari Harvey,Treydan Stukes,Jermod McCoy,Hezekiah Masses,Brandon Cleveland,Gary Smith III
2026005,1,2167,TIMEOUT,Timeout at 11:36.,https://pro.nfl.com/api/plays/summaryPlay?gameId=c66e0191-5f68-11f1-b1d0-bb70a4640075&playId=2167,3,0,0,11:36,,False,,3800,21,14,,0,0,0,0,0,0,0,0,0,,,,,,,,,,,,,,,,,,,,,,
2026005,1,2152,PASS,(11:36) (Shotgun) G.Minshew pass short right to S.Fehoko ran ob at LV 34 for 11 yards.,https://pro.nfl.com/api/plays/summaryPlay?gameId=c66e0191-5f68-11f1-b1d0-bb70a4640075&playId=2152,3,2,20,11:36,45.0,False,False,3800,21,14,0.4047732341568917,11,1,1,3,5,11,3,3,5,Matt Pryor,Gardner Minshew,Ihmir Smith-Marsette,Simi Fehoko,Bam Knight,Jon Gaines II,Hayden Conner,Josh Fryar,Reggie Virgil,Jayden Williams,Jameson Geers,Cameron McGrone,Patrick Johnson,Tristin McCollum,Segun Olubi,Greedy Vance,Jahfari Harvey,Treydan Stukes,Jermod McCoy,Hezekiah Masses,Brandon Cleveland,Gary Smith III
2026005,1,2199,SACK,(11:17) (Shotgun) G.Minshew sacked at LV 37 for -3 yards (P.Johnson).,https://pro.nfl.com/api/plays/summaryPlay?gameId=c66e0191-5f68-11f1-b1d0-bb70a4640075&playId=2199,3,3,9,11:17,34.0,False,False,3800,21,14,-2.2959742608945817,11,1,1,3,5,11,3,3,5,Matt Pryor,Gardner Minshew,Ihmir Smith-Marsette,Simi Fehoko,Bam Knight,Jon Gaines II,Hayden Conner,Josh Fryar,Reggie Virgil,Jayden Williams,Jameson Geers,Cameron McGrone,Patrick Johnson,Tristin McCollum,Segun Olubi,Greedy Vance,Jahfari Harvey,Treydan Stukes,Jermod McCoy,Hezekiah Masses,Brandon Cleveland,Gary Smith III
2026005,1,2219,FIELD_GOAL,"(10:53) C.Ryland 56 yard field goal is GOOD, Center-C.Kreiter, Holder-B.Gillikin.",https://pro.nfl.com/api/plays/summaryPlay?gameId=c66e0191-5f68-11f1-b1d0-bb70a4640075&playId=2219,3,4,12,10:53,37.0,False,False,3800,21,14,2.602606414584443,11,0,2,0,6,11,3,3,5,Casey Kreiter,Matt Pryor,Olisaemeka Udoh,Blake Gillikin,Chad Ryland,Jon Gaines II,Christian Jones,Hayden Conner,Rivaldo Fairweather,Josh Fryar,Jameson Geers,Cameron McGrone,Patrick Johnson,Tristin McCollum,Segun Olubi,Greedy Vance,Jahfari Harvey,Treydan Stukes,Jermod McCoy,Hezekiah Masses,Brandon Cleveland,Gary Smith III
2026005,1,2249,TIMEOUT,Timeout at 10:48.,https://pro.nfl.com/api/plays/summaryPlay?gameId=c66e0191-5f68-11f1-b1d0-bb70a4640075&playId=2249,3,0,0,10:48,,False,,3800,24,14,,0,0,0,0,0,0,0,0,0,,,,,,,,,,,,,,,,,,,,,,
2026005,1,2239,KICK_OFF,"C.Ryland kicks 65 yards from AZ 35 to LV 0. D.Thompkins to LV 29 for 29 yards (E.Jones, E.Leota).",https://pro.nfl.com/api/plays/summaryPlay?gameId=c66e0191-5f68-11f1-b1d0-bb70a4640075&playId=2239,3,0,0,10:48,65.0,False,False,3800,24,14,-0.20585577934980392,11,0,0,2,0,11,0,5,3,Isaiah Oliver,Simi Fehoko,Elliott Brown,Chad Ryland,Owen Pappoe,Eku Leota,Elijah Jones,Dadrion Taylor-Demerson,Eugene Asante,Reggie Virgil,Karson Sharar,Buddy Johnson,Cameron McGrone,Patrick Johnson,Deven Thompkins,Chigozie Anusiem,Keyron Crawford,Dalton Johnson,Hezekiah Masses,Roman Hemby,Cian Slone,Patrick Gurd
2026005,1,2269,PASS,(10:41) F.Mendoza pass short right to A.Okwuegbunam pushed ob at LV 35 for 6 yards (K.Sharar).,https://pro.nfl.com/api/plays/summaryPlay?gameId=c66e0191-5f68-11f1-b1d0-bb70a4640075&playId=2269,3,1,10,10:41,71.0,False,False,2520,14,24,0.00839324644766748,11,1,2,2,5,11,3,4,4,Ian Thomas,Albert Okwuegbunam,Jordan Meredith,Brandon Johnson,Atonio Mafi,Caleb Rogers,Charles Grant,Fernando Mendoza,Trey Zuhn III,Mike Washington Jr.,Malik Benson,Isaiah Oliver,Jonah Williams,Elliott Brown,Brodric Martin,Owen Pappoe,Starling Thomas V,Elijah Jones,Karson Sharar,Cam Robertson,Damonic Williams,Wydett Williams Jr.
2026005,1,2294,PASS,(10:15) F.Mendoza pass incomplete short left to M.Benson.,https://pro.nfl.com/api/plays/summaryPlay?gameId=c66e0191-5f68-11f1-b1d0-bb70a4640075&playId=2294,3,2,4,10:15,65.0,False,False,2520,14,24,-0.9016259328927845,11,1,2,2,5,11,3,4,4,Ian Thomas,Albert Okwuegbunam,Jordan Meredith,Brandon Johnson,Atonio Mafi,Caleb Rogers,Charles Grant,Fernando Mendoza,Trey Zuhn III,Mike Washington Jr.,Malik Benson,Isaiah Oliver,Jonah Williams,Elliott Brown,Brodric Martin,Owen Pappoe,Starling Thomas V,Elijah Jones,Karson Sharar,Cam Robertson,Damonic Williams,Wydett Williams Jr.
2026005,1,2317,PASS,(10:11) (Shotgun) F.Mendoza pass incomplete short right [E.Brown].,https://pro.nfl.com/api/plays/summaryPlay?gameId=c66e0191-5f68-11f1-b1d0-bb70a4640075&playId=2317,3,3,4,10:11,65.0,False,False,2520,14,24,-1.7313889178913087,11,1,1,3,5,11,2,4,5,Ian Thomas,Jordan Meredith,Brandon Johnson,Deven Thompkins,Atonio Mafi,Caleb Rogers,Charles Grant,Fernando Mendoza,Trey Zuhn III,Mike Washington Jr.,Malik Benson,Isaiah Oliver,Jonah Williams,Elliott Brown,Owen Pappoe,Starling Thomas V,Elijah Jones,Kalen King,Cam Horsley,Karson Sharar,Cam Robertson,Wydett Williams Jr.
2026005,1,2340,PUNT,"(10:02) A.Cole punts 65 yards to end zone, Center-T.Duzansky, Touchback.",https://pro.nfl.com/api/plays/summaryPlay?gameId=c66e0191-5f68-11f1-b1d0-bb70a4640075&playId=2340,3,4,4,10:02,65.0,False,False,2520,14,24,0.014795677969232202,11,1,0,2,0,11,0,4,5,AJ Cole,Buddy Johnson,Cameron McGrone,Patrick Johnson,Shedrick Jackson,Chigozie Anusiem,Tyler Duzansky,Roman Hemby,Devin Lafayette,Chase Roberts,Cian Slone,Isaiah Oliver,Devin Duvernay,Simi Fehoko,BJ Ojulari,Owen Pappoe,Eku Leota,Elijah Jones,Dadrion Taylor-Demerson,Kalen King,Karson Sharar,Wydett Williams Jr.
2026005,1,2370,TIMEOUT,Timeout at 09:53.,https://pro.nfl.com/api/plays/summaryPlay?gameId=c66e0191-5f68-11f1-b1d0-bb70a4640075&playId=2370,3,0,0,09:53,,False,,3800,24,14,,0,0,0,0,0,0,0,0,0,,,,,,,,,,,,,,,,,,,,,,
2026005,1,2358,RUSH,(9:53) C.Kiner right tackle to AZ 23 for 3 yards (K.Crawford; G.Vance).,https://pro.nfl.com/api/plays/summaryPlay?gameId=c66e0191-5f68-11f1-b1d0-bb70a4640075&playId=2358,3,1,10,09:53,80.0,False,False,3800,24,14,-0.3368685143068433,11,1,1,3,5,11,2,4,5,Matt Pryor,Demontrey Jacobs,Christian Jones,Kedon Slovis,Valentin Senn,Bryson Green,Corey Kiner,Reggie Virgil,Ka'ena Decambra,Jameson Geers,Harrison Wallace III,Benito Jones,Cameron McGrone,Patrick Johnson,Tristin McCollum,Segun Olubi,Chigozie Anusiem,Greedy Vance,Keyron Crawford,Dalton Johnson,Brandon Cleveland,Caleb Offord
2026005,1,2387,PASS,(9:22) K.Slovis pass short right to H.Wallace to AZ 32 for 9 yards (C.Offord).,https://pro.nfl.com/api/plays/summaryPlay?gameId=c66e0191-5f68-11f1-b1d0-bb70a4640075&playId=2387,3,2,7,09:22,77.0,False,False,3800,24,14,1.2367684356868267,11,1,1,3,5,11,2,4,5,Matt Pryor,Demontrey Jacobs,Christian Jones,Kedon Slovis,Valentin Senn,Bryson Green,Corey Kiner,Reggie Virgil,Ka'ena Decambra,Jameson Geers,Harrison Wallace III,Benito Jones,Cameron McGrone,Patrick Johnson,Tristin McCollum,Segun Olubi,Chigozie Anusiem,Greedy Vance,Keyron Crawford,Dalton Johnson,Brandon Cleveland,Caleb Offord
2026005,1,2412,RUSH,(8:49) C.Kiner right guard to AZ 35 for 3 yards (D.Johnson).,https://pro.nfl.com/api/plays/summaryPlay?gameId=c66e0191-5f68-11f1-b1d0-bb70a4640075&playId=2412,3,1,10,08:49,68.0,False,False,3800,24,14,-0.43416511616669595,11,1,1,3,5,11,2,4,5,Matt Pryor,Demontrey Jacobs,Christian Jones,Kedon Slovis,Valentin Senn,Bryson Green,Corey Kiner,Reggie Virgil,Ka'ena Decambra,Jameson Geers,Harrison Wallace III,Benito Jones,Cameron McGrone,Patrick Johnson,Tristin McCollum,Segun Olubi,Chigozie Anusiem,Greedy Vance,Keyron Crawford,Dalton Johnson,Brandon Cleveland,Caleb Offord
2026005,1,2434,PASS,(8:13) K.Slovis pass short middle to C.Kiner to AZ 38 for 3 yards (P.Johnson).,https://pro.nfl.com/api/plays/summaryPlay?gameId=c66e0191-5f68-11f1-b1d0-bb70a4640075&playId=2434,3,2,7,08:13,65.0,False,False,3800,24,14,-0.3339609429240227,11,1,1,3,5,11,2,4,5,Matt Pryor,Demontrey Jacobs,Christian Jones,Kedon Slovis,Valentin Senn,Bryson Green,Corey Kiner,Reggie Virgil,Ka'ena Decambra,Jameson Geers,Harrison Wallace III,Benito Jones,Cameron McGrone,Patrick Johnson,Tristin McCollum,Segun Olubi,Chigozie Anusiem,Greedy Vance,Keyron Crawford,Dalton Johnson,Brandon Cleveland,Caleb Offord
2026005,1,2459,PASS,(7:37) (Shotgun) K.Slovis pass deep left to R.Virgil pushed ob at LV 38 for 24 yards (G.Vance).,https://pro.nfl.com/api/plays/summaryPlay?gameId=c66e0191-5f68-11f1-b1d0-bb70a4640075&playId=2459,3,3,4,07:37,62.0,False,False,3800,24,14,2.667638376355171,11,1,1,3,5,11,2,4,5,Matt Pryor,Demontrey Jacobs,Christian Jones,Kedon Slovis,Valentin Senn,Bryson Green,Corey Kiner,Reggie Virgil,Ka'ena Decambra,Jameson Geers,Harrison Wallace III,Benito Jones,Cameron McGrone,Patrick Johnson,Tristin McCollum,Segun Olubi,Chigozie Anusiem,Greedy Vance,Keyron Crawford,Dalton Johnson,Brandon Cleveland,Caleb Offord
2026005,1,2489,RUSH,(7:07) C.Kiner left guard to LV 32 for 6 yards (P.Johnson).,https://pro.nfl.com/api/plays/summaryPlay?gameId=c66e0191-5f68-11f1-b1d0-bb70a4640075&playId=2489,3,1,10,07:07,38.0,False,False,3800,24,14,0.3173071350902319,11,1,1,3,5,11,2,4,5,Matt Pryor,Demontrey Jacobs,Christian Jones,Kedon Slovis,Valentin Senn,Bryson Green,Corey Kiner,Reggie Virgil,Ka'ena Decambra,Jameson Geers,Harrison Wallace III,Cameron McGrone,Patrick Johnson,Tristin McCollum,Segun Olubi,Chigozie Anusiem,JJ Pegues,Greedy Vance,Keyron Crawford,Dalton Johnson,Brandon Cleveland,Caleb Offord
2026005,1,2511,PASS,(6:32) K.Slovis pass short middle to J.Geers to LV 26 for 6 yards (S.Olubi).,https://pro.nfl.com/api/plays/summaryPlay?gameId=c66e0191-5f68-11f1-b1d0-bb70a4640075&playId=2511,3,2,4,06:32,32.0,False,False,3800,24,14,0.3548450020607561,11,1,1,3,5,11,2,4,5,Matt Pryor,Demontrey Jacobs,Christian Jones,Kedon Slovis,Valentin Senn,Bryson Green,Corey Kiner,Reggie Virgil,Ka'ena Decambra,Jameson Geers,Harrison Wallace III,Cameron McGrone,Patrick Johnson,Tristin McCollum,Segun Olubi,Chigozie Anusiem,JJ Pegues,Greedy Vance,Keyron Crawford,Dalton Johnson,Brandon Cleveland,Caleb Offord
2026005,1,2548,TIMEOUT,Timeout #1 by AZ at 05:54.,https://pro.nfl.com/api/plays/summaryPlay?gameId=c66e0191-5f68-11f1-b1d0-bb70a4640075&playId=2548,3,0,0,05:54,,False,,3800,24,14,,0,0,0,0,0,0,0,0,0,,,,,,,,,,,,,,,,,,,,,,
2026005,1,2536,RUSH,(5:54) E.Hull right guard to LV 26 for no gain (C.Slone).,https://pro.nfl.com/api/plays/summaryPlay?gameId=c66e0191-5f68-11f1-b1d0-bb70a4640075&playId=2536,3,1,10,05:54,26.0,False,False,3800,24,14,-0.4224977834383026,11,1,1,3,5,11,3,3,5,Matt Pryor,Evan Hull,Demontrey Jacobs,Christian Jones,Kedon Slovis,Valentin Senn,Bryson Green,Reggie Virgil,Ka'ena Decambra,Jameson Geers,Harrison Wallace III,Cameron McGrone,Tristin McCollum,Segun Olubi,Chigozie Anusiem,JJ Pegues,Treven Ma'ae,Greedy Vance,Jahfari Harvey,Dalton Johnson,Caleb Offord,Cian Slone
2026005,1,2565,PASS,(5:16) (Shotgun) K.Slovis pass short left to E.Hull to LV 22 for 4 yards (G.Vance; S.Olubi).,https://pro.nfl.com/api/plays/summaryPlay?gameId=c66e0191-5f68-11f1-b1d0-bb70a4640075&playId=2565,3,2,10,05:16,26.0,False,False,3800,24,14,-0.2991019078763202,11,1,1,3,5,11,3,3,5,Matt Pryor,Evan Hull,Demontrey Jacobs,Christian Jones,Kedon Slovis,Valentin Senn,Bryson Green,Reggie Virgil,Ka'ena Decambra,Jameson Geers,Harrison Wallace III,Cameron McGrone,Tristin McCollum,Segun Olubi,Chigozie Anusiem,JJ Pegues,Treven Ma'ae,Greedy Vance,Jahfari Harvey,Dalton Johnson,Caleb Offord,Cian Slone
2026005,1,2590,PASS,(4:38) (Shotgun) K.Slovis pass incomplete deep right to R.Virgil.,https://pro.nfl.com/api/plays/summaryPlay?gameId=c66e0191-5f68-11f1-b1d0-bb70a4640075&playId=2590,3,3,6,04:38,22.0,False,False,3800,24,14,-1.2647523117484525,11,1,1,3,5,11,3,3,5,Matt Pryor,Demontrey Jacobs,Christian Jones,Kedon Slovis,Valentin Senn,Bryson Green,Corey Kiner,Reggie Virgil,Ka'ena Decambra,Jameson Geers,Harrison Wallace III,Cameron McGrone,Tristin McCollum,Segun Olubi,Chigozie Anusiem,JJ Pegues,Treven Ma'ae,Greedy Vance,Jahfari Harvey,Dalton Johnson,Caleb Offord,Cian Slone
2026005,1,2613,FIELD_GOAL,"(4:33) C.Ryland 40 yard field goal is GOOD, Center-C.Kreiter, Holder-B.Gillikin.",https://pro.nfl.com/api/plays/summaryPlay?gameId=c66e0191-5f68-11f1-b1d0-bb70a4640075&playId=2613,3,4,6,04:33,22.0,False,False,3800,24,14,0.5630012796027586,11,0,2,0,6,11,3,3,5,Casey Kreiter,Matt Pryor,Olisaemeka Udoh,Blake Gillikin,Chad Ryland,Jon Gaines II,Christian Jones,Hayden Conner,Rivaldo Fairweather,Josh Fryar,Jameson Geers,Cameron McGrone,Tristin McCollum,Segun Olubi,Chigozie Anusiem,JJ Pegues,Treven Ma'ae,Greedy Vance,Jahfari Harvey,Dalton Johnson,Caleb Offord,Cian Slone
2026005,1,2643,TIMEOUT,Timeout at 04:29.,https://pro.nfl.com/api/plays/summaryPlay?gameId=c66e0191-5f68-11f1-b1d0-bb70a4640075&playId=2643,3,0,0,04:29,,False,,3800,27,14,,0,0,0,0,0,0,0,0,0,,,,,,,,,,,,,,,,,,,,,,
2026005,1,2650,UNSPECIFIED,** Injury Update: LV-B.Jackson is Out of the game.,https://pro.nfl.com/api/plays/summaryPlay?gameId=c66e0191-5f68-11f1-b1d0-bb70a4640075&playId=2650,3,0,0,,,False,,3800,27,14,,0,0,0,0,0,0,0,0,0,,,,,,,,,,,,,,,,,,,,,,
2026005,1,2633,KICK_OFF,C.Ryland kicks 65 yards from AZ 35 to LV 0. D.Thompkins pushed ob at LV 33 for 33 yards (E.Jones).,https://pro.nfl.com/api/plays/summaryPlay?gameId=c66e0191-5f68-11f1-b1d0-bb70a4640075&playId=2633,3,0,0,04:29,65.0,False,False,3800,27,14,-0.9186760245356709,11,0,0,1,0,11,0,4,3,Ihmir Smith-Marsette,Elliott Brown,Chad Ryland,Owen Pappoe,Starling Thomas V,Eku Leota,Elijah Jones,Kalen King,Quinton Newsome,Eugene Asante,Karson Sharar,Chris Myarick,Buddy Johnson,Cameron McGrone,Patrick Johnson,Deven Thompkins,Chigozie Anusiem,Dalton Johnson,Hezekiah Masses,Roman Hemby,Cian Slone,Patrick Gurd
2026005,1,2673,RUSH,(4:20) D.Laube right guard to LV 39 for 6 yards (K.Sharar).,https://pro.nfl.com/api/plays/summaryPlay?gameId=c66e0191-5f68-11f1-b1d0-bb70a4640075&playId=2673,3,1,10,04:20,67.0,False,False,2520,14,27,0.27154911449179053,11,1,2,2,5,11,3,4,4,Ian Thomas,Jordan Meredith,Connor Heyward,Dareke Young,Brandon Johnson,Atonio Mafi,Dylan Laube,Caleb Rogers,Charles Grant,Fernando Mendoza,Trey Zuhn III,Isaiah Oliver,Jonah Williams,BJ Ojulari,Brodric Martin,Owen Pappoe,Starling Thomas V,Eku Leota,Elijah Jones,Karson Sharar,Damonic Williams,Wydett Williams Jr.
2026005,1,2695,RUSH,(3:45) (Shotgun) D.Laube up the middle to LV 41 for 2 yards (D.Williams).,https://pro.nfl.com/api/plays/summaryPlay?gameId=c66e0191-5f68-11f1-b1d0-bb70a4640075&playId=2695,3,2,4,03:45,61.0,False,False,2520,14,27,-0.4527209207881242,11,1,2,2,5,11,3,4,4,Ian Thomas,Jordan Meredith,Connor Heyward,Dareke Young,Brandon Johnson,Atonio Mafi,Dylan Laube,Caleb Rogers,Charles Grant,Fernando Mendoza,Trey Zuhn III,Isaiah Oliver,Jonah Williams,BJ Ojulari,Brodric Martin,Owen Pappoe,Starling Thomas V,Eku Leota,Elijah Jones,Karson Sharar,Damonic Williams,Wydett Williams Jr.
2026005,1,2717,PASS,(3:08) (Shotgun) F.Mendoza pass short middle to D.Young pushed ob at AZ 49 for 10 yards (S.Thomas).,https://pro.nfl.com/api/plays/summaryPlay?gameId=c66e0191-5f68-11f1-b1d0-bb70a4640075&playId=2717,3,3,2,03:08,59.0,False,False,2520,14,27,1.3260222607059404,11,1,2,2,5,11,2,4,5,Ian Thomas,Jordan Meredith,Connor Heyward,Dareke Young,Brandon Johnson,Atonio Mafi,Dylan Laube,Caleb Rogers,Charles Grant,Fernando Mendoza,Trey Zuhn III,Isaiah Oliver,Jonah Williams,BJ Ojulari,Owen Pappoe,Starling Thomas V,Eku Leota,Elijah Jones,Kalen King,Cam Horsley,Karson Sharar,Wydett Williams Jr.
2026005,1,2742,RUSH,(2:36) D.Laube right guard to LV 49 for -2 yards (Jo.Williams).,https://pro.nfl.com/api/plays/summaryPlay?gameId=c66e0191-5f68-11f1-b1d0-bb70a4640075&playId=2742,3,1,10,02:36,49.0,False,False,2520,14,27,-0.9869977998314425,11,1,1,3,5,11,2,4,5,Ian Thomas,Jordan Meredith,Dareke Young,Brandon Johnson,Deven Thompkins,Atonio Mafi,Dylan Laube,Caleb Rogers,Charles Grant,Fernando Mendoza,Trey Zuhn III,Isaiah Oliver,Jonah Williams,Elliott Brown,Owen Pappoe,Starling Thomas V,Elijah Jones,Kalen King,Cam Horsley,Karson Sharar,Cam Robertson,Wydett Williams Jr.
2026005,1,2764,PASS,(1:57) F.Mendoza pass short middle to Br.Johnson to AZ 37 for 14 yards (K.Sharar).,https://pro.nfl.com/api/plays/summaryPlay?gameId=c66e0191-5f68-11f1-b1d0-bb70a4640075&playId=2764,3,2,12,01:57,51.0,False,False,2520,14,27,1.6089059470687062,11,1,1,3,5,11,2,4,5,Ian Thomas,Jordan Meredith,Dareke Young,Brandon Johnson,Deven Thompkins,Atonio Mafi,Dylan Laube,Caleb Rogers,Charles Grant,Fernando Mendoza,Trey Zuhn III,Isaiah Oliver,Jonah Williams,Elliott Brown,Owen Pappoe,Starling Thomas V,Elijah Jones,Kalen King,Cam Horsley,Karson Sharar,Cam Robertson,Wydett Williams Jr.
2026005,1,2789,PASS,"(1:29) (No Huddle, Shotgun) F.Mendoza pass short middle to D.Laube to AZ 23 for 14 yards (W.Williams, I.Oliver).",https://pro.nfl.com/api/plays/summaryPlay?gameId=c66e0191-5f68-11f1-b1d0-bb70a4640075&playId=2789,3,1,10,01:29,37.0,False,False,2520,14,27,0.8038539935369045,11,1,1,3,5,11,2,4,5,Ian Thomas,Jordan Meredith,Dareke Young,Brandon Johnson,Deven Thompkins,Atonio Mafi,Dylan Laube,Caleb Rogers,Charles Grant,Fernando Mendoza,Trey Zuhn III,Isaiah Oliver,Jonah Williams,Elliott Brown,Owen Pappoe,Starling Thomas V,Elijah Jones,Kalen King,Cam Horsley,Karson Sharar,Cam Robertson,Wydett Williams Jr.
2026005,1,2814,PASS,"(1:05) (No Huddle, Shotgun) F.Mendoza pass short middle to D.Thompkins to AZ 17 for 6 yards (O.Pappoe).",https://pro.nfl.com/api/plays/summaryPlay?gameId=c66e0191-5f68-11f1-b1d0-bb70a4640075&playId=2814,3,1,10,01:05,23.0,False,False,2520,14,27,0.3298590664053336,11,1,1,3,5,11,2,4,5,Ian Thomas,Jordan Meredith,Dareke Young,Brandon Johnson,Deven Thompkins,Atonio Mafi,Dylan Laube,Caleb Rogers,Charles Grant,Fernando Mendoza,Trey Zuhn III,Isaiah Oliver,Jonah Williams,Elliott Brown,Owen Pappoe,Starling Thomas V,Elijah Jones,Kalen King,Cam Horsley,Karson Sharar,Cam Robertson,Wydett Williams Jr.
2026005,1,2839,RUSH,(:37) D.Laube left guard to AZ 20 for -3 yards (K.Sharar).,https://pro.nfl.com/api/plays/summaryPlay?gameId=c66e0191-5f68-11f1-b1d0-bb70a4640075&playId=2839,3,2,4,00:37,17.0,False,True,2520,14,27,-1.2624433684395626,11,1,1,3,5,11,2,4,5,Ian Thomas,Jordan Meredith,Dareke Young,Brandon Johnson,Deven Thompkins,Atonio Mafi,Dylan Laube,Caleb Rogers,Charles Grant,Fernando Mendoza,Trey Zuhn III,Isaiah Oliver,Jonah Williams,Elliott Brown,Owen Pappoe,Starling Thomas V,Elijah Jones,Kalen King,Cam Horsley,Karson Sharar,Cam Robertson,Wydett Williams Jr.
2026005,1,2861,END_QUARTER,END QUARTER 3,https://pro.nfl.com/api/plays/summaryPlay?gameId=c66e0191-5f68-11f1-b1d0-bb70a4640075&playId=2861,3,0,0,,,False,,3800,27,14,,0,0,0,0,0,0,0,0,0,,,,,,,,,,,,,,,,,,,,,,
2026005,1,2881,PASS,(15:00) (Shotgun) F.Mendoza pass incomplete deep right to D.Thompkins.,https://pro.nfl.com/api/plays/summaryPlay?gameId=c66e0191-5f68-11f1-b1d0-bb70a4640075&playId=2881,4,3,7,15:00,20.0,False,True,2520,14,27,-1.1765728202299215,11,1,1,3,5,11,2,4,5,Ian Thomas,Jordan Meredith,Dareke Young,Brandon Johnson,Deven Thompkins,Atonio Mafi,Dylan Laube,Caleb Rogers,Charles Grant,Fernando Mendoza,Trey Zuhn III,Isaiah Oliver,Jonah Williams,BJ Ojulari,Owen Pappoe,Starling Thomas V,Eku Leota,Elijah Jones,Kalen King,Cam Horsley,Karson Sharar,Wydett Williams Jr.
2026005,1,2904,FIELD_GOAL,"(14:54) K.Matsuzawa 38 yard field goal is No Good, Hit Right Upright, Center-T.Duzansky, Holder-A.Cole.",https://pro.nfl.com/api/plays/summaryPlay?gameId=c66e0191-5f68-11f1-b1d0-bb70a4640075&playId=2904,4,4,7,14:54,20.0,False,False,2520,14,27,-3.849145254062023,11,0,2,0,6,11,4,3,4,Ian Thomas,AJ Cole,Albert Okwuegbunam,Jordan Meredith,Atonio Mafi,Dalton Wagner,Will Putnam,Niklas Henning,Kansei Matsuzawa,Tyler Duzansky,Kamar Missouri,Isaiah Oliver,Jonah Williams,Brodric Martin,Owen Pappoe,Starling Thomas V,Eku Leota,Elijah Jones,Cam Horsley,Karson Sharar,Damonic Williams,Wydett Williams Jr.
2026005,1,2925,RUSH,(14:50) C.Kiner right guard to AZ 31 for 3 yards (D.Perkins).,https://pro.nfl.com/api/plays/summaryPlay?gameId=c66e0191-5f68-11f1-b1d0-bb70a4640075&playId=2925,4,1,10,14:50,72.0,False,False,3800,27,14,-0.2576621784828603,11,1,1,3,5,11,3,3,5,Matt Pryor,Demontrey Jacobs,Christian Jones,Shawn Bowman,Kedon Slovis,Valentin Senn,Bryson Green,Corey Kiner,Reggie Virgil,Ka'ena Decambra,Harrison Wallace III,Cameron McGrone,Segun Olubi,Chigozie Anusiem,Greedy Vance,Jahfari Harvey,Dalton Johnson,Brandon Cleveland,Devin Lafayette,Cian Slone,Gary Smith III,Devyn Perkins
2026005,1,2947,SACK,(14:18) (Shotgun) K.Slovis sacked at AZ 26 for -5 yards (C.Slone).,https://pro.nfl.com/api/plays/summaryPlay?gameId=c66e0191-5f68-11f1-b1d0-bb70a4640075&playId=2947,4,2,7,14:18,69.0,False,False,3800,27,14,-1.7234997805207968,11,1,1,3,5,11,3,3,5,Matt Pryor,Demontrey Jacobs,Christian Jones,Shawn Bowman,Kedon Slovis,Valentin Senn,Bryson Green,Corey Kiner,Reggie Virgil,Ka'ena Decambra,Harrison Wallace III,Cameron McGrone,Segun Olubi,Chigozie Anusiem,Greedy Vance,Jahfari Harvey,Dalton Johnson,Brandon Cleveland,Devin Lafayette,Cian Slone,Gary Smith III,Devyn Perkins
2026005,1,2967,PASS,"(13:37) (Shotgun) K.Slovis pass short middle to C.Kiner to AZ 36 for 10 yards (S.Olubi, D.Johnson).",https://pro.nfl.com/api/plays/summaryPlay?gameId=c66e0191-5f68-11f1-b1d0-bb70a4640075&playId=2967,4,3,12,13:37,74.0,False,False,3800,27,14,-0.16770345577970147,11,1,1,3,5,11,3,3,5,Matt Pryor,Demontrey Jacobs,Christian Jones,Shawn Bowman,Kedon Slovis,Valentin Senn,Bryson Green,Corey Kiner,Reggie Virgil,Ka'ena Decambra,Harrison Wallace III,Cameron McGrone,Segun Olubi,Chigozie Anusiem,Greedy Vance,Jahfari Harvey,Dalton Johnson,Brandon Cleveland,Devin Lafayette,Cian Slone,Gary Smith III,Devyn Perkins
2026005,1,2992,PUNT,"(12:45) B.Gillikin punts 53 yards to LV 11, Center-C.Kreiter. D.Thompkins to LV 21 for 10 yards (O.Pappoe).",https://pro.nfl.com/api/plays/summaryPlay?gameId=c66e0191-5f68-11f1-b1d0-bb70a4640075&playId=2992,4,4,2,12:45,64.0,False,False,3800,27,14,-0.3861603424884379,11,1,1,2,0,11,0,4,3,Casey Kreiter,Isaiah Oliver,Blake Gillikin,Simi Fehoko,Owen Pappoe,Eku Leota,Rivaldo Fairweather,Corey Kiner,Reggie Virgil,Karson Sharar,Wydett Williams Jr.,Dare Ogunbowale,Buddy Johnson,Patrick Johnson,Brandon Johnson,Deven Thompkins,Shedrick Jackson,Keyron Crawford,Dalton Johnson,Devin Lafayette,Cian Slone,Devyn Perkins
2026005,1,3030,TIMEOUT,Timeout at 12:33.,https://pro.nfl.com/api/plays/summaryPlay?gameId=c66e0191-5f68-11f1-b1d0-bb70a4640075&playId=3030,4,0,0,12:33,,False,,3800,27,14,,0,0,0,0,0,0,0,0,0,,,,,,,,,,,,,,,,,,,,,,
2026005,1,3018,RUSH,(12:33) R.Hemby right end pushed ob at LV 18 for -3 yards (E.Jones).,https://pro.nfl.com/api/plays/summaryPlay?gameId=c66e0191-5f68-11f1-b1d0-bb70a4640075&playId=3018,4,1,10,12:33,79.0,False,False,2520,14,27,-1.1759508629329503,11,1,2,2,5,11,3,4,4,Phillip Dorsett,Chris Myarick,Albert Okwuegbunam,Jordan Meredith,Aidan O'Connell,Atonio Mafi,Shedrick Jackson,Dalton Wagner,Will Putnam,Roman Hemby,Kamar Missouri,Isaiah Oliver,Jonah Williams,Elliott Brown,Brodric Martin,Owen Pappoe,Elijah Jones,Karson Sharar,Elijah Culp,Cam Robertson,Damonic Williams,Wydett Williams Jr.
2026005,1,3047,PASS,(12:05) (Shotgun) A.O'Connell pass incomplete short left to P.Dorsett.,https://pro.nfl.com/api/plays/summaryPlay?gameId=c66e0191-5f68-11f1-b1d0-bb70a4640075&playId=3047,4,2,13,12:05,82.0,False,False,2520,14,27,-1.033975476399064,11,1,1,3,5,11,2,4,5,Phillip Dorsett,Chris Myarick,Jordan Meredith,Aidan O'Connell,Atonio Mafi,Shedrick Jackson,Dalton Wagner,Will Putnam,Roman Hemby,Chase Roberts,Kamar Missouri,Isaiah Oliver,Jonah Williams,Elliott Brown,Owen Pappoe,Elijah Jones,Kalen King,Cam Horsley,Karson Sharar,Elijah Culp,Cam Robertson,Wydett Williams Jr.
2026005,1,3070,PASS,(11:59) (Shotgun) A.O'Connell pass short middle to P.Dorsett to LV 31 for 13 yards (I.Oliver).,https://pro.nfl.com/api/plays/summaryPlay?gameId=c66e0191-5f68-11f1-b1d0-bb70a4640075&playId=3070,4,3,13,11:59,82.0,False,False,2520,14,27,2.870730814523995,11,1,1,3,5,11,2,4,5,Phillip Dorsett,Dare Ogunbowale,Albert Okwuegbunam,Jordan Meredith,Aidan O'Connell,Atonio Mafi,Shedrick Jackson,Dalton Wagner,Will Putnam,Chase Roberts,Kamar Missouri,Isaiah Oliver,Jonah Williams,Elliott Brown,Owen Pappoe,Elijah Jones,Kalen King,Karson Sharar,Elijah Culp,Cam Robertson,Damonic Williams,Wydett Williams Jr.
2026005,1,3095,PASS,"(11:26) (No Huddle, Shotgun) A.O'Connell pass short right to S.Jackson to 50 for 19 yards (K.King).",https://pro.nfl.com/api/plays/summaryPlay?gameId=c66e0191-5f68-11f1-b1d0-bb70a4640075&playId=3095,4,1,10,11:26,69.0,False,False,2520,14,27,1.167873919941485,11,1,1,3,5,11,2,4,5,Phillip Dorsett,Dare Ogunbowale,Albert Okwuegbunam,Jordan Meredith,Aidan O'Connell,Atonio Mafi,Shedrick Jackson,Dalton Wagner,Will Putnam,Chase Roberts,Kamar Missouri,Isaiah Oliver,Jonah Williams,Elliott Brown,Owen Pappoe,Elijah Jones,Kalen King,Karson Sharar,Elijah Culp,Cam Robertson,Damonic Williams,Wydett Williams Jr.
2026005,1,3120,PASS,"(10:49) (No Huddle, Shotgun) A.O'Connell pass incomplete short middle to A.Okwuegbunam.",https://pro.nfl.com/api/plays/summaryPlay?gameId=c66e0191-5f68-11f1-b1d0-bb70a4640075&playId=3120,4,1,10,10:49,50.0,False,False,2520,14,27,-0.44490764115471393,11,1,1,3,5,11,2,4,5,Phillip Dorsett,Dare Ogunbowale,Albert Okwuegbunam,Jordan Meredith,Aidan O'Connell,Atonio Mafi,Shedrick Jackson,Dalton Wagner,Will Putnam,Chase Roberts,Kamar Missouri,Isaiah Oliver,Jonah Williams,Elliott Brown,Owen Pappoe,Elijah Jones,Kalen King,Karson Sharar,Elijah Culp,Cam Robertson,Damonic Williams,Wydett Williams Jr.
2026005,1,3143,RUSH,(10:44) (Shotgun) R.Hemby right tackle to AZ 42 for 8 yards (E.Jones).,https://pro.nfl.com/api/plays/summaryPlay?gameId=c66e0191-5f68-11f1-b1d0-bb70a4640075&playId=3143,4,2,10,10:44,50.0,False,False,2520,14,27,0.13027090311516076,11,1,1,3,5,11,2,4,5,Phillip Dorsett,Chris Myarick,Jordan Meredith,Aidan O'Connell,Atonio Mafi,Shedrick Jackson,Dalton Wagner,Will Putnam,Roman Hemby,Chase Roberts,Kamar Missouri,Isaiah Oliver,BJ Ojulari,Brodric Martin,Owen Pappoe,Eku Leota,Elijah Jones,Kalen King,Cam Horsley,Karson Sharar,Elijah Culp,Wydett Williams Jr.
2026005,1,3165,PASS,(10:06) (Shotgun) A.O'Connell pass incomplete deep right to P.Dorsett.,https://pro.nfl.com/api/plays/summaryPlay?gameId=c66e0191-5f68-11f1-b1d0-bb70a4640075&playId=3165,4,3,2,10:06,42.0,False,False,2520,14,27,-1.889431873569265,11,1,1,3,5,11,2,4,5,Phillip Dorsett,Chris Myarick,Jordan Meredith,Aidan O'Connell,Atonio Mafi,Shedrick Jackson,Dalton Wagner,Will Putnam,Roman Hemby,Chase Roberts,Kamar Missouri,Isaiah Oliver,BJ Ojulari,Brodric Martin,Owen Pappoe,Starling Thomas V,Eku Leota,Kalen King,Cam Horsley,Karson Sharar,Elijah Culp,Wydett Williams Jr.
2026005,1,3188,PASS,(10:02) (Shotgun) A.O'Connell pass incomplete deep left to P.Dorsett.,https://pro.nfl.com/api/plays/summaryPlay?gameId=c66e0191-5f68-11f1-b1d0-bb70a4640075&playId=3188,4,4,2,10:02,42.0,False,False,2520,14,27,-3.121399355819449,11,1,1,3,5,11,2,4,5,Phillip Dorsett,Albert Okwuegbunam,Jordan Meredith,Aidan O'Connell,Atonio Mafi,Shedrick Jackson,Dalton Wagner,Will Putnam,Roman Hemby,Chase Roberts,Kamar Missouri,Isaiah Oliver,BJ Ojulari,Brodric Martin,Owen Pappoe,Starling Thomas V,Eku Leota,Kalen King,Cam Horsley,Karson Sharar,Elijah Culp,Wydett Williams Jr.
2026005,1,3223,TIMEOUT,Timeout at 09:56.,https://pro.nfl.com/api/plays/summaryPlay?gameId=c66e0191-5f68-11f1-b1d0-bb70a4640075&playId=3223,4,0,0,09:56,,False,,3800,27,14,,0,0,0,0,0,0,0,0,0,,,,,,,,,,,,,,,,,,,,,,
2026005,1,3211,RUSH,(9:56) E.Hull up the middle to AZ 44 for 2 yards (Bu.Johnson).,https://pro.nfl.com/api/plays/summaryPlay?gameId=c66e0191-5f68-11f1-b1d0-bb70a4640075&playId=3211,4,1,10,09:56,58.0,False,False,3800,27,14,-0.3517578144092113,11,1,2,2,5,11,4,3,4,Olisaemeka Udoh,Evan Hull,Demontrey Jacobs,Christian Jones,Shawn Bowman,Kedon Slovis,Valentin Senn,Bryson Green,Reggie Virgil,Ka'ena Decambra,Jameson Geers,Buddy Johnson,Chigozie Anusiem,Treven Ma'ae,Jahfari Harvey,Dalton Johnson,Brandon Cleveland,Devin Lafayette,Caleb Offord,Cian Slone,Gary Smith III,Xavian Sorey Jr.
2026005,1,3240,RUSH,(9:18) E.Hull left guard to AZ 48 for 4 yards (Bu.Johnson; J.Harvey).,https://pro.nfl.com/api/plays/summaryPlay?gameId=c66e0191-5f68-11f1-b1d0-bb70a4640075&playId=3240,4,2,8,09:18,56.0,False,False,3800,27,14,-0.49097471381537616,11,1,2,2,5,11,4,3,4,Olisaemeka Udoh,Evan Hull,Demontrey Jacobs,Christian Jones,Shawn Bowman,Kedon Slovis,Valentin Senn,Bryson Green,Reggie Virgil,Ka'ena Decambra,Jameson Geers,Buddy Johnson,Chigozie Anusiem,Treven Ma'ae,Jahfari Harvey,Dalton Johnson,Brandon Cleveland,Devin Lafayette,Caleb Offord,Cian Slone,Gary Smith III,Xavian Sorey Jr.
2026005,1,3262,PASS,(8:39) (Shotgun) K.Slovis pass incomplete short right to H.Wallace.,https://pro.nfl.com/api/plays/summaryPlay?gameId=c66e0191-5f68-11f1-b1d0-bb70a4640075&playId=3262,4,3,4,08:39,52.0,False,False,3800,27,14,-1.774700817419216,11,1,1,3,5,11,3,3,5,Olisaemeka Udoh,Evan Hull,Demontrey Jacobs,Christian Jones,Kedon Slovis,Rivaldo Fairweather,Valentin Senn,Bryson Green,Reggie Virgil,Ka'ena Decambra,Harrison Wallace III,Buddy Johnson,Chigozie Anusiem,Greedy Vance,Jahfari Harvey,Dalton Johnson,Brandon Cleveland,Devin Lafayette,Caleb Offord,Cian Slone,Gary Smith III,Xavian Sorey Jr.
2026005,1,3285,PUNT,"(8:36) B.Gillikin punts 50 yards to LV 2, Center-C.Kreiter, downed by AZ-S.Fehoko.",https://pro.nfl.com/api/plays/summaryPlay?gameId=c66e0191-5f68-11f1-b1d0-bb70a4640075&playId=3285,4,4,4,08:36,52.0,False,False,3800,27,14,0.1976208162959665,11,1,1,2,0,11,0,4,3,Casey Kreiter,Isaiah Oliver,Blake Gillikin,Simi Fehoko,Owen Pappoe,Eku Leota,Rivaldo Fairweather,Corey Kiner,Reggie Virgil,Karson Sharar,Wydett Williams Jr.,Dare Ogunbowale,Buddy Johnson,Patrick Johnson,Brandon Johnson,Deven Thompkins,Shedrick Jackson,Keyron Crawford,Dalton Johnson,Devin Lafayette,Cian Slone,Devyn Perkins
2026005,1,3317,TIMEOUT,Timeout at 08:25.,https://pro.nfl.com/api/plays/summaryPlay?gameId=c66e0191-5f68-11f1-b1d0-bb70a4640075&playId=3317,4,0,0,08:25,,False,,3800,27,14,,0,0,0,0,0,0,0,0,0,,,,,,,,,,,,,,,,,,,,,,
2026005,1,3305,PASS,(8:25) A.O'Connell pass incomplete short left to S.Jackson.,https://pro.nfl.com/api/plays/summaryPlay?gameId=c66e0191-5f68-11f1-b1d0-bb70a4640075&playId=3305,4,1,10,08:25,98.0,False,False,2520,14,27,-0.482543284073472,11,1,2,2,5,11,3,4,4,Chris Myarick,Albert Okwuegbunam,Jordan Meredith,Brandon Johnson,Aidan O'Connell,Shedrick Jackson,Dalton Wagner,Will Putnam,Niklas Henning,Roman Hemby,Kamar Missouri,Isaiah Oliver,Jonah Williams,Elliott Brown,Brodric Martin,Owen Pappoe,Starling Thomas V,Eugene Asante,Elijah Culp,Cam Robertson,Damonic Williams,Wydett Williams Jr.
2026005,1,3335,RUSH,(8:20) R.Hemby up the middle to LV 4 for 2 yards (O.Pappoe).,https://pro.nfl.com/api/plays/summaryPlay?gameId=c66e0191-5f68-11f1-b1d0-bb70a4640075&playId=3335,4,2,10,08:20,98.0,False,False,2520,14,27,-0.5718253068625927,11,1,3,1,5,11,3,4,4,Chris Myarick,Albert Okwuegbunam,Jordan Meredith,Dareke Young,Aidan O'Connell,Dalton Wagner,Will Putnam,Niklas Henning,Roman Hemby,Patrick Gurd,Kamar Missouri,Isaiah Oliver,Jonah Williams,Elliott Brown,Brodric Martin,Owen Pappoe,Starling Thomas V,Eugene Asante,Elijah Culp,Cam Robertson,Damonic Williams,Wydett Williams Jr.
2026005,1,3357,PASS,(7:36) (Shotgun) A.O'Connell pass incomplete short middle to P.Dorsett.,https://pro.nfl.com/api/plays/summaryPlay?gameId=c66e0191-5f68-11f1-b1d0-bb70a4640075&playId=3357,4,3,8,07:36,96.0,False,False,2520,14,27,-1.4251428954303265,11,1,1,3,5,11,2,4,5,Phillip Dorsett,Dare Ogunbowale,Albert Okwuegbunam,Jordan Meredith,Aidan O'Connell,Dalton Wagner,Will Putnam,Niklas Henning,Chase Roberts,E.J. Williams Jr.,Kamar Missouri,Isaiah Oliver,Jonah Williams,Elliott Brown,Owen Pappoe,Starling Thomas V,Kalen King,Eugene Asante,Cam Horsley,Elijah Culp,Cam Robertson,Wydett Williams Jr.
2026005,1,3380,PUNT,"(7:33) A.Cole punts 58 yards to AZ 38, Center-T.Duzansky. I.Smith-Marsette to AZ 42 for 4 yards (P.Johnson; T.Duzansky).",https://pro.nfl.com/api/plays/summaryPlay?gameId=c66e0191-5f68-11f1-b1d0-bb70a4640075&playId=3380,4,4,8,07:33,96.0,False,False,2520,14,27,0.04233066784217954,11,1,0,2,0,11,0,2,4,AJ Cole,Buddy Johnson,Cameron McGrone,Patrick Johnson,Chigozie Anusiem,Tyler Duzansky,Roman Hemby,Devin Lafayette,Chase Roberts,Cian Slone,E.J. Williams Jr.,Isaiah Oliver,Ihmir Smith-Marsette,BJ Ojulari,Owen Pappoe,Evan Hull,Kalen King,Quinton Newsome,Rivaldo Fairweather,Bryson Green,Reggie Virgil,Wydett Williams Jr.
2026005,1,3406,PASS,(7:19) K.Slovis pass deep right to R.Virgil ran ob at LV 39 for 19 yards (D.Perkins).,https://pro.nfl.com/api/plays/summaryPlay?gameId=c66e0191-5f68-11f1-b1d0-bb70a4640075&playId=3406,4,1,10,07:19,58.0,False,False,3800,27,14,1.178775455802679,11,1,2,2,5,11,3,4,4,Olisaemeka Udoh,Demontrey Jacobs,Christian Jones,Shawn Bowman,Kedon Slovis,Valentin Senn,Bryson Green,Corey Kiner,Reggie Virgil,Ka'ena Decambra,Jameson Geers,Buddy Johnson,Patrick Johnson,Treven Ma'ae,Keyron Crawford,Dalton Johnson,Brandon Cleveland,Devin Lafayette,Caleb Offord,Gary Smith III,Xavian Sorey Jr.,Devyn Perkins
2026005,1,3441,RUSH,(6:50) C.Kiner up the middle to LV 34 for 5 yards (T.Ma'ae; P.Johnson).,https://pro.nfl.com/api/plays/summaryPlay?gameId=c66e0191-5f68-11f1-b1d0-bb70a4640075&playId=3441,4,1,10,06:50,39.0,False,False,3800,27,14,0.14336610084865242,11,1,1,3,5,11,2,4,5,Olisaemeka Udoh,Demontrey Jacobs,Christian Jones,Kedon Slovis,Rivaldo Fairweather,Valentin Senn,Bryson Green,Corey Kiner,Reggie Virgil,Ka'ena Decambra,Harrison Wallace III,Buddy Johnson,Patrick Johnson,Treven Ma'ae,Greedy Vance,Keyron Crawford,Dalton Johnson,Devin Lafayette,Caleb Offord,Gary Smith III,Xavian Sorey Jr.,Devyn Perkins
2026005,1,3475,TIMEOUT,Timeout #1 by LV at 06:44.,https://pro.nfl.com/api/plays/summaryPlay?gameId=c66e0191-5f68-11f1-b1d0-bb70a4640075&playId=3475,4,0,0,06:44,,False,,3800,27,14,,0,0,0,0,0,0,0,0,0,,,,,,,,,,,,,,,,,,,,,,
2026005,1,3463,RUSH,(6:44) C.Kiner left tackle to LV 19 for 15 yards (G.Vance).,https://pro.nfl.com/api/plays/summaryPlay?gameId=c66e0191-5f68-11f1-b1d0-bb70a4640075&playId=3463,4,2,5,06:44,34.0,False,False,3800,27,14,-3.4105276444461197,11,1,1,3,5,11,2,4,5,Olisaemeka Udoh,Demontrey Jacobs,Christian Jones,Kedon Slovis,Rivaldo Fairweather,Valentin Senn,Bryson Green,Corey Kiner,Reggie Virgil,Ka'ena Decambra,Harrison Wallace III,Buddy Johnson,Patrick Johnson,Treven Ma'ae,Greedy Vance,Keyron Crawford,Dalton Johnson,Devin Lafayette,Caleb Offord,Gary Smith III,Xavian Sorey Jr.,Devyn Perkins
2026005,1,3504,TIMEOUT,Timeout #2 by LV at 06:38.,https://pro.nfl.com/api/plays/summaryPlay?gameId=c66e0191-5f68-11f1-b1d0-bb70a4640075&playId=3504,4,0,0,06:38,,False,,3800,27,14,,0,0,0,0,0,0,0,0,0,,,,,,,,,,,,,,,,,,,,,,
2026005,1,3492,RUSH,(6:38) C.Kiner right guard to LV 15 for 4 yards (D.Lafayette).,https://pro.nfl.com/api/plays/summaryPlay?gameId=c66e0191-5f68-11f1-b1d0-bb70a4640075&playId=3492,4,1,10,06:38,19.0,False,True,3800,27,14,4.048602845170535,11,1,1,3,5,11,2,4,5,Olisaemeka Udoh,Demontrey Jacobs,Christian Jones,Kedon Slovis,Rivaldo Fairweather,Valentin Senn,Bryson Green,Corey Kiner,Reggie Virgil,Ka'ena Decambra,Harrison Wallace III,Buddy Johnson,Patrick Johnson,Treven Ma'ae,Greedy Vance,Keyron Crawford,Dalton Johnson,Devin Lafayette,Caleb Offord,Gary Smith III,Xavian Sorey Jr.,Devyn Perkins
2026005,1,3533,TIMEOUT,Timeout #3 by LV at 06:33.,https://pro.nfl.com/api/plays/summaryPlay?gameId=c66e0191-5f68-11f1-b1d0-bb70a4640075&playId=3533,4,0,0,06:33,,False,,3800,27,14,,0,0,0,0,0,0,0,0,0,,,,,,,,,,,,,,,,,,,,,,
2026005,1,3521,RUSH,(6:33) C.Kiner up the middle to LV 13 for 2 yards (X.Sorey; K.Crawford).,https://pro.nfl.com/api/plays/summaryPlay?gameId=c66e0191-5f68-11f1-b1d0-bb70a4640075&playId=3521,4,2,6,06:33,15.0,False,True,3800,27,14,-0.6052017919719219,11,1,1,3,5,11,2,4,5,Olisaemeka Udoh,Demontrey Jacobs,Christian Jones,Kedon Slovis,Rivaldo Fairweather,Valentin Senn,Bryson Green,Corey Kiner,Reggie Virgil,Ka'ena Decambra,Harrison Wallace III,Buddy Johnson,Patrick Johnson,Treven Ma'ae,Greedy Vance,Keyron Crawford,Dalton Johnson,Devin Lafayette,Caleb Offord,Gary Smith III,Xavian Sorey Jr.,Devyn Perkins
2026005,1,3550,RUSH,(5:57) (Shotgun) C.Kiner right guard to LV 10 for 3 yards (X.Sorey; K.Crawford).,https://pro.nfl.com/api/plays/summaryPlay?gameId=c66e0191-5f68-11f1-b1d0-bb70a4640075&playId=3550,4,3,4,05:57,13.0,False,True,3800,27,14,-0.34294603182934225,11,1,1,3,5,11,2,4,5,Olisaemeka Udoh,Demontrey Jacobs,Christian Jones,Kedon Slovis,Rivaldo Fairweather,Valentin Senn,Bryson Green,Corey Kiner,Reggie Virgil,Ka'ena Decambra,Harrison Wallace III,Buddy Johnson,Patrick Johnson,Treven Ma'ae,Greedy Vance,Keyron Crawford,Dalton Johnson,Devin Lafayette,Caleb Offord,Gary Smith III,Xavian Sorey Jr.,Devyn Perkins
2026005,1,3572,PENALTY,"(5:12) (Run formation) PENALTY on AZ-S.Bowman, False Start, 5 yards, enforced at LV 10 - No Play.",https://pro.nfl.com/api/plays/summaryPlay?gameId=c66e0191-5f68-11f1-b1d0-bb70a4640075&playId=3572,4,4,1,05:12,10.0,False,True,3800,27,14,-0.7613436323590577,11,1,2,2,5,11,3,4,4,Olisaemeka Udoh,Demontrey Jacobs,Christian Jones,Shawn Bowman,Kedon Slovis,Valentin Senn,Bryson Green,Corey Kiner,Reggie Virgil,Ka'ena Decambra,Jameson Geers,Buddy Johnson,Patrick Johnson,Treven Ma'ae,Keyron Crawford,Dalton Johnson,Brandon Cleveland,Devin Lafayette,Caleb Offord,Gary Smith III,Xavian Sorey Jr.,Devyn Perkins
2026005,1,3596,FIELD_GOAL,"(5:12) C.Ryland 33 yard field goal is No Good, Wide Right, Center-C.Kreiter, Holder-B.Gillikin.",https://pro.nfl.com/api/plays/summaryPlay?gameId=c66e0191-5f68-11f1-b1d0-bb70a4640075&playId=3596,4,4,6,05:12,15.0,False,False,3800,27,14,-3.9906877847388387,11,0,2,0,6,11,2,4,5,Casey Kreiter,Olisaemeka Udoh,Blake Gillikin,Chad Ryland,Demontrey Jacobs,Christian Jones,Hayden Conner,Rivaldo Fairweather,Valentin Senn,Jayden Williams,Jameson Geers,Buddy Johnson,Patrick Johnson,Treven Ma'ae,Greedy Vance,Keyron Crawford,Dalton Johnson,Devin Lafayette,Caleb Offord,Gary Smith III,Xavian Sorey Jr.,Devyn Perkins
2026005,1,3617,PASS,(5:08) (Shotgun) A.O'Connell pass deep left to E.Williams pushed ob at AZ 36 for 41 yards (E.Culp) [Jo.Williams].,https://pro.nfl.com/api/plays/summaryPlay?gameId=c66e0191-5f68-11f1-b1d0-bb70a4640075&playId=3617,4,1,10,05:08,77.0,False,False,2520,14,27,1.998418921022676,11,1,1,3,5,11,2,4,5,Phillip Dorsett,Dare Ogunbowale,Albert Okwuegbunam,Aidan O'Connell,Atonio Mafi,Dalton Wagner,Will Putnam,Niklas Henning,Chase Roberts,E.J. Williams Jr.,Kamar Missouri,Isaiah Oliver,Jonah Williams,BJ Ojulari,Owen Pappoe,Eku Leota,Elijah Jones,Quinton Newsome,Eugene Asante,Cam Horsley,Elijah Culp,Wydett Williams Jr.
2026005,1,3642,PASS,"(4:38) (No Huddle, Shotgun) A.O'Connell pass short left to C.Roberts to AZ 24 for 12 yards (B.Ojulari).",https://pro.nfl.com/api/plays/summaryPlay?gameId=c66e0191-5f68-11f1-b1d0-bb70a4640075&playId=3642,4,1,10,04:38,36.0,False,False,2520,14,27,0.8333727568387985,11,1,1,3,5,11,2,4,5,Phillip Dorsett,Dare Ogunbowale,Albert Okwuegbunam,Aidan O'Connell,Atonio Mafi,Dalton Wagner,Will Putnam,Niklas Henning,Chase Roberts,E.J. Williams Jr.,Kamar Missouri,Isaiah Oliver,Jonah Williams,BJ Ojulari,Owen Pappoe,Eku Leota,Elijah Jones,Quinton Newsome,Eugene Asante,Cam Horsley,Elijah Culp,Wydett Williams Jr.
2026005,1,3667,PASS,"(4:16) (No Huddle, Shotgun) A.O'Connell pass incomplete short middle to C.Roberts.",https://pro.nfl.com/api/plays/summaryPlay?gameId=c66e0191-5f68-11f1-b1d0-bb70a4640075&playId=3667,4,1,10,04:16,24.0,False,False,2520,14,27,-0.42637727479450405,11,1,1,3,5,11,2,4,5,Phillip Dorsett,Dare Ogunbowale,Albert Okwuegbunam,Aidan O'Connell,Atonio Mafi,Dalton Wagner,Will Putnam,Niklas Henning,Chase Roberts,E.J. Williams Jr.,Kamar Missouri,Isaiah Oliver,Jonah Williams,BJ Ojulari,Owen Pappoe,Eku Leota,Elijah Jones,Quinton Newsome,Eugene Asante,Cam Horsley,Elijah Culp,Wydett Williams Jr.
2026005,1,3697,PASS,(4:13) (Shotgun) A.O'Connell pass incomplete deep left to E.Williams.,https://pro.nfl.com/api/plays/summaryPlay?gameId=c66e0191-5f68-11f1-b1d0-bb70a4640075&playId=3697,4,2,10,04:13,24.0,False,False,2520,14,27,-0.6451652044197544,11,1,1,3,5,11,2,4,5,Phillip Dorsett,Dare Ogunbowale,Albert Okwuegbunam,Aidan O'Connell,Atonio Mafi,Dalton Wagner,Will Putnam,Niklas Henning,Chase Roberts,E.J. Williams Jr.,Kamar Missouri,Isaiah Oliver,Elliott Brown,Brodric Martin,Owen Pappoe,Elijah Jones,Quinton Newsome,Eugene Asante,Elijah Culp,Cam Robertson,Damonic Williams,Wydett Williams Jr.
2026005,1,3720,SACK,(4:08) (Shotgun) A.O'Connell sacked at AZ 34 for -10 yards (E.Brown).,https://pro.nfl.com/api/plays/summaryPlay?gameId=c66e0191-5f68-11f1-b1d0-bb70a4640075&playId=3720,4,3,10,04:08,24.0,False,False,2520,14,27,-2.388234321260825,11,1,1,3,5,11,2,4,5,Phillip Dorsett,Dare Ogunbowale,Albert Okwuegbunam,Aidan O'Connell,Atonio Mafi,Dalton Wagner,Will Putnam,Niklas Henning,Chase Roberts,E.J. Williams Jr.,Kamar Missouri,Isaiah Oliver,Elliott Brown,Brodric Martin,Owen Pappoe,Elijah Jones,Quinton Newsome,Karson Sharar,Elijah Culp,Cam Robertson,Damonic Williams,Wydett Williams Jr.
2026005,1,3740,PASS,"(3:42) (No Huddle, Shotgun) A.O'Connell pass incomplete deep left to P.Dorsett.",https://pro.nfl.com/api/plays/summaryPlay?gameId=c66e0191-5f68-11f1-b1d0-bb70a4640075&playId=3740,4,4,20,03:42,34.0,False,False,2520,14,27,-1.0235912731150165,11,1,1,3,5,11,2,4,5,Phillip Dorsett,Dare Ogunbowale,Albert Okwuegbunam,Aidan O'Connell,Atonio Mafi,Dalton Wagner,Will Putnam,Niklas Henning,Chase Roberts,E.J. Williams Jr.,Kamar Missouri,Isaiah Oliver,Elliott Brown,Brodric Martin,Owen Pappoe,Elijah Jones,Quinton Newsome,Karson Sharar,Elijah Culp,Cam Robertson,Damonic Williams,Wydett Williams Jr.
2026005,1,3763,RUSH,(3:36) E.Hull right guard to AZ 36 for 1 yard (B.Cleveland; J.Harvey).,https://pro.nfl.com/api/plays/summaryPlay?gameId=c66e0191-5f68-11f1-b1d0-bb70a4640075&playId=3763,4,1,10,03:36,65.0,False,False,3800,27,14,-0.7544484230456874,11,1,2,2,5,11,4,3,4,Olisaemeka Udoh,Evan Hull,Demontrey Jacobs,Christian Jones,Shawn Bowman,Kedon Slovis,Valentin Senn,Bryson Green,Reggie Virgil,Ka'ena Decambra,Jameson Geers,Buddy Johnson,Treven Ma'ae,Jahfari Harvey,Dalton Johnson,Brandon Cleveland,Devin Lafayette,Caleb Offord,Cian Slone,Gary Smith III,Xavian Sorey Jr.,Devyn Perkins
2026005,1,3785,RUSH,(2:51) E.Hull left tackle to AZ 37 for 1 yard (J.Harvey; C.Slone).,https://pro.nfl.com/api/plays/summaryPlay?gameId=c66e0191-5f68-11f1-b1d0-bb70a4640075&playId=3785,4,2,9,02:51,64.0,False,False,3800,27,14,-0.0068808047799393535,11,1,1,3,5,11,3,3,5,Olisaemeka Udoh,Evan Hull,Demontrey Jacobs,Christian Jones,Kedon Slovis,Rivaldo Fairweather,Valentin Senn,Bryson Green,Reggie Virgil,Ka'ena Decambra,Harrison Wallace III,Buddy Johnson,Greedy Vance,Jahfari Harvey,Dalton Johnson,Brandon Cleveland,Devin Lafayette,Caleb Offord,Cian Slone,Gary Smith III,Xavian Sorey Jr.,Devyn Perkins
2026005,1,3807,RUSH,(2:06) C.Kiner up the middle to LV 48 for 15 yards (G.Vance).,https://pro.nfl.com/api/plays/summaryPlay?gameId=c66e0191-5f68-11f1-b1d0-bb70a4640075&playId=3807,4,3,8,02:06,63.0,False,False,3800,27,14,0.0068808047799393535,11,1,1,3,5,11,3,3,5,Olisaemeka Udoh,Demontrey Jacobs,Christian Jones,Kedon Slovis,Valentin Senn,Bryson Green,Corey Kiner,Reggie Virgil,Ka'ena Decambra,Jameson Geers,Harrison Wallace III,Buddy Johnson,Greedy Vance,Jahfari Harvey,Dalton Johnson,Brandon Cleveland,Devin Lafayette,Caleb Offord,Cian Slone,Gary Smith III,Xavian Sorey Jr.,Devyn Perkins
2026005,1,3841,TIMEOUT,Two-Minute Warning,https://pro.nfl.com/api/plays/summaryPlay?gameId=c66e0191-5f68-11f1-b1d0-bb70a4640075&playId=3841,4,0,0,02:00,,False,,3800,27,14,,0,0,0,0,0,0,0,0,0,,,,,,,,,,,,,,,,,,,,,,
2026005,1,3829,RUSH,(2:00) K.Slovis kneels to LV 49 for -1 yards.,https://pro.nfl.com/api/plays/summaryPlay?gameId=c66e0191-5f68-11f1-b1d0-bb70a4640075&playId=3829,4,1,10,02:00,48.0,False,False,3800,27,14,0.0,11,1,2,2,5,11,4,3,4,Olisaemeka Udoh,Demontrey Jacobs,Christian Jones,Shawn Bowman,Kedon Slovis,Rivaldo Fairweather,Valentin Senn,Bryson Green,Corey Kiner,Reggie Virgil,Ka'ena Decambra,Buddy Johnson,Treven Ma'ae,Jahfari Harvey,Dalton Johnson,Brandon Cleveland,Devin Lafayette,Caleb Offord,Cian Slone,Gary Smith III,Xavian Sorey Jr.,Devyn Perkins
2026005,1,3863,RUSH,(1:18) K.Slovis kneels to 50 for -1 yards.,https://pro.nfl.com/api/plays/summaryPlay?gameId=c66e0191-5f68-11f1-b1d0-bb70a4640075&playId=3863,4,2,11,01:18,49.0,False,False,3800,27,14,0.0,11,1,2,2,5,11,4,3,4,Olisaemeka Udoh,Demontrey Jacobs,Christian Jones,Shawn Bowman,Kedon Slovis,Rivaldo Fairweather,Valentin Senn,Bryson Green,Corey Kiner,Reggie Virgil,Ka'ena Decambra,Buddy Johnson,Treven Ma'ae,Jahfari Harvey,Dalton Johnson,Brandon Cleveland,Devin Lafayette,Caleb Offord,Cian Slone,Gary Smith III,Xavian Sorey Jr.,Devyn Perkins
2026005,1,3885,RUSH,(:38) K.Slovis kneels to AZ 49 for -1 yards.,https://pro.nfl.com/api/plays/summaryPlay?gameId=c66e0191-5f68-11f1-b1d0-bb70a4640075&playId=3885,4,3,12,00:38,50.0,False,False,3800,27,14,0.0,11,1,2,2,5,11,4,3,4,Olisaemeka Udoh,Demontrey Jacobs,Christian Jones,Shawn Bowman,Kedon Slovis,Rivaldo Fairweather,Valentin Senn,Bryson Green,Corey Kiner,Reggie Virgil,Ka'ena Decambra,Buddy Johnson,Treven Ma'ae,Jahfari Harvey,Dalton Johnson,Brandon Cleveland,Devin Lafayette,Caleb Offord,Cian Slone,Gary Smith III,Xavian Sorey Jr.,Devyn Perkins
2026005,1,3907,END_GAME,END GAME,https://pro.nfl.com/api/plays/summaryPlay?gameId=c66e0191-5f68-11f1-b1d0-bb70a4640075&playId=3907,4,0,0,00:00,,False,,3800,27,14,,0,0,0,0,0,0,0,0,0,,,,,,,,,,,,,,,,,,,,,,
2026006,1,1,GAME_START,GAME,https://pro.nfl.com/api/plays/summaryPlay?gameId=c66e0006-5f68-11f1-b1d0-bb70a4640075&playId=1,1,0,0,,,False,,4400,0,0,,0,0,0,0,0,0,0,0,0,,,,,,,,,,,,,,,,,,,,,,
2026006,1,39,KICK_OFF,C.Freeman kicks 66 yards from HST 35 to LAC -1. K.Lambert-Smith to LAC 27 for 28 yards (C.Stover).,https://pro.nfl.com/api/plays/summaryPlay?gameId=c66e0006-5f68-11f1-b1d0-bb70a4640075&playId=39,1,0,0,15:00,65.0,False,False,2120,0,0,-0.029921520268544555,11,0,1,1,0,11,0,5,3,Justin Watson,Tremon Smith,Dominique Robinson,Ja'Marcus Ingram,Kaevon Merriweather,Cade Stover,Jaylen Reed,Wade Woodaz,Kamari Ramsey,Aiden Fisher,Chris Freeman,Jaret Patterson,Junior Colson,Emany Johnson,Kyle Kennard,KeAndre Lambert-Smith,Oronde Gadsden II,R.J. Mickens,Nikko Reed,Garmon Randolph,Genesis Smith,Lander Barton
2026006,1,62,RUSH,(14:55) K.Vidal right tackle to LAC 26 for -1 yards (S.Byrd).,https://pro.nfl.com/api/plays/summaryPlay?gameId=c66e0006-5f68-11f1-b1d0-bb70a4640075&playId=62,1,1,10,14:55,73.0,False,False,4400,0,0,-0.8843076468911022,11,2,1,2,5,11,4,3,4,Trey Lance,Kayode Awosika,Scott Matlock,Kimani Vidal,KeAndre Lambert-Smith,Oronde Gadsden II,Branson Taylor,Jake Slaughter,Brenen Thompson,Travis Burke,Logan Taylor,Tremon Smith,Naquan Jones,Jacob Hummel,Marte Mapu,Dylan Horton,Solomon Byrd,Jaylin Smith,Jaylen Reed,Kayden McDonald,Wade Woodaz,Kamari Ramsey
2026006,1,84,PENALTY,"(14:17) K.Vidal right end to LAC 26 for no gain (S.Byrd, J.Smith).
PENALTY on HST-S.Byrd, Face Mask, 15 yards, enforced at LAC 26 - No Play.",https://pro.nfl.com/api/plays/summaryPlay?gameId=c66e0006-5f68-11f1-b1d0-bb70a4640075&playId=84,1,2,11,14:17,74.0,False,False,4400,0,0,1.8321005736943334,11,2,1,2,5,11,4,3,4,Trey Lance,Kayode Awosika,Scott Matlock,Kimani Vidal,KeAndre Lambert-Smith,Oronde Gadsden II,Branson Taylor,Jake Slaughter,Brenen Thompson,Travis Burke,Logan Taylor,Tremon Smith,Naquan Jones,Jacob Hummel,Marte Mapu,Dylan Horton,Solomon Byrd,Jaylin Smith,Jaylen Reed,Kayden McDonald,Wade Woodaz,Kamari Ramsey
2026006,1,117,PASS,(13:52) (Shotgun) T.Lance pass short middle to K.Lambert-Smith to HST 44 for 15 yards (J.Hummel).,https://pro.nfl.com/api/plays/summaryPlay?gameId=c66e0006-5f68-11f1-b1d0-bb70a4640075&playId=117,1,1,10,13:52,59.0,False,False,4400,0,0,0.73039408295881,11,2,1,2,5,11,4,3,4,Trey Lance,Kayode Awosika,Scott Matlock,Kimani Vidal,KeAndre Lambert-Smith,Oronde Gadsden II,Branson Taylor,Jake Slaughter,Brenen Thompson,Travis Burke,Logan Taylor,Tremon Smith,Naquan Jones,Jacob Hummel,Marte Mapu,Dylan Horton,Solomon Byrd,Jaylin Smith,Jaylen Reed,Kayden McDonald,Wade Woodaz,Kamari Ramsey
2026006,1,142,RUSH,(13:19) K.Vidal right tackle to HST 39 for 5 yards (M.Mapu; K.McDonald).,https://pro.nfl.com/api/plays/summaryPlay?gameId=c66e0006-5f68-11f1-b1d0-bb70a4640075&playId=142,1,1,10,13:19,44.0,False,False,4400,0,0,0.03543474175967276,11,2,1,2,5,11,4,3,4,Trey Lance,Kayode Awosika,Scott Matlock,Kimani Vidal,KeAndre Lambert-Smith,Oronde Gadsden II,Branson Taylor,Jake Slaughter,Brenen Thompson,Travis Burke,Logan Taylor,Tremon Smith,Naquan Jones,Jacob Hummel,Marte Mapu,Dylan Horton,Solomon Byrd,Jaylin Smith,Jaylen Reed,Kayden McDonald,Wade Woodaz,Kamari Ramsey
2026006,1,164,RUSH,"(12:38) K.Vidal right end to HST 38 for 1 yard (J.Smith, S.Byrd).",https://pro.nfl.com/api/plays/summaryPlay?gameId=c66e0006-5f68-11f1-b1d0-bb70a4640075&playId=164,1,2,5,12:38,39.0,False,False,4400,0,0,-0.5995443232823163,11,2,1,2,5,11,4,3,4,Trey Lance,Kayode Awosika,Scott Matlock,Kimani Vidal,KeAndre Lambert-Smith,Oronde Gadsden II,Branson Taylor,Jake Slaughter,Brenen Thompson,Travis Burke,Logan Taylor,Tremon Smith,Naquan Jones,Jacob Hummel,Marte Mapu,Dylan Horton,Solomon Byrd,Jaylin Smith,Jaylen Reed,Kayden McDonald,Wade Woodaz,Kamari Ramsey
2026006,1,186,PASS,(11:55) (Shotgun) T.Lance pass short left to K.Lambert-Smith to HST 26 for 12 yards (T.Smith).,https://pro.nfl.com/api/plays/summaryPlay?gameId=c66e0006-5f68-11f1-b1d0-bb70a4640075&playId=186,1,3,4,11:55,38.0,False,False,4400,0,0,1.6982929205987602,11,1,1,3,5,11,3,3,5,Trey Lance,Kayode Awosika,Derius Davis,Kimani Vidal,KeAndre Lambert-Smith,Oronde Gadsden II,Branson Taylor,Jake Slaughter,Brenen Thompson,Travis Burke,Logan Taylor,Tremon Smith,Dominique Robinson,Jacob Hummel,Ali Gaye,Jaylin Smith,Jaylen Reed,Kyonte Hamilton,Alijah Huzzie,Wade Woodaz,Kamari Ramsey,Dominic Bailey
2026006,1,211,PASS,(11:20) T.Lance pass short right to O.Gadsden to HST 19 for 7 yards (A.Huzzie).,https://pro.nfl.com/api/plays/summaryPlay?gameId=c66e0006-5f68-11f1-b1d0-bb70a4640075&playId=211,1,1,10,11:20,26.0,False,False,4400,0,0,0.43806560698430985,11,2,1,2,5,11,3,3,5,Trey Lance,Kayode Awosika,Scott Matlock,Kimani Vidal,KeAndre Lambert-Smith,Oronde Gadsden II,Branson Taylor,Jake Slaughter,Brenen Thompson,Travis Burke,Logan Taylor,Tremon Smith,Dominique Robinson,Jacob Hummel,Ali Gaye,Jaylin Smith,Jaylen Reed,Kyonte Hamilton,Alijah Huzzie,Wade Woodaz,Kamari Ramsey,Dominic Bailey
2026006,1,236,RUSH,(10:40) K.Vidal left guard to HST 15 for 4 yards (W.Woodaz).,https://pro.nfl.com/api/plays/summaryPlay?gameId=c66e0006-5f68-11f1-b1d0-bb70a4640075&playId=236,1,2,3,10:40,19.0,False,True,4400,0,0,0.26229661086108536,11,2,1,2,5,11,3,3,5,Trey Lance,Kayode Awosika,Scott Matlock,Kimani Vidal,KeAndre Lambert-Smith,Oronde Gadsden II,Branson Taylor,Jake Slaughter,Brenen Thompson,Travis Burke,Logan Taylor,Tremon Smith,Dominique Robinson,Jacob Hummel,Ali Gaye,Jaylin Smith,Jaylen Reed,Kyonte Hamilton,Alijah Huzzie,Wade Woodaz,Kamari Ramsey,Dominic Bailey
2026006,1,258,PASS,(10:00) (Shotgun) T.Lance pass incomplete short right to K.Vidal.,https://pro.nfl.com/api/plays/summaryPlay?gameId=c66e0006-5f68-11f1-b1d0-bb70a4640075&playId=258,1,1,10,10:00,15.0,False,True,4400,0,0,-0.43884203815832734,11,1,1,3,5,11,3,4,4,Trey Lance,Kayode Awosika,Derius Davis,Kimani Vidal,KeAndre Lambert-Smith,Oronde Gadsden II,Branson Taylor,Jake Slaughter,Brenen Thompson,Travis Burke,Logan Taylor,Dominique Robinson,Jacob Hummel,Ja'Marcus Ingram,Marte Mapu,Ali Gaye,Kaevon Merriweather,Kyonte Hamilton,Wade Woodaz,Dominic Bailey,Stephen Hall,Collin Wright
2026006,1,281,PASS,(9:54) (Shotgun) T.Lance pass incomplete short left to K.Lambert-Smith.,https://pro.nfl.com/api/plays/summaryPlay?gameId=c66e0006-5f68-11f1-b1d0-bb70a4640075&playId=281,1,2,10,09:54,15.0,False,True,4400,0,0,-0.8277170688379556,11,1,1,3,5,11,3,3,5,Trey Lance,Kayode Awosika,Derius Davis,Kimani Vidal,KeAndre Lambert-Smith,Branson Taylor,Jake Slaughter,Brenen Thompson,Travis Burke,Logan Taylor,Evan Svoboda,Dominique Robinson,Jacob Hummel,Ja'Marcus Ingram,Ali Gaye,Kaevon Merriweather,Kyonte Hamilton,Alijah Huzzie,Wade Woodaz,Dominic Bailey,Stephen Hall,Collin Wright
2026006,1,304,PASS,(9:49) (Shotgun) T.Lance pass incomplete short right to O.Gadsden.,https://pro.nfl.com/api/plays/summaryPlay?gameId=c66e0006-5f68-11f1-b1d0-bb70a4640075&playId=304,1,3,10,09:49,15.0,False,True,4400,0,0,-1.1556344266282395,11,1,1,3,5,10,4,2,4,Trey Lance,Kayode Awosika,Derius Davis,Kimani Vidal,KeAndre Lambert-Smith,Oronde Gadsden II,Branson Taylor,Jake Slaughter,Brenen Thompson,Travis Burke,Logan Taylor,Naquan Jones,Jacob Hummel,Ja'Marcus Ingram,Dylan Horton,Solomon Byrd,Alijah Huzzie,Kayden McDonald,Wade Woodaz,Stephen Hall,Collin Wright,
2026006,1,327,FIELD_GOAL,"(9:41) C.Dicker 34 yard field goal is GOOD, Center-P.Bowden, Holder-J.Scott.",https://pro.nfl.com/api/plays/summaryPlay?gameId=c66e0006-5f68-11f1-b1d0-bb70a4640075&playId=327,1,4,10,09:41,15.0,False,False,4400,0,0,0.2653547349618748,11,0,2,0,6,11,3,4,4,J.K. Scott,Kayode Awosika,Trevor Penning,Cameron Dicker,Peter Bowden,Oronde Gadsden II,Branson Taylor,Jake Slaughter,Logan Taylor,Alex Harkey,Johnny Pascuzzi,Naquan Jones,Jacob Hummel,Marte Mapu,Dylan Horton,Ali Gaye,Jaylen Reed,Kayden McDonald,Wade Woodaz,Kamari Ramsey,Stephen Hall,Collin Wright
2026006,1,357,TIMEOUT,Timeout at 09:37.,https://pro.nfl.com/api/plays/summaryPlay?gameId=c66e0006-5f68-11f1-b1d0-bb70a4640075&playId=357,1,0,0,09:37,,False,,4400,3,0,,0,0,0,0,0,0,0,0,0,,,,,,,,,,,,,,,,,,,,,,
2026006,1,347,KICK_OFF,C.Dicker kicks 66 yards from LAC 35 to HST -1. X.Hutchinson pushed ob at HST 25 for 26 yards (N.Reed).,https://pro.nfl.com/api/plays/summaryPlay?gameId=c66e0006-5f68-11f1-b1d0-bb70a4640075&playId=347,1,0,0,09:37,65.0,False,False,4400,3,0,-0.009064124431461096,11,0,1,0,0,11,1,3,4,Cameron Dicker,Kendall Williamson,Andre Carter II,Junior Colson,Emany Johnson,Kyle Kennard,Oronde Gadsden II,R.J. Mickens,Isas Waxter,Marlowe Wax,Nikko Reed,Tremon Smith,Jacob Hummel,Ja'Marcus Ingram,Marte Mapu,Dylan Horton,Xavier Hutchinson,Jaylen Reed,Marlin Klein,Wade Woodaz,Kamari Ramsey,Lewis Bond
2026006,1,382,RUSH,(9:29) X.Hutchinson right end to HST 33 for 8 yards (N.Reed).,https://pro.nfl.com/api/plays/summaryPlay?gameId=c66e0006-5f68-11f1-b1d0-bb70a4640075&playId=382,1,1,10,09:29,75.0,False,False,2120,0,3,0.5367182171903551,11,1,1,3,5,11,2,4,5,Braden Smith,Justin Watson,Wyatt Teller,Davis Mills,Ed Ingram,Xavier Hutchinson,Jared Wayne,Aireontae Ersery,Keylan Rutledge,Marlin Klein,Noah Whittington,Del'Shawn Phillips,Troy Dye,Deane Leonard,Kyle Kennard,R.J. Mickens,TeRah Edwards,Nikko Reed,Akheem Mesidor,Genesis Smith,Nick Barrett,Avery Smith
2026006,1,404,PASS,(8:54) (Shotgun) D.Mills pass deep middle to M.Klein to LAC 36 for 31 yards (R.Mickens).,https://pro.nfl.com/api/plays/summaryPlay?gameId=c66e0006-5f68-11f1-b1d0-bb70a4640075&playId=404,1,2,2,08:54,67.0,False,False,2120,0,3,1.7986195941921324,11,1,1,3,5,11,2,4,5,Braden Smith,Justin Watson,Wyatt Teller,Davis Mills,Ed Ingram,Xavier Hutchinson,Jared Wayne,Aireontae Ersery,Keylan Rutledge,Marlin Klein,Noah Whittington,Del'Shawn Phillips,Troy Dye,Deane Leonard,Kyle Kennard,R.J. Mickens,TeRah Edwards,Nikko Reed,Akheem Mesidor,Genesis Smith,Nick Barrett,Avery Smith
2026006,1,429,RUSH,(8:12) N.Whittington right end to LAC 31 for 5 yards (N.Reed; D.Phillips).,https://pro.nfl.com/api/plays/summaryPlay?gameId=c66e0006-5f68-11f1-b1d0-bb70a4640075&playId=429,1,1,10,08:12,36.0,False,False,2120,0,3,0.17628796689677984,11,1,2,2,5,11,3,4,4,Braden Smith,Justin Watson,Wyatt Teller,Foster Moreau,Davis Mills,Ed Ingram,Xavier Hutchinson,Aireontae Ersery,Keylan Rutledge,Marlin Klein,Noah Whittington,Del'Shawn Phillips,Troy Dye,Deane Leonard,R.J. Mickens,TeRah Edwards,Nikko Reed,Garmon Randolph,Akheem Mesidor,Genesis Smith,Nick Barrett,Jacobian Guillory
2026006,1,451,PASS,(7:28) (Shotgun) D.Mills pass incomplete short middle to X.Hutchinson.,https://pro.nfl.com/api/plays/summaryPlay?gameId=c66e0006-5f68-11f1-b1d0-bb70a4640075&playId=451,1,2,5,07:28,31.0,False,False,2120,0,3,-0.7028968712547794,11,1,1,3,5,11,2,4,5,Braden Smith,Justin Watson,Wyatt Teller,Foster Moreau,Davis Mills,Ed Ingram,Xavier Hutchinson,Jared Wayne,Aireontae Ersery,Keylan Rutledge,Noah Whittington,Del'Shawn Phillips,Troy Dye,Deane Leonard,Kendall Williamson,R.J. Mickens,TeRah Edwards,Nikko Reed,Garmon Randolph,Akheem Mesidor,Genesis Smith,Nick Barrett
2026006,1,474,PASS,(7:24) (Shotgun) D.Mills pass short right to J.Watson to LAC 27 for 4 yards (D.Leonard).,https://pro.nfl.com/api/plays/summaryPlay?gameId=c66e0006-5f68-11f1-b1d0-bb70a4640075&playId=474,1,3,5,07:24,31.0,False,False,2120,0,3,-0.335486626252532,11,1,1,3,5,11,2,4,5,Braden Smith,Justin Watson,Wyatt Teller,Davis Mills,Ed Ingram,Xavier Hutchinson,Jared Wayne,Aireontae Ersery,Keylan Rutledge,Marlin Klein,Joshua Pitsenberger,Del'Shawn Phillips,Troy Dye,Deane Leonard,R.J. Mickens,TeRah Edwards,Nikko Reed,Garmon Randolph,Akheem Mesidor,Genesis Smith,Nick Barrett,Avery Smith
2026006,1,511,TIMEOUT,Timeout #1 by LAC at 06:43.,https://pro.nfl.com/api/plays/summaryPlay?gameId=c66e0006-5f68-11f1-b1d0-bb70a4640075&playId=511,1,0,0,06:43,,False,,4400,3,0,,0,0,0,0,0,0,0,0,0,,,,,,,,,,,,,,,,,,,,,,
2026006,1,499,PENALTY,"(6:43) D.Mills pass incomplete deep right to M.Klein.
PENALTY on LAC-G.Smith, Defensive Pass Interference, 9 yards, enforced at LAC 27 - No Play.",https://pro.nfl.com/api/plays/summaryPlay?gameId=c66e0006-5f68-11f1-b1d0-bb70a4640075&playId=499,1,4,1,06:43,27.0,False,False,2120,0,3,2.101840691291727,11,1,2,2,5,11,3,4,4,Braden Smith,Justin Watson,Wyatt Teller,Foster Moreau,Davis Mills,Ed Ingram,Xavier Hutchinson,Aireontae Ersery,Keylan Rutledge,Marlin Klein,Noah Whittington,Del'Shawn Phillips,Troy Dye,Deane Leonard,R.J. Mickens,TeRah Edwards,Nikko Reed,Garmon Randolph,Akheem Mesidor,Genesis Smith,Nick Barrett,Jacobian Guillory
2026006,1,540,PASS,(6:38) (Shotgun) D.Mills pass incomplete deep left to J.Wayne (G.Smith) [N.Tucker].,https://pro.nfl.com/api/plays/summaryPlay?gameId=c66e0006-5f68-11f1-b1d0-bb70a4640075&playId=540,1,1,10,06:38,18.0,False,True,2120,0,3,-0.41913398331962526,11,1,1,3,5,11,3,3,5,Braden Smith,Justin Watson,Wyatt Teller,Foster Moreau,Davis Mills,Ed Ingram,Xavier Hutchinson,Jared Wayne,Aireontae Ersery,Keylan Rutledge,Noah Whittington,Del'Shawn Phillips,Troy Dye,Deane Leonard,Kendall Williamson,R.J. Mickens,Nikko Reed,Garmon Randolph,Genesis Smith,Jahmeer Carter,Nadame Tucker,Terry Webb
2026006,1,563,RUSH,(6:32) N.Whittington left tackle to LAC 16 for 2 yards (N.Tucker).,https://pro.nfl.com/api/plays/summaryPlay?gameId=c66e0006-5f68-11f1-b1d0-bb70a4640075&playId=563,1,2,10,06:32,18.0,False,True,2120,0,3,-0.7508014487102628,11,1,2,2,5,11,3,3,5,Braden Smith,Justin Watson,Wyatt Teller,Foster Moreau,Davis Mills,Ed Ingram,Xavier Hutchinson,Aireontae Ersery,Keylan Rutledge,Marlin Klein,Noah Whittington,Del'Shawn Phillips,Troy Dye,Deane Leonard,Kendall Williamson,Kyle Kennard,R.J. Mickens,Nikko Reed,Genesis Smith,Jahmeer Carter,Nadame Tucker,Terry Webb
2026006,1,585,PASS,(5:49) (Shotgun) D.Mills pass short right to J.Wayne to LAC 7 for 9 yards (N.Reed).,https://pro.nfl.com/api/plays/summaryPlay?gameId=c66e0006-5f68-11f1-b1d0-bb70a4640075&playId=585,1,3,8,05:49,16.0,False,True,2120,0,3,1.8266629808349535,11,1,1,3,5,11,3,3,5,Braden Smith,Justin Watson,Wyatt Teller,Davis Mills,Ed Ingram,Xavier Hutchinson,Jared Wayne,Aireontae Ersery,Keylan Rutledge,Marlin Klein,Joshua Pitsenberger,Del'Shawn Phillips,Troy Dye,Deane Leonard,Kyle Kennard,R.J. Mickens,Nikko Reed,Genesis Smith,Jahmeer Carter,Avery Smith,Nadame Tucker,Terry Webb
2026006,1,610,SACK,(5:09) D.Mills sacked ob at LAC 8 for -1 yards (J.Carter).,https://pro.nfl.com/api/plays/summaryPlay?gameId=c66e0006-5f68-11f1-b1d0-bb70a4640075&playId=610,1,1,7,05:09,7.0,True,True,2120,0,3,-0.729610804002732,11,1,1,3,5,11,3,3,5,Braden Smith,Justin Watson,Wyatt Teller,Davis Mills,Ed Ingram,Xavier Hutchinson,Jared Wayne,Aireontae Ersery,Keylan Rutledge,Marlin Klein,Noah Whittington,Del'Shawn Phillips,Troy Dye,Deane Leonard,Kyle Kennard,R.J. Mickens,Nikko Reed,Genesis Smith,Jahmeer Carter,Avery Smith,Nadame Tucker,Terry Webb
2026006,1,637,RUSH,(4:35) N.Whittington left tackle to LAC 5 for 3 yards (G.Randolph; G.Smith).,https://pro.nfl.com/api/plays/summaryPlay?gameId=c66e0006-5f68-11f1-b1d0-bb70a4640075&playId=637,1,2,8,04:35,8.0,True,True,2120,0,3,-0.6046942068496719,11,1,2,2,5,11,3,4,4,Braden Smith,Justin Watson,Wyatt Teller,Foster Moreau,Davis Mills,Ed Ingram,Xavier Hutchinson,Aireontae Ersery,Keylan Rutledge,Marlin Klein,Noah Whittington,Del'Shawn Phillips,Troy Dye,Deane Leonard,R.J. Mickens,TeRah Edwards,Nikko Reed,Garmon Randolph,Akheem Mesidor,Genesis Smith,Nick Barrett,Jacobian Guillory
2026006,1,667,PASS,"(3:56) (Shotgun) D.Mills pass short right to J.Wayne for 5 yards, TOUCHDOWN.",https://pro.nfl.com/api/plays/summaryPlay?gameId=c66e0006-5f68-11f1-b1d0-bb70a4640075&playId=667,1,3,5,03:56,5.0,True,True,2120,0,3,2.6388339201221243,11,1,1,3,5,11,2,4,5,Braden Smith,Justin Watson,Wyatt Teller,Foster Moreau,Davis Mills,Ed Ingram,Xavier Hutchinson,Jared Wayne,Aireontae Ersery,Keylan Rutledge,Joshua Pitsenberger,Del'Shawn Phillips,Troy Dye,Deane Leonard,R.J. Mickens,TeRah Edwards,Nikko Reed,Garmon Randolph,Akheem Mesidor,Genesis Smith,Nick Barrett,Avery Smith
2026006,1,693,XP_KICK,"C.Freeman extra point is GOOD, Center-A.Brinkman, Holder-K.Kroeger.",https://pro.nfl.com/api/plays/summaryPlay?gameId=c66e0006-5f68-11f1-b1d0-bb70a4640075&playId=693,1,0,0,03:51,15.0,False,False,2120,6,3,0.06888505002846201,11,0,2,0,6,11,2,4,5,Wyatt Teller,Foster Moreau,Jake Andrews,Jarrett Kingston,Austin Brinkman,Kai Kroeger,Marlin Klein,Febechi Nwaiwu,Sam Hagen,James Neal III,Chris Freeman,Del'Shawn Phillips,Troy Dye,Deane Leonard,R.J. Mickens,TeRah Edwards,Nikko Reed,Garmon Randolph,Akheem Mesidor,Genesis Smith,Nick Barrett,Avery Smith
2026006,1,718,TIMEOUT,Timeout at 03:51.,https://pro.nfl.com/api/plays/summaryPlay?gameId=c66e0006-5f68-11f1-b1d0-bb70a4640075&playId=718,1,0,0,03:51,,False,,4400,3,7,,0,0,0,0,0,0,0,0,0,,,,,,,,,,,,,,,,,,,,,,
2026006,1,708,KICK_OFF,C.Freeman kicks 58 yards from HST 35 to LAC 7. J.Patterson to LAC 22 for 15 yards (A.Fisher).,https://pro.nfl.com/api/plays/summaryPlay?gameId=c66e0006-5f68-11f1-b1d0-bb70a4640075&playId=708,1,0,0,03:51,65.0,False,False,2120,7,3,0.3287202497012913,11,0,0,1,0,11,0,5,3,Justin Watson,Kaevon Merriweather,Solomon Byrd,Jaylin Smith,Jaylen Reed,Alijah Huzzie,K.C. Ossai,Kamari Ramsey,Aiden Fisher,Collin Wright,Chris Freeman,Jaret Patterson,Junior Colson,Emany Johnson,Kyle Kennard,KeAndre Lambert-Smith,R.J. Mickens,Nikko Reed,Garmon Randolph,Dalevon Campbell,Genesis Smith,Lander Barton
2026006,1,738,PASS,(3:45) (Shotgun) T.Lance pass short middle to K.Lambert-Smith to LAC 38 for 16 yards (C.Wright).,https://pro.nfl.com/api/plays/summaryPlay?gameId=c66e0006-5f68-11f1-b1d0-bb70a4640075&playId=738,1,1,10,03:45,78.0,False,False,4400,3,7,1.070767889264971,11,2,1,2,5,11,3,4,4,Trey Lance,Kayode Awosika,Scott Matlock,Kimani Vidal,KeAndre Lambert-Smith,Oronde Gadsden II,Branson Taylor,Jake Slaughter,Brenen Thompson,Travis Burke,Logan Taylor,Naquan Jones,Dominique Robinson,Jacob Hummel,Marte Mapu,Ali Gaye,Jaylin Smith,Jaylen Reed,Kyonte Hamilton,Wade Woodaz,Kamari Ramsey,Collin Wright
2026006,1,763,RUSH,(3:13) K.Vidal right end to LAC 37 for -1 yards (J.Hummel).,https://pro.nfl.com/api/plays/summaryPlay?gameId=c66e0006-5f68-11f1-b1d0-bb70a4640075&playId=763,1,1,10,03:13,62.0,False,False,4400,3,7,-0.880401908652857,11,2,1,2,5,11,3,4,4,Trey Lance,Kayode Awosika,Scott Matlock,Kimani Vidal,KeAndre Lambert-Smith,Oronde Gadsden II,Branson Taylor,Jake Slaughter,Brenen Thompson,Travis Burke,Logan Taylor,Naquan Jones,Dominique Robinson,Jacob Hummel,Marte Mapu,Ali Gaye,Jaylin Smith,Jaylen Reed,Kyonte Hamilton,Wade Woodaz,Kamari Ramsey,Collin Wright
2026006,1,785,SACK,(2:33) (Shotgun) T.Lance sacked ob at LAC 35 for -2 yards (D.Robinson).,https://pro.nfl.com/api/plays/summaryPlay?gameId=c66e0006-5f68-11f1-b1d0-bb70a4640075&playId=785,1,2,11,02:33,63.0,False,False,4400,3,7,-1.4848547326400876,11,2,1,2,5,11,3,4,4,Trey Lance,Kayode Awosika,Scott Matlock,Kimani Vidal,KeAndre Lambert-Smith,Oronde Gadsden II,Branson Taylor,Jake Slaughter,Brenen Thompson,Travis Burke,Logan Taylor,Naquan Jones,Dominique Robinson,Jacob Hummel,Marte Mapu,Ali Gaye,Kaevon Merriweather,Jaylin Smith,Jaylen Reed,Kyonte Hamilton,Wade Woodaz,Collin Wright
2026006,1,805,PASS,(1:56) (Shotgun) T.Lance pass incomplete deep middle to B.Thompson (J.Reed).,https://pro.nfl.com/api/plays/summaryPlay?gameId=c66e0006-5f68-11f1-b1d0-bb70a4640075&playId=805,1,3,13,01:56,65.0,False,False,4400,3,7,-1.2120536649599671,11,1,1,3,5,11,4,2,5,Trey Lance,Kayode Awosika,Jaret Patterson,Derius Davis,KeAndre Lambert-Smith,Oronde Gadsden II,Branson Taylor,Jake Slaughter,Brenen Thompson,Travis Burke,Logan Taylor,Jacob Hummel,Dylan Horton,Kaevon Merriweather,Solomon Byrd,Jaylin Smith,Jaylen Reed,Kayden McDonald,Wade Woodaz,Kamari Ramsey,Dominic Bailey,Collin Wright
2026006,1,828,PUNT,"(1:49) J.Scott punts 56 yards to HST 9, Center-P.Bowden. L.Bond to HST 27 for 18 yards (K.Kennard).
PENALTY on HST-M.Mapu, Offensive Holding, 5 yards, enforced at HST 10.",https://pro.nfl.com/api/plays/summaryPlay?gameId=c66e0006-5f68-11f1-b1d0-bb70a4640075&playId=828,1,4,13,01:49,65.0,False,False,4400,3,7,1.3731675103772432,11,1,1,1,0,11,1,3,3,J.K. Scott,Junior Colson,Kimani Vidal,Peter Bowden,Emany Johnson,Kyle Kennard,Oronde Gadsden II,Marlowe Wax,Dalevon Campbell,Genesis Smith,Lander Barton,Justin Watson,Jacob Hummel,Ja'Marcus Ingram,Marte Mapu,Owen Wright,Solomon Byrd,Brandon Codrington,Marlin Klein,Wade Woodaz,Lewis Bond,Collin Wright
2026006,1,877,TIMEOUT,Timeout at 01:35.,https://pro.nfl.com/api/plays/summaryPlay?gameId=c66e0006-5f68-11f1-b1d0-bb70a4640075&playId=877,1,0,0,01:35,,False,,4400,3,7,,0,0,0,0,0,0,0,0,0,,,,,,,,,,,,,,,,,,,,,,
2026006,1,865,RUSH,(1:35) (Shotgun) J.Pitsenberger right guard to HST 8 for 3 yards (M.Wax).,https://pro.nfl.com/api/plays/summaryPlay?gameId=c66e0006-5f68-11f1-b1d0-bb70a4640075&playId=865,1,1,10,01:35,95.0,False,False,2120,7,3,-0.5161920785903931,11,1,1,3,5,11,3,3,5,Justin Watson,Evan Brown,Jarrett Patterson,Jared Wayne,Blake Fisher,Graham Mertz,Marlin Klein,Febechi Nwaiwu,Lewis Bond,Sam Hagen,Joshua Pitsenberger,Deane Leonard,Andre Carter II,Junior Colson,R.J. Mickens,TeRah Edwards,Marlowe Wax,Nikko Reed,Genesis Smith,Nick Barrett,Avery Smith,Nadame Tucker
2026006,1,894,PASS,(:52) (Shotgun) G.Mertz pass short left to J.Wayne to HST 11 for 3 yards (J.Colson).,https://pro.nfl.com/api/plays/summaryPlay?gameId=c66e0006-5f68-11f1-b1d0-bb70a4640075&playId=894,1,2,7,00:52,92.0,False,False,2120,7,3,-0.2425708631053567,11,1,1,3,5,11,3,3,5,Justin Watson,Evan Brown,Jarrett Patterson,Jared Wayne,Blake Fisher,Graham Mertz,Marlin Klein,Febechi Nwaiwu,Lewis Bond,Sam Hagen,Joshua Pitsenberger,Deane Leonard,Andre Carter II,Junior Colson,R.J. Mickens,TeRah Edwards,Marlowe Wax,Nikko Reed,Genesis Smith,Nick Barrett,Avery Smith,Nadame Tucker
2026006,1,919,PASS,(:13) (Shotgun) G.Mertz pass incomplete deep right to L.Bond (A.Smith).,https://pro.nfl.com/api/plays/summaryPlay?gameId=c66e0006-5f68-11f1-b1d0-bb70a4640075&playId=919,1,3,4,00:13,89.0,False,False,2120,7,3,-1.8050115508958697,11,1,1,3,5,11,3,3,5,Justin Watson,Evan Brown,Jarrett Patterson,Owen Wright,Jared Wayne,Blake Fisher,Graham Mertz,Marlin Klein,Febechi Nwaiwu,Lewis Bond,Sam Hagen,Deane Leonard,Junior Colson,R.J. Mickens,TeRah Edwards,Marlowe Wax,Nikko Reed,Akheem Mesidor,Genesis Smith,Nick Barrett,Avery Smith,Nadame Tucker
2026006,1,942,PUNT,"(:08) K.Kroeger punts 46 yards to LAC 43, Center-A.Brinkman. D.Davis ran ob at HST 35 for 22 yards (J.Smith).
PENALTY on LAC-R.Mickens, Offensive Holding, 10 yards, enforced at LAC 43.",https://pro.nfl.com/api/plays/summaryPlay?gameId=c66e0006-5f68-11f1-b1d0-bb70a4640075&playId=942,1,4,4,00:08,89.0,False,False,2120,7,3,0.8055236046202481,11,0,2,1,0,11,0,3,4,Justin Watson,Dominique Robinson,Marte Mapu,Kaevon Merriweather,Cade Stover,Jaylin Smith,Austin Brinkman,Kai Kroeger,Marlin Klein,Wade Woodaz,Kamari Ramsey,Jaret Patterson,Derius Davis,Kendall Williamson,Junior Colson,Kyle Kennard,KeAndre Lambert-Smith,Oronde Gadsden II,R.J. Mickens,Isas Waxter,Marlowe Wax,Nikko Reed
2026006,1,984,END_QUARTER,END QUARTER 1,https://pro.nfl.com/api/plays/summaryPlay?gameId=c66e0006-5f68-11f1-b1d0-bb70a4640075&playId=984,1,0,0,,,False,,4400,3,7,,0,0,0,0,0,0,0,0,0,,,,,,,,,,,,,,,,,,,,,,
2026006,1,1004,PASS,(15:00) T.Lance pass short right to O.Gadsden pushed ob at LAC 47 for 14 yards (M.Mapu).,https://pro.nfl.com/api/plays/summaryPlay?gameId=c66e0006-5f68-11f1-b1d0-bb70a4640075&playId=1004,2,1,10,15:00,67.0,False,False,4400,3,7,0.9616284759249538,11,2,1,2,5,11,4,3,4,Trey Lance,Jaret Patterson,Trevor Penning,Scott Matlock,KeAndre Lambert-Smith,Oronde Gadsden II,Branson Taylor,Jake Slaughter,Brenen Thompson,Travis Burke,Jacob Spomer,Tremon Smith,Jacob Hummel,Marte Mapu,Dylan Horton,Kaevon Merriweather,Solomon Byrd,Jaylen Reed,Kayden McDonald,Wade Woodaz,Dominic Bailey,Stephen Hall
2026006,1,1029,PASS,(14:26) T.Lance pass short middle to B.Thompson to HST 39 for 14 yards (J.Reed).,https://pro.nfl.com/api/plays/summaryPlay?gameId=c66e0006-5f68-11f1-b1d0-bb70a4640075&playId=1029,2,1,10,14:26,53.0,False,False,4400,3,7,0.9340374598978087,11,2,1,2,5,11,4,3,4,Trey Lance,Jaret Patterson,Trevor Penning,Scott Matlock,KeAndre Lambert-Smith,Oronde Gadsden II,Branson Taylor,Jake Slaughter,Brenen Thompson,Travis Burke,Jacob Spomer,Tremon Smith,Jacob Hummel,Marte Mapu,Dylan Horton,Kaevon Merriweather,Solomon Byrd,Jaylen Reed,Kayden McDonald,Wade Woodaz,Dominic Bailey,Stephen Hall
2026006,1,1054,RUSH,(13:52) J.Patterson right tackle to HST 33 for 6 yards (W.Woodaz).,https://pro.nfl.com/api/plays/summaryPlay?gameId=c66e0006-5f68-11f1-b1d0-bb70a4640075&playId=1054,2,1,10,13:52,39.0,False,False,4400,3,7,0.27094293548725545,11,2,1,2,5,11,4,3,4,Trey Lance,Jaret Patterson,Trevor Penning,Scott Matlock,JaQuae Jackson,Oronde Gadsden II,Branson Taylor,Jake Slaughter,Brenen Thompson,Travis Burke,Jacob Spomer,Tremon Smith,Jacob Hummel,Marte Mapu,Dylan Horton,Kaevon Merriweather,Solomon Byrd,Jaylen Reed,Kayden McDonald,Wade Woodaz,Dominic Bailey,Stephen Hall
2026006,1,1076,RUSH,(13:13) T.Lance scrambles left end to HST 25 for 8 yards (J.Hummel).,https://pro.nfl.com/api/plays/summaryPlay?gameId=c66e0006-5f68-11f1-b1d0-bb70a4640075&playId=1076,2,2,4,13:13,33.0,False,False,4400,3,7,0.5608580362750217,11,1,1,3,5,11,3,3,5,Trey Lance,Jaret Patterson,Trevor Penning,Derius Davis,JaQuae Jackson,Oronde Gadsden II,Branson Taylor,Jake Slaughter,Brenen Thompson,Travis Burke,Jacob Spomer,Tremon Smith,Naquan Jones,Dominique Robinson,Jacob Hummel,Ali Gaye,Kaevon Merriweather,Jaylen Reed,Kyonte Hamilton,Wade Woodaz,Kamari Ramsey,Stephen Hall
2026006,1,1098,RUSH,(12:30) J.Patterson left end pushed ob at HST 16 for 9 yards (S.Hall).,https://pro.nfl.com/api/plays/summaryPlay?gameId=c66e0006-5f68-11f1-b1d0-bb70a4640075&playId=1098,2,1,10,12:30,25.0,False,False,4400,3,7,0.8939323854865506,11,2,0,3,5,11,3,3,5,Trey Lance,Jaret Patterson,Trevor Penning,Derius Davis,Scott Matlock,JaQuae Jackson,KeAndre Lambert-Smith,Branson Taylor,Jake Slaughter,Travis Burke,Jacob Spomer,Tremon Smith,Naquan Jones,Dominique Robinson,Jacob Hummel,Ali Gaye,Kaevon Merriweather,Jaylen Reed,Kyonte Hamilton,Wade Woodaz,Kamari Ramsey,Stephen Hall
2026006,1,1132,RUSH,(11:55) J.Patterson left tackle to HST 13 for 3 yards (J.Reed; K.Hamilton).,https://pro.nfl.com/api/plays/summaryPlay?gameId=c66e0006-5f68-11f1-b1d0-bb70a4640075&playId=1132,2,2,1,11:55,16.0,False,True,4400,3,7,-0.1385473342379555,11,2,0,3,5,11,3,3,5,Trey Lance,Jaret Patterson,Trevor Penning,Derius Davis,Scott Matlock,JaQuae Jackson,KeAndre Lambert-Smith,Branson Taylor,Jake Slaughter,Travis Burke,Jacob Spomer,Naquan Jones,Dominique Robinson,Jacob Hummel,Ali Gaye,Kaevon Merriweather,Jaylin Smith,Jaylen Reed,Kyonte Hamilton,Wade Woodaz,Kamari Ramsey,Collin Wright
2026006,1,1154,RUSH,(11:15) A.Johnson right tackle to HST 7 for 6 yards (S.Byrd).,https://pro.nfl.com/api/plays/summaryPlay?gameId=c66e0006-5f68-11f1-b1d0-bb70a4640075&playId=1154,2,1,10,11:15,13.0,False,True,4400,3,7,0.1897339906427078,11,2,1,2,5,11,4,2,5,Trey Lance,Trevor Penning,Scott Matlock,KeAndre Lambert-Smith,Oronde Gadsden II,Branson Taylor,Amar Johnson,Jake Slaughter,Brenen Thompson,Travis Burke,Jacob Spomer,Jacob Hummel,Marte Mapu,Dylan Horton,Kaevon Merriweather,Solomon Byrd,Jaylin Smith,Jaylen Reed,Kayden McDonald,Kamari Ramsey,Dominic Bailey,Collin Wright
2026006,1,1176,RUSH,"(10:37) A.Johnson right tackle for 7 yards, TOUCHDOWN.",https://pro.nfl.com/api/plays/summaryPlay?gameId=c66e0006-5f68-11f1-b1d0-bb70a4640075&playId=1176,2,2,4,10:37,7.0,False,True,4400,3,7,1.734174903773237,11,2,1,2,5,11,4,2,5,Trey Lance,Trevor Penning,Scott Matlock,KeAndre Lambert-Smith,Oronde Gadsden II,Branson Taylor,Amar Johnson,Jake Slaughter,Brenen Thompson,Travis Burke,Jacob Spomer,Jacob Hummel,Ja'Marcus Ingram,Marte Mapu,Dylan Horton,Kaevon Merriweather,Solomon Byrd,Jaylin Smith,Kayden McDonald,Kamari Ramsey,Dominic Bailey,Collin Wright
2026006,1,1199,XP_KICK,"C.Dicker extra point is GOOD, Center-P.Bowden, Holder-J.Scott.",https://pro.nfl.com/api/plays/summaryPlay?gameId=c66e0006-5f68-11f1-b1d0-bb70a4640075&playId=1199,2,0,0,10:32,15.0,False,False,4400,9,7,0.06888505002846201,11,0,2,0,6,11,3,4,4,J.K. Scott,Trevor Penning,Cameron Dicker,Peter Bowden,Oronde Gadsden II,Branson Taylor,Jake Slaughter,Travis Burke,Logan Taylor,Alex Harkey,Johnny Pascuzzi,Naquan Jones,Jacob Hummel,Marte Mapu,Dylan Horton,Ali Gaye,Jaylen Reed,Wade Woodaz,Kamari Ramsey,Dominic Bailey,Stephen Hall,Collin Wright
2026006,1,1224,TIMEOUT,Timeout at 10:32.,https://pro.nfl.com/api/plays/summaryPlay?gameId=c66e0006-5f68-11f1-b1d0-bb70a4640075&playId=1224,2,0,0,10:32,,False,,4400,10,7,,0,0,0,0,0,0,0,0,0,,,,,,,,,,,,,,,,,,,,,,
2026006,1,1214,KICK_OFF,C.Dicker kicks 64 yards from LAC 35 to HST 1. T.Saunders to HST 35 for 34 yards (R.Mickens).,https://pro.nfl.com/api/plays/summaryPlay?gameId=c66e0006-5f68-11f1-b1d0-bb70a4640075&playId=1214,2,0,0,10:32,65.0,False,False,4400,10,7,-0.3114430771674961,11,0,0,1,0,11,1,2,3,Cameron Dicker,Kendall Williamson,Andre Carter II,Junior Colson,Emany Johnson,Kyle Kennard,R.J. Mickens,Isas Waxter,Nikko Reed,Dalevon Campbell,Genesis Smith,Justin Watson,Ja'Marcus Ingram,Ali Gaye,Jared Wayne,Kaevon Merriweather,Cade Stover,Solomon Byrd,Brandon Codrington,K.C. Ossai,Lewis Bond,Treyvhon Saunders
2026006,1,1244,PASS,(10:25) (Shotgun) G.Mertz pass short left to J.Watson to HST 42 for 7 yards (M.Wax; T.Webb).,https://pro.nfl.com/api/plays/summaryPlay?gameId=c66e0006-5f68-11f1-b1d0-bb70a4640075&playId=1244,2,1,10,10:25,65.0,False,False,2120,7,10,0.40013681852724403,11,1,1,3,5,11,3,3,5,Justin Watson,Evan Brown,Foster Moreau,Jarrett Patterson,Jared Wayne,Blake Fisher,Graham Mertz,Febechi Nwaiwu,Lewis Bond,Sam Hagen,Noah Whittington,Deane Leonard,Kendall Williamson,Junior Colson,Kyle Kennard,R.J. Mickens,Marlowe Wax,Nikko Reed,Jahmeer Carter,Rodney Shelley,Nadame Tucker,Terry Webb
2026006,1,1269,RUSH,(9:43) N.Whittington up the middle to HST 48 for 6 yards (R.Mickens).,https://pro.nfl.com/api/plays/summaryPlay?gameId=c66e0006-5f68-11f1-b1d0-bb70a4640075&playId=1269,2,2,3,09:43,58.0,False,False,2120,7,10,0.4309812831925228,11,1,2,2,5,11,3,3,5,Justin Watson,Evan Brown,Foster Moreau,Jarrett Patterson,Jared Wayne,Blake Fisher,Cade Stover,Graham Mertz,Febechi Nwaiwu,Sam Hagen,Noah Whittington,Deane Leonard,Kendall Williamson,Junior Colson,Kyle Kennard,R.J. Mickens,Marlowe Wax,Genesis Smith,Jahmeer Carter,Rodney Shelley,Nadame Tucker,Terry Webb
2026006,1,1291,RUSH,(9:05) N.Whittington right guard to LAC 41 for 11 yards (J.Colson; R.Mickens).,https://pro.nfl.com/api/plays/summaryPlay?gameId=c66e0006-5f68-11f1-b1d0-bb70a4640075&playId=1291,2,1,10,09:05,52.0,False,False,2120,7,10,0.6145876924274489,11,1,2,2,5,11,3,3,5,Justin Watson,Evan Brown,Foster Moreau,Jarrett Patterson,Jared Wayne,Blake Fisher,Cade Stover,Graham Mertz,Febechi Nwaiwu,Sam Hagen,Noah Whittington,Deane Leonard,Kendall Williamson,Junior Colson,Kyle Kennard,R.J. Mickens,Marlowe Wax,Genesis Smith,Jahmeer Carter,Rodney Shelley,Nadame Tucker,Terry Webb
2026006,1,1313,PASS,(8:24) G.Mertz pass short middle to J.Kelly to LAC 24 for 17 yards (R.Mickens).,https://pro.nfl.com/api/plays/summaryPlay?gameId=c66e0006-5f68-11f1-b1d0-bb70a4640075&playId=1313,2,1,10,08:24,41.0,False,False,2120,7,10,1.1315741422586143,11,1,2,2,5,11,3,3,5,Evan Brown,Foster Moreau,Jarrett Patterson,Jared Wayne,Blake Fisher,Cade Stover,Graham Mertz,Josh Kelly,Febechi Nwaiwu,Sam Hagen,Noah Whittington,Deane Leonard,Kendall Williamson,Junior Colson,Kyle Kennard,R.J. Mickens,Marlowe Wax,Genesis Smith,Jahmeer Carter,Rodney Shelley,Nadame Tucker,Terry Webb
2026006,1,1338,RUSH,(7:44) N.Whittington up the middle to LAC 16 for 8 yards (K.Williamson).,https://pro.nfl.com/api/plays/summaryPlay?gameId=c66e0006-5f68-11f1-b1d0-bb70a4640075&playId=1338,2,1,10,07:44,24.0,False,False,2120,7,10,0.625695250753779,11,1,2,2,5,11,3,4,4,Evan Brown,Foster Moreau,Jarrett Patterson,Jared Wayne,Blake Fisher,Cade Stover,Graham Mertz,Josh Kelly,Febechi Nwaiwu,Sam Hagen,Noah Whittington,Kendall Williamson,Andre Carter II,Junior Colson,R.J. Mickens,Isas Waxter,TeRah Edwards,Marlowe Wax,Eric Rogers,Garmon Randolph,Nick Barrett,Jacobian Guillory
2026006,1,1360,RUSH,(7:06) J.Pitsenberger up the middle to LAC 15 for 1 yard (T.Edwards).,https://pro.nfl.com/api/plays/summaryPlay?gameId=c66e0006-5f68-11f1-b1d0-bb70a4640075&playId=1360,2,2,2,07:06,16.0,False,True,2120,7,10,-0.45384988974547014,11,1,2,2,5,11,3,4,4,Justin Watson,Evan Brown,Foster Moreau,Jarrett Patterson,Jared Wayne,Blake Fisher,Cade Stover,Graham Mertz,Febechi Nwaiwu,Sam Hagen,Joshua Pitsenberger,Kendall Williamson,Andre Carter II,Junior Colson,R.J. Mickens,Isas Waxter,TeRah Edwards,Marlowe Wax,Eric Rogers,Garmon Randolph,Nick Barrett,Jacobian Guillory
2026006,1,1382,RUSH,(6:31) N.Whittington right guard to LAC 15 for no gain (J.Guillory; G.Randolph).,https://pro.nfl.com/api/plays/summaryPlay?gameId=c66e0006-5f68-11f1-b1d0-bb70a4640075&playId=1382,2,3,1,06:31,15.0,False,True,2120,7,10,-1.0372543548000976,11,1,2,2,5,11,3,4,4,Justin Watson,Evan Brown,Foster Moreau,Jarrett Patterson,Jared Wayne,Blake Fisher,Cade Stover,Graham Mertz,Febechi Nwaiwu,Sam Hagen,Noah Whittington,Kendall Williamson,Andre Carter II,Junior Colson,R.J. Mickens,Isas Waxter,TeRah Edwards,Marlowe Wax,Eric Rogers,Garmon Randolph,Nick Barrett,Jacobian Guillory
2026006,1,1404,RUSH,(5:49) G.Mertz up the middle to LAC 15 for no gain (T.Edwards; J.Colson).,https://pro.nfl.com/api/plays/summaryPlay?gameId=c66e0006-5f68-11f1-b1d0-bb70a4640075&playId=1404,2,4,1,05:49,15.0,False,True,2120,7,10,-4.14491301367525,11,1,1,3,5,11,2,4,5,Justin Watson,Evan Brown,Foster Moreau,Jarrett Patterson,Jared Wayne,Blake Fisher,Graham Mertz,Febechi Nwaiwu,Lewis Bond,Sam Hagen,Noah Whittington,Kendall Williamson,Andre Carter II,Junior Colson,R.J. Mickens,Isas Waxter,TeRah Edwards,Marlowe Wax,Eric Rogers,Garmon Randolph,Nick Barrett,Avery Smith
2026006,1,1438,TIMEOUT,Timeout at 05:43.,https://pro.nfl.com/api/plays/summaryPlay?gameId=c66e0006-5f68-11f1-b1d0-bb70a4640075&playId=1438,2,0,0,05:43,,False,,4400,10,7,,0,0,0,0,0,0,0,0,0,,,,,,,,,,,,,,,,,,,,,,
2026006,1,1426,RUSH,(5:43) (Shotgun) J.Patterson up the middle to LAC 15 for no gain (J.Reed; J.Hummel).,https://pro.nfl.com/api/plays/summaryPlay?gameId=c66e0006-5f68-11f1-b1d0-bb70a4640075&playId=1426,2,1,10,05:43,85.0,False,False,4400,10,7,-0.41476058261469007,11,2,1,2,5,11,4,3,4,Trey Lance,Jaret Patterson,Trevor Penning,Scott Matlock,KeAndre Lambert-Smith,Jake Slaughter,Brenen Thompson,Travis Burke,Logan Taylor,Jacob Spomer,Evan Svoboda,Naquan Jones,Jacob Hummel,Marte Mapu,Dylan Horton,Kaevon Merriweather,Jamal Hill,Solomon Byrd,Jaylen Reed,Kayden McDonald,Stephen Hall,Collin Wright
2026006,1,1455,PASS,(5:04) (Shotgun) T.Lance pass incomplete short left to B.Thompson (K.Ramsey).,https://pro.nfl.com/api/plays/summaryPlay?gameId=c66e0006-5f68-11f1-b1d0-bb70a4640075&playId=1455,2,2,10,05:04,85.0,False,False,4400,10,7,-0.7310071485117078,11,1,1,3,5,11,4,2,5,Trey Lance,Jaret Patterson,Trevor Penning,Derius Davis,KeAndre Lambert-Smith,Jake Slaughter,Brenen Thompson,Travis Burke,Logan Taylor,Jacob Spomer,Evan Svoboda,Naquan Jones,Jacob Hummel,Dylan Horton,Kaevon Merriweather,Jamal Hill,Solomon Byrd,Jaylen Reed,Kayden McDonald,Kamari Ramsey,Stephen Hall,Collin Wright
2026006,1,1478,PASS,(4:59) (Shotgun) T.Lance pass incomplete deep right to K.Lambert-Smith.,https://pro.nfl.com/api/plays/summaryPlay?gameId=c66e0006-5f68-11f1-b1d0-bb70a4640075&playId=1478,2,3,10,04:59,85.0,False,False,4400,10,7,-0.918671470368281,11,1,1,3,5,11,4,2,5,Trey Lance,Jaret Patterson,Trevor Penning,Derius Davis,KeAndre Lambert-Smith,Jake Slaughter,Brenen Thompson,Travis Burke,Logan Taylor,Jacob Spomer,Evan Svoboda,Naquan Jones,Jacob Hummel,Dylan Horton,Kaevon Merriweather,Jamal Hill,Solomon Byrd,Jaylen Reed,Kamari Ramsey,Dominic Bailey,Stephen Hall,Collin Wright
2026006,1,1501,PUNT,"(4:51) J.Scott punts 49 yards to HST 36, Center-P.Bowden. L.Bond to HST 36 for no gain (L.Barton).",https://pro.nfl.com/api/plays/summaryPlay?gameId=c66e0006-5f68-11f1-b1d0-bb70a4640075&playId=1501,2,4,10,04:51,85.0,False,False,4400,10,7,1.781848126091063,11,0,1,0,0,11,0,3,4,J.K. Scott,Junior Colson,Peter Bowden,Emany Johnson,Kyle Kennard,Oronde Gadsden II,R.J. Mickens,Isas Waxter,Marlowe Wax,Genesis Smith,Lander Barton,Ja'Marcus Ingram,Owen Wright,Ali Gaye,Jared Wayne,Jamal Hill,Brandon Codrington,Alijah Huzzie,Layne Pryor,Kamari Ramsey,Lewis Bond,Aiden Fisher
2026006,1,1539,TIMEOUT,Timeout at 04:39.,https://pro.nfl.com/api/plays/summaryPlay?gameId=c66e0006-5f68-11f1-b1d0-bb70a4640075&playId=1539,2,0,0,04:39,,False,,4400,10,7,,0,0,0,0,0,0,0,0,0,,,,,,,,,,,,,,,,,,,,,,
2026006,1,1527,RUSH,(4:39) J.Pitsenberger right tackle to HST 37 for 1 yard (T.Edwards).,https://pro.nfl.com/api/plays/summaryPlay?gameId=c66e0006-5f68-11f1-b1d0-bb70a4640075&playId=1527,2,1,10,04:39,64.0,False,False,2120,7,10,-0.6295090379426256,11,1,2,2,5,11,4,3,4,Justin Watson,Evan Brown,Foster Moreau,Jarrett Patterson,Jared Wayne,Blake Fisher,Cade Stover,Graham Mertz,Febechi Nwaiwu,Sam Hagen,Joshua Pitsenberger,Junior Colson,Kyle Kennard,R.J. Mickens,TeRah Edwards,Marlowe Wax,Nikko Reed,Genesis Smith,Nick Barrett,Jacobian Guillory,Avery Smith,Nadame Tucker
2026006,1,1561,PASS,(4:04) G.Mertz pass incomplete short right to J.Wayne.,https://pro.nfl.com/api/plays/summaryPlay?gameId=c66e0006-5f68-11f1-b1d0-bb70a4640075&playId=1561,2,2,9,04:04,63.0,False,False,2120,7,10,-0.6903101410716772,11,1,2,2,5,11,4,3,4,Justin Watson,Evan Brown,Foster Moreau,Jarrett Patterson,Jared Wayne,Blake Fisher,Cade Stover,Graham Mertz,Febechi Nwaiwu,Sam Hagen,Joshua Pitsenberger,Junior Colson,Kyle Kennard,R.J. Mickens,TeRah Edwards,Marlowe Wax,Nikko Reed,Genesis Smith,Nick Barrett,Jacobian Guillory,Avery Smith,Nadame Tucker
2026006,1,1584,PASS,(3:58) (Shotgun) G.Mertz pass incomplete deep right to C.Stover (R.Mickens) [M.Wax].,https://pro.nfl.com/api/plays/summaryPlay?gameId=c66e0006-5f68-11f1-b1d0-bb70a4640075&playId=1584,2,3,9,03:58,63.0,False,False,2120,7,10,-1.4414783157408237,11,1,1,3,5,11,3,3,5,Justin Watson,Evan Brown,Jarrett Patterson,Jared Wayne,Blake Fisher,Cade Stover,Graham Mertz,Febechi Nwaiwu,Lewis Bond,Sam Hagen,Joshua Pitsenberger,Deane Leonard,Junior Colson,Kyle Kennard,R.J. Mickens,TeRah Edwards,Marlowe Wax,Nikko Reed,Genesis Smith,Nick Barrett,Avery Smith,Nadame Tucker
2026006,1,1607,PUNT,"(3:48) K.Kroeger punts 52 yards to LAC 11, Center-A.Brinkman. B.Thompson pushed ob at LAC 23 for 12 yards (F.Moreau).",https://pro.nfl.com/api/plays/summaryPlay?gameId=c66e0006-5f68-11f1-b1d0-bb70a4640075&playId=1607,2,4,9,03:48,63.0,False,False,2120,7,10,-0.1839952627196908,11,1,2,1,0,11,0,3,4,Foster Moreau,Dominique Robinson,Jared Wayne,Cade Stover,Jamal Hill,Austin Brinkman,Alijah Huzzie,Kai Kroeger,K.C. Ossai,Kamari Ramsey,Joshua Pitsenberger,Jaret Patterson,Junior Colson,Kimani Vidal,Kyle Kennard,R.J. Mickens,Isas Waxter,Nikko Reed,Garmon Randolph,Dalevon Campbell,Brenen Thompson,Genesis Smith
2026006,1,1662,TIMEOUT,Timeout at 03:36.,https://pro.nfl.com/api/plays/summaryPlay?gameId=c66e0006-5f68-11f1-b1d0-bb70a4640075&playId=1662,2,0,0,03:36,,False,,4400,10,7,,0,0,0,0,0,0,0,0,0,,,,,,,,,,,,,,,,,,,,,,
2026006,1,1650,PENALTY,"(3:36) J.Patterson left end to LAC 27 for 4 yards (A.Gaye; A.Fisher).
PENALTY on HST-A.Gaye, Defensive Offside, 5 yards, enforced at LAC 23 - No Play.",https://pro.nfl.com/api/plays/summaryPlay?gameId=c66e0006-5f68-11f1-b1d0-bb70a4640075&playId=1650,2,1,10,03:36,77.0,False,False,4400,10,7,0.29895024141296744,11,2,1,2,5,11,3,4,4,Trey Lance,Jaret Patterson,Trevor Penning,Scott Matlock,KeAndre Lambert-Smith,Branson Taylor,Jake Slaughter,Brenen Thompson,Logan Taylor,Jacob Spomer,Johnny Pascuzzi,Dominique Robinson,Ja'Marcus Ingram,Marte Mapu,Ali Gaye,Kaevon Merriweather,Jamal Hill,Jaylin Smith,Kyonte Hamilton,Kamari Ramsey,Aiden Fisher,Dominic Bailey
2026006,1,1690,PASS,(3:11) T.Lance pass short left to K.Lambert-Smith to LAC 43 for 15 yards (J.Smith; A.Fisher).,https://pro.nfl.com/api/plays/summaryPlay?gameId=c66e0006-5f68-11f1-b1d0-bb70a4640075&playId=1690,2,1,5,03:11,72.0,False,False,4400,10,7,0.7071294981287792,11,2,1,2,5,11,3,4,4,Trey Lance,Jaret Patterson,Trevor Penning,Scott Matlock,KeAndre Lambert-Smith,Branson Taylor,Jake Slaughter,Brenen Thompson,Logan Taylor,Jacob Spomer,Johnny Pascuzzi,Dominique Robinson,Ja'Marcus Ingram,Marte Mapu,Ali Gaye,Kaevon Merriweather,Jamal Hill,Jaylin Smith,Kyonte Hamilton,Kamari Ramsey,Aiden Fisher,Dominic Bailey
2026006,1,1715,PENALTY,"(2:23) (Shotgun) T.Lance pass incomplete deep left to S.Matlock.
PENALTY on HST-A.Gaye, Neutral Zone Infraction, 5 yards, enforced at LAC 43 - No Play.",https://pro.nfl.com/api/plays/summaryPlay?gameId=c66e0006-5f68-11f1-b1d0-bb70a4640075&playId=1715,2,1,10,02:23,57.0,False,False,4400,10,7,0.4343589787604287,11,2,0,3,5,11,3,3,5,Trey Lance,Jaret Patterson,Trevor Penning,Derius Davis,Scott Matlock,KeAndre Lambert-Smith,Branson Taylor,Jake Slaughter,Brenen Thompson,Logan Taylor,Jacob Spomer,Dominique Robinson,Ja'Marcus Ingram,Ali Gaye,Kaevon Merriweather,Jamal Hill,Jaylin Smith,Kyonte Hamilton,Alijah Huzzie,Kamari Ramsey,Aiden Fisher,Dominic Bailey
2026006,1,1738,RUSH,(2:17) (Shotgun) J.Patterson left end pushed ob at HST 45 for 7 yards (K.Merriweather).,https://pro.nfl.com/api/plays/summaryPlay?gameId=c66e0006-5f68-11f1-b1d0-bb70a4640075&playId=1738,2,1,5,02:17,52.0,False,False,4400,10,7,0.2916794748743996,11,2,0,3,5,11,4,2,5,Trey Lance,Jaret Patterson,Trevor Penning,Derius Davis,Scott Matlock,JaQuae Jackson,KeAndre Lambert-Smith,Branson Taylor,Jake Slaughter,Logan Taylor,Jacob Spomer,Naquan Jones,Ja'Marcus Ingram,Dylan Horton,Kaevon Merriweather,Jamal Hill,Solomon Byrd,Jaylin Smith,Alijah Huzzie,Kayden McDonald,Kamari Ramsey,Aiden Fisher
2026006,1,1789,TIMEOUT,Two-Minute Warning,https://pro.nfl.com/api/plays/summaryPlay?gameId=c66e0006-5f68-11f1-b1d0-bb70a4640075&playId=1789,2,0,0,02:00,,False,,4400,10,7,,0,0,0,0,0,0,0,0,0,,,,,,,,,,,,,,,,,,,,,,
2026006,1,1777,PENALTY,"(2:00) (Shotgun) J.Patterson right guard to HST 43 for 2 yards (K.Merriweather).
PENALTY on LAC-T.Penning, Offensive Holding, 10 yards, enforced at HST 45 - No Play.",https://pro.nfl.com/api/plays/summaryPlay?gameId=c66e0006-5f68-11f1-b1d0-bb70a4640075&playId=1777,2,1,10,02:00,45.0,False,False,4400,10,7,-0.8430463933618739,11,2,0,3,5,11,4,2,5,Trey Lance,Jaret Patterson,Trevor Penning,Derius Davis,Scott Matlock,KeAndre Lambert-Smith,Branson Taylor,Jake Slaughter,Brenen Thompson,Logan Taylor,Jacob Spomer,Naquan Jones,Ja'Marcus Ingram,Dylan Horton,Kaevon Merriweather,Jamal Hill,Solomon Byrd,Jaylin Smith,Alijah Huzzie,Kayden McDonald,Kamari Ramsey,Aiden Fisher
2026006,1,1817,PASS,(1:55) (Shotgun) T.Lance pass incomplete short right to B.Thompson (A.Huzzie).,https://pro.nfl.com/api/plays/summaryPlay?gameId=c66e0006-5f68-11f1-b1d0-bb70a4640075&playId=1817,2,1,20,01:55,55.0,False,False,4400,10,7,-0.4034124731551856,11,2,0,3,5,11,4,2,5,Trey Lance,Jaret Patterson,Trevor Penning,Derius Davis,Scott Matlock,KeAndre Lambert-Smith,Branson Taylor,Jake Slaughter,Brenen Thompson,Logan Taylor,Jacob Spomer,Naquan Jones,Ja'Marcus Ingram,Dylan Horton,Kaevon Merriweather,Jamal Hill,Solomon Byrd,Jaylin Smith,Alijah Huzzie,Kayden McDonald,Kamari Ramsey,Aiden Fisher
2026006,1,1840,PASS,(1:52) (Shotgun) T.Lance pass deep right to B.Thompson to HST 39 for 16 yards (J.Ingram).,https://pro.nfl.com/api/plays/summaryPlay?gameId=c66e0006-5f68-11f1-b1d0-bb70a4640075&playId=1840,2,2,20,01:52,55.0,False,False,4400,10,7,1.00924020644743,11,1,1,3,5,11,4,2,5,Trey Lance,Jaret Patterson,Trevor Penning,Derius Davis,KeAndre Lambert-Smith,Branson Taylor,Jake Slaughter,Brenen Thompson,Logan Taylor,Jacob Spomer,Evan Svoboda,Naquan Jones,Ja'Marcus Ingram,Dylan Horton,Kaevon Merriweather,Jamal Hill,Solomon Byrd,Jaylin Smith,Alijah Huzzie,Kayden McDonald,Kamari Ramsey,Aiden Fisher
2026006,1,1865,PASS,(1:09) (Shotgun) T.Lance pass short left to J.Patterson to HST 24 for 15 yards (J.Hill).,https://pro.nfl.com/api/plays/summaryPlay?gameId=c66e0006-5f68-11f1-b1d0-bb70a4640075&playId=1865,2,3,4,01:09,39.0,False,False,4400,10,7,1.4882034115726128,11,1,1,3,5,11,4,2,5,Trey Lance,Jaret Patterson,Trevor Penning,Derius Davis,KeAndre Lambert-Smith,Branson Taylor,Jake Slaughter,Brenen Thompson,Logan Taylor,Jacob Spomer,Evan Svoboda,Naquan Jones,Ja'Marcus Ingram,Dylan Horton,Kaevon Merriweather,Jamal Hill,Solomon Byrd,Jaylin Smith,Alijah Huzzie,Kayden McDonald,Kamari Ramsey,Aiden Fisher
2026006,1,1902,TIMEOUT,Timeout #1 by HST at 00:59.,https://pro.nfl.com/api/plays/summaryPlay?gameId=c66e0006-5f68-11f1-b1d0-bb70a4640075&playId=1902,2,0,0,00:59,,False,,4400,10,7,,0,0,0,0,0,0,0,0,0,,,,,,,,,,,,,,,,,,,,,,
2026006,1,1890,PASS,(:59) (Shotgun) T.Lance pass short right intended for B.Thompson INTERCEPTED by K.Ramsey at HST 12. K.Ramsey ran ob at LAC 48 for 40 yards (T.Lance).,https://pro.nfl.com/api/plays/summaryPlay?gameId=c66e0006-5f68-11f1-b1d0-bb70a4640075&playId=1890,2,1,10,00:59,24.0,False,False,4400,10,7,-6.616931553173345,11,1,1,3,5,11,3,3,5,Trey Lance,Jaret Patterson,Trevor Penning,Derius Davis,KeAndre Lambert-Smith,Branson Taylor,Jake Slaughter,Brenen Thompson,Logan Taylor,Jacob Spomer,Evan Svoboda,Dominique Robinson,Ja'Marcus Ingram,Ali Gaye,Kaevon Merriweather,Jamal Hill,Jaylin Smith,Kyonte Hamilton,Alijah Huzzie,Kamari Ramsey,Aiden Fisher,Dominic Bailey
2026006,1,1929,PASS,(:51) (Shotgun) G.Mertz pass short left to N.Whittington to HST 48 for -4 yards (E.Johnson).,https://pro.nfl.com/api/plays/summaryPlay?gameId=c66e0006-5f68-11f1-b1d0-bb70a4640075&playId=1929,2,1,10,00:51,48.0,False,False,2120,7,10,-1.2679139742976986,11,1,1,3,5,11,2,4,5,Justin Watson,Evan Brown,Jarrett Patterson,Jared Wayne,Blake Fisher,Cade Stover,Graham Mertz,Febechi Nwaiwu,Lewis Bond,Sam Hagen,Noah Whittington,Deane Leonard,Andre Carter II,Emany Johnson,R.J. Mickens,Marlowe Wax,Nikko Reed,Garmon Randolph,Genesis Smith,Jahmeer Carter,Avery Smith,Terry Webb
2026006,1,1954,RUSH,(:28) (Shotgun) G.Mertz scrambles up the middle to LAC 46 for 6 yards (E.Johnson).,https://pro.nfl.com/api/plays/summaryPlay?gameId=c66e0006-5f68-11f1-b1d0-bb70a4640075&playId=1954,2,2,14,00:28,52.0,False,False,2120,7,10,0.06293009355431423,11,1,1,3,5,11,2,4,5,Justin Watson,Evan Brown,Jarrett Patterson,Jared Wayne,Blake Fisher,Cade Stover,Graham Mertz,Febechi Nwaiwu,Lewis Bond,Sam Hagen,Noah Whittington,Deane Leonard,Andre Carter II,Emany Johnson,R.J. Mickens,Marlowe Wax,Nikko Reed,Garmon Randolph,Genesis Smith,Jahmeer Carter,Avery Smith,Terry Webb
2026006,1,1988,TIMEOUT,Timeout #2 by HST at 00:21.,https://pro.nfl.com/api/plays/summaryPlay?gameId=c66e0006-5f68-11f1-b1d0-bb70a4640075&playId=1988,2,0,0,00:21,,False,,4400,10,7,,0,0,0,0,0,0,0,0,0,,,,,,,,,,,,,,,,,,,,,,
2026006,1,1976,PENALTY,"(:21) (Shotgun) PENALTY on HST-B.Fisher, False Start, 6 yards, enforced at LAC 46 - No Play.",https://pro.nfl.com/api/plays/summaryPlay?gameId=c66e0006-5f68-11f1-b1d0-bb70a4640075&playId=1976,2,3,8,00:21,46.0,False,False,2120,7,10,-0.6327852383255959,11,1,1,3,5,11,3,3,5,Justin Watson,Evan Brown,Foster Moreau,Jarrett Patterson,Jared Wayne,Blake Fisher,Graham Mertz,Febechi Nwaiwu,Lewis Bond,Sam Hagen,Noah Whittington,Deane Leonard,Emany Johnson,Kyle Kennard,R.J. Mickens,Isas Waxter,TeRah Edwards,Marlowe Wax,Genesis Smith,Nick Barrett,Avery Smith,Nadame Tucker
2026006,1,2007,RUSH,(:21) (Shotgun) G.Mertz scrambles right end to LAC 43 for 9 yards (M.Wax). HST-G.Mertz was injured during the play.,https://pro.nfl.com/api/plays/summaryPlay?gameId=c66e0006-5f68-11f1-b1d0-bb70a4640075&playId=2007,2,3,14,00:21,52.0,False,False,2120,7,10,-0.053538347710855305,11,1,1,3,5,11,3,3,5,Justin Watson,Evan Brown,Foster Moreau,Jarrett Patterson,Jared Wayne,Blake Fisher,Graham Mertz,Febechi Nwaiwu,Lewis Bond,Sam Hagen,Noah Whittington,Deane Leonard,Emany Johnson,Kyle Kennard,R.J. Mickens,Isas Waxter,TeRah Edwards,Marlowe Wax,Nikko Reed,Genesis Smith,Nick Barrett,Nadame Tucker
2026006,1,2044,TIMEOUT,Timeout #3 by HST at 00:02.,https://pro.nfl.com/api/plays/summaryPlay?gameId=c66e0006-5f68-11f1-b1d0-bb70a4640075&playId=2044,2,0,0,00:02,,False,,4400,10,7,,0,0,0,0,0,0,0,0,0,,,,,,,,,,,,,,,,,,,,,,
2026006,1,2032,FIELD_GOAL,"(:02) C.Freeman 61 yard field goal is No Good, Wide Right, Center-A.Brinkman, Holder-K.Kroeger.",https://pro.nfl.com/api/plays/summaryPlay?gameId=c66e0006-5f68-11f1-b1d0-bb70a4640075&playId=2032,2,4,5,00:02,43.0,False,False,2120,7,10,-0.7265811712131836,11,0,2,0,6,11,3,3,4,Foster Moreau,Jake Andrews,Jarrett Kingston,Austin Brinkman,Kai Kroeger,Layne Pryor,Keylan Rutledge,Febechi Nwaiwu,Sam Hagen,James Neal III,Chris Freeman,Deane Leonard,Emany Johnson,Kyle Kennard,R.J. Mickens,TeRah Edwards,Marlowe Wax,Nikko Reed,Brenen Thompson,Genesis Smith,Nick Barrett,Nadame Tucker
2026006,1,2061,END_QUARTER,END QUARTER 2,https://pro.nfl.com/api/plays/summaryPlay?gameId=c66e0006-5f68-11f1-b1d0-bb70a4640075&playId=2061,2,0,0,,,False,,4400,10,7,,0,0,0,0,0,0,0,0,0,,,,,,,,,,,,,,,,,,,,,,
2026006,1,2081,KICK_OFF,"C.Dicker kicks 61 yards from LAC 35 to HST 4. J.Jackson to HST 31 for 27 yards (A.Smith; L.Barton).
PENALTY on HST-D.Robinson, Offensive Holding, 10 yards, enforced at HST 31.",https://pro.nfl.com/api/plays/summaryPlay?gameId=c66e0006-5f68-11f1-b1d0-bb70a4640075&playId=2081,3,0,0,15:00,65.0,False,False,4400,10,7,0.5295605533756316,11,1,0,1,0,11,1,1,3,Cameron Dicker,Andre Carter II,Kimani Vidal,Emany Johnson,Isas Waxter,Eric Rogers,Garmon Randolph,Dalevon Campbell,Lander Barton,Devin Grant,Avery Smith,Foster Moreau,Dominique Robinson,Owen Wright,Jha'Quan Jackson,Jaylen Reed,Josh Kelly,Layne Pryor,Kamari Ramsey,Aiden Fisher,Stephen Hall,Daniel Sobkowicz
2026006,1,2115,RUSH,(14:54) N.Whittington left tackle to HST 22 for 1 yard (A.Carter; J.Guillory).,https://pro.nfl.com/api/plays/summaryPlay?gameId=c66e0006-5f68-11f1-b1d0-bb70a4640075&playId=2115,3,1,10,14:54,79.0,False,False,2120,7,10,-0.5216328566893935,11,1,2,2,5,11,3,4,4,Evan Brown,Davis Mills,Jake Andrews,Blake Fisher,Cade Stover,Josh Kelly,Layne Pryor,Febechi Nwaiwu,Lewis Bond,Sam Hagen,Noah Whittington,Kendall Williamson,Andre Carter II,Junior Colson,Isas Waxter,TeRah Edwards,Marlowe Wax,Garmon Randolph,Genesis Smith,Nick Barrett,Jacobian Guillory,Avery Smith
2026006,1,2137,RUSH,(14:14) N.Whittington left tackle to HST 25 for 3 yards (T.Edwards; G.Smith).,https://pro.nfl.com/api/plays/summaryPlay?gameId=c66e0006-5f68-11f1-b1d0-bb70a4640075&playId=2137,3,2,9,14:14,78.0,False,False,2120,7,10,-0.28467654064297676,11,1,1,3,5,11,2,4,5,Evan Brown,Davis Mills,Jake Andrews,Blake Fisher,Cade Stover,Josh Kelly,Febechi Nwaiwu,Lewis Bond,Sam Hagen,Treyvhon Saunders,Noah Whittington,Kendall Williamson,Andre Carter II,Junior Colson,Isas Waxter,TeRah Edwards,Marlowe Wax,Nikko Reed,Garmon Randolph,Genesis Smith,Nick Barrett,Avery Smith
2026006,1,2159,PASS,(13:30) (Shotgun) D.Mills pass short middle to J.Kelly to HST 32 for 7 yards (J.Colson).,https://pro.nfl.com/api/plays/summaryPlay?gameId=c66e0006-5f68-11f1-b1d0-bb70a4640075&playId=2159,3,3,6,13:30,75.0,False,False,2120,7,10,1.7441318950150162,11,1,1,3,5,11,2,4,5,Evan Brown,Foster Moreau,Davis Mills,Jake Andrews,Blake Fisher,Josh Kelly,Febechi Nwaiwu,Lewis Bond,Sam Hagen,Treyvhon Saunders,Noah Whittington,Kendall Williamson,Andre Carter II,Junior Colson,Isas Waxter,TeRah Edwards,Marlowe Wax,Nikko Reed,Garmon Randolph,Genesis Smith,Nick Barrett,Avery Smith
2026006,1,2184,PASS,(12:47) (Shotgun) D.Mills pass incomplete short right.,https://pro.nfl.com/api/plays/summaryPlay?gameId=c66e0006-5f68-11f1-b1d0-bb70a4640075&playId=2184,3,1,10,12:47,68.0,False,False,2120,7,10,-0.5836915022227913,11,1,1,3,5,11,3,3,5,Evan Brown,Davis Mills,Jake Andrews,Blake Fisher,Cade Stover,Josh Kelly,Febechi Nwaiwu,Lewis Bond,Sam Hagen,Treyvhon Saunders,Noah Whittington,Kendall Williamson,Junior Colson,Kyle Kennard,Isas Waxter,Marlowe Wax,Nikko Reed,Genesis Smith,Jahmeer Carter,Avery Smith,Nadame Tucker,Terry Webb
2026006,1,2207,RUSH,(12:41) N.Whittington up the middle to HST 28 for -4 yards (K.Williamson).,https://pro.nfl.com/api/plays/summaryPlay?gameId=c66e0006-5f68-11f1-b1d0-bb70a4640075&playId=2207,3,2,10,12:41,68.0,False,False,2120,7,10,-1.8594765588641167,11,1,2,2,5,11,4,3,4,Evan Brown,Davis Mills,Jake Andrews,Blake Fisher,Cade Stover,Josh Kelly,Layne Pryor,Febechi Nwaiwu,Lewis Bond,Sam Hagen,Noah Whittington,Kendall Williamson,Junior Colson,Kyle Kennard,Isas Waxter,Marlowe Wax,Genesis Smith,Jahmeer Carter,Jacobian Guillory,Avery Smith,Nadame Tucker,Terry Webb
2026006,1,2229,PASS,(12:01) (Shotgun) D.Mills pass short middle to L.Bond to HST 39 for 11 yards (E.Johnson).,https://pro.nfl.com/api/plays/summaryPlay?gameId=c66e0006-5f68-11f1-b1d0-bb70a4640075&playId=2229,3,3,14,12:01,72.0,False,False,2120,7,10,-0.00600423663854599,11,1,1,3,5,11,3,3,5,Evan Brown,Foster Moreau,Davis Mills,Jake Andrews,Blake Fisher,Josh Kelly,Febechi Nwaiwu,Lewis Bond,Sam Hagen,Joshua Pitsenberger,Treyvhon Saunders,Kendall Williamson,Emany Johnson,Kyle Kennard,Isas Waxter,Marlowe Wax,Nikko Reed,Genesis Smith,Jahmeer Carter,Avery Smith,Nadame Tucker,Terry Webb
2026006,1,2263,PUNT,"(11:15) K.Kroeger punts 46 yards to LAC 15, Center-A.Brinkman. L.Grimm pushed ob at LAC 21 for 6 yards (K.Ramsey; A.Fisher).",https://pro.nfl.com/api/plays/summaryPlay?gameId=c66e0006-5f68-11f1-b1d0-bb70a4640075&playId=2263,3,4,3,11:15,61.0,False,False,2120,7,10,-0.4127908921800554,11,1,0,1,0,11,1,2,4,Marte Mapu,Ali Gaye,Jared Wayne,Kaevon Merriweather,Jamal Hill,Jaylin Smith,Austin Brinkman,Kai Kroeger,Kamari Ramsey,Aiden Fisher,Joshua Pitsenberger,Emany Johnson,Amar Johnson,Luke Grimm,Eric Rogers,Garmon Randolph,Myles Purchase,Dalevon Campbell,Devin Grant,Avery Smith,Evan Svoboda,Nadame Tucker
2026006,1,2301,TIMEOUT,Timeout at 11:05.,https://pro.nfl.com/api/plays/summaryPlay?gameId=c66e0006-5f68-11f1-b1d0-bb70a4640075&playId=2301,3,0,0,11:05,,False,,4400,10,7,,0,0,0,0,0,0,0,0,0,,,,,,,,,,,,,,,,,,,,,,
2026006,1,2289,RUSH,"(11:05) A.Johnson left tackle to LAC 19 for -2 yards (A.Huzzie, K.McDonald).",https://pro.nfl.com/api/plays/summaryPlay?gameId=c66e0006-5f68-11f1-b1d0-bb70a4640075&playId=2289,3,1,10,11:05,79.0,False,False,4400,10,7,-1.0641082841902971,11,1,1,3,5,11,4,2,5,Trey Lance,Trevor Penning,JaQuae Jackson,Amar Johnson,Luke Grimm,Dalevon Campbell,Jake Slaughter,Travis Burke,Logan Taylor,Jacob Spomer,Evan Svoboda,Tremon Smith,Naquan Jones,Ja'Marcus Ingram,Dylan Horton,Jamal Hill,Solomon Byrd,Jaylen Reed,Alijah Huzzie,Kayden McDonald,Aiden Fisher,Stephen Hall
2026006,1,2318,PASS,(10:27) (Shotgun) T.Lance pass short middle to L.Grimm to LAC 26 for 7 yards (A.Fisher).,https://pro.nfl.com/api/plays/summaryPlay?gameId=c66e0006-5f68-11f1-b1d0-bb70a4640075&playId=2318,3,2,12,10:27,81.0,False,False,4400,10,7,0.2755821403115988,11,1,1,3,5,11,4,2,5,Trey Lance,Trevor Penning,JaQuae Jackson,Amar Johnson,Luke Grimm,Dalevon Campbell,Jake Slaughter,Travis Burke,Logan Taylor,Jacob Spomer,Evan Svoboda,Tremon Smith,Naquan Jones,Ja'Marcus Ingram,Dylan Horton,Jamal Hill,Solomon Byrd,Jaylen Reed,Alijah Huzzie,Kayden McDonald,Aiden Fisher,Stephen Hall
2026006,1,2343,RUSH,(9:46) (Shotgun) T.Lance scrambles left end ran ob at LAC 41 for 15 yards (J.Reed).,https://pro.nfl.com/api/plays/summaryPlay?gameId=c66e0006-5f68-11f1-b1d0-bb70a4640075&playId=2343,3,3,5,09:46,74.0,False,False,4400,10,7,2.2119796220213175,11,1,1,3,5,11,4,2,5,Trey Lance,Trevor Penning,JaQuae Jackson,Amar Johnson,Luke Grimm,Dalevon Campbell,Jake Slaughter,Travis Burke,Logan Taylor,Jacob Spomer,Evan Svoboda,Tremon Smith,Ja'Marcus Ingram,Dylan Horton,Jamal Hill,Solomon Byrd,Jaylen Reed,Kyonte Hamilton,Alijah Huzzie,Aiden Fisher,Dominic Bailey,Stephen Hall
2026006,1,2370,PASS,(9:11) T.Lance pass short left to J.Pascuzzi to HST 45 for 14 yards (J.Ingram; S.Hall).,https://pro.nfl.com/api/plays/summaryPlay?gameId=c66e0006-5f68-11f1-b1d0-bb70a4640075&playId=2370,3,1,10,09:11,59.0,False,False,4400,10,7,0.8763908857945353,11,1,2,2,5,11,4,3,4,Trey Lance,Trevor Penning,JaQuae Jackson,Amar Johnson,Dalevon Campbell,Jake Slaughter,Travis Burke,Logan Taylor,Jacob Spomer,Evan Svoboda,Johnny Pascuzzi,Tremon Smith,Ja'Marcus Ingram,Dylan Horton,Jamal Hill,Solomon Byrd,Jaylen Reed,Kyonte Hamilton,K.C. Ossai,Aiden Fisher,Dominic Bailey,Stephen Hall
2026006,1,2395,PASS,(8:32) T.Lance pass short right to J.Pascuzzi to HST 26 for 19 yards (T.Smith). HST-J.Ingram was injured during the play.,https://pro.nfl.com/api/plays/summaryPlay?gameId=c66e0006-5f68-11f1-b1d0-bb70a4640075&playId=2395,3,1,10,08:32,45.0,False,False,4400,10,7,1.186523643671535,11,1,2,2,5,11,3,3,5,Trey Lance,Trevor Penning,JaQuae Jackson,Amar Johnson,Dalevon Campbell,Jake Slaughter,Travis Burke,Logan Taylor,Jacob Spomer,Evan Svoboda,Johnny Pascuzzi,Tremon Smith,Dominique Robinson,Ja'Marcus Ingram,Ali Gaye,Jamal Hill,Jaylen Reed,Kyonte Hamilton,Alijah Huzzie,Aiden Fisher,Dominic Bailey,Stephen Hall
2026006,1,2420,PENALTY,"(7:49) A.Johnson left guard to HST 27 for -1 yards (A.Fisher).
PENALTY on LAC, Illegal Formation, 5 yards, enforced at HST 26 - No Play.",https://pro.nfl.com/api/plays/summaryPlay?gameId=c66e0006-5f68-11f1-b1d0-bb70a4640075&playId=2420,3,1,10,07:49,26.0,False,False,4400,10,7,-0.7722556504886597,11,1,1,3,5,11,3,3,5,Trey Lance,Trevor Penning,JaQuae Jackson,Amar Johnson,Dalevon Campbell,Jake Slaughter,Travis Burke,Logan Taylor,Jerand Bradley,Jacob Spomer,Johnny Pascuzzi,Tremon Smith,Dominique Robinson,Ali Gaye,Kaevon Merriweather,Jamal Hill,Jaylen Reed,Kyonte Hamilton,Alijah Huzzie,Aiden Fisher,Dominic Bailey,Stephen Hall
2026006,1,2453,SACK,(7:22) (Shotgun) T.Lance sacked at HST 38 for -7 yards (N.Jones).,https://pro.nfl.com/api/plays/summaryPlay?gameId=c66e0006-5f68-11f1-b1d0-bb70a4640075&playId=2453,3,1,15,07:22,31.0,False,False,4400,10,7,-1.31446674244944,11,1,1,3,5,11,3,3,5,Trey Lance,Trevor Penning,JaQuae Jackson,Amar Johnson,Dalevon Campbell,Jake Slaughter,Travis Burke,Logan Taylor,Devonte Ross,Jacob Spomer,Evan Svoboda,Tremon Smith,Naquan Jones,Dominique Robinson,Ali Gaye,Kaevon Merriweather,Jamal Hill,Jaylen Reed,Alijah Huzzie,Aiden Fisher,Dominic Bailey,Stephen Hall
2026006,1,2476,RUSH,(6:36) (Shotgun) A.Johnson up the middle to HST 34 for 4 yards (J.Hill; N.Jones).,https://pro.nfl.com/api/plays/summaryPlay?gameId=c66e0006-5f68-11f1-b1d0-bb70a4640075&playId=2476,3,2,22,06:36,38.0,False,False,4400,10,7,-0.4474564492702484,11,1,1,3,5,11,3,3,5,Trey Lance,Trevor Penning,JaQuae Jackson,Amar Johnson,Dalevon Campbell,Jake Slaughter,Travis Burke,Logan Taylor,Devonte Ross,Jacob Spomer,Evan Svoboda,Tremon Smith,Naquan Jones,Dominique Robinson,Ali Gaye,Kaevon Merriweather,Jamal Hill,Jaylen Reed,Alijah Huzzie,Aiden Fisher,Dominic Bailey,Stephen Hall
2026006,1,2498,RUSH,(5:57) (Shotgun) T.Lance scrambles right end pushed ob at HST 30 for 4 yards (S.Byrd).,https://pro.nfl.com/api/plays/summaryPlay?gameId=c66e0006-5f68-11f1-b1d0-bb70a4640075&playId=2498,3,3,18,05:57,34.0,False,False,4400,10,7,-0.20034009730443358,11,1,1,3,5,11,4,2,5,Trey Lance,Trevor Penning,JaQuae Jackson,Amar Johnson,Dalevon Campbell,Jake Slaughter,Travis Burke,Logan Taylor,Devonte Ross,Jacob Spomer,Evan Svoboda,Tremon Smith,Dylan Horton,Kaevon Merriweather,Jamal Hill,Solomon Byrd,Jaylen Reed,Kyonte Hamilton,Alijah Huzzie,Kayden McDonald,Aiden Fisher,Stephen Hall
2026006,1,2525,FIELD_GOAL,"(5:21) C.Dicker 48 yard field goal is GOOD, Center-P.Bowden, Holder-J.Scott.",https://pro.nfl.com/api/plays/summaryPlay?gameId=c66e0006-5f68-11f1-b1d0-bb70a4640075&playId=2525,3,4,14,05:21,30.0,False,False,4400,10,7,1.280348097672686,11,0,2,0,6,11,4,3,4,J.K. Scott,Trevor Penning,Cameron Dicker,Peter Bowden,Branson Taylor,Jake Slaughter,Travis Burke,Logan Taylor,Alex Harkey,Evan Svoboda,Johnny Pascuzzi,Dominique Robinson,Kaevon Merriweather,Jamal Hill,Solomon Byrd,Brandon Codrington,Kyonte Hamilton,Alijah Huzzie,K.C. Ossai,Kamari Ramsey,Aiden Fisher,Dominic Bailey
2026006,1,2555,TIMEOUT,Timeout at 05:16.,https://pro.nfl.com/api/plays/summaryPlay?gameId=c66e0006-5f68-11f1-b1d0-bb70a4640075&playId=2555,3,0,0,05:16,,False,,4400,13,7,,0,0,0,0,0,0,0,0,0,,,,,,,,,,,,,,,,,,,,,,
2026006,1,2545,KICK_OFF,"C.Dicker kicks 62 yards from LAC 35 to HST 3. N.Whittington to HST 29 for 26 yards (N.Avinger).
PENALTY on HST-A.Fisher, Offensive Holding, 10 yards, enforced at HST 26.",https://pro.nfl.com/api/plays/summaryPlay?gameId=c66e0006-5f68-11f1-b1d0-bb70a4640075&playId=2545,3,0,0,05:16,65.0,False,False,4400,13,7,0.6865524770691991,11,0,0,0,0,11,0,1,2,Cameron Dicker,Andre Carter II,Emany Johnson,Isas Waxter,Eric Rogers,Garmon Randolph,Myles Purchase,Noah Avinger,Lander Barton,Devin Grant,Avery Smith,Foster Moreau,Juwann Winfree,Jaylen Reed,Josh Kelly,Layne Pryor,Aiden Fisher,Stephen Hall,Joshua Pitsenberger,Treyvhon Saunders,Daniel Sobkowicz,Noah Whittington
2026006,1,2586,PASS,(5:09) D.Mills pass incomplete short left to L.Bond (M.Wax).,https://pro.nfl.com/api/plays/summaryPlay?gameId=c66e0006-5f68-11f1-b1d0-bb70a4640075&playId=2586,3,1,10,05:09,84.0,False,False,2120,7,13,-0.673133394215256,11,1,2,2,5,11,3,4,4,Evan Brown,Davis Mills,Jake Andrews,Owen Wright,Blake Fisher,Cade Stover,Josh Kelly,Layne Pryor,Febechi Nwaiwu,Lewis Bond,Sam Hagen,Kendall Williamson,Andre Carter II,Junior Colson,Marlowe Wax,Eric Rogers,Garmon Randolph,Jahmeer Carter,Devin Grant,Jacobian Guillory,Rodney Shelley,Terry Webb
2026006,1,2609,PASS,(5:04) (Shotgun) D.Mills pass short right to L.Bond to HST 21 for 5 yards (R.Shelley).,https://pro.nfl.com/api/plays/summaryPlay?gameId=c66e0006-5f68-11f1-b1d0-bb70a4640075&playId=2609,3,2,10,05:04,84.0,False,False,2120,7,13,-0.5146262063644826,11,1,2,2,5,11,3,4,4,Evan Brown,Davis Mills,Jake Andrews,Owen Wright,Blake Fisher,Cade Stover,Josh Kelly,Layne Pryor,Febechi Nwaiwu,Lewis Bond,Sam Hagen,Kendall Williamson,Andre Carter II,Junior Colson,Marlowe Wax,Eric Rogers,Garmon Randolph,Jahmeer Carter,Devin Grant,Jacobian Guillory,Rodney Shelley,Terry Webb
2026006,1,2634,PASS,(4:23) (Shotgun) D.Mills pass short right to J.Kelly to HST 25 for 4 yards (J.Colson).,https://pro.nfl.com/api/plays/summaryPlay?gameId=c66e0006-5f68-11f1-b1d0-bb70a4640075&playId=2634,3,3,5,04:23,79.0,False,False,2120,7,13,-0.5478158509358764,11,1,1,3,5,11,2,4,5,Evan Brown,Foster Moreau,Juwann Winfree,Davis Mills,Jake Andrews,Owen Wright,Blake Fisher,Josh Kelly,Febechi Nwaiwu,Lewis Bond,Sam Hagen,Kendall Williamson,Andre Carter II,Junior Colson,Marlowe Wax,Eric Rogers,Garmon Randolph,Nick Barrett,Devin Grant,Rodney Shelley,Avery Smith,Terry Webb
2026006,1,2659,PUNT,"(3:39) K.Kroeger punts 60 yards to LAC 15, Center-A.Brinkman. D.Ross MUFFS catch, and recovers at LAC 10. D.Ross pushed ob at LAC 19 for 9 yards (N.Whittington).",https://pro.nfl.com/api/plays/summaryPlay?gameId=c66e0006-5f68-11f1-b1d0-bb70a4640075&playId=2659,3,4,1,03:39,75.0,False,False,2120,7,13,-0.05749649927020073,11,1,1,2,0,11,0,3,4,Justin Watson,Juwann Winfree,Ali Gaye,Jamal Hill,Austin Brinkman,Alijah Huzzie,Kai Kroeger,K.C. Ossai,Layne Pryor,Aiden Fisher,Noah Whittington,Emany Johnson,JaQuae Jackson,Amar Johnson,Eric Rogers,Garmon Randolph,Myles Purchase,Lander Barton,Devin Grant,Devonte Ross,Avery Smith,Evan Svoboda
2026006,1,2702,TIMEOUT,Timeout at 03:22.,https://pro.nfl.com/api/plays/summaryPlay?gameId=c66e0006-5f68-11f1-b1d0-bb70a4640075&playId=2702,3,0,0,03:22,,False,,4400,13,7,,0,0,0,0,0,0,0,0,0,,,,,,,,,,,,,,,,,,,,,,
2026006,1,2690,PASS,(3:22) D.Uiagalelei pass incomplete deep right to J.Jackson.,https://pro.nfl.com/api/plays/summaryPlay?gameId=c66e0006-5f68-11f1-b1d0-bb70a4640075&playId=2690,3,1,10,03:22,81.0,False,False,4400,13,7,-0.6814012466929853,11,1,2,2,5,11,4,2,5,JaQuae Jackson,Amar Johnson,DJ Uiagalelei,Dalevon Campbell,Jake Slaughter,Travis Burke,Logan Taylor,Alex Harkey,Jacob Spomer,Evan Svoboda,Johnny Pascuzzi,Tremon Smith,Naquan Jones,Dominique Robinson,Marte Mapu,Kaevon Merriweather,Solomon Byrd,Brandon Codrington,Jaylen Reed,Kyonte Hamilton,Aiden Fisher,Stephen Hall
2026006,1,2763,RUSH,(3:15) A.Johnson right tackle to LAC 20 for 1 yard (A.Fisher).,https://pro.nfl.com/api/plays/summaryPlay?gameId=c66e0006-5f68-11f1-b1d0-bb70a4640075&playId=2763,3,2,10,03:15,81.0,False,False,4400,13,7,-0.9184492668136954,11,1,2,2,5,11,4,2,5,JaQuae Jackson,Amar Johnson,DJ Uiagalelei,Dalevon Campbell,Jake Slaughter,Travis Burke,Logan Taylor,Alex Harkey,Jacob Spomer,Evan Svoboda,Johnny Pascuzzi,Tremon Smith,Naquan Jones,Dominique Robinson,Marte Mapu,Kaevon Merriweather,Solomon Byrd,Brandon Codrington,Jaylen Reed,Kyonte Hamilton,Aiden Fisher,Stephen Hall
2026006,1,2786,PENALTY,"(2:36) (Shotgun) D.Uiagalelei pass incomplete deep left to D.Campbell.
PENALTY on HST-B.Codrington, Illegal Contact, 5 yards, enforced at LAC 20 - No Play.",https://pro.nfl.com/api/plays/summaryPlay?gameId=c66e0006-5f68-11f1-b1d0-bb70a4640075&playId=2786,3,3,9,02:36,80.0,False,False,4400,13,7,2.1199784679338336,11,1,1,3,5,11,4,2,5,JaQuae Jackson,Amar Johnson,DJ Uiagalelei,Dalevon Campbell,Jake Slaughter,Travis Burke,Logan Taylor,Alex Harkey,Devonte Ross,Jacob Spomer,Evan Svoboda,Tremon Smith,Naquan Jones,Dominique Robinson,Marte Mapu,Kaevon Merriweather,Solomon Byrd,Brandon Codrington,Jaylen Reed,Aiden Fisher,Dominic Bailey,Stephen Hall
2026006,1,2820,RUSH,"(2:31) G.Desrosiers right end to LAC 37 for 12 yards (J.Reed).
PENALTY on LAC-D.Campbell, Offensive Holding, 10 yards, enforced at LAC 26.",https://pro.nfl.com/api/plays/summaryPlay?gameId=c66e0006-5f68-11f1-b1d0-bb70a4640075&playId=2820,3,1,10,02:31,75.0,False,False,4400,13,7,-0.9715462299063802,11,1,2,2,5,11,3,3,5,JaQuae Jackson,DJ Uiagalelei,Dalevon Campbell,Jake Slaughter,Travis Burke,Logan Taylor,Alex Harkey,Gregory Desrosiers,Jacob Spomer,Evan Svoboda,Johnny Pascuzzi,Tremon Smith,Naquan Jones,Marte Mapu,Dylan Horton,Ali Gaye,Kaevon Merriweather,Brandon Codrington,Jaylen Reed,Aiden Fisher,Dominic Bailey,Stephen Hall
2026006,1,2853,RUSH,(2:04) G.Desrosiers right tackle to LAC 19 for 3 yards (D.Horton).,https://pro.nfl.com/api/plays/summaryPlay?gameId=c66e0006-5f68-11f1-b1d0-bb70a4640075&playId=2853,3,1,19,02:04,84.0,False,False,4400,13,7,-0.584929118398577,11,1,2,2,5,11,3,3,5,JaQuae Jackson,DJ Uiagalelei,Dalevon Campbell,Jake Slaughter,Travis Burke,Logan Taylor,Alex Harkey,Gregory Desrosiers,Jacob Spomer,Evan Svoboda,Johnny Pascuzzi,Tremon Smith,Marte Mapu,Dylan Horton,Ali Gaye,Kaevon Merriweather,Brandon Codrington,Jaylen Reed,Kyonte Hamilton,Aiden Fisher,Dominic Bailey,Stephen Hall
2026006,1,2875,PENALTY,"(1:18) (Shotgun) PENALTY on LAC, Delay of Game, 5 yards, enforced at LAC 19 - No Play.",https://pro.nfl.com/api/plays/summaryPlay?gameId=c66e0006-5f68-11f1-b1d0-bb70a4640075&playId=2875,3,2,16,01:18,81.0,False,False,4400,13,7,-0.40989359747618437,11,1,2,2,5,11,3,3,5,JaQuae Jackson,DJ Uiagalelei,Jake Slaughter,Travis Burke,Logan Taylor,Alex Harkey,Gregory Desrosiers,Devonte Ross,Jacob Spomer,Evan Svoboda,Johnny Pascuzzi,Tremon Smith,Marte Mapu,Dylan Horton,Ali Gaye,Kaevon Merriweather,Brandon Codrington,Jaylen Reed,Kyonte Hamilton,Aiden Fisher,Dominic Bailey,Stephen Hall
2026006,1,2899,PASS,(:59) (Shotgun) D.Uiagalelei pass short left to A.Johnson to LAC 27 for 13 yards (S.Hall; M.Mapu).,https://pro.nfl.com/api/plays/summaryPlay?gameId=c66e0006-5f68-11f1-b1d0-bb70a4640075&playId=2899,3,2,21,00:59,86.0,False,False,4400,13,7,0.5001926678232849,11,1,1,3,5,11,3,3,5,JaQuae Jackson,Amar Johnson,DJ Uiagalelei,Dalevon Campbell,Jake Slaughter,Travis Burke,Logan Taylor,Alex Harkey,Devonte Ross,Jacob Spomer,Johnny Pascuzzi,Tremon Smith,Marte Mapu,Dylan Horton,Ali Gaye,Kaevon Merriweather,Brandon Codrington,Jaylen Reed,Kyonte Hamilton,Aiden Fisher,Dominic Bailey,Stephen Hall
2026006,1,2924,PASS,(:16) (Shotgun) D.Uiagalelei pass short right to D.Ross to LAC 38 for 11 yards (T.Smith).,https://pro.nfl.com/api/plays/summaryPlay?gameId=c66e0006-5f68-11f1-b1d0-bb70a4640075&playId=2924,3,3,8,00:16,73.0,False,False,4400,13,7,2.159497998189181,11,1,0,4,5,11,3,3,5,JaQuae Jackson,Amar Johnson,DJ Uiagalelei,Dalevon Campbell,Jake Slaughter,Travis Burke,Logan Taylor,Alex Harkey,Jerand Bradley,Devonte Ross,Jacob Spomer,Tremon Smith,Marte Mapu,Dylan Horton,Ali Gaye,Kaevon Merriweather,Solomon Byrd,Brandon Codrington,Jaylen Reed,Aiden Fisher,Dominic Bailey,Stephen Hall
2026006,1,2949,END_QUARTER,END QUARTER 3,https://pro.nfl.com/api/plays/summaryPlay?gameId=c66e0006-5f68-11f1-b1d0-bb70a4640075&playId=2949,3,0,0,,,False,,4400,13,7,,0,0,0,0,0,0,0,0,0,,,,,,,,,,,,,,,,,,,,,,
2026006,1,2969,PASS,(15:00) D.Uiagalelei pass incomplete deep middle to J.Jackson (T.Smith).,https://pro.nfl.com/api/plays/summaryPlay?gameId=c66e0006-5f68-11f1-b1d0-bb70a4640075&playId=2969,4,1,10,15:00,62.0,False,False,4400,13,7,-0.5606884241569787,11,1,2,2,5,11,4,2,5,JaQuae Jackson,Amar Johnson,DJ Uiagalelei,Josh Kaltenberger,Travis Burke,Logan Taylor,Alex Harkey,Devonte Ross,Jacob Spomer,Evan Svoboda,Johnny Pascuzzi,Tremon Smith,Naquan Jones,Dylan Horton,Kaevon Merriweather,Jamal Hill,Solomon Byrd,Brandon Codrington,Jaylen Reed,Kyonte Hamilton,K.C. Ossai,Stephen Hall
2026006,1,2992,PASS,(14:55) D.Uiagalelei pass short right to J.Pascuzzi pushed ob at LAC 44 for 6 yards (S.Hall).,https://pro.nfl.com/api/plays/summaryPlay?gameId=c66e0006-5f68-11f1-b1d0-bb70a4640075&playId=2992,4,2,10,14:55,62.0,False,False,4400,13,7,-0.1305884593166411,11,1,2,2,5,11,4,2,5,JaQuae Jackson,Amar Johnson,DJ Uiagalelei,Josh Kaltenberger,Travis Burke,Logan Taylor,Alex Harkey,Devonte Ross,Jacob Spomer,Evan Svoboda,Johnny Pascuzzi,Tremon Smith,Naquan Jones,Dylan Horton,Kaevon Merriweather,Jamal Hill,Solomon Byrd,Brandon Codrington,Jaylen Reed,Kyonte Hamilton,K.C. Ossai,Stephen Hall
2026006,1,3022,PASS,"(14:20) (Shotgun) D.Uiagalelei pass short left to A.Johnson to HST 1 for 55 yards (B.Codrington).
PENALTY on HST-S.Byrd, Roughing the Passer, 0 yards, enforced at HST 1.",https://pro.nfl.com/api/plays/summaryPlay?gameId=c66e0006-5f68-11f1-b1d0-bb70a4640075&playId=3022,4,3,4,14:20,56.0,False,False,4400,13,7,5.02580829890212,11,1,1,3,5,11,4,2,5,JaQuae Jackson,Amar Johnson,DJ Uiagalelei,Josh Kaltenberger,Dalevon Campbell,Travis Burke,Logan Taylor,Alex Harkey,Devonte Ross,Jacob Spomer,Evan Svoboda,Tremon Smith,Naquan Jones,Dylan Horton,Kaevon Merriweather,Jamal Hill,Solomon Byrd,Brandon Codrington,Jaylen Reed,K.C. Ossai,Dominic Bailey,Stephen Hall
2026006,1,3058,RUSH,"(13:46) (Shotgun) A.Johnson left guard for 1 yard, TOUCHDOWN.",https://pro.nfl.com/api/plays/summaryPlay?gameId=c66e0006-5f68-11f1-b1d0-bb70a4640075&playId=3058,4,1,1,13:46,1.0,True,True,4400,13,7,0.4783715203520842,11,1,2,2,5,11,4,2,5,JaQuae Jackson,Amar Johnson,DJ Uiagalelei,Josh Kaltenberger,Dalevon Campbell,Travis Burke,Logan Taylor,Alex Harkey,Jacob Spomer,Evan Svoboda,Johnny Pascuzzi,Tremon Smith,Naquan Jones,Dylan Horton,Kaevon Merriweather,Jamal Hill,Solomon Byrd,Brandon Codrington,Jaylen Reed,K.C. Ossai,Dominic Bailey,Stephen Hall
2026006,1,3081,PAT2,TWO-POINT CONVERSION ATTEMPT. A.Johnson rushes left end. ATTEMPT SUCCEEDS.,https://pro.nfl.com/api/plays/summaryPlay?gameId=c66e0006-5f68-11f1-b1d0-bb70a4640075&playId=3081,4,0,0,13:43,2.0,False,False,4400,19,7,1.053,11,1,1,3,5,11,4,2,5,JaQuae Jackson,Amar Johnson,DJ Uiagalelei,Josh Kaltenberger,Dalevon Campbell,Travis Burke,Logan Taylor,Alex Harkey,Devonte Ross,Jacob Spomer,Evan Svoboda,Tremon Smith,Naquan Jones,Dylan Horton,Kaevon Merriweather,Jamal Hill,Solomon Byrd,Brandon Codrington,Jaylen Reed,K.C. Ossai,Dominic Bailey,Stephen Hall
2026006,1,3104,TIMEOUT,Timeout at 13:43.,https://pro.nfl.com/api/plays/summaryPlay?gameId=c66e0006-5f68-11f1-b1d0-bb70a4640075&playId=3104,4,0,0,13:43,,False,,4400,21,7,,0,0,0,0,0,0,0,0,0,,,,,,,,,,,,,,,,,,,,,,
2026006,1,3094,KICK_OFF,"C.Dicker kicks 63 yards from LAC 35 to HST 2. T.Saunders to HST 30 for 28 yards (E.Johnson).
PENALTY on HST-J.Kelly, Offensive Holding, 10 yards, enforced at HST 30.",https://pro.nfl.com/api/plays/summaryPlay?gameId=c66e0006-5f68-11f1-b1d0-bb70a4640075&playId=3094,4,0,0,13:43,65.0,False,False,4400,21,7,0.4612609278410673,11,0,0,0,0,11,0,2,0,Cameron Dicker,Andre Carter II,Emany Johnson,Isas Waxter,Myles Purchase,Noah Avinger,Lander Barton,Devin Grant,Rodney Shelley,Avery Smith,Nadame Tucker,Foster Moreau,Juwann Winfree,Jared Wayne,Jamal Hill,Josh Kelly,Layne Pryor,Aiden Fisher,Joshua Pitsenberger,Treyvhon Saunders,Daniel Sobkowicz,Noah Whittington
2026006,1,3135,RUSH,(13:37) O.Wright up the middle to HST 26 for 6 yards (D.Grant).,https://pro.nfl.com/api/plays/summaryPlay?gameId=c66e0006-5f68-11f1-b1d0-bb70a4640075&playId=3135,4,1,10,13:37,80.0,False,False,2120,7,21,0.2496348163112998,11,1,2,2,5,11,4,3,4,Davis Mills,Jarrett Patterson,Owen Wright,Cade Stover,Jarrett Kingston,Josh Kelly,Eli Cox,Layne Pryor,Lewis Bond,Sam Hagen,James Neal III,Emany Johnson,Kyle Kennard,Isas Waxter,TeRah Edwards,Myles Purchase,Lander Barton,Jahmeer Carter,Devin Grant,Jacobian Guillory,Rodney Shelley,Nadame Tucker
2026006,1,3157,SACK,"(12:54) D.Mills sacked at HST 20 for -6 yards. FUMBLES, touched at HST 20, RECOVERED by LAC-L.Barton at HST 26. L.Barton to HST 21 for 5 yards (C.Stover).",https://pro.nfl.com/api/plays/summaryPlay?gameId=c66e0006-5f68-11f1-b1d0-bb70a4640075&playId=3157,4,2,4,12:54,74.0,False,False,2120,7,21,-5.969841106212698,11,1,2,2,5,11,4,3,4,Davis Mills,Jarrett Patterson,Owen Wright,Cade Stover,Jarrett Kingston,Josh Kelly,Eli Cox,Layne Pryor,Lewis Bond,Sam Hagen,James Neal III,Emany Johnson,Kyle Kennard,Isas Waxter,TeRah Edwards,Myles Purchase,Lander Barton,Jahmeer Carter,Devin Grant,Jacobian Guillory,Rodney Shelley,Nadame Tucker
2026006,1,3186,RUSH,(12:42) G.Desrosiers left guard to HST 14 for 7 yards (K.Merriweather).,https://pro.nfl.com/api/plays/summaryPlay?gameId=c66e0006-5f68-11f1-b1d0-bb70a4640075&playId=3186,4,1,10,12:42,21.0,False,False,4400,21,7,0.420784150599502,11,1,2,2,5,11,4,2,5,DJ Uiagalelei,Josh Kaltenberger,Dalevon Campbell,Travis Burke,Logan Taylor,Alex Harkey,Gregory Desrosiers,Devonte Ross,Jacob Spomer,Evan Svoboda,Johnny Pascuzzi,Tremon Smith,Dylan Horton,Kaevon Merriweather,Solomon Byrd,Brandon Codrington,Kyonte Hamilton,Alijah Huzzie,K.C. Ossai,Aiden Fisher,Dominic Bailey,Stephen Hall
2026006,1,3208,RUSH,(12:05) (Shotgun) G.Desrosiers right end pushed ob at HST 5 for 9 yards (S.Hall).,https://pro.nfl.com/api/plays/summaryPlay?gameId=c66e0006-5f68-11f1-b1d0-bb70a4640075&playId=3208,4,2,3,12:05,14.0,False,True,4400,21,7,0.7635286715812981,11,1,2,2,5,11,4,2,5,DJ Uiagalelei,Josh Kaltenberger,Dalevon Campbell,Travis Burke,Logan Taylor,Alex Harkey,Gregory Desrosiers,Devonte Ross,Jacob Spomer,Evan Svoboda,Johnny Pascuzzi,Tremon Smith,Dylan Horton,Kaevon Merriweather,Solomon Byrd,Brandon Codrington,Kyonte Hamilton,Alijah Huzzie,K.C. Ossai,Aiden Fisher,Dominic Bailey,Stephen Hall
2026006,1,3240,RUSH,(11:32) G.Desrosiers left guard to HST 2 for 3 yards (A.Fisher).,https://pro.nfl.com/api/plays/summaryPlay?gameId=c66e0006-5f68-11f1-b1d0-bb70a4640075&playId=3240,4,1,5,11:32,5.0,True,True,4400,21,7,0.10473568394081667,11,1,2,2,5,11,4,2,5,DJ Uiagalelei,Josh Kaltenberger,Dalevon Campbell,Travis Burke,Logan Taylor,Alex Harkey,Gregory Desrosiers,Devonte Ross,Jacob Spomer,Evan Svoboda,Johnny Pascuzzi,Tremon Smith,Dylan Horton,Kaevon Merriweather,Solomon Byrd,Brandon Codrington,Kyonte Hamilton,Alijah Huzzie,K.C. Ossai,Aiden Fisher,Dominic Bailey,Stephen Hall
2026006,1,3271,RUSH,(10:53) (Shotgun) G.Desrosiers right guard to HST 3 for -1 yards (A.Fisher).,https://pro.nfl.com/api/plays/summaryPlay?gameId=c66e0006-5f68-11f1-b1d0-bb70a4640075&playId=3271,4,2,2,10:53,2.0,True,True,4400,21,7,-1.1428330737981014,11,1,2,2,5,11,3,4,4,DJ Uiagalelei,Josh Kaltenberger,Dalevon Campbell,Travis Burke,Logan Taylor,Alex Harkey,Gregory Desrosiers,Devonte Ross,Jacob Spomer,Evan Svoboda,Johnny Pascuzzi,Tremon Smith,Naquan Jones,Dominique Robinson,Ali Gaye,Kaevon Merriweather,Jamal Hill,Kyonte Hamilton,Alijah Huzzie,K.C. Ossai,Aiden Fisher,Stephen Hall
2026006,1,3293,PASS,"(10:13) D.Uiagalelei pass short left to D.Ross for 3 yards, TOUCHDOWN.",https://pro.nfl.com/api/plays/summaryPlay?gameId=c66e0006-5f68-11f1-b1d0-bb70a4640075&playId=3293,4,3,3,10:13,3.0,True,True,4400,21,7,2.15865550248418,11,1,2,2,5,11,3,4,4,DJ Uiagalelei,Josh Kaltenberger,Dalevon Campbell,Travis Burke,Logan Taylor,Alex Harkey,Gregory Desrosiers,Devonte Ross,Jacob Spomer,Evan Svoboda,Johnny Pascuzzi,Tremon Smith,Naquan Jones,Dominique Robinson,Ali Gaye,Kaevon Merriweather,Jamal Hill,Kyonte Hamilton,Alijah Huzzie,K.C. Ossai,Aiden Fisher,Stephen Hall
2026006,1,3319,XP_KICK,"C.Dicker extra point is No Good, Wide Left, Center-P.Bowden, Holder-J.Scott.",https://pro.nfl.com/api/plays/summaryPlay?gameId=c66e0006-5f68-11f1-b1d0-bb70a4640075&playId=3319,4,0,0,10:08,15.0,False,False,4400,27,7,-0.931114949971538,11,0,2,0,6,11,4,3,4,J.K. Scott,Cameron Dicker,Peter Bowden,Branson Taylor,Josh Kaltenberger,Jake Slaughter,Travis Burke,Logan Taylor,Alex Harkey,Evan Svoboda,Johnny Pascuzzi,Dominique Robinson,Kaevon Merriweather,Jamal Hill,Solomon Byrd,Brandon Codrington,Kyonte Hamilton,Alijah Huzzie,K.C. Ossai,Kamari Ramsey,Aiden Fisher,Dominic Bailey
2026006,1,3344,TIMEOUT,Timeout at 10:08.,https://pro.nfl.com/api/plays/summaryPlay?gameId=c66e0006-5f68-11f1-b1d0-bb70a4640075&playId=3344,4,0,0,10:08,,False,,4400,27,7,,0,0,0,0,0,0,0,0,0,,,,,,,,,,,,,,,,,,,,,,
2026006,1,3334,KICK_OFF,C.Dicker kicks 59 yards from LAC 35 to HST 6. N.Whittington to HST 30 for 24 yards (M.Purchase).,https://pro.nfl.com/api/plays/summaryPlay?gameId=c66e0006-5f68-11f1-b1d0-bb70a4640075&playId=3334,4,0,0,10:08,65.0,False,False,4400,27,7,-0.14455545297823846,11,1,0,0,0,11,1,2,0,Cameron Dicker,Andre Carter II,Amar Johnson,Isas Waxter,Myles Purchase,Noah Avinger,Lander Barton,Devin Grant,Rodney Shelley,Avery Smith,Nadame Tucker,Justin Watson,Juwann Winfree,Dominique Robinson,Jared Wayne,Jha'Quan Jackson,Jamal Hill,K.C. Ossai,Layne Pryor,Joshua Pitsenberger,Daniel Sobkowicz,Noah Whittington
2026006,1,3364,RUSH,(10:02) (Shotgun) J.Pitsenberger up the middle to HST 36 for 6 yards (N.Avinger).,https://pro.nfl.com/api/plays/summaryPlay?gameId=c66e0006-5f68-11f1-b1d0-bb70a4640075&playId=3364,4,1,10,10:02,70.0,False,False,2120,7,27,0.1474840787705034,11,1,1,3,5,11,2,4,5,Davis Mills,Jarrett Patterson,Jha'Quan Jackson,Jarrett Kingston,Eli Cox,Layne Pryor,Sam Hagen,James Neal III,Joshua Pitsenberger,Treyvhon Saunders,Daniel Sobkowicz,Andre Carter II,Emany Johnson,Isas Waxter,Eric Rogers,Garmon Randolph,Myles Purchase,Noah Avinger,Lander Barton,Jacobian Guillory,Avery Smith,Terry Webb
2026006,1,3386,RUSH,(9:24) J.Pitsenberger right guard to LAC 48 for 16 yards (E.Johnson; M.Purchase).,https://pro.nfl.com/api/plays/summaryPlay?gameId=c66e0006-5f68-11f1-b1d0-bb70a4640075&playId=3386,4,2,4,09:24,64.0,False,False,2120,7,27,1.1176308230496943,11,1,2,2,5,11,3,4,4,Davis Mills,Jarrett Patterson,Cade Stover,Jarrett Kingston,Eli Cox,Layne Pryor,Sam Hagen,James Neal III,Joshua Pitsenberger,Treyvhon Saunders,Daniel Sobkowicz,Andre Carter II,Emany Johnson,Isas Waxter,Eric Rogers,Garmon Randolph,Myles Purchase,Noah Avinger,Lander Barton,Jahmeer Carter,Jacobian Guillory,Terry Webb
2026006,1,3408,PASS,(8:42) D.Mills pass incomplete short left to J.Pitsenberger.,https://pro.nfl.com/api/plays/summaryPlay?gameId=c66e0006-5f68-11f1-b1d0-bb70a4640075&playId=3408,4,1,10,08:42,48.0,False,False,2120,7,27,-0.46547464188188314,11,1,2,2,5,11,3,4,4,Davis Mills,Jarrett Patterson,Cade Stover,Jarrett Kingston,Eli Cox,Layne Pryor,Sam Hagen,James Neal III,Joshua Pitsenberger,Treyvhon Saunders,Daniel Sobkowicz,Andre Carter II,Emany Johnson,Isas Waxter,Eric Rogers,Garmon Randolph,Myles Purchase,Noah Avinger,Lander Barton,Jahmeer Carter,Jacobian Guillory,Terry Webb
2026006,1,3431,RUSH,(8:36) J.Pitsenberger left end to LAC 45 for 3 yards (T.Webb; I.Waxter).,https://pro.nfl.com/api/plays/summaryPlay?gameId=c66e0006-5f68-11f1-b1d0-bb70a4640075&playId=3431,4,2,10,08:36,48.0,False,False,2120,7,27,-0.7279899111017585,11,1,1,3,5,11,3,3,5,Davis Mills,Jarrett Patterson,Cade Stover,Jha'Quan Jackson,Jarrett Kingston,Eli Cox,Sam Hagen,James Neal III,Joshua Pitsenberger,Treyvhon Saunders,Daniel Sobkowicz,Emany Johnson,Kyle Kennard,Isas Waxter,Eric Rogers,Myles Purchase,Noah Avinger,Lander Barton,Jacobian Guillory,Avery Smith,Nadame Tucker,Terry Webb
2026006,1,3453,PASS,(7:51) (Shotgun) D.Mills pass short left to T.Saunders ran ob at LAC 39 for 6 yards.,https://pro.nfl.com/api/plays/summaryPlay?gameId=c66e0006-5f68-11f1-b1d0-bb70a4640075&playId=3453,4,3,7,07:51,45.0,False,False,2120,7,27,-0.14306921768002212,11,1,1,3,5,11,3,3,5,Davis Mills,Jarrett Patterson,Cade Stover,Jha'Quan Jackson,Jarrett Kingston,Eli Cox,Sam Hagen,James Neal III,Joshua Pitsenberger,Treyvhon Saunders,Daniel Sobkowicz,Emany Johnson,Kyle Kennard,Isas Waxter,Eric Rogers,Myles Purchase,Nick Barrett,Noah Avinger,Lander Barton,Avery Smith,Nadame Tucker,Terry Webb
2026006,1,3483,RUSH,(7:23) J.Pitsenberger up the middle to LAC 39 for no gain (A.Smith; E.Johnson).,https://pro.nfl.com/api/plays/summaryPlay?gameId=c66e0006-5f68-11f1-b1d0-bb70a4640075&playId=3483,4,4,1,07:23,39.0,False,False,2120,7,27,-3.841488691745326,11,1,1,3,5,11,3,3,5,Davis Mills,Jarrett Patterson,Cade Stover,Jha'Quan Jackson,Jarrett Kingston,Eli Cox,Sam Hagen,James Neal III,Joshua Pitsenberger,Treyvhon Saunders,Daniel Sobkowicz,Emany Johnson,Kyle Kennard,Isas Waxter,TeRah Edwards,Eric Rogers,Myles Purchase,Nick Barrett,Noah Avinger,Lander Barton,Avery Smith,Nadame Tucker
2026006,1,3517,TIMEOUT,Timeout at 07:19.,https://pro.nfl.com/api/plays/summaryPlay?gameId=c66e0006-5f68-11f1-b1d0-bb70a4640075&playId=3517,4,0,0,07:19,,False,,4400,27,7,,0,0,0,0,0,0,0,0,0,,,,,,,,,,,,,,,,,,,,,,
2026006,1,3505,RUSH,(7:19) G.Desrosiers right tackle to LAC 45 for 6 yards (K.Hamilton; M.Mapu).,https://pro.nfl.com/api/plays/summaryPlay?gameId=c66e0006-5f68-11f1-b1d0-bb70a4640075&playId=3505,4,1,10,07:19,61.0,False,False,4400,27,7,0.11490681790746748,11,1,2,2,5,11,3,4,4,DJ Uiagalelei,Josh Kaltenberger,Dalevon Campbell,Travis Burke,Logan Taylor,Alex Harkey,Gregory Desrosiers,Devonte Ross,Jacob Spomer,Evan Svoboda,Johnny Pascuzzi,Dominique Robinson,Marte Mapu,Ali Gaye,Kaevon Merriweather,Jamal Hill,Brandon Codrington,Kyonte Hamilton,Alijah Huzzie,K.C. Ossai,Dominic Bailey,Stephen Hall
2026006,1,3534,RUSH,(6:43) G.Desrosiers left end to LAC 42 for -3 yards (A.Gaye).,https://pro.nfl.com/api/plays/summaryPlay?gameId=c66e0006-5f68-11f1-b1d0-bb70a4640075&playId=3534,4,2,4,06:43,55.0,False,False,4400,27,7,-1.3259073824156076,11,1,2,2,5,11,3,4,4,DJ Uiagalelei,Josh Kaltenberger,Dalevon Campbell,Travis Burke,Logan Taylor,Alex Harkey,Gregory Desrosiers,Devonte Ross,Jacob Spomer,Evan Svoboda,Johnny Pascuzzi,Dominique Robinson,Marte Mapu,Ali Gaye,Kaevon Merriweather,Jamal Hill,Brandon Codrington,Kyonte Hamilton,Alijah Huzzie,K.C. Ossai,Dominic Bailey,Stephen Hall
2026006,1,3561,PASS,(6:01) (Shotgun) D.Uiagalelei pass incomplete short right to J.Jackson.,https://pro.nfl.com/api/plays/summaryPlay?gameId=c66e0006-5f68-11f1-b1d0-bb70a4640075&playId=3561,4,3,7,06:01,58.0,False,False,4400,27,7,-1.666783528868109,11,1,0,4,5,11,3,4,4,JaQuae Jackson,DJ Uiagalelei,Josh Kaltenberger,Dalevon Campbell,Travis Burke,Logan Taylor,Alex Harkey,Jerand Bradley,Gregory Desrosiers,Devonte Ross,Jacob Spomer,Dominique Robinson,Marte Mapu,Ali Gaye,Kaevon Merriweather,Jamal Hill,Brandon Codrington,Kyonte Hamilton,Alijah Huzzie,K.C. Ossai,Dominic Bailey,Stephen Hall
2026006,1,3584,PUNT,"(5:57) J.Scott punts 43 yards to HST 15, Center-P.Bowden. T.Saunders to HST 15 for no gain (G.Desrosiers).",https://pro.nfl.com/api/plays/summaryPlay?gameId=c66e0006-5f68-11f1-b1d0-bb70a4640075&playId=3584,4,4,7,05:57,58.0,False,False,4400,27,7,0.13210933888331056,11,3,1,0,0,11,1,2,3,J.K. Scott,Jaret Patterson,Andre Carter II,Peter Bowden,Amar Johnson,Eric Rogers,Garmon Randolph,Lander Barton,Gregory Desrosiers,Devin Grant,Johnny Pascuzzi,Cade Stover,Solomon Byrd,Brandon Codrington,Jaylen Reed,Josh Kelly,Alijah Huzzie,K.C. Ossai,Aiden Fisher,Treyvhon Saunders,Daniel Sobkowicz,Noah Whittington
2026006,1,3622,TIMEOUT,Timeout at 05:48.,https://pro.nfl.com/api/plays/summaryPlay?gameId=c66e0006-5f68-11f1-b1d0-bb70a4640075&playId=3622,4,0,0,05:48,,False,,4400,27,7,,0,0,0,0,0,0,0,0,0,,,,,,,,,,,,,,,,,,,,,,
2026006,1,3610,RUSH,(5:48) J.Pitsenberger left guard to HST 13 for -2 yards (J.Carter).,https://pro.nfl.com/api/plays/summaryPlay?gameId=c66e0006-5f68-11f1-b1d0-bb70a4640075&playId=3610,4,1,10,05:48,85.0,False,False,2120,7,27,-0.8339305822737515,11,1,2,2,5,11,3,4,4,Juwann Winfree,Davis Mills,Jarrett Patterson,Cade Stover,Jarrett Kingston,Eli Cox,Layne Pryor,Sam Hagen,James Neal III,Joshua Pitsenberger,Treyvhon Saunders,Andre Carter II,Emany Johnson,Isas Waxter,Eric Rogers,Garmon Randolph,Myles Purchase,Lander Barton,Jahmeer Carter,Devin Grant,Jacobian Guillory,Terry Webb
2026006,1,3639,RUSH,(5:10) T.Saunders right end to HST 22 for 9 yards (D.Grant; E.Rogers).,https://pro.nfl.com/api/plays/summaryPlay?gameId=c66e0006-5f68-11f1-b1d0-bb70a4640075&playId=3639,4,2,12,05:10,87.0,False,False,2120,7,27,0.38408015202730894,11,1,1,3,5,11,2,4,5,Juwann Winfree,Davis Mills,Jarrett Patterson,Jha'Quan Jackson,Jarrett Kingston,Eli Cox,Layne Pryor,Sam Hagen,James Neal III,Joshua Pitsenberger,Treyvhon Saunders,Andre Carter II,Emany Johnson,Isas Waxter,Eric Rogers,Garmon Randolph,Myles Purchase,Lander Barton,Jahmeer Carter,Devin Grant,Avery Smith,Terry Webb
2026006,1,3661,PASS,(4:32) (Shotgun) D.Mills pass incomplete short left to T.Saunders (A.Carter).,https://pro.nfl.com/api/plays/summaryPlay?gameId=c66e0006-5f68-11f1-b1d0-bb70a4640075&playId=3661,4,3,3,04:32,78.0,False,False,2120,7,27,-1.1428001075983047,11,1,1,3,5,11,2,4,5,Juwann Winfree,Davis Mills,Jarrett Patterson,Cade Stover,Jha'Quan Jackson,Jarrett Kingston,Eli Cox,Sam Hagen,James Neal III,Joshua Pitsenberger,Treyvhon Saunders,Andre Carter II,Emany Johnson,Isas Waxter,TeRah Edwards,Eric Rogers,Garmon Randolph,Myles Purchase,Lander Barton,Devin Grant,Avery Smith,Terry Webb
2026006,1,3684,PUNT,"(4:27) K.Kroeger punts 51 yards to LAC 27, Center-A.Brinkman. D.Ross to LAC 31 for 4 yards (D.Sobkowicz).",https://pro.nfl.com/api/plays/summaryPlay?gameId=c66e0006-5f68-11f1-b1d0-bb70a4640075&playId=3684,4,4,3,04:27,78.0,False,False,2120,7,27,-0.49810806126333773,11,1,1,2,0,11,1,1,4,Owen Wright,Ali Gaye,Jamal Hill,Jaylen Reed,Josh Kelly,Austin Brinkman,Kai Kroeger,K.C. Ossai,Layne Pryor,Aiden Fisher,Daniel Sobkowicz,Amar Johnson,Eric Rogers,Myles Purchase,Lander Barton,Gregory Desrosiers,Devin Grant,Devonte Ross,Avery Smith,Evan Svoboda,Nadame Tucker,Johnny Pascuzzi
2026006,1,3711,RUSH,(4:17) G.Desrosiers left tackle to LAC 32 for 1 yard (K.Hamilton; S.Byrd).,https://pro.nfl.com/api/plays/summaryPlay?gameId=c66e0006-5f68-11f1-b1d0-bb70a4640075&playId=3711,4,1,10,04:17,69.0,False,False,4400,27,7,-0.4219106074888259,11,1,0,4,5,11,4,3,4,JaQuae Jackson,DJ Uiagalelei,Josh Kaltenberger,Dalevon Campbell,Travis Burke,Logan Taylor,Alex Harkey,Jerand Bradley,Gregory Desrosiers,Devonte Ross,Jacob Spomer,Naquan Jones,Dominique Robinson,Marte Mapu,Kaevon Merriweather,Jamal Hill,Solomon Byrd,Brandon Codrington,Kyonte Hamilton,Alijah Huzzie,K.C. Ossai,Stephen Hall
2026006,1,3733,RUSH,(3:36) G.Desrosiers right guard to LAC 33 for 1 yard (K.Ossai; K.Hamilton).,https://pro.nfl.com/api/plays/summaryPlay?gameId=c66e0006-5f68-11f1-b1d0-bb70a4640075&playId=3733,4,2,9,03:36,68.0,False,False,4400,27,7,-0.5385486730374396,11,1,2,2,5,11,4,3,4,DJ Uiagalelei,Josh Kaltenberger,Dalevon Campbell,Travis Burke,Logan Taylor,Alex Harkey,Gregory Desrosiers,Devonte Ross,Jacob Spomer,Evan Svoboda,Johnny Pascuzzi,Naquan Jones,Dominique Robinson,Marte Mapu,Kaevon Merriweather,Jamal Hill,Solomon Byrd,Brandon Codrington,Kyonte Hamilton,Alijah Huzzie,K.C. Ossai,Stephen Hall
2026006,1,3768,TIMEOUT,Timeout #1 by LAC at 02:50.,https://pro.nfl.com/api/plays/summaryPlay?gameId=c66e0006-5f68-11f1-b1d0-bb70a4640075&playId=3768,4,0,0,02:50,,False,,4400,27,7,,0,0,0,0,0,0,0,0,0,,,,,,,,,,,,,,,,,,,,,,
2026006,1,3756,PASS,"(2:50) (Shotgun) D.Uiagalelei pass short right to D.Campbell to HST 35 for 32 yards (B.Codrington). FUMBLES (B.Codrington), RECOVERED by HST-A.Huzzie at HST 27. A.Huzzie to HST 32 for 5 yards (D.Campbell).",https://pro.nfl.com/api/plays/summaryPlay?gameId=c66e0006-5f68-11f1-b1d0-bb70a4640075&playId=3756,4,3,8,02:50,67.0,False,False,4400,27,7,-0.9230455871438608,11,1,2,2,5,11,4,3,4,DJ Uiagalelei,Josh Kaltenberger,Dalevon Campbell,Travis Burke,Logan Taylor,Alex Harkey,Gregory Desrosiers,Devonte Ross,Jacob Spomer,Evan Svoboda,Johnny Pascuzzi,Dominique Robinson,Marte Mapu,Kaevon Merriweather,Jamal Hill,Solomon Byrd,Brandon Codrington,Kyonte Hamilton,Alijah Huzzie,K.C. Ossai,Dominic Bailey,Stephen Hall
2026006,1,3804,RUSH,(2:31) (Shotgun) J.Pitsenberger up the middle to HST 37 for 5 yards (D.Grant).,https://pro.nfl.com/api/plays/summaryPlay?gameId=c66e0006-5f68-11f1-b1d0-bb70a4640075&playId=3804,4,1,10,02:31,68.0,False,False,2120,7,27,0.0,11,1,1,3,5,11,3,3,5,Davis Mills,Jarrett Patterson,Jha'Quan Jackson,Jarrett Kingston,Eli Cox,Layne Pryor,Sam Hagen,James Neal III,Joshua Pitsenberger,Treyvhon Saunders,Daniel Sobkowicz,Emany Johnson,Kyle Kennard,Isas Waxter,Eric Rogers,Myles Purchase,Lander Barton,Jahmeer Carter,Devin Grant,Jacobian Guillory,Avery Smith,Nadame Tucker
2026006,1,3838,TIMEOUT,Two-Minute Warning,https://pro.nfl.com/api/plays/summaryPlay?gameId=c66e0006-5f68-11f1-b1d0-bb70a4640075&playId=3838,4,0,0,02:00,,False,,4400,27,7,,0,0,0,0,0,0,0,0,0,,,,,,,,,,,,,,,,,,,,,,
2026006,1,3826,RUSH,(2:00) N.Whittington right guard to HST 40 for 3 yards (A.Smith; K.Kennard).,https://pro.nfl.com/api/plays/summaryPlay?gameId=c66e0006-5f68-11f1-b1d0-bb70a4640075&playId=3826,4,2,5,02:00,63.0,False,False,2120,7,27,0.0,11,1,1,3,5,11,3,3,5,Davis Mills,Jarrett Patterson,Jha'Quan Jackson,Jarrett Kingston,Eli Cox,Layne Pryor,Sam Hagen,James Neal III,Treyvhon Saunders,Daniel Sobkowicz,Noah Whittington,Emany Johnson,Kyle Kennard,Isas Waxter,Eric Rogers,Myles Purchase,Lander Barton,Jahmeer Carter,Devin Grant,Jacobian Guillory,Avery Smith,Nadame Tucker
2026006,1,3855,RUSH,(1:20) N.Whittington right guard to HST 42 for 2 yards (T.Webb).,https://pro.nfl.com/api/plays/summaryPlay?gameId=c66e0006-5f68-11f1-b1d0-bb70a4640075&playId=3855,4,3,2,01:20,60.0,False,False,2120,7,27,1.339972019661218,11,1,1,3,5,11,3,3,5,Juwann Winfree,Davis Mills,Jarrett Patterson,Jha'Quan Jackson,Jarrett Kingston,Eli Cox,Layne Pryor,Sam Hagen,James Neal III,Treyvhon Saunders,Noah Whittington,Emany Johnson,Kyle Kennard,Isas Waxter,Eric Rogers,Myles Purchase,Nick Barrett,Lander Barton,Devin Grant,Avery Smith,Nadame Tucker,Terry Webb
2026006,1,3877,RUSH,(:37) N.Whittington left end to HST 42 for no gain (E.Rogers).,https://pro.nfl.com/api/plays/summaryPlay?gameId=c66e0006-5f68-11f1-b1d0-bb70a4640075&playId=3877,4,1,10,00:37,58.0,False,False,2120,7,27,-1.6338575867703184,11,1,1,3,5,11,3,3,5,Juwann Winfree,Davis Mills,Jarrett Patterson,Jha'Quan Jackson,Jarrett Kingston,Eli Cox,Layne Pryor,Sam Hagen,James Neal III,Treyvhon Saunders,Noah Whittington,Emany Johnson,Kyle Kennard,Isas Waxter,Eric Rogers,Myles Purchase,Nick Barrett,Lander Barton,Devin Grant,Avery Smith,Nadame Tucker,Terry Webb
2026006,1,3899,END_GAME,END GAME,https://pro.nfl.com/api/plays/summaryPlay?gameId=c66e0006-5f68-11f1-b1d0-bb70a4640075&playId=3899,4,0,0,00:00,,False,,4400,27,7,,0,0,0,0,0,0,0,0,0,,,,,,,,,,,,,,,,,,,,,,
2026007,1,1,GAME_START,GAME,https://pro.nfl.com/api/plays/summaryPlay?gameId=c66e0345-5f68-11f1-b1d0-bb70a4640075&playId=1,1,0,0,,,False,,2100,0,0,,0,0,0,0,0,0,0,0,0,,,,,,,,,,,,,,,,,,,,,,
2026007,1,42,KICK_OFF,J.Slye kicks 58 yards from TEN 35 to SF 7. S.McCormick to SF 34 for 27 yards (M.Kinsey; Ja.Williams).,https://pro.nfl.com/api/plays/summaryPlay?gameId=c66e0345-5f68-11f1-b1d0-bb70a4640075&playId=42,1,0,0,15:00,65.0,False,False,2100,0,0,-0.41090526175685227,11,1,1,2,0,11,0,3,4,Joey Slye,Mason Kinsey,Julius Chestnut,Kendell Brooks,James Williams,Jaylen Harrell,David Martin-Robinson,Kevin Winston Jr.,Marcus Harris,Dorian Mausi,Xavier Restrepo,Siran Neal,Malik Turner,Ashtyn Davis,Sincere McCormick,Darrell Luter Jr.,Brayden Willis,Jalen Graham,Patrick McMorris,Tatum Bethune,Jordan Watkins,Jaden Dugger
2026007,1,65,PASS,(14:55) (Shotgun) K.Rourke pass short left to D.Stribling to SF 40 for 6 yards (A.Taylor).,https://pro.nfl.com/api/plays/summaryPlay?gameId=c66e0345-5f68-11f1-b1d0-bb70a4640075&playId=65,1,1,10,14:55,66.0,False,False,4500,0,0,0.306664205621928,11,1,1,3,5,11,2,4,5,Brandon Parker,Malik Turner,Austen Pleasants,Patrick Taylor,Robert Jones,Brayden Willis,Drake Nugent,Jordan Watkins,Kurtis Rourke,Connor Colby,De'Zhaun Stribling,Solomon Thomas,Jeffery Simmons,Cody Barton,Amani Hooker,Jermaine Johnson II,Alontae Taylor,Cordale Flott,Cedric Gray,Kevin Winston Jr.,Marcus Harris,Keldric Faulk
2026007,1,90,RUSH,(14:29) K.Rourke scrambles right end to SF 45 for 5 yards (K.Faulk).,https://pro.nfl.com/api/plays/summaryPlay?gameId=c66e0345-5f68-11f1-b1d0-bb70a4640075&playId=90,1,2,4,14:29,60.0,False,False,4500,0,0,0.5746928721200675,11,1,1,3,5,11,2,4,5,Brandon Parker,Malik Turner,Austen Pleasants,Patrick Taylor,Robert Jones,Brayden Willis,Drake Nugent,Jordan Watkins,Kurtis Rourke,Connor Colby,De'Zhaun Stribling,Solomon Thomas,Jeffery Simmons,Cody Barton,Amani Hooker,Jermaine Johnson II,Alontae Taylor,Cordale Flott,Cedric Gray,Kevin Winston Jr.,Marcus Harris,Keldric Faulk
2026007,1,121,RUSH,(13:54) P.Taylor left end to SF 41 for -4 yards (C.Barton).,https://pro.nfl.com/api/plays/summaryPlay?gameId=c66e0345-5f68-11f1-b1d0-bb70a4640075&playId=121,1,1,10,13:54,55.0,False,False,4500,0,0,-1.1710469825193286,11,1,1,3,5,11,2,4,5,Brandon Parker,Malik Turner,Austen Pleasants,Patrick Taylor,Robert Jones,Brayden Willis,Drake Nugent,Jordan Watkins,Kurtis Rourke,Connor Colby,De'Zhaun Stribling,Solomon Thomas,Jeffery Simmons,Cody Barton,Amani Hooker,Jermaine Johnson II,Alontae Taylor,Cordale Flott,Cedric Gray,Kevin Winston Jr.,Marcus Harris,Keldric Faulk
2026007,1,143,PASS,(13:19) (Shotgun) K.Rourke pass short right to M.Turner to TEN 49 for 10 yards (C.Flott).,https://pro.nfl.com/api/plays/summaryPlay?gameId=c66e0345-5f68-11f1-b1d0-bb70a4640075&playId=143,1,2,14,13:19,59.0,False,False,4500,0,0,0.4596155078615993,11,1,1,3,5,11,2,4,5,Brandon Parker,Malik Turner,Austen Pleasants,Patrick Taylor,Robert Jones,Brayden Willis,Drake Nugent,Jordan Watkins,Kurtis Rourke,Connor Colby,De'Zhaun Stribling,Solomon Thomas,Jeffery Simmons,Cody Barton,Amani Hooker,Jermaine Johnson II,Alontae Taylor,Cordale Flott,Cedric Gray,Kevin Winston Jr.,Marcus Harris,Keldric Faulk
2026007,1,168,PASS,(12:41) (Shotgun) K.Rourke pass incomplete short left to D.Stribling.,https://pro.nfl.com/api/plays/summaryPlay?gameId=c66e0345-5f68-11f1-b1d0-bb70a4640075&playId=168,1,3,4,12:41,49.0,False,False,4500,0,0,-1.9627179035451263,11,1,1,3,5,11,2,4,5,Brandon Parker,Malik Turner,Austen Pleasants,Patrick Taylor,Robert Jones,Brayden Willis,Drake Nugent,Jordan Watkins,Kurtis Rourke,Connor Colby,De'Zhaun Stribling,Solomon Thomas,Jeffery Simmons,Cody Barton,Amani Hooker,Jermaine Johnson II,Alontae Taylor,Cordale Flott,Cedric Gray,Kevin Winston Jr.,Marcus Harris,Keldric Faulk
2026007,1,191,RUSH,"(12:38) (Shotgun) K.Rourke scrambles up the middle to TEN 43 for 6 yards (C.Gray).
PENALTY on TEN-A.Taylor, Defensive Holding, 5 yards, enforced at TEN 43.",https://pro.nfl.com/api/plays/summaryPlay?gameId=c66e0345-5f68-11f1-b1d0-bb70a4640075&playId=191,1,4,4,12:38,49.0,False,False,4500,0,0,3.701211307197809,11,1,1,3,5,11,2,4,5,Brandon Parker,KhaDarel Hodge,Austen Pleasants,Patrick Taylor,Robert Jones,Brayden Willis,Drake Nugent,Jordan Watkins,Kurtis Rourke,Connor Colby,De'Zhaun Stribling,Solomon Thomas,Jeffery Simmons,Cody Barton,Amani Hooker,Jermaine Johnson II,Alontae Taylor,Cordale Flott,Cedric Gray,Kevin Winston Jr.,Marcus Harris,Keldric Faulk
2026007,1,224,PASS,(12:11) (Shotgun) K.Rourke pass short middle to D.Stribling to TEN 43 for -5 yards (O.Oladejo).,https://pro.nfl.com/api/plays/summaryPlay?gameId=c66e0345-5f68-11f1-b1d0-bb70a4640075&playId=224,1,1,10,12:11,38.0,False,False,4500,0,0,-1.483256237115711,11,1,1,3,5,11,3,3,5,Brandon Parker,KhaDarel Hodge,Austen Pleasants,Robert Jones,Sincere McCormick,Brayden Willis,Drake Nugent,Jordan Watkins,Kurtis Rourke,Connor Colby,De'Zhaun Stribling,Jalyn Holmes,Cody Barton,Amani Hooker,Jordan Elliott,Malik Herring,Alontae Taylor,Cordale Flott,Cedric Gray,Oluwafemi Oladejo,Kevin Winston Jr.,Marcus Harris
2026007,1,248,RUSH,(11:32) S.McCormick up the middle to TEN 39 for 4 yards (C.Barton).,https://pro.nfl.com/api/plays/summaryPlay?gameId=c66e0345-5f68-11f1-b1d0-bb70a4640075&playId=248,1,2,15,11:32,43.0,False,False,4500,0,0,-0.7092919703572989,11,1,2,2,5,11,3,3,5,Brandon Parker,KhaDarel Hodge,Trenton Irwin,Austen Pleasants,Robert Jones,Sincere McCormick,Brayden Willis,Hayden Rucci,Drake Nugent,Kurtis Rourke,Connor Colby,Jalyn Holmes,Cody Barton,Amani Hooker,Jordan Elliott,Malik Herring,Alontae Taylor,Cordale Flott,Cedric Gray,Oluwafemi Oladejo,Kevin Winston Jr.,Marcus Harris
2026007,1,278,PENALTY,"(10:50) (Shotgun) K.Rourke pass deep left to J.Watkins to TEN 18 for 21 yards (A.Taylor; K.Winston).
PENALTY on SF-R.Jones, Offensive Holding, 10 yards, enforced at TEN 39 - No Play.",https://pro.nfl.com/api/plays/summaryPlay?gameId=c66e0345-5f68-11f1-b1d0-bb70a4640075&playId=278,1,3,11,10:50,39.0,False,False,4500,0,0,-0.5587048039305955,11,1,1,3,5,11,2,4,5,Brandon Parker,Malik Turner,Austen Pleasants,Patrick Taylor,Robert Jones,Brayden Willis,Drake Nugent,Jordan Watkins,Kurtis Rourke,Connor Colby,De'Zhaun Stribling,Jalyn Holmes,Jeffery Simmons,Cody Barton,Amani Hooker,Jermaine Johnson II,Alontae Taylor,Cordale Flott,Cedric Gray,Oluwafemi Oladejo,Kevin Winston Jr.,Marcus Harris
2026007,1,314,PASS,(10:32) (Shotgun) K.Rourke pass short right to P.Taylor pushed ob at TEN 42 for 7 yards (C.Gray; A.Hooker).,https://pro.nfl.com/api/plays/summaryPlay?gameId=c66e0345-5f68-11f1-b1d0-bb70a4640075&playId=314,1,3,21,10:32,49.0,False,False,4500,0,0,-1.49200733541511,11,1,1,3,5,11,2,4,5,Brandon Parker,Malik Turner,Austen Pleasants,Patrick Taylor,Robert Jones,Brayden Willis,Drake Nugent,Jordan Watkins,Kurtis Rourke,Connor Colby,De'Zhaun Stribling,Solomon Thomas,Jeffery Simmons,Cody Barton,Amani Hooker,Jermaine Johnson II,Alontae Taylor,Cordale Flott,Cedric Gray,Oluwafemi Oladejo,Kevin Winston Jr.,Marcus Harris
2026007,1,344,PUNT,"(9:59) C.Waitman punts 37 yards to TEN 5, Center-J.Weeks, fair catch by C.Dike.",https://pro.nfl.com/api/plays/summaryPlay?gameId=c66e0345-5f68-11f1-b1d0-bb70a4640075&playId=344,1,4,14,09:59,42.0,False,False,4500,0,0,0.3710854332894087,11,1,1,0,0,11,0,3,3,Jon Weeks,Siran Neal,Ashtyn Davis,Corliss Waitman,Patrick Taylor,Brayden Willis,Jalen Graham,Tatum Bethune,Ephesians Prysock,Jaden Dugger,Larry Worth,Mason Kinsey,Kylen Granson,Julius Chestnut,Jerrick Reed II,Truman Jones,Kendell Brooks,Joel Wilson,James Williams,Chimere Dike,Micah Robinson,Anthony Hill Jr.
2026007,1,376,TIMEOUT,Timeout at 09:52.,https://pro.nfl.com/api/plays/summaryPlay?gameId=c66e0345-5f68-11f1-b1d0-bb70a4640075&playId=376,1,0,0,09:52,,False,,2100,0,0,,0,0,0,0,0,0,0,0,0,,,,,,,,,,,,,,,,,,,,,,
2026007,1,364,RUSH,"(9:52) T.Pollard up the middle to TEN 17 for 12 yards (S.Valdez).
PENALTY on SF-R.Height, Illegal Use of Hands, 5 yards, enforced at TEN 17.",https://pro.nfl.com/api/plays/summaryPlay?gameId=c66e0345-5f68-11f1-b1d0-bb70a4640075&playId=364,1,1,10,09:52,95.0,False,False,2100,0,0,1.010606695432216,11,1,1,3,5,11,3,3,5,Calvin Ridley,Austin Schlottmann,Tony Pollard,Dan Moore Jr.,Wan'Dale Robinson,Peter Skoronski,JC Latham,Cam Ward,Gunnar Helm,Elic Ayomanor,Fernando Carmona,Ogbo Okoronkwo,Ashtyn Davis,Garret Wallow,Jack Jones,Darrell Luter Jr.,Alfred Collins,Marques Sigle,Jakob Robinson,Sebastian Valdez,Romello Height,Jaden Dugger
2026007,1,404,RUSH,(9:27) C.Ward scrambles right end to TEN 24 for 2 yards (J.Dugger).,https://pro.nfl.com/api/plays/summaryPlay?gameId=c66e0345-5f68-11f1-b1d0-bb70a4640075&playId=404,1,1,10,09:27,78.0,False,False,2100,0,0,-0.542217796202749,11,1,2,2,5,11,3,4,4,Calvin Ridley,Austin Schlottmann,Tony Pollard,Dan Moore Jr.,Daniel Bellinger,Peter Skoronski,JC Latham,Cam Ward,Gunnar Helm,Carnell Tate,Fernando Carmona,Ogbo Okoronkwo,Ashtyn Davis,Garret Wallow,Jack Jones,Darrell Luter Jr.,Alfred Collins,Nick Martin,Marques Sigle,Sebastian Valdez,Romello Height,Jaden Dugger
2026007,1,426,RUSH,(8:46) (Shotgun) T.Pollard up the middle to TEN 29 for 5 yards (N.Martin).,https://pro.nfl.com/api/plays/summaryPlay?gameId=c66e0345-5f68-11f1-b1d0-bb70a4640075&playId=426,1,2,8,08:46,76.0,False,False,2100,0,0,0.12559189088642597,11,1,1,3,5,11,3,4,4,Calvin Ridley,Austin Schlottmann,Tony Pollard,Dan Moore Jr.,Wan'Dale Robinson,Daniel Bellinger,Peter Skoronski,JC Latham,Cam Ward,Carnell Tate,Fernando Carmona,Ogbo Okoronkwo,Ashtyn Davis,Garret Wallow,Jack Jones,Darrell Luter Jr.,Alfred Collins,Nick Martin,Marques Sigle,Sebastian Valdez,Romello Height,Jaden Dugger
2026007,1,448,PASS,(8:07) (Shotgun) C.Ward pass short right to C.Ridley pushed ob at TEN 47 for 18 yards (G.Wallow).,https://pro.nfl.com/api/plays/summaryPlay?gameId=c66e0345-5f68-11f1-b1d0-bb70a4640075&playId=448,1,3,3,08:07,71.0,False,False,2100,0,0,2.1348919845186174,11,1,1,3,5,11,3,3,5,Calvin Ridley,Austin Schlottmann,Tony Pollard,Dan Moore Jr.,Wan'Dale Robinson,Daniel Bellinger,Peter Skoronski,JC Latham,Cam Ward,Carnell Tate,Fernando Carmona,Ogbo Okoronkwo,Ashtyn Davis,Garret Wallow,Jack Jones,Darrell Luter Jr.,Alfred Collins,Marques Sigle,Jakob Robinson,Sebastian Valdez,Romello Height,Jaden Dugger
2026007,1,478,RUSH,(7:34) T.Pollard up the middle to TEN 47 for no gain (G.Halton; R.Height).,https://pro.nfl.com/api/plays/summaryPlay?gameId=c66e0345-5f68-11f1-b1d0-bb70a4640075&playId=478,1,1,10,07:34,53.0,False,False,2100,0,0,-0.4887313467916101,11,1,2,2,5,11,3,4,4,Calvin Ridley,Austin Schlottmann,Tony Pollard,Dan Moore Jr.,Daniel Bellinger,Peter Skoronski,JC Latham,Cam Ward,Gunnar Helm,Carnell Tate,Fernando Carmona,Ogbo Okoronkwo,Ashtyn Davis,Garret Wallow,Jack Jones,Darrell Luter Jr.,Nick Martin,Marques Sigle,Romello Height,Gracen Halton,Jaden Dugger,Bryson Eason
2026007,1,500,PASS,(6:57) (Shotgun) C.Ward pass incomplete short left to W.Robinson.,https://pro.nfl.com/api/plays/summaryPlay?gameId=c66e0345-5f68-11f1-b1d0-bb70a4640075&playId=500,1,2,10,06:57,53.0,False,False,2100,0,0,-0.9630874777212739,11,1,1,3,5,11,4,2,5,Calvin Ridley,Austin Schlottmann,Dan Moore Jr.,Wan'Dale Robinson,Peter Skoronski,Tyjae Spears,JC Latham,Cam Ward,Gunnar Helm,Carnell Tate,Fernando Carmona,Ashtyn Davis,Garret Wallow,Jack Jones,Darrell Luter Jr.,Titus Leo,Marques Sigle,Jakob Robinson,Romello Height,Gracen Halton,Jaden Dugger,Bryson Eason
2026007,1,523,PASS,(6:55) (Shotgun) C.Ward pass short right to G.Helm to SF 37 for 16 yards (M.Sigle).,https://pro.nfl.com/api/plays/summaryPlay?gameId=c66e0345-5f68-11f1-b1d0-bb70a4640075&playId=523,1,3,10,06:55,53.0,False,False,2100,0,0,2.4139645707327873,11,1,1,3,5,11,4,2,5,Calvin Ridley,Austin Schlottmann,Dan Moore Jr.,Wan'Dale Robinson,Peter Skoronski,Tyjae Spears,JC Latham,Cam Ward,Gunnar Helm,Carnell Tate,Fernando Carmona,Ashtyn Davis,Garret Wallow,Jack Jones,Darrell Luter Jr.,Titus Leo,Marques Sigle,Jakob Robinson,Romello Height,Gracen Halton,Jaden Dugger,James Thompson Jr.
2026007,1,548,RUSH,(6:15) T.Spears up the middle to SF 12 for 25 yards (A.Davis).,https://pro.nfl.com/api/plays/summaryPlay?gameId=c66e0345-5f68-11f1-b1d0-bb70a4640075&playId=548,1,1,10,06:15,37.0,False,False,2100,0,0,1.378160249441862,11,1,2,2,5,11,3,4,4,Austin Schlottmann,Dan Moore Jr.,Daniel Bellinger,Peter Skoronski,Tyjae Spears,JC Latham,Cam Ward,Gunnar Helm,Elic Ayomanor,Carnell Tate,Fernando Carmona,Quinton Bell,Ashtyn Davis,Garret Wallow,Jack Jones,Darrell Luter Jr.,Titus Leo,Nick Martin,Marques Sigle,Gracen Halton,Jaden Dugger,James Thompson Jr.
2026007,1,570,RUSH,(5:30) (Shotgun) T.Spears up the middle to SF 5 for 7 yards (J.Thompson; A.Davis).,https://pro.nfl.com/api/plays/summaryPlay?gameId=c66e0345-5f68-11f1-b1d0-bb70a4640075&playId=570,1,1,10,05:30,12.0,False,True,2100,0,0,0.39228191727306694,11,1,1,3,5,11,3,3,5,Austin Schlottmann,Dan Moore Jr.,Wan'Dale Robinson,Peter Skoronski,Tyjae Spears,JC Latham,Cam Ward,Gunnar Helm,Elic Ayomanor,Carnell Tate,Fernando Carmona,Quinton Bell,Ashtyn Davis,Garret Wallow,Darrell Luter Jr.,Titus Leo,Alfred Collins,Marques Sigle,Jakob Robinson,Ephesians Prysock,Jaden Dugger,James Thompson Jr.
2026007,1,592,PASS,(4:49) (Shotgun) C.Ward pass incomplete short right to C.Tate (E.Prysock).,https://pro.nfl.com/api/plays/summaryPlay?gameId=c66e0345-5f68-11f1-b1d0-bb70a4640075&playId=592,1,2,3,04:49,5.0,False,True,2100,0,0,-0.8026511358330026,11,1,1,3,5,11,3,4,4,Austin Schlottmann,Dan Moore Jr.,Wan'Dale Robinson,Daniel Bellinger,Peter Skoronski,Tyjae Spears,JC Latham,Cam Ward,Elic Ayomanor,Carnell Tate,Fernando Carmona,Quinton Bell,Ashtyn Davis,Garret Wallow,Darrell Luter Jr.,Titus Leo,Alfred Collins,Nick Martin,Marques Sigle,Ephesians Prysock,Jaden Dugger,James Thompson Jr.
2026007,1,615,RUSH,"(4:46) T.Pollard up the middle for 5 yards, TOUCHDOWN.",https://pro.nfl.com/api/plays/summaryPlay?gameId=c66e0345-5f68-11f1-b1d0-bb70a4640075&playId=615,1,3,3,04:46,5.0,False,True,2100,0,0,2.2475399600807577,11,1,1,3,5,11,2,5,4,Austin Schlottmann,Tony Pollard,Dan Moore Jr.,Wan'Dale Robinson,Daniel Bellinger,Peter Skoronski,JC Latham,Cam Ward,Elic Ayomanor,Carnell Tate,Fernando Carmona,Ogbo Okoronkwo,Quinton Bell,Ashtyn Davis,Garret Wallow,Darrell Luter Jr.,Alfred Collins,Nick Martin,Marques Sigle,Ephesians Prysock,Jaden Dugger,James Thompson Jr.
2026007,1,633,XP_KICK,"J.Slye extra point is GOOD, Center-M.Cox, Holder-T.Townsend.",https://pro.nfl.com/api/plays/summaryPlay?gameId=c66e0345-5f68-11f1-b1d0-bb70a4640075&playId=633,1,0,0,04:42,15.0,False,False,2100,6,0,0.06888505002846201,11,0,2,0,6,11,2,5,4,Morgan Cox,Joey Slye,Tommy Townsend,Cordell Volson,Austin Deculus,Peter Skoronski,David Martin-Robinson,Gunnar Helm,Jackson Slater,Brandon Crenshaw-Dickson,Drew Moss,Ogbo Okoronkwo,Quinton Bell,Ashtyn Davis,Garret Wallow,Darrell Luter Jr.,Alfred Collins,Nick Martin,Marques Sigle,Ephesians Prysock,Jaden Dugger,James Thompson Jr.
2026007,1,658,TIMEOUT,Timeout at 04:42.,https://pro.nfl.com/api/plays/summaryPlay?gameId=c66e0345-5f68-11f1-b1d0-bb70a4640075&playId=658,1,0,0,04:42,,False,,2100,7,0,,0,0,0,0,0,0,0,0,0,,,,,,,,,,,,,,,,,,,,,,
2026007,1,648,KICK_OFF,"J.Slye kicks 60 yards from TEN 35 to SF 5, out of bounds.
PENALTY on TEN-J.Slye, Kickoff Out of Bounds, placed at SF 40.",https://pro.nfl.com/api/plays/summaryPlay?gameId=c66e0345-5f68-11f1-b1d0-bb70a4640075&playId=648,1,0,0,04:42,65.0,False,False,2100,7,0,-0.8550550281070173,11,0,2,2,0,11,0,4,2,Joey Slye,K.J. Osborn,Mason Kinsey,Jerrick Reed II,Erick Hallett,Joel Wilson,Dominique Hampton,Derrick Canteen,Jaren Kanak,Sean Brown,Jalen McMurray,Siran Neal,KhaDarel Hodge,Malik Turner,Sincere McCormick,Brayden Willis,Jalen Graham,Patrick McMorris,Tatum Bethune,Nick Martin,Jordan Watkins,Jaden Dugger
2026007,1,682,PASS,(4:42) K.Rourke pass short right to D.Stribling to 50 for 10 yards (C.Flott).,https://pro.nfl.com/api/plays/summaryPlay?gameId=c66e0345-5f68-11f1-b1d0-bb70a4640075&playId=682,1,1,10,04:42,60.0,False,False,4500,0,7,0.7121135764755309,11,1,2,2,5,11,3,3,5,Brandon Parker,Malik Turner,Austen Pleasants,Patrick Taylor,Robert Jones,Brayden Willis,Hayden Rucci,Drake Nugent,Kurtis Rourke,Connor Colby,De'Zhaun Stribling,Jalyn Holmes,Jeffery Simmons,Cody Barton,Amani Hooker,Jordan Elliott,Jermaine Johnson II,Alontae Taylor,Cordale Flott,Cedric Gray,Kevin Winston Jr.,Marcus Harris
2026007,1,707,RUSH,(4:12) P.Taylor right tackle to SF 48 for -2 yards (M.Herring).,https://pro.nfl.com/api/plays/summaryPlay?gameId=c66e0345-5f68-11f1-b1d0-bb70a4640075&playId=707,1,1,10,04:12,50.0,False,False,4500,0,7,-0.9323147947434336,11,1,2,2,5,11,3,3,5,Brandon Parker,Malik Turner,Austen Pleasants,Patrick Taylor,Robert Jones,Brayden Willis,Hayden Rucci,Drake Nugent,Kurtis Rourke,Connor Colby,De'Zhaun Stribling,Jeffery Simmons,Cody Barton,Amani Hooker,Jordan Elliott,Malik Herring,Jermaine Johnson II,Alontae Taylor,Cordale Flott,Cedric Gray,Kevin Winston Jr.,Marcus Harris
2026007,1,729,PASS,(3:32) (Shotgun) K.Rourke pass short right to P.Taylor pushed ob at TEN 46 for 6 yards (C.Gray).,https://pro.nfl.com/api/plays/summaryPlay?gameId=c66e0345-5f68-11f1-b1d0-bb70a4640075&playId=729,1,2,12,03:32,52.0,False,False,4500,0,7,-0.24963699164800346,11,1,2,2,5,11,3,3,5,Brandon Parker,Malik Turner,Austen Pleasants,Patrick Taylor,Robert Jones,Brayden Willis,Hayden Rucci,Drake Nugent,Kurtis Rourke,Connor Colby,De'Zhaun Stribling,Jeffery Simmons,Cody Barton,Amani Hooker,Jordan Elliott,Malik Herring,Jermaine Johnson II,Alontae Taylor,Cordale Flott,Cedric Gray,Kevin Winston Jr.,Marcus Harris
2026007,1,759,PASS,(2:55) (Shotgun) K.Rourke pass short left to D.Stribling to TEN 41 for 5 yards (M.Harris).,https://pro.nfl.com/api/plays/summaryPlay?gameId=c66e0345-5f68-11f1-b1d0-bb70a4640075&playId=759,1,3,6,02:55,46.0,False,False,4500,0,7,-0.2673870020080358,11,1,1,3,5,11,2,4,5,Brandon Parker,Malik Turner,Austen Pleasants,Patrick Taylor,Robert Jones,Brayden Willis,Drake Nugent,Jordan Watkins,Kurtis Rourke,Connor Colby,De'Zhaun Stribling,Solomon Thomas,Jeffery Simmons,Cody Barton,Amani Hooker,Jermaine Johnson II,Alontae Taylor,Cordale Flott,Truman Jones,Cedric Gray,Kevin Winston Jr.,Marcus Harris
2026007,1,784,PENALTY,"(2:22) (Run formation) PENALTY on SF-B.Parker, False Start, 4 yards, enforced at TEN 41 - No Play.",https://pro.nfl.com/api/plays/summaryPlay?gameId=c66e0345-5f68-11f1-b1d0-bb70a4640075&playId=784,1,4,1,02:22,41.0,False,False,4500,0,7,-1.551843869034201,11,1,2,2,5,11,2,4,5,Brandon Parker,Malik Turner,Austen Pleasants,Robert Jones,Sincere McCormick,Brayden Willis,Hayden Rucci,Drake Nugent,Kurtis Rourke,Connor Colby,De'Zhaun Stribling,Solomon Thomas,Jeffery Simmons,Cody Barton,Amani Hooker,Jermaine Johnson II,Alontae Taylor,Cordale Flott,Truman Jones,Cedric Gray,Kevin Winston Jr.,Marcus Harris
2026007,1,808,PUNT,"(2:13) C.Waitman punts 37 yards to TEN 8, Center-J.Weeks, fair catch by K.Osborn.",https://pro.nfl.com/api/plays/summaryPlay?gameId=c66e0345-5f68-11f1-b1d0-bb70a4640075&playId=808,1,4,5,02:13,45.0,False,False,4500,0,7,-0.3317701874766499,11,1,1,0,0,11,0,3,4,Jon Weeks,Siran Neal,Ashtyn Davis,Corliss Waitman,Khalil Herbert,Brayden Willis,Jalen Graham,Tatum Bethune,Ephesians Prysock,Jaden Dugger,Larry Worth,K.J. Osborn,Michael Carter,Jerrick Reed II,Micah Robinson,Dorian Mausi,Xavier Restrepo,Derrick Canteen,Jaren Kanak,Sean Brown,Bishop Fitzgerald,Mani Powell
2026007,1,840,TIMEOUT,Timeout at 02:06.,https://pro.nfl.com/api/plays/summaryPlay?gameId=c66e0345-5f68-11f1-b1d0-bb70a4640075&playId=840,1,0,0,02:06,,False,,2100,7,0,,0,0,0,0,0,0,0,0,0,,,,,,,,,,,,,,,,,,,,,,
2026007,1,847,UNSPECIFIED,** Injury Update: SF-J.Jones return is Questionable.,https://pro.nfl.com/api/plays/summaryPlay?gameId=c66e0345-5f68-11f1-b1d0-bb70a4640075&playId=847,1,0,0,,,False,,2100,7,0,,0,0,0,0,0,0,0,0,0,,,,,,,,,,,,,,,,,,,,,,
2026007,1,828,RUSH,(2:06) T.Spears right tackle to TEN 12 for 4 yards (J.Dugger).,https://pro.nfl.com/api/plays/summaryPlay?gameId=c66e0345-5f68-11f1-b1d0-bb70a4640075&playId=828,1,1,10,02:06,92.0,False,False,2100,7,0,-0.19566729478538036,11,1,2,2,5,11,4,3,4,Austin Schlottmann,Dan Moore Jr.,Daniel Bellinger,Peter Skoronski,Tyjae Spears,JC Latham,Cam Ward,Chimere Dike,Gunnar Helm,Elic Ayomanor,Fernando Carmona,Ashtyn Davis,Garret Wallow,Darrell Luter Jr.,Titus Leo,Alfred Collins,Nick Martin,Marques Sigle,Sebastian Valdez,Romello Height,Ephesians Prysock,Jaden Dugger
2026007,1,862,PASS,(1:30) (Shotgun) C.Ward pass short left to W.Robinson pushed ob at TEN 19 for 7 yards (J.Robinson).,https://pro.nfl.com/api/plays/summaryPlay?gameId=c66e0345-5f68-11f1-b1d0-bb70a4640075&playId=862,1,2,6,01:30,88.0,False,False,2100,7,0,0.8729196167550981,11,1,1,3,5,11,4,2,5,Austin Schlottmann,Dan Moore Jr.,Wan'Dale Robinson,Peter Skoronski,Tyjae Spears,JC Latham,Cam Ward,Chimere Dike,Gunnar Helm,Elic Ayomanor,Fernando Carmona,Ashtyn Davis,Garret Wallow,Darrell Luter Jr.,Titus Leo,Alfred Collins,Marques Sigle,Jakob Robinson,Sebastian Valdez,Romello Height,Ephesians Prysock,Jaden Dugger
2026007,1,887,PASS,"(1:00) C.Ward pass incomplete short right [T.Leo].
PENALTY on TEN-C.Ward, Intentional Grounding, 16 yards, enforced at TEN 19.",https://pro.nfl.com/api/plays/summaryPlay?gameId=c66e0345-5f68-11f1-b1d0-bb70a4640075&playId=887,1,1,10,01:00,81.0,False,False,2100,7,0,-1.9352548918686807,11,1,2,2,5,11,4,3,4,Austin Schlottmann,Dan Moore Jr.,Daniel Bellinger,Peter Skoronski,Tyjae Spears,JC Latham,Cam Ward,Chimere Dike,Gunnar Helm,Elic Ayomanor,Fernando Carmona,Ashtyn Davis,Garret Wallow,Darrell Luter Jr.,Titus Leo,Alfred Collins,Nick Martin,Marques Sigle,Sebastian Valdez,Romello Height,Ephesians Prysock,Jaden Dugger
2026007,1,921,PASS,(:52) (Shotgun) C.Ward pass short middle to W.Robinson to TEN 15 for 12 yards (J.Robinson).,https://pro.nfl.com/api/plays/summaryPlay?gameId=c66e0345-5f68-11f1-b1d0-bb70a4640075&playId=921,1,2,26,00:52,97.0,False,False,2100,7,0,-0.4166426849551499,11,1,1,3,5,11,4,2,5,Austin Schlottmann,Dan Moore Jr.,Wan'Dale Robinson,Daniel Bellinger,Peter Skoronski,Tyjae Spears,JC Latham,Cam Ward,Chimere Dike,Elic Ayomanor,Fernando Carmona,Ashtyn Davis,Garret Wallow,Darrell Luter Jr.,Titus Leo,Alfred Collins,Marques Sigle,Jakob Robinson,Sebastian Valdez,Romello Height,Ephesians Prysock,Jaden Dugger
2026007,1,946,PASS,(:12) (Shotgun) C.Ward pass short left to T.Spears to TEN 19 for 4 yards (G.Wallow).,https://pro.nfl.com/api/plays/summaryPlay?gameId=c66e0345-5f68-11f1-b1d0-bb70a4640075&playId=946,1,3,14,00:12,85.0,False,False,2100,7,0,-0.6958563621155918,11,1,1,3,5,11,3,3,5,Austin Schlottmann,Dan Moore Jr.,Wan'Dale Robinson,Peter Skoronski,Tyjae Spears,JC Latham,Cam Ward,Chimere Dike,Gunnar Helm,Elic Ayomanor,Fernando Carmona,Ogbo Okoronkwo,Ashtyn Davis,Garret Wallow,Darrell Luter Jr.,Alfred Collins,Marques Sigle,Jakob Robinson,Sebastian Valdez,Romello Height,Ephesians Prysock,Jaden Dugger
2026007,1,971,END_QUARTER,END QUARTER 1,https://pro.nfl.com/api/plays/summaryPlay?gameId=c66e0345-5f68-11f1-b1d0-bb70a4640075&playId=971,1,0,0,,,False,,2100,7,0,,0,0,0,0,0,0,0,0,0,,,,,,,,,,,,,,,,,,,,,,
2026007,1,991,PUNT,"(15:00) T.Townsend punts 54 yards to SF 27, Center-M.Cox, fair catch by J.Watkins.
PENALTY on TEN-B.Oliver, Player Out of Bounds on Kick, 5 yards, enforced at SF 27.",https://pro.nfl.com/api/plays/summaryPlay?gameId=c66e0345-5f68-11f1-b1d0-bb70a4640075&playId=991,2,4,10,15:00,81.0,False,False,2100,7,0,0.31888673873618245,11,1,2,1,0,11,0,4,4,Morgan Cox,Tommy Townsend,Kylen Granson,Julius Chestnut,Kendell Brooks,James Williams,Jaylen Harrell,David Martin-Robinson,Bryce Oliver,Micah Robinson,Dorian Mausi,Siran Neal,Ogbo Okoronkwo,Malik Turner,Ashtyn Davis,Brayden Willis,Jalen Graham,Patrick McMorris,Tatum Bethune,Jordan Watkins,Ephesians Prysock,Jaden Dugger
2026007,1,1035,TIMEOUT,Timeout at 14:54.,https://pro.nfl.com/api/plays/summaryPlay?gameId=c66e0345-5f68-11f1-b1d0-bb70a4640075&playId=1035,2,0,0,14:54,,False,,2100,7,0,,0,0,0,0,0,0,0,0,0,,,,,,,,,,,,,,,,,,,,,,
2026007,1,1023,RUSH,(14:54) P.Taylor right tackle to SF 33 for 1 yard (K.Faulk).,https://pro.nfl.com/api/plays/summaryPlay?gameId=c66e0345-5f68-11f1-b1d0-bb70a4640075&playId=1023,2,1,10,14:54,68.0,False,False,4500,0,7,-0.567832012893632,11,1,2,2,5,11,2,5,4,Brandon Parker,Malik Turner,Austen Pleasants,Patrick Taylor,Robert Jones,Brayden Willis,Hayden Rucci,Drake Nugent,Kurtis Rourke,Connor Colby,De'Zhaun Stribling,Solomon Thomas,Cody Barton,Amani Hooker,Jordan Elliott,Jermaine Johnson II,Alontae Taylor,Cordale Flott,Cedric Gray,James Williams,Kevin Winston Jr.,Keldric Faulk
2026007,1,1052,PASS,(14:09) (Shotgun) K.Rourke pass short right to D.Stribling to SF 37 for 4 yards (C.Flott).,https://pro.nfl.com/api/plays/summaryPlay?gameId=c66e0345-5f68-11f1-b1d0-bb70a4640075&playId=1052,2,2,9,14:09,67.0,False,False,4500,0,7,-0.3351517179980874,11,1,1,3,5,11,2,4,5,Brandon Parker,Malik Turner,Austen Pleasants,Patrick Taylor,Robert Jones,Brayden Willis,Drake Nugent,Jordan Watkins,Kurtis Rourke,Connor Colby,De'Zhaun Stribling,Solomon Thomas,Cody Barton,Amani Hooker,Jordan Elliott,Jermaine Johnson II,Alontae Taylor,Cordale Flott,Cedric Gray,Kevin Winston Jr.,Marcus Harris,Keldric Faulk
2026007,1,1077,PASS,(13:32) (Shotgun) K.Rourke pass deep right to D.Stribling to TEN 31 for 32 yards (C.Flott).,https://pro.nfl.com/api/plays/summaryPlay?gameId=c66e0345-5f68-11f1-b1d0-bb70a4640075&playId=1077,2,3,5,13:32,63.0,False,False,4500,0,7,3.187121492344886,11,1,1,3,5,11,2,4,5,Brandon Parker,Malik Turner,Austen Pleasants,Patrick Taylor,Robert Jones,Brayden Willis,Drake Nugent,Jordan Watkins,Kurtis Rourke,Connor Colby,De'Zhaun Stribling,Solomon Thomas,Cody Barton,Amani Hooker,Jordan Elliott,Jermaine Johnson II,Alontae Taylor,Cordale Flott,Cedric Gray,Kevin Winston Jr.,Marcus Harris,Keldric Faulk
2026007,1,1102,PASS,(13:04) K.Rourke pass incomplete short middle to B.Willis [S.Thomas].,https://pro.nfl.com/api/plays/summaryPlay?gameId=c66e0345-5f68-11f1-b1d0-bb70a4640075&playId=1102,2,1,10,13:04,31.0,False,False,4500,0,7,-0.3618534627603367,11,1,2,2,5,11,2,4,5,Brandon Parker,Malik Turner,Austen Pleasants,Patrick Taylor,Robert Jones,Brayden Willis,Hayden Rucci,Drake Nugent,Kurtis Rourke,Connor Colby,De'Zhaun Stribling,Solomon Thomas,Cody Barton,Amani Hooker,Jordan Elliott,Jermaine Johnson II,Alontae Taylor,Cordale Flott,Cedric Gray,Kevin Winston Jr.,Marcus Harris,Keldric Faulk
2026007,1,1125,RUSH,"(12:58) (Shotgun) P.Taylor right end to TEN 32 for -1 yards (K.Winston, J.Holmes).",https://pro.nfl.com/api/plays/summaryPlay?gameId=c66e0345-5f68-11f1-b1d0-bb70a4640075&playId=1125,2,2,10,12:58,31.0,False,False,4500,0,7,-1.1529656779021025,11,1,1,3,5,11,3,3,5,Brandon Parker,Malik Turner,Austen Pleasants,Patrick Taylor,Robert Jones,Brayden Willis,Drake Nugent,Jordan Watkins,Kurtis Rourke,Connor Colby,De'Zhaun Stribling,Jalyn Holmes,Cody Barton,Amani Hooker,Earnest Brown IV,Malik Herring,Alontae Taylor,Cordale Flott,Cedric Gray,Oluwafemi Oladejo,Kevin Winston Jr.,Marcus Harris
2026007,1,1147,PASS,(12:15) (Shotgun) K.Rourke pass short right to M.Turner to TEN 19 for 13 yards (A.Hooker).,https://pro.nfl.com/api/plays/summaryPlay?gameId=c66e0345-5f68-11f1-b1d0-bb70a4640075&playId=1147,2,3,11,12:15,32.0,False,False,4500,0,7,2.250866290880367,11,1,1,3,5,11,3,3,5,Brandon Parker,Malik Turner,Austen Pleasants,Robert Jones,Sincere McCormick,Brayden Willis,Drake Nugent,Jordan Watkins,Kurtis Rourke,Connor Colby,De'Zhaun Stribling,Jalyn Holmes,Cody Barton,Amani Hooker,Earnest Brown IV,Malik Herring,Alontae Taylor,Cordale Flott,Cedric Gray,Oluwafemi Oladejo,Kevin Winston Jr.,Marcus Harris
2026007,1,1172,RUSH,(11:36) S.McCormick right tackle to TEN 17 for 2 yards (O.Oladejo; E.Brown).,https://pro.nfl.com/api/plays/summaryPlay?gameId=c66e0345-5f68-11f1-b1d0-bb70a4640075&playId=1172,2,1,10,11:36,19.0,False,True,4500,0,7,-0.350549723720178,11,1,2,2,5,11,3,4,4,Brandon Parker,KhaDarel Hodge,Austen Pleasants,Robert Jones,Sincere McCormick,Brayden Willis,Hayden Rucci,Drake Nugent,Jordan Watkins,Kurtis Rourke,Connor Colby,Jalyn Holmes,Cody Barton,Amani Hooker,Earnest Brown IV,Malik Herring,Alontae Taylor,Cordale Flott,Cedric Gray,James Williams,Oluwafemi Oladejo,Kevin Winston Jr.
2026007,1,1194,PASS,(11:03) (Shotgun) K.Rourke pass short left to J.Watkins to TEN 15 for 2 yards (Ja.Williams).,https://pro.nfl.com/api/plays/summaryPlay?gameId=c66e0345-5f68-11f1-b1d0-bb70a4640075&playId=1194,2,2,8,11:03,17.0,False,True,4500,0,7,-0.503798637422733,11,1,2,2,5,11,2,5,4,Brandon Parker,KhaDarel Hodge,Austen Pleasants,Patrick Taylor,Robert Jones,Brayden Willis,Hayden Rucci,Drake Nugent,Jordan Watkins,Kurtis Rourke,Connor Colby,Cody Barton,Amani Hooker,Jordan Elliott,Alontae Taylor,Cordale Flott,Timmy Horne,Truman Jones,Cedric Gray,James Williams,Kevin Winston Jr.,Keldric Faulk
2026007,1,1219,PASS,"(10:21) (Shotgun) K.Rourke pass short right to D.Stribling to TEN 4 for 11 yards (M.Harris; C.Flott).
Tennessee challenged the runner was inbounds ruling, and the play was Upheld. The ruling on the field stands. (Timeout #1.)",https://pro.nfl.com/api/plays/summaryPlay?gameId=c66e0345-5f68-11f1-b1d0-bb70a4640075&playId=1219,2,3,6,10:21,15.0,False,True,4500,0,7,2.0033845739089884,11,1,1,3,5,11,2,4,5,Brandon Parker,Malik Turner,Austen Pleasants,Patrick Taylor,Robert Jones,Brayden Willis,Drake Nugent,Jordan Watkins,Kurtis Rourke,Connor Colby,De'Zhaun Stribling,Solomon Thomas,Cody Barton,Amani Hooker,Jordan Elliott,Alontae Taylor,Cordale Flott,Truman Jones,Cedric Gray,Kevin Winston Jr.,Marcus Harris,Keldric Faulk
2026007,1,1298,UNSPECIFIED,** Injury Update: SF-J.Jones is Out of the game.,https://pro.nfl.com/api/plays/summaryPlay?gameId=c66e0345-5f68-11f1-b1d0-bb70a4640075&playId=1298,2,0,0,,,False,,2100,7,0,,0,0,0,0,0,0,0,0,0,,,,,,,,,,,,,,,,,,,,,,
2026007,1,1244,RUSH,(9:58) (Shotgun) K.Rourke up the middle to TEN 1 for 3 yards (A.Hooker; C.Barton).,https://pro.nfl.com/api/plays/summaryPlay?gameId=c66e0345-5f68-11f1-b1d0-bb70a4640075&playId=1244,2,1,4,09:58,4.0,True,True,4500,0,7,0.3065573832136579,11,1,1,3,5,11,2,4,5,Brandon Parker,Malik Turner,Austen Pleasants,Patrick Taylor,Robert Jones,Brayden Willis,Drake Nugent,Jordan Watkins,Kurtis Rourke,Connor Colby,De'Zhaun Stribling,Jalyn Holmes,Cody Barton,Amani Hooker,Jordan Elliott,Jermaine Johnson II,Alontae Taylor,Cordale Flott,Cedric Gray,Kevin Winston Jr.,Marcus Harris,Keldric Faulk
2026007,1,1313,PENALTY,"(9:12) PENALTY on SF, Delay of Game, 4 yards, enforced at TEN 1 - No Play.",https://pro.nfl.com/api/plays/summaryPlay?gameId=c66e0345-5f68-11f1-b1d0-bb70a4640075&playId=1313,2,2,1,09:12,1.0,True,True,4500,0,7,-0.9070298490696587,11,1,2,2,5,11,2,5,4,Brandon Parker,Malik Turner,Austen Pleasants,Patrick Taylor,Robert Jones,Brayden Willis,Hayden Rucci,Drake Nugent,Kurtis Rourke,Connor Colby,De'Zhaun Stribling,Jalyn Holmes,Cody Barton,Amani Hooker,Jordan Elliott,Jermaine Johnson II,Alontae Taylor,Cordale Flott,Cedric Gray,James Williams,Kevin Winston Jr.,Keldric Faulk
2026007,1,1337,PENALTY,"(8:51) (Shotgun) K.Rourke pass short right to P.Taylor for 5 yards, TOUCHDOWN NULLIFIED by Penalty [J.Johnson].
PENALTY on TEN-C.Flott, Defensive Pass Interference, 4 yards, enforced at TEN 5 - No Play.
Penalty on TEN-C.Gray, Defensive Holding, declined.
The Replay Official reviewed the pass completion ruling, and the play was REVERSED.
(Shotgun) K.Rourke pass incomplete short right to P.Taylor (C.Flott) [J.Johnson].
PENALTY on TEN-C.Flott, Defensive Pass Interference, 4 yards, enforced at TEN 5 - No Play.
Penalty on TEN-C.Gray, Defensive Holding, declined.",https://pro.nfl.com/api/plays/summaryPlay?gameId=c66e0345-5f68-11f1-b1d0-bb70a4640075&playId=1337,2,2,5,08:51,5.0,True,True,4500,0,7,1.1319179156562313,11,1,1,3,5,11,2,4,5,Brandon Parker,Malik Turner,Austen Pleasants,Patrick Taylor,Robert Jones,Brayden Willis,Drake Nugent,Jordan Watkins,Kurtis Rourke,Connor Colby,De'Zhaun Stribling,Jalyn Holmes,Cody Barton,Amani Hooker,Jordan Elliott,Jermaine Johnson II,Alontae Taylor,Cordale Flott,Cedric Gray,Kevin Winston Jr.,Marcus Harris,Keldric Faulk
2026007,1,1370,RUSH,"(8:44) P.Taylor up the middle for 1 yard, TOUCHDOWN.",https://pro.nfl.com/api/plays/summaryPlay?gameId=c66e0345-5f68-11f1-b1d0-bb70a4640075&playId=1370,2,1,1,08:44,1.0,True,True,4500,0,7,0.5108887917012908,11,1,2,2,5,11,3,4,4,Brandon Parker,Malik Turner,Austen Pleasants,Patrick Taylor,Robert Jones,Brayden Willis,Hayden Rucci,Drake Nugent,Jordan Watkins,Kurtis Rourke,Connor Colby,Jalyn Holmes,Cody Barton,Amani Hooker,Earnest Brown IV,Malik Herring,Alontae Taylor,Cordale Flott,Cedric Gray,James Williams,Kevin Winston Jr.,Keldric Faulk
2026007,1,1388,XP_KICK,"E.Pineiro extra point is GOOD, Center-J.Weeks, Holder-C.Waitman.",https://pro.nfl.com/api/plays/summaryPlay?gameId=c66e0345-5f68-11f1-b1d0-bb70a4640075&playId=1388,2,0,0,08:38,15.0,False,False,4500,6,7,0.06888505002846201,11,0,2,0,6,11,3,4,4,Jon Weeks,Brandon Parker,Eddy Pineiro,Josiah Deguara,Corliss Waitman,Austen Pleasants,Robert Jones,Brayden Willis,Drake Nugent,Connor Colby,Carver Willis,Jalyn Holmes,Cody Barton,Earnest Brown IV,Malik Herring,Alontae Taylor,Cordale Flott,Kendell Brooks,Cedric Gray,James Williams,Kevin Winston Jr.,Keldric Faulk
2026007,1,1413,TIMEOUT,Timeout at 08:38.,https://pro.nfl.com/api/plays/summaryPlay?gameId=c66e0345-5f68-11f1-b1d0-bb70a4640075&playId=1413,2,0,0,08:38,,False,,2100,7,7,,0,0,0,0,0,0,0,0,0,,,,,,,,,,,,,,,,,,,,,,
2026007,1,1403,KICK_OFF,"E.Pineiro kicks 65 yards from SF 35 to end zone, Touchback to the TEN 35.",https://pro.nfl.com/api/plays/summaryPlay?gameId=c66e0345-5f68-11f1-b1d0-bb70a4640075&playId=1403,2,0,0,08:38,65.0,False,False,4500,7,7,-0.26736749638803303,11,0,1,1,0,11,0,2,3,Siran Neal,Eddy Pineiro,Malik Turner,Ashtyn Davis,Garret Wallow,Darrell Luter Jr.,Brayden Willis,Tatum Bethune,Sebastian Valdez,Ephesians Prysock,Jalen Stroman,K.J. Osborn,Mason Kinsey,Kendell Brooks,Dominique Hampton,David Martin-Robinson,Bryce Oliver,Xavier Restrepo,Keydrain Calligan,Jaren Kanak,Sean Brown,Jalen McMurray
2026007,1,1428,PASS,(8:38) (Shotgun) C.Ward pass incomplete short right to C.Tate.,https://pro.nfl.com/api/plays/summaryPlay?gameId=c66e0345-5f68-11f1-b1d0-bb70a4640075&playId=1428,2,1,10,08:38,65.0,False,False,2100,7,7,-0.5148848521057516,11,1,1,3,5,11,3,3,5,Austin Schlottmann,Tony Pollard,Dan Moore Jr.,Wan'Dale Robinson,Peter Skoronski,JC Latham,Cam Ward,Gunnar Helm,Elic Ayomanor,Carnell Tate,Fernando Carmona,Quinton Bell,Ashtyn Davis,Darrell Luter Jr.,Tatum Bethune,Alfred Collins,Marques Sigle,Jakob Robinson,Romello Height,Gracen Halton,Ephesians Prysock,Jaden Dugger
2026007,1,1451,PASS,(8:34) (Shotgun) C.Ward pass incomplete short middle to W.Robinson.,https://pro.nfl.com/api/plays/summaryPlay?gameId=c66e0345-5f68-11f1-b1d0-bb70a4640075&playId=1451,2,2,10,08:34,65.0,False,False,2100,7,7,-0.849410442635417,11,1,1,3,5,11,3,3,5,Austin Schlottmann,Tony Pollard,Dan Moore Jr.,Wan'Dale Robinson,Peter Skoronski,JC Latham,Cam Ward,Gunnar Helm,Elic Ayomanor,Carnell Tate,Fernando Carmona,Quinton Bell,Ashtyn Davis,Darrell Luter Jr.,Tatum Bethune,Alfred Collins,Marques Sigle,Jakob Robinson,Romello Height,Gracen Halton,Ephesians Prysock,Jaden Dugger
2026007,1,1474,PENALTY,"(8:32) (Shotgun) C.Ward sacked at TEN 21 for -14 yards (G.Halton).
PENALTY on SF-J.Robinson, Defensive Holding, 5 yards, enforced at TEN 35 - No Play.",https://pro.nfl.com/api/plays/summaryPlay?gameId=c66e0345-5f68-11f1-b1d0-bb70a4640075&playId=1474,2,3,10,08:32,65.0,False,False,2100,7,7,1.7033285195939243,11,1,1,3,5,11,3,3,5,Austin Schlottmann,Dan Moore Jr.,Wan'Dale Robinson,Peter Skoronski,Tyjae Spears,JC Latham,Cam Ward,Gunnar Helm,Elic Ayomanor,Carnell Tate,Fernando Carmona,Ogbo Okoronkwo,Ashtyn Davis,Darrell Luter Jr.,Tatum Bethune,Alfred Collins,Marques Sigle,Jakob Robinson,Romello Height,Gracen Halton,Ephesians Prysock,Jaden Dugger
2026007,1,1505,RUSH,(8:20) (Shotgun) T.Spears left guard to TEN 39 for -1 yards (G.Halton).,https://pro.nfl.com/api/plays/summaryPlay?gameId=c66e0345-5f68-11f1-b1d0-bb70a4640075&playId=1505,2,1,10,08:20,60.0,False,False,2100,7,7,-0.88741987477988,11,1,1,3,5,11,3,3,5,Austin Schlottmann,Dan Moore Jr.,Wan'Dale Robinson,Daniel Bellinger,Peter Skoronski,Tyjae Spears,JC Latham,Cam Ward,Elic Ayomanor,Carnell Tate,Fernando Carmona,Ogbo Okoronkwo,Ashtyn Davis,Darrell Luter Jr.,Tatum Bethune,Alfred Collins,Marques Sigle,Jakob Robinson,Romello Height,Gracen Halton,Ephesians Prysock,Jaden Dugger
2026007,1,1527,PASS,(7:57) C.Ward pass incomplete short left to E.Ayomanor.,https://pro.nfl.com/api/plays/summaryPlay?gameId=c66e0345-5f68-11f1-b1d0-bb70a4640075&playId=1527,2,2,11,07:57,61.0,False,False,2100,7,7,-0.964545076014474,11,1,1,3,5,11,3,3,5,Austin Schlottmann,Dan Moore Jr.,Wan'Dale Robinson,Daniel Bellinger,Peter Skoronski,Tyjae Spears,JC Latham,Cam Ward,Elic Ayomanor,Carnell Tate,Fernando Carmona,Ogbo Okoronkwo,Ashtyn Davis,Darrell Luter Jr.,Tatum Bethune,Alfred Collins,Marques Sigle,Jakob Robinson,Romello Height,Gracen Halton,Ephesians Prysock,Jaden Dugger
2026007,1,1562,UNSPECIFIED,** Injury Update: SF-K.Rourke return is Questionable.,https://pro.nfl.com/api/plays/summaryPlay?gameId=c66e0345-5f68-11f1-b1d0-bb70a4640075&playId=1562,2,0,0,,,False,,2100,7,7,,0,0,0,0,0,0,0,0,0,,,,,,,,,,,,,,,,,,,,,,
2026007,1,1550,PASS,(7:54) (Shotgun) C.Ward pass incomplete short middle to C.Tate (A.Davis).,https://pro.nfl.com/api/plays/summaryPlay?gameId=c66e0345-5f68-11f1-b1d0-bb70a4640075&playId=1550,2,3,11,07:54,61.0,False,False,2100,7,7,-1.1824337039142847,11,1,1,3,5,11,3,3,5,Austin Schlottmann,Tony Pollard,Dan Moore Jr.,Wan'Dale Robinson,Daniel Bellinger,Peter Skoronski,JC Latham,Cam Ward,Elic Ayomanor,Carnell Tate,Fernando Carmona,Ogbo Okoronkwo,Ashtyn Davis,Darrell Luter Jr.,Tatum Bethune,Alfred Collins,Marques Sigle,Jakob Robinson,Romello Height,Gracen Halton,Ephesians Prysock,Jaden Dugger
2026007,1,1578,PUNT,"(7:49) T.Townsend punts 40 yards to SF 21, Center-M.Cox. J.Watkins to SF 25 for 4 yards (K.Osborn; E.Hallett).",https://pro.nfl.com/api/plays/summaryPlay?gameId=c66e0345-5f68-11f1-b1d0-bb70a4640075&playId=1578,2,4,11,07:49,61.0,False,False,2100,7,7,-0.54013159009628,11,2,1,2,0,11,0,4,4,Morgan Cox,K.J. Osborn,Tommy Townsend,Mason Kinsey,Michael Carter,Erick Hallett,Truman Jones,Joel Wilson,Dominique Hampton,Nicholas Singleton,Sean Brown,Eli Apple,Siran Neal,Ogbo Okoronkwo,Malik Turner,Brayden Willis,Jalen Graham,Patrick McMorris,Tatum Bethune,Jordan Watkins,Jaden Dugger,Jalen Stroman
2026007,1,1621,TIMEOUT,Timeout at 07:38.,https://pro.nfl.com/api/plays/summaryPlay?gameId=c66e0345-5f68-11f1-b1d0-bb70a4640075&playId=1621,2,0,0,07:38,,False,,2100,7,7,,0,0,0,0,0,0,0,0,0,,,,,,,,,,,,,,,,,,,,,,
2026007,1,1609,RUSH,(7:38) S.McCormick up the middle to SF 32 for 7 yards (O.Oladejo; N.Johnson).,https://pro.nfl.com/api/plays/summaryPlay?gameId=c66e0345-5f68-11f1-b1d0-bb70a4640075&playId=1609,2,1,10,07:38,75.0,False,False,4500,7,7,0.13440405181609094,11,1,2,2,5,11,3,4,4,Brandon Parker,KhaDarel Hodge,Josiah Deguara,Austen Pleasants,Robert Jones,Sincere McCormick,Adrian Martinez,Hayden Rucci,Drake Nugent,Jordan Watkins,Connor Colby,Jalyn Holmes,Earnest Brown IV,Malik Herring,Nazeeh Johnson,Tony Adams,Jerrick Reed II,James Williams,Oluwafemi Oladejo,Micah Robinson,Dorian Mausi,Anthony Hill Jr.
2026007,1,1643,RUSH,(7:12) S.McCormick right tackle to SF 34 for 2 yards (O.Oladejo; A.Hill).,https://pro.nfl.com/api/plays/summaryPlay?gameId=c66e0345-5f68-11f1-b1d0-bb70a4640075&playId=1643,2,2,3,07:12,68.0,False,False,4500,7,7,-0.1620017874520272,11,1,2,2,5,11,3,4,4,Brandon Parker,KhaDarel Hodge,Josiah Deguara,Austen Pleasants,Robert Jones,Sincere McCormick,Adrian Martinez,Hayden Rucci,Drake Nugent,Jordan Watkins,Connor Colby,Jalyn Holmes,Earnest Brown IV,Malik Herring,Nazeeh Johnson,Tony Adams,Jerrick Reed II,James Williams,Oluwafemi Oladejo,Micah Robinson,Dorian Mausi,Anthony Hill Jr.
2026007,1,1665,RUSH,(6:37) S.McCormick up the middle to SF 36 for 2 yards (J.Reed).,https://pro.nfl.com/api/plays/summaryPlay?gameId=c66e0345-5f68-11f1-b1d0-bb70a4640075&playId=1665,2,3,1,06:37,66.0,False,False,4500,7,7,0.39104444347321987,11,1,2,2,5,11,3,3,5,Brandon Parker,KhaDarel Hodge,Josiah Deguara,Austen Pleasants,Robert Jones,Sincere McCormick,Adrian Martinez,Hayden Rucci,Drake Nugent,Jordan Watkins,Connor Colby,Jalyn Holmes,Earnest Brown IV,Malik Herring,Nazeeh Johnson,Tony Adams,Jerrick Reed II,Erick Hallett,James Williams,Oluwafemi Oladejo,Micah Robinson,Anthony Hill Jr.
2026007,1,1687,PASS,(5:59) A.Martinez pass short middle to J.Watkins to SF 49 for 13 yards (J.Reed; Ja.Williams).,https://pro.nfl.com/api/plays/summaryPlay?gameId=c66e0345-5f68-11f1-b1d0-bb70a4640075&playId=1687,2,1,10,05:59,64.0,False,False,4500,7,7,0.6838088745716959,11,1,2,2,5,11,3,3,5,Brandon Parker,KhaDarel Hodge,Josiah Deguara,Austen Pleasants,Khalil Herbert,Robert Jones,Adrian Martinez,Hayden Rucci,Drake Nugent,Jordan Watkins,Connor Colby,Jalyn Holmes,Earnest Brown IV,Malik Herring,Nazeeh Johnson,Tony Adams,Jerrick Reed II,Erick Hallett,James Williams,Oluwafemi Oladejo,Micah Robinson,Anthony Hill Jr.
2026007,1,1712,RUSH,(5:22) K.Herbert up the middle to TEN 49 for 2 yards (T.Horne; K.Faulk).,https://pro.nfl.com/api/plays/summaryPlay?gameId=c66e0345-5f68-11f1-b1d0-bb70a4640075&playId=1712,2,1,10,05:22,51.0,False,False,4500,7,7,-0.38945644826162606,11,1,2,2,5,11,2,5,4,Brandon Parker,KhaDarel Hodge,Josiah Deguara,Austen Pleasants,Khalil Herbert,Robert Jones,Adrian Martinez,Hayden Rucci,Drake Nugent,Jordan Watkins,Connor Colby,Khalen Saunders,Nazeeh Johnson,Tony Adams,Timmy Horne,Jerrick Reed II,James Williams,Jaylen Harrell,Micah Robinson,Dorian Mausi,Keldric Faulk,Anthony Hill Jr.
2026007,1,1734,RUSH,(4:43) (Shotgun) S.McCormick left tackle to TEN 44 for 5 yards (J.Reed).,https://pro.nfl.com/api/plays/summaryPlay?gameId=c66e0345-5f68-11f1-b1d0-bb70a4640075&playId=1734,2,2,8,04:43,49.0,False,False,4500,7,7,-0.17200886423233896,11,1,1,3,5,11,2,4,5,Brandon Parker,KhaDarel Hodge,Trenton Irwin,Austen Pleasants,Robert Jones,Sincere McCormick,Adrian Martinez,Hayden Rucci,Drake Nugent,Jordan Watkins,Connor Colby,Khalen Saunders,Nazeeh Johnson,Tony Adams,Timmy Horne,Jerrick Reed II,Erick Hallett,James Williams,Jaylen Harrell,Micah Robinson,Keldric Faulk,Anthony Hill Jr.
2026007,1,1756,PASS,"(4:03) (Shotgun) D.Nugent to TEN 44 for no gain. FUMBLES, recovered by SF-A.Martinez at TEN 44. A.Martinez pass incomplete short left to J.Watkins [K.Faulk].",https://pro.nfl.com/api/plays/summaryPlay?gameId=c66e0345-5f68-11f1-b1d0-bb70a4640075&playId=1756,2,3,3,04:03,44.0,False,False,4500,7,7,-1.9086409726878628,11,1,1,3,5,11,2,4,5,Brandon Parker,KhaDarel Hodge,Trenton Irwin,Austen Pleasants,Robert Jones,Sincere McCormick,Adrian Martinez,Hayden Rucci,Drake Nugent,Jordan Watkins,Connor Colby,Jalyn Holmes,Earnest Brown IV,Nazeeh Johnson,Tony Adams,Jerrick Reed II,Erick Hallett,James Williams,Jaylen Harrell,Micah Robinson,Keldric Faulk,Anthony Hill Jr.
2026007,1,1788,PASS,(3:58) (Shotgun) A.Martinez pass incomplete short right to M.Turner.,https://pro.nfl.com/api/plays/summaryPlay?gameId=c66e0345-5f68-11f1-b1d0-bb70a4640075&playId=1788,2,4,3,03:58,44.0,False,False,4500,7,7,-2.1546711535193026,11,1,1,3,5,11,2,4,5,Brandon Parker,Malik Turner,Trenton Irwin,Austen Pleasants,Robert Jones,Sincere McCormick,Brayden Willis,Adrian Martinez,Drake Nugent,Jordan Watkins,Connor Colby,Jalyn Holmes,Earnest Brown IV,Nazeeh Johnson,Tony Adams,Jerrick Reed II,Erick Hallett,James Williams,Jaylen Harrell,Micah Robinson,Keldric Faulk,Anthony Hill Jr.
2026007,1,1811,RUSH,(3:55) N.Singleton up the middle to SF 48 for 8 yards (M.Sigle; N.Martin).,https://pro.nfl.com/api/plays/summaryPlay?gameId=c66e0345-5f68-11f1-b1d0-bb70a4640075&playId=1811,2,1,10,03:55,56.0,False,False,2100,7,7,0.5919130914844573,11,1,2,2,5,11,3,4,4,Mitchell Trubisky,Kylen Granson,Austin Deculus,David Martin-Robinson,Chimere Dike,Elic Ayomanor,Jackson Slater,Brandon Crenshaw-Dickson,Fernando Carmona,Nicholas Singleton,Pat Coogan,Ashtyn Davis,Darrell Luter Jr.,Titus Leo,Xavier Thomas,Tatum Bethune,Nick Martin,Marques Sigle,Ephesians Prysock,Jaden Dugger,Bryson Eason,James Thompson Jr.
2026007,1,1833,RUSH,(3:23) N.Singleton right guard to SF 42 for 6 yards (N.Martin; T.Bethune).,https://pro.nfl.com/api/plays/summaryPlay?gameId=c66e0345-5f68-11f1-b1d0-bb70a4640075&playId=1833,2,2,2,03:23,48.0,False,False,2100,7,7,0.3324953792616725,11,1,2,2,5,11,3,4,4,Mitchell Trubisky,Kylen Granson,Austin Deculus,David Martin-Robinson,Chimere Dike,Elic Ayomanor,Jackson Slater,Brandon Crenshaw-Dickson,Fernando Carmona,Nicholas Singleton,Pat Coogan,Ashtyn Davis,Darrell Luter Jr.,Titus Leo,Xavier Thomas,Tatum Bethune,Nick Martin,Marques Sigle,Ephesians Prysock,Jaden Dugger,Bryson Eason,James Thompson Jr.
2026007,1,1855,PASS,(2:39) M.Trubisky pass deep left to C.Dike ran ob at SF 25 for 17 yards.,https://pro.nfl.com/api/plays/summaryPlay?gameId=c66e0345-5f68-11f1-b1d0-bb70a4640075&playId=1855,2,1,10,02:39,42.0,False,False,2100,7,7,1.1238420816371217,11,1,2,2,5,11,3,4,4,Mitchell Trubisky,Kylen Granson,Austin Deculus,David Martin-Robinson,Chimere Dike,Elic Ayomanor,Jackson Slater,Brandon Crenshaw-Dickson,Fernando Carmona,Nicholas Singleton,Pat Coogan,Ashtyn Davis,Darrell Luter Jr.,Titus Leo,Xavier Thomas,Tatum Bethune,Nick Martin,Marques Sigle,Ephesians Prysock,Jaden Dugger,Bryson Eason,James Thompson Jr.
2026007,1,1885,RUSH,(2:06) N.Singleton up the middle to SF 22 for 3 yards (Q.Bell; O.Okoronkwo).,https://pro.nfl.com/api/plays/summaryPlay?gameId=c66e0345-5f68-11f1-b1d0-bb70a4640075&playId=1885,2,1,10,02:06,25.0,False,False,2100,7,7,-0.11419226380530745,11,1,2,2,5,11,2,5,4,Mitchell Trubisky,Austin Deculus,David Martin-Robinson,Chimere Dike,Elic Ayomanor,Jackson Slater,Brandon Crenshaw-Dickson,Fernando Carmona,Nicholas Singleton,Pat Coogan,Jaren Kanak,Ogbo Okoronkwo,Quinton Bell,Ashtyn Davis,Darrell Luter Jr.,Tatum Bethune,Nick Martin,Marques Sigle,Sebastian Valdez,Gracen Halton,Ephesians Prysock,Jaden Dugger
2026007,1,1919,TIMEOUT,Two-Minute Warning,https://pro.nfl.com/api/plays/summaryPlay?gameId=c66e0345-5f68-11f1-b1d0-bb70a4640075&playId=1919,2,0,0,02:00,,False,,2100,7,7,,0,0,0,0,0,0,0,0,0,,,,,,,,,,,,,,,,,,,,,,
2026007,1,1907,RUSH,(2:00) (Shotgun) N.Singleton left guard to SF 21 for 1 yard (G.Halton).,https://pro.nfl.com/api/plays/summaryPlay?gameId=c66e0345-5f68-11f1-b1d0-bb70a4640075&playId=1907,2,2,7,02:00,22.0,False,False,2100,7,7,-0.36028124822769314,11,1,1,3,5,11,2,4,5,Mitchell Trubisky,Austin Deculus,David Martin-Robinson,Chimere Dike,Elic Ayomanor,Jackson Slater,Brandon Crenshaw-Dickson,Xavier Restrepo,Fernando Carmona,Nicholas Singleton,Pat Coogan,Ogbo Okoronkwo,Quinton Bell,Ashtyn Davis,Darrell Luter Jr.,Tatum Bethune,Jakob Robinson,Sebastian Valdez,Gracen Halton,Ephesians Prysock,Jaden Dugger,Jalen Stroman
2026007,1,1936,PASS,"(1:28) (No Huddle, Shotgun) M.Trubisky pass incomplete short right to E.Ayomanor.",https://pro.nfl.com/api/plays/summaryPlay?gameId=c66e0345-5f68-11f1-b1d0-bb70a4640075&playId=1936,2,3,6,01:28,21.0,False,False,2100,7,7,-0.9066709841135889,11,1,1,3,5,11,2,4,5,Mitchell Trubisky,Austin Deculus,David Martin-Robinson,Chimere Dike,Elic Ayomanor,Jackson Slater,Brandon Crenshaw-Dickson,Xavier Restrepo,Fernando Carmona,Nicholas Singleton,Pat Coogan,Ogbo Okoronkwo,Quinton Bell,Ashtyn Davis,Darrell Luter Jr.,Tatum Bethune,Jakob Robinson,Sebastian Valdez,Gracen Halton,Ephesians Prysock,Jaden Dugger,Jalen Stroman
2026007,1,1959,FIELD_GOAL,"(1:25) J.Slye 39 yard field goal is GOOD, Center-M.Cox, Holder-T.Townsend.",https://pro.nfl.com/api/plays/summaryPlay?gameId=c66e0345-5f68-11f1-b1d0-bb70a4640075&playId=1959,2,4,6,01:25,21.0,False,False,2100,7,7,0.39484395342879,11,0,2,0,6,11,2,4,5,Morgan Cox,Joey Slye,Tommy Townsend,Daniel Bellinger,Zach Thomas,Gunnar Helm,Garrett Dellinger,Fernando Carmona,Pat Coogan,Rasheed Miller,Aamil Wagner,Ogbo Okoronkwo,Quinton Bell,Ashtyn Davis,Darrell Luter Jr.,Tatum Bethune,Jakob Robinson,Sebastian Valdez,Gracen Halton,Ephesians Prysock,Jaden Dugger,Jalen Stroman
2026007,1,1979,KICK_OFF,J.Slye kicks 63 yards from TEN 35 to SF 2. W.Pauling to SF 30 for 28 yards (J.Kanak).,https://pro.nfl.com/api/plays/summaryPlay?gameId=c66e0345-5f68-11f1-b1d0-bb70a4640075&playId=1979,2,0,0,01:21,65.0,False,False,2100,10,7,-0.11576715740375221,11,0,2,3,0,11,0,5,2,Joey Slye,K.J. Osborn,Mason Kinsey,Joel Wilson,Dominique Hampton,Bryce Oliver,Derrick Canteen,Keydrain Calligan,Jaren Kanak,Sean Brown,Jalen McMurray,Siran Neal,KhaDarel Hodge,Malik Turner,Quinton Bell,Jalen Graham,Patrick McMorris,Tatum Bethune,Nick Martin,Jordan Watkins,Jaden Dugger,Will Pauling
2026007,1,2002,PASS,(1:15) (Shotgun) A.Martinez pass incomplete short left to B.Willis.,https://pro.nfl.com/api/plays/summaryPlay?gameId=c66e0345-5f68-11f1-b1d0-bb70a4640075&playId=2002,2,1,10,01:15,70.0,False,False,4500,7,10,-0.3059762546326965,11,1,1,3,5,11,2,4,5,Brandon Parker,Malik Turner,Trenton Irwin,Austen Pleasants,Robert Jones,Sincere McCormick,Brayden Willis,Adrian Martinez,Drake Nugent,Jordan Watkins,Connor Colby,Jalyn Holmes,Earnest Brown IV,Nazeeh Johnson,Tony Adams,Erick Hallett,Kendell Brooks,James Williams,Oluwafemi Oladejo,Micah Robinson,Keldric Faulk,Anthony Hill Jr.
2026007,1,2032,PASS,(1:10) (Shotgun) A.Martinez pass incomplete deep left to M.Turner.,https://pro.nfl.com/api/plays/summaryPlay?gameId=c66e0345-5f68-11f1-b1d0-bb70a4640075&playId=2032,2,2,10,01:10,70.0,False,False,4500,7,10,-0.41154352854937315,11,1,1,3,5,11,2,4,5,Brandon Parker,Malik Turner,Trenton Irwin,Austen Pleasants,Robert Jones,Sincere McCormick,Brayden Willis,Adrian Martinez,Drake Nugent,Jordan Watkins,Connor Colby,Jalyn Holmes,Earnest Brown IV,Nazeeh Johnson,Tony Adams,Erick Hallett,Kendell Brooks,James Williams,Oluwafemi Oladejo,Micah Robinson,Keldric Faulk,Anthony Hill Jr.
2026007,1,2055,PASS,(1:06) (Shotgun) A.Martinez pass deep middle to T.Irwin to SF 48 for 18 yards (Ja.Williams).,https://pro.nfl.com/api/plays/summaryPlay?gameId=c66e0345-5f68-11f1-b1d0-bb70a4640075&playId=2055,2,3,10,01:06,70.0,False,False,4500,7,10,1.5306055404944345,11,1,1,3,5,11,2,4,5,Brandon Parker,Malik Turner,Trenton Irwin,Austen Pleasants,Robert Jones,Sincere McCormick,Brayden Willis,Adrian Martinez,Drake Nugent,Jordan Watkins,Connor Colby,Jalyn Holmes,Earnest Brown IV,Nazeeh Johnson,Tony Adams,Erick Hallett,Kendell Brooks,James Williams,Oluwafemi Oladejo,Micah Robinson,Keldric Faulk,Anthony Hill Jr.
2026007,1,2080,RUSH,"(:48) (No Huddle, Shotgun) A.Martinez scrambles left end ran ob at TEN 42 for 10 yards (N.Johnson).",https://pro.nfl.com/api/plays/summaryPlay?gameId=c66e0345-5f68-11f1-b1d0-bb70a4640075&playId=2080,2,1,10,00:48,52.0,False,False,4500,7,10,0.8309488692320883,11,1,1,3,5,11,2,4,5,Brandon Parker,Malik Turner,Trenton Irwin,Austen Pleasants,Robert Jones,Sincere McCormick,Brayden Willis,Adrian Martinez,Drake Nugent,Jordan Watkins,Connor Colby,Jalyn Holmes,Earnest Brown IV,Nazeeh Johnson,Tony Adams,Erick Hallett,Kendell Brooks,James Williams,Oluwafemi Oladejo,Micah Robinson,Keldric Faulk,Anthony Hill Jr.
2026007,1,2102,PASS,(:42) (Shotgun) A.Martinez pass short right to J.Watkins pushed ob at TEN 33 for 9 yards (M.Robinson).,https://pro.nfl.com/api/plays/summaryPlay?gameId=c66e0345-5f68-11f1-b1d0-bb70a4640075&playId=2102,2,1,10,00:42,42.0,False,False,4500,7,10,0.5244341192301363,11,1,1,3,5,11,3,3,5,Brandon Parker,Malik Turner,Trenton Irwin,Austen Pleasants,Robert Jones,Sincere McCormick,Brayden Willis,Adrian Martinez,Drake Nugent,Jordan Watkins,Connor Colby,Jalyn Holmes,Earnest Brown IV,Malik Herring,Nazeeh Johnson,Tony Adams,Erick Hallett,Truman Jones,Kendell Brooks,James Williams,Micah Robinson,Anthony Hill Jr.
2026007,1,2132,PASS,(:37) (Shotgun) A.Martinez pass incomplete short right to S.McCormick.,https://pro.nfl.com/api/plays/summaryPlay?gameId=c66e0345-5f68-11f1-b1d0-bb70a4640075&playId=2132,2,2,1,00:37,33.0,False,False,4500,7,10,-0.24592307291459292,11,1,1,3,5,11,3,3,5,Brandon Parker,Malik Turner,Trenton Irwin,Austen Pleasants,Robert Jones,Sincere McCormick,Brayden Willis,Adrian Martinez,Drake Nugent,Jordan Watkins,Connor Colby,Jalyn Holmes,Earnest Brown IV,Malik Herring,Nazeeh Johnson,Tony Adams,Erick Hallett,Truman Jones,Kendell Brooks,James Williams,Micah Robinson,Anthony Hill Jr.
2026007,1,2155,RUSH,(:34) (Shotgun) S.McCormick up the middle to TEN 29 for 4 yards (J.Harrell).,https://pro.nfl.com/api/plays/summaryPlay?gameId=c66e0345-5f68-11f1-b1d0-bb70a4640075&playId=2155,2,3,1,00:34,33.0,False,False,4500,7,10,0.28234916587825865,11,1,1,3,5,11,2,4,5,Brandon Parker,KhaDarel Hodge,Trenton Irwin,Austen Pleasants,Robert Jones,Sincere McCormick,Brayden Willis,Adrian Martinez,Drake Nugent,Jordan Watkins,Connor Colby,Khalen Saunders,Malik Herring,Nazeeh Johnson,Tony Adams,Erick Hallett,Truman Jones,Kendell Brooks,James Williams,Jaylen Harrell,Micah Robinson,Anthony Hill Jr.
2026007,1,2189,TIMEOUT,Timeout #1 by SF at 00:30.,https://pro.nfl.com/api/plays/summaryPlay?gameId=c66e0345-5f68-11f1-b1d0-bb70a4640075&playId=2189,2,0,0,00:30,,False,,2100,10,7,,0,0,0,0,0,0,0,0,0,,,,,,,,,,,,,,,,,,,,,,
2026007,1,2177,PASS,(:30) (Shotgun) A.Martinez pass incomplete short middle to K.Hodge (M.Herring).,https://pro.nfl.com/api/plays/summaryPlay?gameId=c66e0345-5f68-11f1-b1d0-bb70a4640075&playId=2177,2,1,10,00:30,29.0,False,False,4500,7,10,-0.2231790218502283,11,1,1,3,5,11,2,4,5,Brandon Parker,KhaDarel Hodge,Trenton Irwin,Josiah Deguara,Austen Pleasants,Khalil Herbert,Robert Jones,Adrian Martinez,Drake Nugent,Jordan Watkins,Connor Colby,Khalen Saunders,Malik Herring,Nazeeh Johnson,Tony Adams,Erick Hallett,Kendell Brooks,James Williams,Oluwafemi Oladejo,Micah Robinson,Keldric Faulk,Anthony Hill Jr.
2026007,1,2207,PASS,(:27) (Shotgun) A.Martinez pass incomplete deep middle to J.Deguara.,https://pro.nfl.com/api/plays/summaryPlay?gameId=c66e0345-5f68-11f1-b1d0-bb70a4640075&playId=2207,2,2,10,00:27,29.0,False,False,4500,7,10,-0.25444849766790867,11,1,1,3,5,11,2,4,5,Brandon Parker,KhaDarel Hodge,Trenton Irwin,Josiah Deguara,Austen Pleasants,Khalil Herbert,Robert Jones,Adrian Martinez,Drake Nugent,Jordan Watkins,Connor Colby,Khalen Saunders,Malik Herring,Nazeeh Johnson,Tony Adams,Erick Hallett,Kendell Brooks,James Williams,Oluwafemi Oladejo,Micah Robinson,Keldric Faulk,Anthony Hill Jr.
2026007,1,2230,SACK,(:24) (Shotgun) A.Martinez sacked ob at TEN 43 for -14 yards (J.Holmes).,https://pro.nfl.com/api/plays/summaryPlay?gameId=c66e0345-5f68-11f1-b1d0-bb70a4640075&playId=2230,2,3,10,00:24,29.0,False,False,4500,7,10,-2.4137001637136564,11,1,1,3,5,11,2,4,5,Brandon Parker,KhaDarel Hodge,Trenton Irwin,Josiah Deguara,Austen Pleasants,Khalil Herbert,Robert Jones,Adrian Martinez,Drake Nugent,Jordan Watkins,Connor Colby,Jalyn Holmes,Malik Herring,Nazeeh Johnson,Tony Adams,Erick Hallett,Kendell Brooks,James Williams,Oluwafemi Oladejo,Micah Robinson,Keldric Faulk,Anthony Hill Jr.
2026007,1,2250,FIELD_GOAL,"(:18) E.Pineiro 61 yard field goal is No Good, Short, Center-J.Weeks, Holder-C.Waitman.",https://pro.nfl.com/api/plays/summaryPlay?gameId=c66e0345-5f68-11f1-b1d0-bb70a4640075&playId=2250,2,4,24,00:18,43.0,False,False,4500,7,10,-1.6942308596335351,11,0,2,0,6,11,2,5,4,Jon Weeks,Brandon Parker,Eddy Pineiro,Josiah Deguara,Corliss Waitman,Austen Pleasants,Robert Jones,Hayden Rucci,Drake Nugent,Connor Colby,Carver Willis,Jalyn Holmes,Malik Herring,Nazeeh Johnson,Tony Adams,Kendell Brooks,James Williams,Oluwafemi Oladejo,Micah Robinson,Dorian Mausi,Keldric Faulk,Anthony Hill Jr.
2026007,1,2318,PASS,(:13) (Shotgun) M.Trubisky pass short right to X.Restrepo to SF 43 for 6 yards (J.Stroman).,https://pro.nfl.com/api/plays/summaryPlay?gameId=c66e0345-5f68-11f1-b1d0-bb70a4640075&playId=2318,2,1,10,00:13,49.0,False,False,2100,10,7,0.28290957788703963,11,1,1,3,5,11,3,3,5,Mitchell Trubisky,Michael Carter,Kylen Granson,Cordell Volson,Austin Deculus,Chimere Dike,Elic Ayomanor,Jackson Slater,Brandon Crenshaw-Dickson,Xavier Restrepo,Pat Coogan,Ashtyn Davis,Darrell Luter Jr.,Titus Leo,Xavier Thomas,Tatum Bethune,Jakob Robinson,Sebastian Valdez,Ephesians Prysock,Jaden Dugger,Bryson Eason,Jalen Stroman
2026007,1,2363,TIMEOUT,Timeout #2 by TEN at 00:09.,https://pro.nfl.com/api/plays/summaryPlay?gameId=c66e0345-5f68-11f1-b1d0-bb70a4640075&playId=2363,2,0,0,00:09,,False,,2100,10,7,,0,0,0,0,0,0,0,0,0,,,,,,,,,,,,,,,,,,,,,,
2026007,1,2351,RUSH,(:09) (Shotgun) M.Carter up the middle to SF 37 for 6 yards (X.Thomas; T.Bethune).,https://pro.nfl.com/api/plays/summaryPlay?gameId=c66e0345-5f68-11f1-b1d0-bb70a4640075&playId=2351,2,2,4,00:09,43.0,False,False,2100,10,7,-0.09723391913576052,11,1,1,3,5,11,3,3,5,Mitchell Trubisky,Michael Carter,Kylen Granson,Cordell Volson,Austin Deculus,Chimere Dike,Elic Ayomanor,Jackson Slater,Brandon Crenshaw-Dickson,Xavier Restrepo,Pat Coogan,Ashtyn Davis,Darrell Luter Jr.,Titus Leo,Xavier Thomas,Tatum Bethune,Jakob Robinson,Sebastian Valdez,Ephesians Prysock,Jaden Dugger,Bryson Eason,Jalen Stroman
2026007,1,2392,TIMEOUT,Timeout #3 by TEN at 00:02.,https://pro.nfl.com/api/plays/summaryPlay?gameId=c66e0345-5f68-11f1-b1d0-bb70a4640075&playId=2392,2,0,0,00:02,,False,,2100,10,7,,0,0,0,0,0,0,0,0,0,,,,,,,,,,,,,,,,,,,,,,
2026007,1,2380,FIELD_GOAL,"(:02) J.Slye 55 yard field goal is GOOD, Center-M.Cox, Holder-T.Townsend.",https://pro.nfl.com/api/plays/summaryPlay?gameId=c66e0345-5f68-11f1-b1d0-bb70a4640075&playId=2380,2,1,10,00:02,37.0,False,False,2100,10,7,1.6311557486187667,11,0,2,0,6,11,3,3,5,Morgan Cox,Joey Slye,Tommy Townsend,Zach Thomas,Joel Wilson,David Martin-Robinson,Garrett Dellinger,Fernando Carmona,Pat Coogan,Rasheed Miller,Aamil Wagner,Ashtyn Davis,Darrell Luter Jr.,Titus Leo,Xavier Thomas,Tatum Bethune,Jakob Robinson,Sebastian Valdez,Ephesians Prysock,Jaden Dugger,Bryson Eason,Jalen Stroman
2026007,1,2407,END_QUARTER,END QUARTER 2,https://pro.nfl.com/api/plays/summaryPlay?gameId=c66e0345-5f68-11f1-b1d0-bb70a4640075&playId=2407,2,0,0,,,False,,2100,13,7,,0,0,0,0,0,0,0,0,0,,,,,,,,,,,,,,,,,,,,,,
2026007,1,2438,UNSPECIFIED,** Injury Update: SF-K.Rourke is Out of the game.,https://pro.nfl.com/api/plays/summaryPlay?gameId=c66e0345-5f68-11f1-b1d0-bb70a4640075&playId=2438,3,0,0,,,False,,2100,13,7,,0,0,0,0,0,0,0,0,0,,,,,,,,,,,,,,,,,,,,,,
2026007,1,2425,KICK_OFF,"E.Pineiro kicks 65 yards from SF 35 to TEN 0. C.Jackson to TEN 28 for 28 yards (S.Valdez; K.Herbert).
PENALTY on TEN-D.Mausi, Offensive Holding, 10 yards, enforced at TEN 23.
Penalty on TEN-M.Kinsey, Offensive Holding, declined.",https://pro.nfl.com/api/plays/summaryPlay?gameId=c66e0345-5f68-11f1-b1d0-bb70a4640075&playId=2425,3,0,0,15:00,65.0,False,False,4500,7,13,1.0226548854261637,11,1,1,2,0,11,0,4,2,Ogbo Okoronkwo,Eddy Pineiro,KhaDarel Hodge,Khalil Herbert,Jalen Graham,Hayden Rucci,Nick Martin,Jakob Robinson,Sebastian Valdez,Wesley Grimes,Jalen Stroman,Mason Kinsey,Julius Chestnut,Truman Jones,Dominique Hampton,Courtney Jackson,Dorian Mausi,Xavier Restrepo,Bishop Fitzgerald,Jalen McMurray,Tyren Montgomery,Mani Powell
2026007,1,2464,RUSH,(14:55) (Shotgun) W.Levis up the middle to TEN 21 for 8 yards (S.Valdez).,https://pro.nfl.com/api/plays/summaryPlay?gameId=c66e0345-5f68-11f1-b1d0-bb70a4640075&playId=2464,3,1,10,14:55,87.0,False,False,2100,13,7,0.5871780253946781,11,1,1,3,5,11,3,3,5,Kylen Granson,Cordell Volson,Austin Deculus,Will Levis,Chimere Dike,Elic Ayomanor,Jackson Slater,Brandon Crenshaw-Dickson,Xavier Restrepo,Nicholas Singleton,Pat Coogan,Quinton Bell,Ashtyn Davis,Darrell Luter Jr.,Titus Leo,Tatum Bethune,Nick Martin,Jakob Robinson,Sebastian Valdez,Gracen Halton,Ephesians Prysock,Jalen Stroman
2026007,1,2486,RUSH,(14:18) N.Singleton up the middle to TEN 29 for 8 yards (N.Martin).,https://pro.nfl.com/api/plays/summaryPlay?gameId=c66e0345-5f68-11f1-b1d0-bb70a4640075&playId=2486,3,2,2,14:18,79.0,False,False,2100,13,7,0.6833109823055565,11,1,2,2,5,11,3,3,5,Kylen Granson,Cordell Volson,Austin Deculus,Will Levis,David Martin-Robinson,Chimere Dike,Elic Ayomanor,Jackson Slater,Brandon Crenshaw-Dickson,Nicholas Singleton,Pat Coogan,Quinton Bell,Ashtyn Davis,Darrell Luter Jr.,Titus Leo,Tatum Bethune,Nick Martin,Jakob Robinson,Sebastian Valdez,Gracen Halton,Ephesians Prysock,Jalen Stroman
2026007,1,2508,RUSH,(13:37) (Shotgun) W.Levis right guard to TEN 35 for 6 yards (T.Bethune; N.Martin).,https://pro.nfl.com/api/plays/summaryPlay?gameId=c66e0345-5f68-11f1-b1d0-bb70a4640075&playId=2508,3,1,10,13:37,71.0,False,False,2100,13,7,0.021893259836360812,11,1,1,3,5,11,3,3,5,Cordell Volson,Austin Deculus,Will Levis,David Martin-Robinson,Chimere Dike,Elic Ayomanor,Jackson Slater,Brandon Crenshaw-Dickson,Xavier Restrepo,Nicholas Singleton,Pat Coogan,Quinton Bell,Ashtyn Davis,Darrell Luter Jr.,Titus Leo,Tatum Bethune,Nick Martin,Jakob Robinson,Sebastian Valdez,Gracen Halton,Ephesians Prysock,Jalen Stroman
2026007,1,2530,RUSH,(12:57) N.Singleton right end to TEN 32 for -3 yards (S.Valdez).,https://pro.nfl.com/api/plays/summaryPlay?gameId=c66e0345-5f68-11f1-b1d0-bb70a4640075&playId=2530,3,2,4,12:57,65.0,False,False,2100,13,7,-1.2792469125706702,11,1,2,2,5,11,3,4,4,Kylen Granson,Cordell Volson,Austin Deculus,Will Levis,David Martin-Robinson,Chimere Dike,Elic Ayomanor,Jackson Slater,Brandon Crenshaw-Dickson,Nicholas Singleton,Pat Coogan,Quinton Bell,Ashtyn Davis,Darrell Luter Jr.,Titus Leo,Jalen Graham,Tatum Bethune,Nick Martin,Sebastian Valdez,Gracen Halton,Ephesians Prysock,Jalen Stroman
2026007,1,2552,PASS,(12:14) (Shotgun) W.Levis pass incomplete deep left to E.Ayomanor (D.Luter).,https://pro.nfl.com/api/plays/summaryPlay?gameId=c66e0345-5f68-11f1-b1d0-bb70a4640075&playId=2552,3,3,7,12:14,68.0,False,False,2100,13,7,-1.574347666464746,11,1,1,3,5,11,3,3,5,Michael Carter,Kylen Granson,Cordell Volson,Austin Deculus,Will Levis,Chimere Dike,Elic Ayomanor,Jackson Slater,Brandon Crenshaw-Dickson,Xavier Restrepo,Pat Coogan,Quinton Bell,Ashtyn Davis,Darrell Luter Jr.,Titus Leo,Tatum Bethune,Nick Martin,Jakob Robinson,Sebastian Valdez,Gracen Halton,Ephesians Prysock,Jalen Stroman
2026007,1,2575,PUNT,"(12:08) T.Townsend punts 58 yards to SF 10, Center-M.Cox. W.Pauling to SF 15 for 5 yards (D.Hampton).",https://pro.nfl.com/api/plays/summaryPlay?gameId=c66e0345-5f68-11f1-b1d0-bb70a4640075&playId=2575,3,4,7,12:08,68.0,False,False,2100,13,7,0.4818640765734017,11,0,2,1,0,11,1,2,5,Morgan Cox,Tommy Townsend,Kylen Granson,Joel Wilson,Dominique Hampton,Oluwafemi Oladejo,Derrick Canteen,Bishop Fitzgerald,Jalen McMurray,Tyren Montgomery,Mani Powell,Eli Apple,Quinton Bell,Zamir White,Titus Leo,Patrick McMorris,Hayden Rucci,Nick Martin,Jakob Robinson,Larry Worth,Will Pauling,Jalen Stroman
2026007,1,2613,TIMEOUT,Timeout at 11:56.,https://pro.nfl.com/api/plays/summaryPlay?gameId=c66e0345-5f68-11f1-b1d0-bb70a4640075&playId=2613,3,0,0,11:56,,False,,2100,13,7,,0,0,0,0,0,0,0,0,0,,,,,,,,,,,,,,,,,,,,,,
2026007,1,2601,RUSH,(11:56) S.McCormick up the middle to SF 18 for 3 yards (M.Herring; J.Reed).,https://pro.nfl.com/api/plays/summaryPlay?gameId=c66e0345-5f68-11f1-b1d0-bb70a4640075&playId=2601,3,1,10,11:56,85.0,False,False,4500,7,13,-0.36892994679510593,11,1,1,3,5,11,3,3,5,Malik Turner,Trenton Irwin,Isaac Alarcon,Kion Smith,Doug Kramer,Sincere McCormick,Adrian Martinez,Hayden Rucci,Jordan Watkins,Carver Willis,Enrique Cruz,Earnest Brown IV,Malik Herring,Nazeeh Johnson,Timmy Horne,Jerrick Reed II,Erick Hallett,Kendell Brooks,James Williams,Oluwafemi Oladejo,Micah Robinson,Anthony Hill Jr.
2026007,1,2630,PASS,(11:19) A.Martinez pass incomplete deep left to M.Turner.,https://pro.nfl.com/api/plays/summaryPlay?gameId=c66e0345-5f68-11f1-b1d0-bb70a4640075&playId=2630,3,2,7,11:19,82.0,False,False,4500,7,13,-0.982970517128706,11,1,1,3,5,11,3,3,5,Malik Turner,Trenton Irwin,Isaac Alarcon,Kion Smith,Doug Kramer,Sincere McCormick,Adrian Martinez,Hayden Rucci,Jordan Watkins,Carver Willis,Enrique Cruz,Earnest Brown IV,Malik Herring,Nazeeh Johnson,Timmy Horne,Jerrick Reed II,Erick Hallett,Kendell Brooks,James Williams,Oluwafemi Oladejo,Micah Robinson,Anthony Hill Jr.
2026007,1,2653,PASS,(11:14) (Shotgun) A.Martinez pass incomplete short left to J.Watkins [O.Oladejo].,https://pro.nfl.com/api/plays/summaryPlay?gameId=c66e0345-5f68-11f1-b1d0-bb70a4640075&playId=2653,3,3,7,11:14,82.0,False,False,4500,7,13,-1.4415579759515822,11,1,1,3,5,11,2,4,5,Malik Turner,Trenton Irwin,Isaac Alarcon,Kion Smith,Doug Kramer,Sincere McCormick,Adrian Martinez,Hayden Rucci,Jordan Watkins,Carver Willis,Enrique Cruz,Earnest Brown IV,Malik Herring,Nazeeh Johnson,Jerrick Reed II,Erick Hallett,Truman Jones,Kendell Brooks,James Williams,Oluwafemi Oladejo,Micah Robinson,Anthony Hill Jr.
2026007,1,2676,PUNT,"(11:10) C.Waitman punts 55 yards to TEN 27, Center-J.Weeks. C.Jackson MUFFS catch, and recovers at TEN 24.",https://pro.nfl.com/api/plays/summaryPlay?gameId=c66e0345-5f68-11f1-b1d0-bb70a4640075&playId=2676,3,4,7,11:10,82.0,False,False,4500,7,13,0.9571297047659755,11,0,1,2,0,11,0,3,2,Jon Weeks,KhaDarel Hodge,Malik Turner,Quinton Bell,Josiah Deguara,Corliss Waitman,Jalen Graham,Patrick McMorris,Nick Martin,Larry Worth,Jalen Stroman,Lance McCutcheon,Julius Chestnut,Joel Wilson,Dominique Hampton,Courtney Jackson,Dorian Mausi,Xavier Restrepo,Derrick Canteen,Bishop Fitzgerald,Tyren Montgomery,Mani Powell
2026007,1,2718,TIMEOUT,Timeout at 11:01.,https://pro.nfl.com/api/plays/summaryPlay?gameId=c66e0345-5f68-11f1-b1d0-bb70a4640075&playId=2718,3,0,0,11:01,,False,,2100,13,7,,0,0,0,0,0,0,0,0,0,,,,,,,,,,,,,,,,,,,,,,
2026007,1,2706,RUSH,(11:01) N.Singleton left guard to TEN 24 for no gain (J.Thompson; D.Luter).,https://pro.nfl.com/api/plays/summaryPlay?gameId=c66e0345-5f68-11f1-b1d0-bb70a4640075&playId=2706,3,1,10,11:01,76.0,False,False,2100,13,7,-0.674383114092052,11,1,1,3,5,11,2,4,5,K.J. Osborn,Kylen Granson,Cordell Volson,Austin Deculus,Will Levis,Bryce Oliver,Jackson Slater,Brandon Crenshaw-Dickson,Xavier Restrepo,Nicholas Singleton,Pat Coogan,Ogbo Okoronkwo,Darrell Luter Jr.,Jalen Graham,Xavier Thomas,Patrick McMorris,Tatum Bethune,Jakob Robinson,Ephesians Prysock,Bryson Eason,Jalen Stroman,James Thompson Jr.
2026007,1,2735,PASS,"(10:34) (No Huddle, Shotgun) W.Levis pass incomplete deep middle to X.Restrepo.",https://pro.nfl.com/api/plays/summaryPlay?gameId=c66e0345-5f68-11f1-b1d0-bb70a4640075&playId=2735,3,2,10,10:34,76.0,False,False,2100,13,7,-0.9585136896930635,11,1,1,3,5,11,2,4,5,K.J. Osborn,Kylen Granson,Cordell Volson,Austin Deculus,Will Levis,Bryce Oliver,Jackson Slater,Brandon Crenshaw-Dickson,Xavier Restrepo,Nicholas Singleton,Pat Coogan,Ogbo Okoronkwo,Darrell Luter Jr.,Jalen Graham,Xavier Thomas,Patrick McMorris,Tatum Bethune,Jakob Robinson,Ephesians Prysock,Bryson Eason,Jalen Stroman,James Thompson Jr.
2026007,1,2767,SACK,(10:33) (Shotgun) W.Levis sacked at TEN 16 for -8 yards (O.Okoronkwo).,https://pro.nfl.com/api/plays/summaryPlay?gameId=c66e0345-5f68-11f1-b1d0-bb70a4640075&playId=2767,3,3,10,10:33,76.0,False,False,2100,13,7,-1.867464701179415,11,1,1,3,5,11,2,4,5,K.J. Osborn,Michael Carter,Cordell Volson,Austin Deculus,Will Levis,David Martin-Robinson,Bryce Oliver,Jackson Slater,Brandon Crenshaw-Dickson,Xavier Restrepo,Pat Coogan,Ogbo Okoronkwo,Darrell Luter Jr.,Jalen Graham,Xavier Thomas,Patrick McMorris,Tatum Bethune,Jakob Robinson,Ephesians Prysock,Bryson Eason,Jalen Stroman,James Thompson Jr.
2026007,1,2787,PUNT,"(9:50) T.Townsend punts 45 yards to SF 39, Center-M.Cox. W.Pauling to SF 45 for 6 yards (T.Jones).",https://pro.nfl.com/api/plays/summaryPlay?gameId=c66e0345-5f68-11f1-b1d0-bb70a4640075&playId=2787,3,4,18,09:50,84.0,False,False,2100,13,7,-0.4026930283289403,11,0,1,1,0,11,1,2,5,Morgan Cox,Tommy Townsend,Truman Jones,Joel Wilson,Dominique Hampton,Oluwafemi Oladejo,Xavier Restrepo,Derrick Canteen,Keydrain Calligan,Bishop Fitzgerald,Jalen McMurray,Eli Apple,Quinton Bell,Zamir White,Titus Leo,Patrick McMorris,Hayden Rucci,Nick Martin,Jakob Robinson,Larry Worth,Will Pauling,Jalen Stroman
2026007,1,2825,TIMEOUT,Timeout at 09:38.,https://pro.nfl.com/api/plays/summaryPlay?gameId=c66e0345-5f68-11f1-b1d0-bb70a4640075&playId=2825,3,0,0,09:38,,False,,2100,13,7,,0,0,0,0,0,0,0,0,0,,,,,,,,,,,,,,,,,,,,,,
2026007,1,2813,PASS,(9:38) A.Martinez pass incomplete deep left to J.Watkins.,https://pro.nfl.com/api/plays/summaryPlay?gameId=c66e0345-5f68-11f1-b1d0-bb70a4640075&playId=2813,3,1,10,09:38,55.0,False,False,4500,7,13,-0.5089353478979319,11,1,2,2,5,11,2,5,4,KhaDarel Hodge,Josiah Deguara,Isaac Alarcon,Kion Smith,Doug Kramer,Sincere McCormick,Adrian Martinez,Hayden Rucci,Jordan Watkins,Carver Willis,Enrique Cruz,Khalen Saunders,Nazeeh Johnson,Timmy Horne,Jerrick Reed II,Kendell Brooks,James Williams,Jaylen Harrell,Micah Robinson,Dorian Mausi,Keldric Faulk,Anthony Hill Jr.
2026007,1,2843,RUSH,(9:34) (Shotgun) S.McCormick up the middle to SF 47 for 2 yards (J.Harrell).,https://pro.nfl.com/api/plays/summaryPlay?gameId=c66e0345-5f68-11f1-b1d0-bb70a4640075&playId=2843,3,2,10,09:34,55.0,False,False,4500,7,13,-0.8416013664100319,11,1,1,3,5,11,2,4,5,KhaDarel Hodge,Trenton Irwin,Isaac Alarcon,Kion Smith,Doug Kramer,Sincere McCormick,Adrian Martinez,Hayden Rucci,Jordan Watkins,Carver Willis,Enrique Cruz,Khalen Saunders,Nazeeh Johnson,Timmy Horne,Jerrick Reed II,Erick Hallett,Kendell Brooks,James Williams,Jaylen Harrell,Micah Robinson,Keldric Faulk,Anthony Hill Jr.
2026007,1,2865,PASS,(8:49) (Shotgun) A.Martinez pass short middle to K.Hodge to TEN 38 for 15 yards (K.Brooks).,https://pro.nfl.com/api/plays/summaryPlay?gameId=c66e0345-5f68-11f1-b1d0-bb70a4640075&playId=2865,3,3,8,08:49,53.0,False,False,4500,7,13,2.4079396137967706,11,1,1,3,5,11,2,4,5,KhaDarel Hodge,Trenton Irwin,Josiah Deguara,Isaac Alarcon,Kion Smith,Doug Kramer,Sincere McCormick,Adrian Martinez,Jordan Watkins,Carver Willis,Enrique Cruz,Earnest Brown IV,Malik Herring,Nazeeh Johnson,Jerrick Reed II,Erick Hallett,Kendell Brooks,James Williams,Jaylen Harrell,Micah Robinson,Keldric Faulk,Anthony Hill Jr.
2026007,1,2890,RUSH,(8:12) (Shotgun) S.McCormick right tackle to TEN 31 for 7 yards (Ja.Williams; J.Reed).,https://pro.nfl.com/api/plays/summaryPlay?gameId=c66e0345-5f68-11f1-b1d0-bb70a4640075&playId=2890,3,1,10,08:12,38.0,False,False,4500,7,13,0.3940680444939062,11,1,1,3,5,11,2,4,5,KhaDarel Hodge,Trenton Irwin,Josiah Deguara,Isaac Alarcon,Kion Smith,Doug Kramer,Sincere McCormick,Adrian Martinez,Jordan Watkins,Carver Willis,Enrique Cruz,Khalen Saunders,Earnest Brown IV,Nazeeh Johnson,Jerrick Reed II,Erick Hallett,Kendell Brooks,James Williams,Jaylen Harrell,Micah Robinson,Keldric Faulk,Anthony Hill Jr.
2026007,1,2912,RUSH,(7:38) K.Herbert up the middle to TEN 29 for 2 yards (K.Brooks; N.Johnson).,https://pro.nfl.com/api/plays/summaryPlay?gameId=c66e0345-5f68-11f1-b1d0-bb70a4640075&playId=2912,3,2,3,07:38,31.0,False,False,4500,7,13,-0.32792770012747496,11,1,2,2,5,11,2,5,4,KhaDarel Hodge,Josiah Deguara,Isaac Alarcon,Khalil Herbert,Kion Smith,Doug Kramer,Adrian Martinez,Hayden Rucci,Jordan Watkins,Carver Willis,Enrique Cruz,Khalen Saunders,Earnest Brown IV,Nazeeh Johnson,Jerrick Reed II,Truman Jones,Kendell Brooks,James Williams,Jaylen Harrell,Micah Robinson,Dorian Mausi,Anthony Hill Jr.
2026007,1,2934,PENALTY,"(6:56) A.Martinez pass short right to S.McCormick to TEN 27 for 2 yards (Ja.Williams).
PENALTY on SF-I.Alarcon, Ineligible Downfield Pass, 5 yards, enforced at TEN 29 - No Play.",https://pro.nfl.com/api/plays/summaryPlay?gameId=c66e0345-5f68-11f1-b1d0-bb70a4640075&playId=2934,3,3,1,06:56,29.0,False,False,4500,7,13,-0.9180995738133788,11,1,2,2,5,11,3,4,4,KhaDarel Hodge,Josiah Deguara,Isaac Alarcon,Kion Smith,Doug Kramer,Sincere McCormick,Adrian Martinez,Hayden Rucci,Jordan Watkins,Carver Willis,Enrique Cruz,Khalen Saunders,Earnest Brown IV,Malik Herring,Nazeeh Johnson,Jerrick Reed II,Truman Jones,Kendell Brooks,James Williams,Micah Robinson,Dorian Mausi,Anthony Hill Jr.
2026007,1,2970,PASS,(6:26) (Shotgun) A.Martinez pass incomplete deep left to M.Turner.,https://pro.nfl.com/api/plays/summaryPlay?gameId=c66e0345-5f68-11f1-b1d0-bb70a4640075&playId=2970,3,3,6,06:26,34.0,False,False,4500,7,13,-1.4561795552726835,11,1,1,3,5,11,2,4,5,Malik Turner,Trenton Irwin,Isaac Alarcon,Khalil Herbert,Kion Smith,Doug Kramer,Adrian Martinez,Hayden Rucci,Jordan Watkins,Carver Willis,Enrique Cruz,Earnest Brown IV,Malik Herring,Nazeeh Johnson,Jerrick Reed II,Erick Hallett,Truman Jones,Kendell Brooks,James Williams,Jaylen Harrell,Micah Robinson,Anthony Hill Jr.
2026007,1,2993,FIELD_GOAL,"(6:22) E.Pineiro 52 yard field goal is GOOD, Center-J.Weeks, Holder-C.Waitman.",https://pro.nfl.com/api/plays/summaryPlay?gameId=c66e0345-5f68-11f1-b1d0-bb70a4640075&playId=2993,3,4,6,06:22,34.0,False,False,4500,7,13,1.5412071235477924,11,0,2,0,6,11,2,5,4,Jon Weeks,Brandon Parker,Eddy Pineiro,Josiah Deguara,Corliss Waitman,Isaac Alarcon,Kion Smith,Doug Kramer,Hayden Rucci,Carver Willis,Enrique Cruz,Earnest Brown IV,Malik Herring,Nazeeh Johnson,Jerrick Reed II,Truman Jones,Kendell Brooks,James Williams,Jaylen Harrell,Micah Robinson,Dorian Mausi,Anthony Hill Jr.
2026007,1,3023,TIMEOUT,Timeout at 06:18.,https://pro.nfl.com/api/plays/summaryPlay?gameId=c66e0345-5f68-11f1-b1d0-bb70a4640075&playId=3023,3,0,0,06:18,,False,,2100,13,10,,0,0,0,0,0,0,0,0,0,,,,,,,,,,,,,,,,,,,,,,
2026007,1,3013,KICK_OFF,E.Pineiro kicks 65 yards from SF 35 to TEN 0. M.Carter to TEN 30 for 30 yards (K.Herbert).,https://pro.nfl.com/api/plays/summaryPlay?gameId=c66e0345-5f68-11f1-b1d0-bb70a4640075&playId=3013,3,0,0,06:18,65.0,False,False,4500,10,13,-0.26138252997770905,11,1,1,2,0,11,0,2,4,Ogbo Okoronkwo,Eddy Pineiro,KhaDarel Hodge,Quinton Bell,Khalil Herbert,Jalen Graham,Hayden Rucci,Nick Martin,Jakob Robinson,Wesley Grimes,Jalen Stroman,Mason Kinsey,Michael Carter,Kylen Granson,Jerrick Reed II,Erick Hallett,Joel Wilson,Dorian Mausi,Derrick Canteen,Sean Brown,Jalen McMurray,Tyren Montgomery
2026007,1,3043,SACK,(6:10) W.Levis sacked at TEN 20 for -10 yards (T.Bethune).,https://pro.nfl.com/api/plays/summaryPlay?gameId=c66e0345-5f68-11f1-b1d0-bb70a4640075&playId=3043,3,1,10,06:10,70.0,False,False,2100,13,10,-1.7187329167500138,11,1,2,2,5,11,3,3,5,K.J. Osborn,Cordell Volson,Austin Deculus,Will Levis,Joel Wilson,David Martin-Robinson,Bryce Oliver,Jackson Slater,Brandon Crenshaw-Dickson,Nicholas Singleton,Pat Coogan,Darrell Luter Jr.,Titus Leo,Xavier Thomas,Patrick McMorris,Tatum Bethune,Nick Martin,Jakob Robinson,Sebastian Valdez,Gracen Halton,Ephesians Prysock,Jalen Stroman
2026007,1,3063,PASS,"(5:28) (Shotgun) W.Levis pass short right to D.Martin-Robinson to TEN 37 for 17 yards (N.Martin).
PENALTY on SF-N.Martin, Unnecessary Roughness, 15 yards, enforced at TEN 37.",https://pro.nfl.com/api/plays/summaryPlay?gameId=c66e0345-5f68-11f1-b1d0-bb70a4640075&playId=3063,3,2,20,05:28,80.0,False,False,2100,13,10,3.1093079305719584,11,1,1,3,5,11,3,3,5,K.J. Osborn,Cordell Volson,Austin Deculus,Will Levis,David Martin-Robinson,Bryce Oliver,Jackson Slater,Brandon Crenshaw-Dickson,Xavier Restrepo,Nicholas Singleton,Pat Coogan,Darrell Luter Jr.,Titus Leo,Xavier Thomas,Patrick McMorris,Tatum Bethune,Nick Martin,Jakob Robinson,Sebastian Valdez,Gracen Halton,Ephesians Prysock,Jalen Stroman
2026007,1,3099,RUSH,(5:06) N.Singleton left end to SF 40 for 8 yards (S.Valdez).,https://pro.nfl.com/api/plays/summaryPlay?gameId=c66e0345-5f68-11f1-b1d0-bb70a4640075&playId=3099,3,1,10,05:06,48.0,False,False,2100,13,10,0.4969866923056543,11,1,1,3,5,11,3,4,4,K.J. Osborn,Kylen Granson,Cordell Volson,Austin Deculus,Will Levis,Bryce Oliver,Jackson Slater,Brandon Crenshaw-Dickson,Xavier Restrepo,Nicholas Singleton,Pat Coogan,Darrell Luter Jr.,Titus Leo,Jalen Graham,Xavier Thomas,Patrick McMorris,Tatum Bethune,Nick Martin,Sebastian Valdez,Gracen Halton,Ephesians Prysock,Jalen Stroman
2026007,1,3121,RUSH,(4:25) J.Chestnut right guard to SF 37 for 3 yards (T.Bethune).,https://pro.nfl.com/api/plays/summaryPlay?gameId=c66e0345-5f68-11f1-b1d0-bb70a4640075&playId=3121,3,2,2,04:25,40.0,False,False,2100,13,10,0.12171631888486445,11,1,2,2,5,11,3,4,4,K.J. Osborn,Kylen Granson,Cordell Volson,Austin Deculus,Julius Chestnut,Will Levis,David Martin-Robinson,Bryce Oliver,Jackson Slater,Brandon Crenshaw-Dickson,Pat Coogan,Darrell Luter Jr.,Titus Leo,Jalen Graham,Xavier Thomas,Patrick McMorris,Tatum Bethune,Nick Martin,Sebastian Valdez,Gracen Halton,Ephesians Prysock,Jalen Stroman
2026007,1,3143,PASS,(3:48) W.Levis pass incomplete deep middle to B.Oliver [Q.Bell].,https://pro.nfl.com/api/plays/summaryPlay?gameId=c66e0345-5f68-11f1-b1d0-bb70a4640075&playId=3143,3,1,10,03:48,37.0,False,False,2100,13,10,-0.5492576570250094,11,1,2,2,5,11,2,5,4,K.J. Osborn,Kylen Granson,Cordell Volson,Austin Deculus,Will Levis,David Martin-Robinson,Bryce Oliver,Jackson Slater,Brandon Crenshaw-Dickson,Nicholas Singleton,Pat Coogan,Ogbo Okoronkwo,Quinton Bell,Darrell Luter Jr.,Jalen Graham,Patrick McMorris,Tatum Bethune,Nick Martin,Ephesians Prysock,Bryson Eason,Jalen Stroman,James Thompson Jr.
2026007,1,3166,PASS,(3:40) (Shotgun) W.Levis pass incomplete short left.,https://pro.nfl.com/api/plays/summaryPlay?gameId=c66e0345-5f68-11f1-b1d0-bb70a4640075&playId=3166,3,2,10,03:40,37.0,False,False,2100,13,10,-0.8852098619099706,11,1,1,3,5,11,2,4,5,Mason Kinsey,Kylen Granson,Cordell Volson,Austin Deculus,Lance McCutcheon,Will Levis,Jackson Slater,Brandon Crenshaw-Dickson,Xavier Restrepo,Nicholas Singleton,Pat Coogan,Ogbo Okoronkwo,Quinton Bell,Darrell Luter Jr.,Patrick McMorris,Tatum Bethune,Nick Martin,Jakob Robinson,Ephesians Prysock,Bryson Eason,Jalen Stroman,James Thompson Jr.
2026007,1,3189,RUSH,(3:36) (Shotgun) W.Levis up the middle to SF 35 for 2 yards (N.Martin; T.Bethune).,https://pro.nfl.com/api/plays/summaryPlay?gameId=c66e0345-5f68-11f1-b1d0-bb70a4640075&playId=3189,3,3,10,03:36,37.0,False,False,2100,13,10,-0.8607973533216864,11,1,1,3,5,11,2,4,5,Mason Kinsey,Michael Carter,Kylen Granson,Cordell Volson,Austin Deculus,Lance McCutcheon,Will Levis,Jackson Slater,Brandon Crenshaw-Dickson,Xavier Restrepo,Pat Coogan,Ogbo Okoronkwo,Quinton Bell,Darrell Luter Jr.,Patrick McMorris,Tatum Bethune,Nick Martin,Jakob Robinson,Ephesians Prysock,Bryson Eason,Jalen Stroman,James Thompson Jr.
2026007,1,3211,FIELD_GOAL,"(2:52) J.Slye 53 yard field goal is GOOD, Center-M.Cox, Holder-T.Townsend.",https://pro.nfl.com/api/plays/summaryPlay?gameId=c66e0345-5f68-11f1-b1d0-bb70a4640075&playId=3211,3,4,8,02:52,35.0,False,False,2100,13,10,1.5307965441606939,11,0,2,0,6,11,2,4,5,Morgan Cox,Joey Slye,Tommy Townsend,Zach Thomas,Joel Wilson,David Martin-Robinson,Garrett Dellinger,Fernando Carmona,Pat Coogan,Rasheed Miller,Aamil Wagner,Ogbo Okoronkwo,Quinton Bell,Darrell Luter Jr.,Jalen Graham,Patrick McMorris,Nick Martin,Jakob Robinson,Ephesians Prysock,Bryson Eason,Jalen Stroman,James Thompson Jr.
2026007,1,3231,KICK_OFF,J.Slye kicks 63 yards from TEN 35 to SF 2. W.Pauling to SF 26 for 24 yards (J.Chestnut).,https://pro.nfl.com/api/plays/summaryPlay?gameId=c66e0345-5f68-11f1-b1d0-bb70a4640075&playId=3231,3,0,0,02:47,65.0,False,False,2100,16,10,0.0049480656161904335,11,1,1,4,0,11,0,2,3,Joey Slye,Mason Kinsey,Kylen Granson,Lance McCutcheon,Mario Goodrich,Julius Chestnut,Truman Jones,Dominique Hampton,Xavier Restrepo,Anthony Hill Jr.,Tyren Montgomery,KhaDarel Hodge,Quinton Bell,Josiah Deguara,Khalil Herbert,Hayden Rucci,Nick Martin,Ephesians Prysock,Larry Worth,Wesley Grimes,Will Pauling,Jalen Stroman
2026007,1,3254,RUSH,(2:42) K.Herbert right guard to SF 34 for 8 yards (B.Fitzgerald; D.Canteen).,https://pro.nfl.com/api/plays/summaryPlay?gameId=c66e0345-5f68-11f1-b1d0-bb70a4640075&playId=3254,3,1,10,02:42,74.0,False,False,4500,10,16,0.5539146875962615,11,1,2,2,5,11,2,5,4,Malik Turner,Josiah Deguara,Isaac Alarcon,Khalil Herbert,Kion Smith,Doug Kramer,Adrian Martinez,Hayden Rucci,Jordan Watkins,Carver Willis,Enrique Cruz,Khalen Saunders,Nazeeh Johnson,Timmy Horne,Truman Jones,Jaylen Harrell,Micah Robinson,Dorian Mausi,Derrick Canteen,Anthony Hill Jr.,Bishop Fitzgerald,Mani Powell
2026007,1,3276,RUSH,(2:09) K.Herbert up the middle to SF 41 for 7 yards (D.Mausi; B.Fitzgerald).,https://pro.nfl.com/api/plays/summaryPlay?gameId=c66e0345-5f68-11f1-b1d0-bb70a4640075&playId=3276,3,2,2,02:09,66.0,False,False,4500,10,16,0.34981980244629085,11,1,2,2,5,11,2,5,4,Malik Turner,Josiah Deguara,Isaac Alarcon,Khalil Herbert,Kion Smith,Doug Kramer,Adrian Martinez,Hayden Rucci,Jordan Watkins,Carver Willis,Enrique Cruz,Khalen Saunders,Nazeeh Johnson,Timmy Horne,Truman Jones,Jaylen Harrell,Micah Robinson,Dorian Mausi,Derrick Canteen,Anthony Hill Jr.,Bishop Fitzgerald,Mani Powell
2026007,1,3298,SACK,(1:35) A.Martinez sacked at SF 33 for -8 yards (sack split by T.Horne and M.Powell).,https://pro.nfl.com/api/plays/summaryPlay?gameId=c66e0345-5f68-11f1-b1d0-bb70a4640075&playId=3298,3,1,10,01:35,59.0,False,False,4500,10,16,-1.4350439144764096,11,1,2,2,5,11,2,5,4,Malik Turner,Josiah Deguara,Isaac Alarcon,Khalil Herbert,Kion Smith,Doug Kramer,Adrian Martinez,Hayden Rucci,Jordan Watkins,Carver Willis,Enrique Cruz,Khalen Saunders,Nazeeh Johnson,Timmy Horne,Truman Jones,Jaylen Harrell,Micah Robinson,Dorian Mausi,Derrick Canteen,Anthony Hill Jr.,Bishop Fitzgerald,Mani Powell
2026007,1,3318,PASS,(:53) (Shotgun) A.Martinez pass short left to J.Watkins to SF 40 for 7 yards (K.Saunders; A.Hill). TEN-J.Harrell was injured during the play.,https://pro.nfl.com/api/plays/summaryPlay?gameId=c66e0345-5f68-11f1-b1d0-bb70a4640075&playId=3318,3,2,18,00:53,67.0,False,False,4500,10,16,-0.46545901033096015,11,1,1,3,5,11,2,4,5,KhaDarel Hodge,Trenton Irwin,Isaac Alarcon,Khalil Herbert,Kion Smith,Doug Kramer,Adrian Martinez,Hayden Rucci,Jordan Watkins,Carver Willis,Enrique Cruz,Khalen Saunders,Nazeeh Johnson,Timmy Horne,Erick Hallett,Truman Jones,Jaylen Harrell,Micah Robinson,Dorian Mausi,Derrick Canteen,Anthony Hill Jr.,Bishop Fitzgerald
2026007,1,3346,PASS,(:23) (Shotgun) A.Martinez pass short left to K.Herbert pushed ob at TEN 41 for 19 yards (N.Johnson).,https://pro.nfl.com/api/plays/summaryPlay?gameId=c66e0345-5f68-11f1-b1d0-bb70a4640075&playId=3346,3,3,11,00:23,60.0,False,False,4500,10,16,2.985389548353851,11,1,1,3,5,11,3,3,5,KhaDarel Hodge,Trenton Irwin,Josiah Deguara,Isaac Alarcon,Khalil Herbert,Kion Smith,Doug Kramer,Adrian Martinez,Jordan Watkins,Carver Willis,Enrique Cruz,Khalen Saunders,Malik Herring,Nazeeh Johnson,Timmy Horne,Erick Hallett,Truman Jones,Micah Robinson,Dorian Mausi,Derrick Canteen,Anthony Hill Jr.,Bishop Fitzgerald
2026007,1,3376,END_QUARTER,END QUARTER 3,https://pro.nfl.com/api/plays/summaryPlay?gameId=c66e0345-5f68-11f1-b1d0-bb70a4640075&playId=3376,3,0,0,,,False,,2100,16,10,,0,0,0,0,0,0,0,0,0,,,,,,,,,,,,,,,,,,,,,,
2026007,1,3396,PASS,(15:00) (Shotgun) A.Martinez pass short middle to J.Watkins to TEN 21 for 20 yards (D.Canteen; N.Johnson).,https://pro.nfl.com/api/plays/summaryPlay?gameId=c66e0345-5f68-11f1-b1d0-bb70a4640075&playId=3396,4,1,10,15:00,41.0,False,False,4500,10,16,1.2747502443380654,11,1,2,2,5,11,3,3,5,KhaDarel Hodge,Josiah Deguara,Isaac Alarcon,Kion Smith,Zamir White,Doug Kramer,Adrian Martinez,Hayden Rucci,Jordan Watkins,Carver Willis,Enrique Cruz,Earnest Brown IV,Malik Herring,Nazeeh Johnson,Erick Hallett,Truman Jones,Micah Robinson,Laki Tasi,Dorian Mausi,Derrick Canteen,Anthony Hill Jr.,Bishop Fitzgerald
2026007,1,3421,PASS,(14:22) A.Martinez pass short right to J.Watkins to TEN 13 for 8 yards (M.Robinson).,https://pro.nfl.com/api/plays/summaryPlay?gameId=c66e0345-5f68-11f1-b1d0-bb70a4640075&playId=3421,4,1,10,14:22,21.0,False,False,4500,10,16,0.5654685507761315,11,1,2,2,5,11,3,3,5,KhaDarel Hodge,Josiah Deguara,Isaac Alarcon,Kion Smith,Zamir White,Doug Kramer,Adrian Martinez,Hayden Rucci,Jordan Watkins,Carver Willis,Enrique Cruz,Earnest Brown IV,Malik Herring,Nazeeh Johnson,Erick Hallett,Truman Jones,Micah Robinson,Laki Tasi,Dorian Mausi,Derrick Canteen,Anthony Hill Jr.,Bishop Fitzgerald
2026007,1,3451,RUSH,(13:39) Z.White right guard to TEN 14 for -1 yards (O.Oladejo).,https://pro.nfl.com/api/plays/summaryPlay?gameId=c66e0345-5f68-11f1-b1d0-bb70a4640075&playId=3451,4,2,2,13:39,13.0,False,True,4500,10,16,-0.8754162967670709,11,1,2,2,5,11,3,3,5,KhaDarel Hodge,Josiah Deguara,Isaac Alarcon,Kion Smith,Zamir White,Doug Kramer,Adrian Martinez,Hayden Rucci,Jordan Watkins,Carver Willis,Enrique Cruz,Jalyn Holmes,Khalen Saunders,Malik Herring,Nazeeh Johnson,Erick Hallett,Oluwafemi Oladejo,Micah Robinson,Dorian Mausi,Derrick Canteen,Anthony Hill Jr.,Bishop Fitzgerald
2026007,1,3473,RUSH,(13:00) (Shotgun) K.Herbert up the middle to TEN 13 for 1 yard (J.Holmes; K.Saunders).,https://pro.nfl.com/api/plays/summaryPlay?gameId=c66e0345-5f68-11f1-b1d0-bb70a4640075&playId=3473,4,3,3,13:00,14.0,False,True,4500,10,16,-1.371284011285752,11,1,1,3,5,11,3,3,5,KhaDarel Hodge,Trenton Irwin,Isaac Alarcon,Khalil Herbert,Kion Smith,Doug Kramer,Adrian Martinez,Hayden Rucci,Jordan Watkins,Carver Willis,Enrique Cruz,Jalyn Holmes,Khalen Saunders,Malik Herring,Nazeeh Johnson,Erick Hallett,Oluwafemi Oladejo,Micah Robinson,Dorian Mausi,Derrick Canteen,Anthony Hill Jr.,Bishop Fitzgerald
2026007,1,3495,PASS,(12:16) (Shotgun) A.Martinez pass incomplete short right to J.Watkins.,https://pro.nfl.com/api/plays/summaryPlay?gameId=c66e0345-5f68-11f1-b1d0-bb70a4640075&playId=3495,4,4,2,12:16,13.0,False,True,4500,10,16,-3.658211102359928,11,1,1,3,5,11,3,3,5,KhaDarel Hodge,Trenton Irwin,Isaac Alarcon,Khalil Herbert,Kion Smith,Doug Kramer,Adrian Martinez,Hayden Rucci,Jordan Watkins,Carver Willis,Enrique Cruz,Jalyn Holmes,Khalen Saunders,Malik Herring,Nazeeh Johnson,Erick Hallett,Oluwafemi Oladejo,Micah Robinson,Dorian Mausi,Derrick Canteen,Anthony Hill Jr.,Bishop Fitzgerald
2026007,1,3541,TIMEOUT,Timeout at 12:11.,https://pro.nfl.com/api/plays/summaryPlay?gameId=c66e0345-5f68-11f1-b1d0-bb70a4640075&playId=3541,4,0,0,12:11,,False,,2100,16,10,,0,0,0,0,0,0,0,0,0,,,,,,,,,,,,,,,,,,,,,,
2026007,1,3529,RUSH,(12:11) M.Carter up the middle to TEN 17 for 4 yards (T.Leo).,https://pro.nfl.com/api/plays/summaryPlay?gameId=c66e0345-5f68-11f1-b1d0-bb70a4640075&playId=3529,4,1,10,12:11,87.0,False,False,2100,16,10,-0.01592223672196269,11,1,1,3,5,11,3,2,6,K.J. Osborn,Michael Carter,Cordell Volson,Zach Thomas,Will Levis,Joel Wilson,Bryce Oliver,Jackson Slater,Brandon Crenshaw-Dickson,Pat Coogan,Hank Beatty,Eli Apple,Titus Leo,Jalen Graham,Xavier Thomas,Patrick McMorris,Jakob Robinson,Sebastian Valdez,Gracen Halton,Ephesians Prysock,Larry Worth,Jalen Stroman
2026007,1,3558,RUSH,(11:36) (Shotgun) W.Levis scrambles left end ran ob at TEN 23 for 6 yards (E.Prysock).,https://pro.nfl.com/api/plays/summaryPlay?gameId=c66e0345-5f68-11f1-b1d0-bb70a4640075&playId=3558,4,2,6,11:36,83.0,False,False,2100,16,10,0.7751414841040969,11,1,1,3,5,11,3,2,6,K.J. Osborn,Michael Carter,Cordell Volson,Zach Thomas,Will Levis,Joel Wilson,Bryce Oliver,Jackson Slater,Brandon Crenshaw-Dickson,Pat Coogan,Hank Beatty,Eli Apple,Titus Leo,Jalen Graham,Xavier Thomas,Patrick McMorris,Jakob Robinson,Sebastian Valdez,Gracen Halton,Ephesians Prysock,Larry Worth,Jalen Stroman
2026007,1,3585,PASS,(11:04) (Shotgun) W.Levis pass short left to M.Carter to TEN 36 for 13 yards (L.Worth).,https://pro.nfl.com/api/plays/summaryPlay?gameId=c66e0345-5f68-11f1-b1d0-bb70a4640075&playId=3585,4,1,10,11:04,77.0,False,False,2100,16,10,0.7742550750263035,11,1,1,3,5,11,3,2,6,K.J. Osborn,Michael Carter,Cordell Volson,Zach Thomas,Will Levis,David Martin-Robinson,Bryce Oliver,Jackson Slater,Brandon Crenshaw-Dickson,Pat Coogan,Hank Beatty,Eli Apple,Titus Leo,Jalen Graham,Xavier Thomas,Patrick McMorris,Jakob Robinson,Sebastian Valdez,Gracen Halton,Ephesians Prysock,Larry Worth,Jalen Stroman
2026007,1,3610,PASS,(10:25) (Shotgun) W.Levis pass incomplete deep right to H.Beatty (E.Apple).,https://pro.nfl.com/api/plays/summaryPlay?gameId=c66e0345-5f68-11f1-b1d0-bb70a4640075&playId=3610,4,1,10,10:25,64.0,False,False,2100,16,10,-0.5620598839595914,11,1,1,3,5,11,2,3,6,Mason Kinsey,Michael Carter,Cordell Volson,Zach Thomas,Lance McCutcheon,Will Levis,David Martin-Robinson,Jackson Slater,Brandon Crenshaw-Dickson,Pat Coogan,Hank Beatty,Eli Apple,Ogbo Okoronkwo,Quinton Bell,Jalen Graham,Patrick McMorris,Jakob Robinson,Ephesians Prysock,Larry Worth,Bryson Eason,Jalen Stroman,James Thompson Jr.
2026007,1,3633,SACK,(10:20) (Shotgun) W.Levis sacked at TEN 27 for -9 yards (sack split by J.Thompson and L.Worth).,https://pro.nfl.com/api/plays/summaryPlay?gameId=c66e0345-5f68-11f1-b1d0-bb70a4640075&playId=3633,4,2,10,10:20,64.0,False,False,2100,16,10,-2.0276841283775866,11,1,1,3,5,11,2,3,6,Mason Kinsey,Cordell Volson,Zach Thomas,Lance McCutcheon,Julius Chestnut,Will Levis,Joel Wilson,Jackson Slater,Brandon Crenshaw-Dickson,Pat Coogan,Hank Beatty,Eli Apple,Ogbo Okoronkwo,Quinton Bell,Jalen Graham,Patrick McMorris,Jakob Robinson,Ephesians Prysock,Larry Worth,Bryson Eason,Jalen Stroman,James Thompson Jr.
2026007,1,3653,PASS,(9:36) (Shotgun) W.Levis pass short left to B.Oliver to TEN 39 for 12 yards (J.Graham).,https://pro.nfl.com/api/plays/summaryPlay?gameId=c66e0345-5f68-11f1-b1d0-bb70a4640075&playId=3653,4,3,19,09:36,73.0,False,False,2100,16,10,-0.23675174731761217,11,1,1,3,5,11,2,3,6,K.J. Osborn,Cordell Volson,Zach Thomas,Julius Chestnut,Will Levis,Joel Wilson,Bryce Oliver,Jackson Slater,Brandon Crenshaw-Dickson,Xavier Restrepo,Pat Coogan,Eli Apple,Ogbo Okoronkwo,Quinton Bell,Jalen Graham,Patrick McMorris,Jakob Robinson,Ephesians Prysock,Larry Worth,Bryson Eason,Jalen Stroman,James Thompson Jr.
2026007,1,3678,PUNT,"(8:55) T.Townsend punts 47 yards to SF 14, Center-M.Cox. W.Pauling to SF 17 for 3 yards (L.McCutcheon; E.Hallett).",https://pro.nfl.com/api/plays/summaryPlay?gameId=c66e0345-5f68-11f1-b1d0-bb70a4640075&playId=3678,4,4,7,08:55,61.0,False,False,2100,16,10,-0.2876281742937863,11,1,1,1,0,11,1,2,5,Morgan Cox,Tommy Townsend,Nazeeh Johnson,Lance McCutcheon,Erick Hallett,David Martin-Robinson,Derrick Canteen,Anthony Hill Jr.,Nicholas Singleton,Sean Brown,Mani Powell,Eli Apple,Quinton Bell,Zamir White,Titus Leo,Patrick McMorris,Hayden Rucci,Nick Martin,Jakob Robinson,Larry Worth,Will Pauling,Jalen Stroman
2026007,1,3716,TIMEOUT,Timeout at 08:45.,https://pro.nfl.com/api/plays/summaryPlay?gameId=c66e0345-5f68-11f1-b1d0-bb70a4640075&playId=3716,4,0,0,08:45,,False,,2100,16,10,,0,0,0,0,0,0,0,0,0,,,,,,,,,,,,,,,,,,,,,,
2026007,1,3704,PASS,"(8:45) (Shotgun) A.Martinez pass short right to W.Pauling to SF 19 for 2 yards (D.Canteen).
PENALTY on TEN-J.Reed, Face Mask, 15 yards, enforced at SF 19.",https://pro.nfl.com/api/plays/summaryPlay?gameId=c66e0345-5f68-11f1-b1d0-bb70a4640075&playId=3704,4,1,10,08:45,83.0,False,False,4500,10,16,0.7750401587691158,11,1,2,2,5,11,3,3,5,Josiah Deguara,Isaac Alarcon,Kion Smith,Zamir White,Doug Kramer,Adrian Martinez,Hayden Rucci,Carver Willis,Enrique Cruz,Wesley Grimes,Will Pauling,Khalen Saunders,Malik Herring,Mario Goodrich,Timmy Horne,Jerrick Reed II,Truman Jones,Kendell Brooks,Dorian Mausi,Derrick Canteen,Keydrain Calligan,Mani Powell
2026007,1,3747,PASS,(8:24) (Shotgun) A.Martinez pass short middle to W.Grimes to SF 41 for 7 yards (D.Hampton).,https://pro.nfl.com/api/plays/summaryPlay?gameId=c66e0345-5f68-11f1-b1d0-bb70a4640075&playId=3747,4,1,10,08:24,66.0,False,False,4500,10,16,0.3591162071097642,11,1,2,2,5,11,3,4,4,Josiah Deguara,Isaac Alarcon,Kion Smith,Zamir White,Doug Kramer,Adrian Martinez,Hayden Rucci,Carver Willis,Enrique Cruz,Wesley Grimes,Will Pauling,Khalen Saunders,Malik Herring,Mario Goodrich,Timmy Horne,Jerrick Reed II,Truman Jones,Kendell Brooks,Dominique Hampton,Dorian Mausi,Keydrain Calligan,Mani Powell
2026007,1,3772,RUSH,(7:42) Z.White left guard to SF 43 for 2 yards (M.Powell; M.Goodrich).,https://pro.nfl.com/api/plays/summaryPlay?gameId=c66e0345-5f68-11f1-b1d0-bb70a4640075&playId=3772,4,2,3,07:42,59.0,False,False,4500,10,16,-0.07490640855394304,11,1,2,2,5,11,3,4,4,Josiah Deguara,Isaac Alarcon,Kion Smith,Zamir White,Doug Kramer,Adrian Martinez,Hayden Rucci,Carver Willis,Enrique Cruz,Wesley Grimes,Will Pauling,Khalen Saunders,Malik Herring,Mario Goodrich,Timmy Horne,Jerrick Reed II,Truman Jones,Kendell Brooks,Dominique Hampton,Dorian Mausi,Keydrain Calligan,Mani Powell
2026007,1,3799,RUSH,(7:06) K.Herbert up the middle to SF 41 for -2 yards (K.Saunders).,https://pro.nfl.com/api/plays/summaryPlay?gameId=c66e0345-5f68-11f1-b1d0-bb70a4640075&playId=3799,4,3,1,07:06,57.0,False,False,4500,10,16,-2.538400175748393,11,1,2,2,5,11,3,3,5,Josiah Deguara,Isaac Alarcon,Khalil Herbert,Kion Smith,Doug Kramer,Adrian Martinez,Hayden Rucci,Carver Willis,Enrique Cruz,Wesley Grimes,Will Pauling,Khalen Saunders,Malik Herring,Mario Goodrich,Timmy Horne,Jerrick Reed II,Truman Jones,Kendell Brooks,Dorian Mausi,Keydrain Calligan,Jalen McMurray,Mani Powell
2026007,1,3821,PUNT,"(6:22) C.Waitman punts 43 yards to TEN 16, Center-J.Weeks, fair catch by H.Beatty.
PENALTY on TEN-K.Osborn, Offensive Holding, 8 yards, enforced at TEN 16.",https://pro.nfl.com/api/plays/summaryPlay?gameId=c66e0345-5f68-11f1-b1d0-bb70a4640075&playId=3821,4,4,3,06:22,59.0,False,False,4500,10,16,0.16149918409064412,11,1,1,2,0,11,0,3,3,Jon Weeks,KhaDarel Hodge,Malik Turner,Josiah Deguara,Corliss Waitman,Khalil Herbert,Jalen Graham,Patrick McMorris,Nick Martin,Larry Worth,Jalen Stroman,K.J. Osborn,Nazeeh Johnson,Lance McCutcheon,Erick Hallett,Truman Jones,Dominique Hampton,David Martin-Robinson,Oluwafemi Oladejo,Xavier Restrepo,Derrick Canteen,Hank Beatty
2026007,1,3864,TIMEOUT,Timeout at 06:14.,https://pro.nfl.com/api/plays/summaryPlay?gameId=c66e0345-5f68-11f1-b1d0-bb70a4640075&playId=3864,4,0,0,06:14,,False,,2100,16,10,,0,0,0,0,0,0,0,0,0,,,,,,,,,,,,,,,,,,,,,,
2026007,1,3852,PENALTY,"(6:14) PENALTY on TEN-D.Moss, False Start, 4 yards, enforced at TEN 8 - No Play.",https://pro.nfl.com/api/plays/summaryPlay?gameId=c66e0345-5f68-11f1-b1d0-bb70a4640075&playId=3852,4,1,10,06:14,92.0,False,False,2100,16,10,-0.594251835718751,11,1,2,2,5,11,3,3,5,Andre James,Zach Thomas,Julius Chestnut,Hendon Hooker,Joel Wilson,David Martin-Robinson,Garrett Dellinger,Courtney Jackson,Drew Moss,Rasheed Miller,Tyren Montgomery,Eli Apple,Titus Leo,Jalen Graham,Xavier Thomas,Patrick McMorris,Nick Martin,Jakob Robinson,Sebastian Valdez,Gracen Halton,Ephesians Prysock,Jalen Stroman
2026007,1,3883,RUSH,(6:14) J.Chestnut left guard to TEN 10 for 6 yards (G.Halton; N.Martin).,https://pro.nfl.com/api/plays/summaryPlay?gameId=c66e0345-5f68-11f1-b1d0-bb70a4640075&playId=3883,4,1,14,06:14,96.0,False,False,2100,16,10,0.13286961242556572,11,1,1,3,5,11,3,3,5,Andre James,Zach Thomas,Julius Chestnut,Hendon Hooker,Joel Wilson,Garrett Dellinger,Courtney Jackson,Drew Moss,Hank Beatty,Rasheed Miller,Tyren Montgomery,Eli Apple,Titus Leo,Jalen Graham,Xavier Thomas,Patrick McMorris,Nick Martin,Jakob Robinson,Sebastian Valdez,Gracen Halton,Ephesians Prysock,Jalen Stroman
2026007,1,3905,RUSH,(5:38) (Shotgun) J.Chestnut left guard to TEN 44 for 34 yards (J.Stroman).,https://pro.nfl.com/api/plays/summaryPlay?gameId=c66e0345-5f68-11f1-b1d0-bb70a4640075&playId=3905,4,2,8,05:38,90.0,False,False,2100,16,10,2.478951762896031,11,1,1,3,5,11,3,3,5,Andre James,Zach Thomas,Julius Chestnut,Hendon Hooker,Joel Wilson,Garrett Dellinger,Courtney Jackson,Drew Moss,Hank Beatty,Rasheed Miller,Tyren Montgomery,Eli Apple,Titus Leo,Jalen Graham,Xavier Thomas,Patrick McMorris,Nick Martin,Jakob Robinson,Sebastian Valdez,Gracen Halton,Ephesians Prysock,Jalen Stroman
2026007,1,3927,RUSH,(4:54) (Shotgun) J.Chestnut up the middle to TEN 47 for 3 yards (L.Worth).,https://pro.nfl.com/api/plays/summaryPlay?gameId=c66e0345-5f68-11f1-b1d0-bb70a4640075&playId=3927,4,1,10,04:54,56.0,False,False,2100,16,10,-0.38524983497336507,11,1,1,3,5,11,3,2,6,Andre James,Mason Kinsey,Zach Thomas,Lance McCutcheon,Julius Chestnut,Hendon Hooker,Joel Wilson,Garrett Dellinger,Drew Moss,Hank Beatty,Rasheed Miller,Eli Apple,Titus Leo,Jalen Graham,Xavier Thomas,Patrick McMorris,Jakob Robinson,Sebastian Valdez,Gracen Halton,Ephesians Prysock,Larry Worth,Jalen Stroman
2026007,1,3949,RUSH,(4:17) (Shotgun) J.Chestnut up the middle to TEN 48 for 1 yard (B.Eason; Q.Bell).,https://pro.nfl.com/api/plays/summaryPlay?gameId=c66e0345-5f68-11f1-b1d0-bb70a4640075&playId=3949,4,2,7,04:17,53.0,False,False,2100,16,10,-0.5490964388009161,11,1,1,3,5,11,2,3,6,Andre James,Mason Kinsey,Zach Thomas,Lance McCutcheon,Julius Chestnut,Hendon Hooker,Joel Wilson,Garrett Dellinger,Drew Moss,Hank Beatty,Rasheed Miller,Eli Apple,Ogbo Okoronkwo,Quinton Bell,Jalen Graham,Patrick McMorris,Jakob Robinson,Ephesians Prysock,Larry Worth,Bryson Eason,Jalen Stroman,James Thompson Jr.
2026007,1,3971,PASS,(3:35) (Shotgun) H.Hooker pass short right to X.Restrepo pushed ob at SF 42 for 10 yards (E.Apple).,https://pro.nfl.com/api/plays/summaryPlay?gameId=c66e0345-5f68-11f1-b1d0-bb70a4640075&playId=3971,4,3,6,03:35,52.0,False,False,2100,16,10,1.6439737565815449,11,1,1,3,5,11,2,3,6,Andre James,Mason Kinsey,Michael Carter,Zach Thomas,Lance McCutcheon,Hendon Hooker,Joel Wilson,Garrett Dellinger,Xavier Restrepo,Drew Moss,Rasheed Miller,Eli Apple,Ogbo Okoronkwo,Quinton Bell,Jalen Graham,Patrick McMorris,Jakob Robinson,Ephesians Prysock,Larry Worth,Bryson Eason,Jalen Stroman,James Thompson Jr.
2026007,1,4001,RUSH,"(3:30) H.Hooker FUMBLES (Aborted) at SF 44, and recovers at SF 45. H.Hooker to SF 46 for -1 yards. FUMBLES, touched at SF 44, and recovers at SF 47.",https://pro.nfl.com/api/plays/summaryPlay?gameId=c66e0345-5f68-11f1-b1d0-bb70a4640075&playId=4001,4,1,10,03:30,42.0,False,False,2100,16,10,-0.9660038647707552,11,1,2,2,5,11,2,3,6,Andre James,Zach Thomas,Lance McCutcheon,Julius Chestnut,Hendon Hooker,Joel Wilson,David Martin-Robinson,Garrett Dellinger,Drew Moss,Rasheed Miller,Tyren Montgomery,Eli Apple,Ogbo Okoronkwo,Quinton Bell,Jalen Graham,Patrick McMorris,Jakob Robinson,Ephesians Prysock,Larry Worth,Bryson Eason,Jalen Stroman,James Thompson Jr.
2026007,1,4028,PASS,(2:46) (Shotgun) H.Hooker pass short left to C.Jackson to SF 40 for 7 yards (E.Prysock).,https://pro.nfl.com/api/plays/summaryPlay?gameId=c66e0345-5f68-11f1-b1d0-bb70a4640075&playId=4028,4,2,15,02:46,47.0,False,False,2100,16,10,-0.04849043022841215,11,1,2,2,5,11,3,2,6,Andre James,Zach Thomas,Julius Chestnut,Hendon Hooker,Joel Wilson,David Martin-Robinson,Garrett Dellinger,Courtney Jackson,Drew Moss,Rasheed Miller,Tyren Montgomery,Eli Apple,Titus Leo,Jalen Graham,Xavier Thomas,Patrick McMorris,Jakob Robinson,Sebastian Valdez,Gracen Halton,Ephesians Prysock,Larry Worth,Jalen Stroman
2026007,1,4069,TIMEOUT,Timeout #1 by SF at 02:32.,https://pro.nfl.com/api/plays/summaryPlay?gameId=c66e0345-5f68-11f1-b1d0-bb70a4640075&playId=4069,4,0,0,02:32,,False,,2100,16,10,,0,0,0,0,0,0,0,0,0,,,,,,,,,,,,,,,,,,,,,,
2026007,1,4057,PASS,(2:32) (Shotgun) H.Hooker pass incomplete short left to X.Restrepo.,https://pro.nfl.com/api/plays/summaryPlay?gameId=c66e0345-5f68-11f1-b1d0-bb70a4640075&playId=4057,4,3,8,02:32,40.0,False,False,2100,16,10,-1.7214024843415245,11,1,1,3,5,11,3,2,6,Andre James,Mason Kinsey,Michael Carter,Kylen Granson,Zach Thomas,Hendon Hooker,Garrett Dellinger,Courtney Jackson,Xavier Restrepo,Drew Moss,Rasheed Miller,Eli Apple,Titus Leo,Jalen Graham,Xavier Thomas,Patrick McMorris,Jakob Robinson,Sebastian Valdez,Gracen Halton,Ephesians Prysock,Larry Worth,Jalen Stroman
2026007,1,4095,FIELD_GOAL,"(2:28) J.Slye 58 yard field goal is GOOD, Center-M.Cox, Holder-T.Townsend.",https://pro.nfl.com/api/plays/summaryPlay?gameId=c66e0345-5f68-11f1-b1d0-bb70a4640075&playId=4095,4,4,8,02:28,40.0,False,False,2100,16,10,2.6842892681015655,11,0,2,0,6,11,3,2,6,Morgan Cox,Joey Slye,Tommy Townsend,Zach Thomas,Joel Wilson,David Martin-Robinson,Garrett Dellinger,Fernando Carmona,Pat Coogan,Rasheed Miller,Aamil Wagner,Eli Apple,Titus Leo,Jalen Graham,Xavier Thomas,Patrick McMorris,Jakob Robinson,Sebastian Valdez,Gracen Halton,Ephesians Prysock,Larry Worth,Jalen Stroman
2026007,1,4115,KICK_OFF,J.Slye kicks 54 yards from TEN 35 to SF 11. W.Pauling to SF 28 for 17 yards (D.Mausi).,https://pro.nfl.com/api/plays/summaryPlay?gameId=c66e0345-5f68-11f1-b1d0-bb70a4640075&playId=4115,4,0,0,02:23,65.0,False,False,2100,19,10,-0.035212224116548896,11,0,1,5,0,11,0,2,3,Joey Slye,K.J. Osborn,Mason Kinsey,Kylen Granson,Lance McCutcheon,Erick Hallett,Truman Jones,Dominique Hampton,Dorian Mausi,Xavier Restrepo,Tyren Montgomery,KhaDarel Hodge,Quinton Bell,Josiah Deguara,Khalil Herbert,Hayden Rucci,Nick Martin,Ephesians Prysock,Larry Worth,Wesley Grimes,Will Pauling,Jalen Stroman
2026007,1,4160,RUSH,(2:19) (Shotgun) A.Martinez scrambles right end ran ob at SF 36 for 8 yards (J.McMurray).,https://pro.nfl.com/api/plays/summaryPlay?gameId=c66e0345-5f68-11f1-b1d0-bb70a4640075&playId=4160,4,1,10,02:19,72.0,False,False,4500,10,19,0.501076374668628,11,1,1,3,5,11,3,3,5,Trenton Irwin,Josiah Deguara,Isaac Alarcon,Khalil Herbert,Kion Smith,Doug Kramer,Adrian Martinez,Carver Willis,Enrique Cruz,Wesley Grimes,Will Pauling,Jalyn Holmes,Mario Goodrich,Timmy Horne,Truman Jones,Laki Tasi,Derrick Canteen,Keydrain Calligan,Sean Brown,Bishop Fitzgerald,Jalen McMurray,Mani Powell
2026007,1,4187,PASS,(2:10) (Shotgun) A.Martinez pass short right to J.Deguara to SF 37 for 1 yard (S.Brown).,https://pro.nfl.com/api/plays/summaryPlay?gameId=c66e0345-5f68-11f1-b1d0-bb70a4640075&playId=4187,4,2,2,02:10,64.0,False,False,4500,10,19,-0.3080860963091254,11,1,1,3,5,11,3,3,5,Trenton Irwin,Josiah Deguara,Isaac Alarcon,Khalil Herbert,Kion Smith,Doug Kramer,Adrian Martinez,Carver Willis,Enrique Cruz,Wesley Grimes,Will Pauling,Jalyn Holmes,Mario Goodrich,Timmy Horne,Truman Jones,Laki Tasi,Derrick Canteen,Keydrain Calligan,Sean Brown,Bishop Fitzgerald,Jalen McMurray,Mani Powell
2026007,1,4224,TIMEOUT,Two-Minute Warning,https://pro.nfl.com/api/plays/summaryPlay?gameId=c66e0345-5f68-11f1-b1d0-bb70a4640075&playId=4224,4,0,0,02:00,,False,,2100,19,10,,0,0,0,0,0,0,0,0,0,,,,,,,,,,,,,,,,,,,,,,
2026007,1,4212,PASS,(2:00) (Shotgun) A.Martinez pass short right to J.Deguara pushed ob at SF 48 for 11 yards (D.Canteen).,https://pro.nfl.com/api/plays/summaryPlay?gameId=c66e0345-5f68-11f1-b1d0-bb70a4640075&playId=4212,4,3,1,02:00,63.0,False,False,4500,10,19,0.8927145710913464,11,1,1,3,5,11,3,3,5,Trenton Irwin,Josiah Deguara,Isaac Alarcon,Khalil Herbert,Kion Smith,Doug Kramer,Adrian Martinez,Carver Willis,Enrique Cruz,Wesley Grimes,Will Pauling,Jalyn Holmes,Malik Herring,Mario Goodrich,Timmy Horne,Truman Jones,Derrick Canteen,Keydrain Calligan,Sean Brown,Bishop Fitzgerald,Jalen McMurray,Mani Powell
2026007,1,4249,PASS,(1:54) (Shotgun) A.Martinez pass incomplete short left to J.Deguara.,https://pro.nfl.com/api/plays/summaryPlay?gameId=c66e0345-5f68-11f1-b1d0-bb70a4640075&playId=4249,4,1,10,01:54,52.0,False,False,4500,10,19,-0.34195832104887813,11,1,1,3,5,11,3,3,5,Trenton Irwin,Josiah Deguara,Isaac Alarcon,Khalil Herbert,Kion Smith,Doug Kramer,Adrian Martinez,Carver Willis,Enrique Cruz,Wesley Grimes,Will Pauling,Jalyn Holmes,Malik Herring,Mario Goodrich,Timmy Horne,Truman Jones,Derrick Canteen,Keydrain Calligan,Sean Brown,Bishop Fitzgerald,Jalen McMurray,Mani Powell
2026007,1,4272,PASS,(1:48) (Shotgun) A.Martinez pass short left to W.Pauling to SF 48 for no gain (T.Jones).,https://pro.nfl.com/api/plays/summaryPlay?gameId=c66e0345-5f68-11f1-b1d0-bb70a4640075&playId=4272,4,2,10,01:48,52.0,False,False,4500,10,19,-0.4308173470199108,11,1,1,3,5,11,3,3,5,Trenton Irwin,Josiah Deguara,Isaac Alarcon,Khalil Herbert,Kion Smith,Doug Kramer,Adrian Martinez,Carver Willis,Enrique Cruz,Wesley Grimes,Will Pauling,Jalyn Holmes,Malik Herring,Mario Goodrich,Timmy Horne,Truman Jones,Derrick Canteen,Keydrain Calligan,Sean Brown,Bishop Fitzgerald,Jalen McMurray,Mani Powell
2026007,1,4297,PASS,"(1:29) (No Huddle, Shotgun) A.Martinez pass short right to W.Pauling to TEN 46 for 6 yards (J.McMurray; M.Powell).",https://pro.nfl.com/api/plays/summaryPlay?gameId=c66e0345-5f68-11f1-b1d0-bb70a4640075&playId=4297,4,3,10,01:29,52.0,False,False,4500,10,19,-0.7530521905282512,11,1,1,3,5,11,3,3,5,Trenton Irwin,Josiah Deguara,Isaac Alarcon,Khalil Herbert,Kion Smith,Doug Kramer,Adrian Martinez,Carver Willis,Enrique Cruz,Wesley Grimes,Will Pauling,Jalyn Holmes,Malik Herring,Mario Goodrich,Timmy Horne,Truman Jones,Derrick Canteen,Keydrain Calligan,Sean Brown,Bishop Fitzgerald,Jalen McMurray,Mani Powell
2026007,1,4338,TIMEOUT,Timeout #2 by SF at 01:23.,https://pro.nfl.com/api/plays/summaryPlay?gameId=c66e0345-5f68-11f1-b1d0-bb70a4640075&playId=4338,4,0,0,01:23,,False,,2100,19,10,,0,0,0,0,0,0,0,0,0,,,,,,,,,,,,,,,,,,,,,,
2026007,1,4326,PASS,(1:23) (Shotgun) A.Martinez pass short middle to T.Irwin to TEN 39 for 7 yards (D.Canteen).,https://pro.nfl.com/api/plays/summaryPlay?gameId=c66e0345-5f68-11f1-b1d0-bb70a4640075&playId=4326,4,4,4,01:23,46.0,False,False,4500,10,19,2.210007717832923,11,1,1,3,5,11,3,3,5,Trenton Irwin,Josiah Deguara,Isaac Alarcon,Khalil Herbert,Kion Smith,Doug Kramer,Adrian Martinez,Carver Willis,Enrique Cruz,Wesley Grimes,Will Pauling,Jalyn Holmes,Earnest Brown IV,Malik Herring,Mario Goodrich,Truman Jones,Derrick Canteen,Keydrain Calligan,Sean Brown,Bishop Fitzgerald,Jalen McMurray,Mani Powell
2026007,1,4358,PASS,"(1:07) (No Huddle, Shotgun) A.Martinez pass short right to K.Herbert to TEN 23 for 16 yards (M.Powell).",https://pro.nfl.com/api/plays/summaryPlay?gameId=c66e0345-5f68-11f1-b1d0-bb70a4640075&playId=4358,4,1,10,01:07,39.0,False,False,4500,10,19,1.0876304390840232,11,1,1,3,5,11,3,3,5,Trenton Irwin,Josiah Deguara,Isaac Alarcon,Khalil Herbert,Kion Smith,Doug Kramer,Adrian Martinez,Carver Willis,Enrique Cruz,Wesley Grimes,Will Pauling,Jalyn Holmes,Earnest Brown IV,Malik Herring,Mario Goodrich,Truman Jones,Derrick Canteen,Keydrain Calligan,Sean Brown,Bishop Fitzgerald,Jalen McMurray,Mani Powell
2026007,1,4383,PASS,(:52) (No Huddle) A.Martinez spiked the ball to stop the clock.,https://pro.nfl.com/api/plays/summaryPlay?gameId=c66e0345-5f68-11f1-b1d0-bb70a4640075&playId=4383,4,1,10,00:52,23.0,False,False,4500,10,19,-0.35373173060361296,11,1,1,3,5,11,3,3,5,Trenton Irwin,Josiah Deguara,Isaac Alarcon,Khalil Herbert,Kion Smith,Doug Kramer,Adrian Martinez,Carver Willis,Enrique Cruz,Wesley Grimes,Will Pauling,Jalyn Holmes,Earnest Brown IV,Malik Herring,Mario Goodrich,Truman Jones,Derrick Canteen,Keydrain Calligan,Sean Brown,Bishop Fitzgerald,Jalen McMurray,Mani Powell
2026007,1,4406,FIELD_GOAL,"(:51) E.Pineiro 41 yard field goal is GOOD, Center-J.Weeks, Holder-C.Waitman.",https://pro.nfl.com/api/plays/summaryPlay?gameId=c66e0345-5f68-11f1-b1d0-bb70a4640075&playId=4406,4,2,10,00:51,23.0,False,False,4500,10,19,-0.7157015250995755,11,0,2,0,6,11,2,5,4,Jon Weeks,Brandon Parker,Eddy Pineiro,Josiah Deguara,Corliss Waitman,Isaac Alarcon,Kion Smith,Doug Kramer,Hayden Rucci,Carver Willis,Enrique Cruz,Khalen Saunders,Mario Goodrich,Timmy Horne,Truman Jones,Dominique Hampton,Oluwafemi Oladejo,Derrick Canteen,Keydrain Calligan,Sean Brown,Bishop Fitzgerald,Mani Powell
2026007,1,4439,TIMEOUT,Timeout #1 by TEN at 00:48.,https://pro.nfl.com/api/plays/summaryPlay?gameId=c66e0345-5f68-11f1-b1d0-bb70a4640075&playId=4439,4,0,0,00:48,,False,,2100,19,13,,0,0,0,0,0,0,0,0,0,,,,,,,,,,,,,,,,,,,,,,
2026007,1,4426,KICK_OFF,"E.Pineiro kicks onside 14 yards from SF 35 to SF 49, impetus ends at SF 49, out of bounds.",https://pro.nfl.com/api/plays/summaryPlay?gameId=c66e0345-5f68-11f1-b1d0-bb70a4640075&playId=4426,4,0,0,00:48,65.0,False,False,4500,13,19,-1.4790059159277007,11,2,2,3,0,11,0,2,1,Eddy Pineiro,Malik Turner,Trenton Irwin,Josiah Deguara,Khalil Herbert,Sincere McCormick,Jalen Graham,Patrick McMorris,Hayden Rucci,Wesley Grimes,Jalen Stroman,K.J. Osborn,Mason Kinsey,Kylen Granson,Lance McCutcheon,Erick Hallett,Joel Wilson,Dominique Hampton,David Martin-Robinson,Bryce Oliver,Xavier Restrepo,Mani Powell
2026007,1,4455,RUSH,(:47) H.Hooker kneels to 50 for -1 yards.,https://pro.nfl.com/api/plays/summaryPlay?gameId=c66e0345-5f68-11f1-b1d0-bb70a4640075&playId=4455,4,1,10,00:47,49.0,False,False,2100,19,13,0.0,11,1,3,1,5,11,2,3,6,Andre James,Michael Carter,Kylen Granson,Hendon Hooker,Joel Wilson,David Martin-Robinson,Garrett Dellinger,Drew Moss,Rasheed Miller,Tyren Montgomery,Aamil Wagner,Eli Apple,Quinton Bell,Jalen Graham,Xavier Thomas,Patrick McMorris,Jakob Robinson,Ephesians Prysock,Larry Worth,Bryson Eason,Jalen Stroman,James Thompson Jr.
2026007,1,4477,RUSH,(:20) H.Hooker kneels to TEN 49 for -1 yards.,https://pro.nfl.com/api/plays/summaryPlay?gameId=c66e0345-5f68-11f1-b1d0-bb70a4640075&playId=4477,4,2,11,00:20,50.0,False,False,2100,19,13,0.0,11,1,3,1,5,11,2,3,6,Andre James,Michael Carter,Kylen Granson,Hendon Hooker,Joel Wilson,David Martin-Robinson,Garrett Dellinger,Drew Moss,Rasheed Miller,Tyren Montgomery,Aamil Wagner,Eli Apple,Quinton Bell,Jalen Graham,Xavier Thomas,Patrick McMorris,Jakob Robinson,Ephesians Prysock,Larry Worth,Bryson Eason,Jalen Stroman,James Thompson Jr.
2026007,1,4499,END_GAME,END GAME,https://pro.nfl.com/api/plays/summaryPlay?gameId=c66e0345-5f68-11f1-b1d0-bb70a4640075&playId=4499,4,0,0,00:00,,False,,2100,19,13,,0,0,0,0,0,0,0,0,0,,,,,,,,,,,,,,,,,,,,,,
