gameId,week,nflPlayId,nflPlayType,nflPlayDescription,side,playerName,teamId,position
2026001,0,40,KICK_OFF,C.Ryland kicks 67 yards from AZ 35 to CAR -2. A.Tyus to CAR 25 for 27 yards (I.Oliver).,off,Isaiah Oliver,3800,FS
2026001,0,40,KICK_OFF,C.Ryland kicks 67 yards from AZ 35 to CAR -2. A.Tyus to CAR 25 for 27 yards (I.Oliver).,off,Simi Fehoko,3800,WR
2026001,0,40,KICK_OFF,C.Ryland kicks 67 yards from AZ 35 to CAR -2. A.Tyus to CAR 25 for 27 yards (I.Oliver).,off,BJ Ojulari,3800,OLB
2026001,0,40,KICK_OFF,C.Ryland kicks 67 yards from AZ 35 to CAR -2. A.Tyus to CAR 25 for 27 yards (I.Oliver).,off,Chad Ryland,3800,K
2026001,0,40,KICK_OFF,C.Ryland kicks 67 yards from AZ 35 to CAR -2. A.Tyus to CAR 25 for 27 yards (I.Oliver).,off,Owen Pappoe,3800,ILB
2026001,0,40,KICK_OFF,C.Ryland kicks 67 yards from AZ 35 to CAR -2. A.Tyus to CAR 25 for 27 yards (I.Oliver).,off,Kei'Trel Clark,3800,CB
2026001,0,40,KICK_OFF,C.Ryland kicks 67 yards from AZ 35 to CAR -2. A.Tyus to CAR 25 for 27 yards (I.Oliver).,off,Eku Leota,3800,OLB
2026001,0,40,KICK_OFF,C.Ryland kicks 67 yards from AZ 35 to CAR -2. A.Tyus to CAR 25 for 27 yards (I.Oliver).,off,Dadrion Taylor-Demerson,3800,FS
2026001,0,40,KICK_OFF,C.Ryland kicks 67 yards from AZ 35 to CAR -2. A.Tyus to CAR 25 for 27 yards (I.Oliver).,off,Kalen King,3800,CB
2026001,0,40,KICK_OFF,C.Ryland kicks 67 yards from AZ 35 to CAR -2. A.Tyus to CAR 25 for 27 yards (I.Oliver).,off,Austin Keys,3800,ILB
2026001,0,40,KICK_OFF,C.Ryland kicks 67 yards from AZ 35 to CAR -2. A.Tyus to CAR 25 for 27 yards (I.Oliver).,off,Karson Sharar,3800,ILB
2026001,0,40,KICK_OFF,C.Ryland kicks 67 yards from AZ 35 to CAR -2. A.Tyus to CAR 25 for 27 yards (I.Oliver).,def,David Moore,0750,WR
2026001,0,40,KICK_OFF,C.Ryland kicks 67 yards from AZ 35 to CAR -2. A.Tyus to CAR 25 for 27 yards (I.Oliver).,def,Trevis Gipson,0750,DE
2026001,0,40,KICK_OFF,C.Ryland kicks 67 yards from AZ 35 to CAR -2. A.Tyus to CAR 25 for 27 yards (I.Oliver).,def,Feleipe Franks,0750,TE
2026001,0,40,KICK_OFF,C.Ryland kicks 67 yards from AZ 35 to CAR -2. A.Tyus to CAR 25 for 27 yards (I.Oliver).,def,James Mitchell,0750,TE
2026001,0,40,KICK_OFF,C.Ryland kicks 67 yards from AZ 35 to CAR -2. A.Tyus to CAR 25 for 27 yards (I.Oliver).,def,Claudin Cherelus,0750,ILB
2026001,0,40,KICK_OFF,C.Ryland kicks 67 yards from AZ 35 to CAR -2. A.Tyus to CAR 25 for 27 yards (I.Oliver).,def,Thomas Incoom,0750,OLB
2026001,0,40,KICK_OFF,C.Ryland kicks 67 yards from AZ 35 to CAR -2. A.Tyus to CAR 25 for 27 yards (I.Oliver).,def,Brycen Tremayne,0750,WR
2026001,0,40,KICK_OFF,C.Ryland kicks 67 yards from AZ 35 to CAR -2. A.Tyus to CAR 25 for 27 yards (I.Oliver).,def,Ja'Tavion Sanders,0750,TE
2026001,0,40,KICK_OFF,C.Ryland kicks 67 yards from AZ 35 to CAR -2. A.Tyus to CAR 25 for 27 yards (I.Oliver).,def,Trevor Etienne,0750,RB
2026001,0,40,KICK_OFF,C.Ryland kicks 67 yards from AZ 35 to CAR -2. A.Tyus to CAR 25 for 27 yards (I.Oliver).,def,Bam Martin-Scott,0750,ILB
2026001,0,40,KICK_OFF,C.Ryland kicks 67 yards from AZ 35 to CAR -2. A.Tyus to CAR 25 for 27 yards (I.Oliver).,def,Anthony Tyus III,0750,RB
2026001,0,63,PASS,(14:54) (Shotgun) K.Pickett pass short left to J.Sanders to CAR 31 for 6 yards (D.Taylor-Demerson).,off,David Moore,0750,WR
2026001,0,63,PASS,(14:54) (Shotgun) K.Pickett pass short left to J.Sanders to CAR 31 for 6 yards (D.Taylor-Demerson).,off,Brady Christensen,0750,T
2026001,0,63,PASS,(14:54) (Shotgun) K.Pickett pass short left to J.Sanders to CAR 31 for 6 yards (D.Taylor-Demerson).,off,Stone Forsythe,0750,T
2026001,0,63,PASS,(14:54) (Shotgun) K.Pickett pass short left to J.Sanders to CAR 31 for 6 yards (D.Taylor-Demerson).,off,Kenny Pickett,0750,QB
2026001,0,63,PASS,(14:54) (Shotgun) K.Pickett pass short left to J.Sanders to CAR 31 for 6 yards (D.Taylor-Demerson).,off,John Metchie III,0750,WR
2026001,0,63,PASS,(14:54) (Shotgun) K.Pickett pass short left to J.Sanders to CAR 31 for 6 yards (D.Taylor-Demerson).,off,Chandler Zavala,0750,G
2026001,0,63,PASS,(14:54) (Shotgun) K.Pickett pass short left to J.Sanders to CAR 31 for 6 yards (D.Taylor-Demerson).,off,Brycen Tremayne,0750,WR
2026001,0,63,PASS,(14:54) (Shotgun) K.Pickett pass short left to J.Sanders to CAR 31 for 6 yards (D.Taylor-Demerson).,off,Ja'Tavion Sanders,0750,TE
2026001,0,63,PASS,(14:54) (Shotgun) K.Pickett pass short left to J.Sanders to CAR 31 for 6 yards (D.Taylor-Demerson).,off,Trevor Etienne,0750,RB
2026001,0,63,PASS,(14:54) (Shotgun) K.Pickett pass short left to J.Sanders to CAR 31 for 6 yards (D.Taylor-Demerson).,off,Sam Hecht,0750,C
2026001,0,63,PASS,(14:54) (Shotgun) K.Pickett pass short left to J.Sanders to CAR 31 for 6 yards (D.Taylor-Demerson).,off,Albert Reese,0750,T
2026001,0,63,PASS,(14:54) (Shotgun) K.Pickett pass short left to J.Sanders to CAR 31 for 6 yards (D.Taylor-Demerson).,def,Andrew Billings,3800,DT
2026001,0,63,PASS,(14:54) (Shotgun) K.Pickett pass short left to J.Sanders to CAR 31 for 6 yards (D.Taylor-Demerson).,def,Jonah Williams,3800,DE
2026001,0,63,PASS,(14:54) (Shotgun) K.Pickett pass short left to J.Sanders to CAR 31 for 6 yards (D.Taylor-Demerson).,def,Zachary Carter,3800,DT
2026001,0,63,PASS,(14:54) (Shotgun) K.Pickett pass short left to J.Sanders to CAR 31 for 6 yards (D.Taylor-Demerson).,def,BJ Ojulari,3800,OLB
2026001,0,63,PASS,(14:54) (Shotgun) K.Pickett pass short left to J.Sanders to CAR 31 for 6 yards (D.Taylor-Demerson).,def,Owen Pappoe,3800,ILB
2026001,0,63,PASS,(14:54) (Shotgun) K.Pickett pass short left to J.Sanders to CAR 31 for 6 yards (D.Taylor-Demerson).,def,Kei'Trel Clark,3800,CB
2026001,0,63,PASS,(14:54) (Shotgun) K.Pickett pass short left to J.Sanders to CAR 31 for 6 yards (D.Taylor-Demerson).,def,Eku Leota,3800,OLB
2026001,0,63,PASS,(14:54) (Shotgun) K.Pickett pass short left to J.Sanders to CAR 31 for 6 yards (D.Taylor-Demerson).,def,Elijah Jones,3800,CB
2026001,0,63,PASS,(14:54) (Shotgun) K.Pickett pass short left to J.Sanders to CAR 31 for 6 yards (D.Taylor-Demerson).,def,Dadrion Taylor-Demerson,3800,FS
2026001,0,63,PASS,(14:54) (Shotgun) K.Pickett pass short left to J.Sanders to CAR 31 for 6 yards (D.Taylor-Demerson).,def,Kalen King,3800,CB
2026001,0,63,PASS,(14:54) (Shotgun) K.Pickett pass short left to J.Sanders to CAR 31 for 6 yards (D.Taylor-Demerson).,def,Kitan Crawford,3800,FS
2026001,0,88,PASS,(14:14) (Shotgun) K.Pickett pass short right to J.Sanders to CAR 33 for 2 yards (K.King).,off,David Moore,0750,WR
2026001,0,88,PASS,(14:14) (Shotgun) K.Pickett pass short right to J.Sanders to CAR 33 for 2 yards (K.King).,off,Brady Christensen,0750,T
2026001,0,88,PASS,(14:14) (Shotgun) K.Pickett pass short right to J.Sanders to CAR 33 for 2 yards (K.King).,off,Stone Forsythe,0750,T
2026001,0,88,PASS,(14:14) (Shotgun) K.Pickett pass short right to J.Sanders to CAR 33 for 2 yards (K.King).,off,Kenny Pickett,0750,QB
2026001,0,88,PASS,(14:14) (Shotgun) K.Pickett pass short right to J.Sanders to CAR 33 for 2 yards (K.King).,off,John Metchie III,0750,WR
2026001,0,88,PASS,(14:14) (Shotgun) K.Pickett pass short right to J.Sanders to CAR 33 for 2 yards (K.King).,off,Chandler Zavala,0750,G
2026001,0,88,PASS,(14:14) (Shotgun) K.Pickett pass short right to J.Sanders to CAR 33 for 2 yards (K.King).,off,Brycen Tremayne,0750,WR
2026001,0,88,PASS,(14:14) (Shotgun) K.Pickett pass short right to J.Sanders to CAR 33 for 2 yards (K.King).,off,Ja'Tavion Sanders,0750,TE
2026001,0,88,PASS,(14:14) (Shotgun) K.Pickett pass short right to J.Sanders to CAR 33 for 2 yards (K.King).,off,Trevor Etienne,0750,RB
2026001,0,88,PASS,(14:14) (Shotgun) K.Pickett pass short right to J.Sanders to CAR 33 for 2 yards (K.King).,off,Sam Hecht,0750,C
2026001,0,88,PASS,(14:14) (Shotgun) K.Pickett pass short right to J.Sanders to CAR 33 for 2 yards (K.King).,off,Albert Reese,0750,T
2026001,0,88,PASS,(14:14) (Shotgun) K.Pickett pass short right to J.Sanders to CAR 33 for 2 yards (K.King).,def,Andrew Billings,3800,DT
2026001,0,88,PASS,(14:14) (Shotgun) K.Pickett pass short right to J.Sanders to CAR 33 for 2 yards (K.King).,def,Jonah Williams,3800,DE
2026001,0,88,PASS,(14:14) (Shotgun) K.Pickett pass short right to J.Sanders to CAR 33 for 2 yards (K.King).,def,Zachary Carter,3800,DT
2026001,0,88,PASS,(14:14) (Shotgun) K.Pickett pass short right to J.Sanders to CAR 33 for 2 yards (K.King).,def,BJ Ojulari,3800,OLB
2026001,0,88,PASS,(14:14) (Shotgun) K.Pickett pass short right to J.Sanders to CAR 33 for 2 yards (K.King).,def,Owen Pappoe,3800,ILB
2026001,0,88,PASS,(14:14) (Shotgun) K.Pickett pass short right to J.Sanders to CAR 33 for 2 yards (K.King).,def,Kei'Trel Clark,3800,CB
2026001,0,88,PASS,(14:14) (Shotgun) K.Pickett pass short right to J.Sanders to CAR 33 for 2 yards (K.King).,def,Eku Leota,3800,OLB
2026001,0,88,PASS,(14:14) (Shotgun) K.Pickett pass short right to J.Sanders to CAR 33 for 2 yards (K.King).,def,Elijah Jones,3800,CB
2026001,0,88,PASS,(14:14) (Shotgun) K.Pickett pass short right to J.Sanders to CAR 33 for 2 yards (K.King).,def,Dadrion Taylor-Demerson,3800,FS
2026001,0,88,PASS,(14:14) (Shotgun) K.Pickett pass short right to J.Sanders to CAR 33 for 2 yards (K.King).,def,Kalen King,3800,CB
2026001,0,88,PASS,(14:14) (Shotgun) K.Pickett pass short right to J.Sanders to CAR 33 for 2 yards (K.King).,def,Kitan Crawford,3800,FS
2026001,0,113,SACK,(13:35) (Shotgun) K.Pickett sacked at CAR 28 for -5 yards (A.Billings).,off,David Moore,0750,WR
2026001,0,113,SACK,(13:35) (Shotgun) K.Pickett sacked at CAR 28 for -5 yards (A.Billings).,off,Brady Christensen,0750,T
2026001,0,113,SACK,(13:35) (Shotgun) K.Pickett sacked at CAR 28 for -5 yards (A.Billings).,off,Stone Forsythe,0750,T
2026001,0,113,SACK,(13:35) (Shotgun) K.Pickett sacked at CAR 28 for -5 yards (A.Billings).,off,Kenny Pickett,0750,QB
2026001,0,113,SACK,(13:35) (Shotgun) K.Pickett sacked at CAR 28 for -5 yards (A.Billings).,off,John Metchie III,0750,WR
2026001,0,113,SACK,(13:35) (Shotgun) K.Pickett sacked at CAR 28 for -5 yards (A.Billings).,off,Chandler Zavala,0750,G
2026001,0,113,SACK,(13:35) (Shotgun) K.Pickett sacked at CAR 28 for -5 yards (A.Billings).,off,Brycen Tremayne,0750,WR
2026001,0,113,SACK,(13:35) (Shotgun) K.Pickett sacked at CAR 28 for -5 yards (A.Billings).,off,Ja'Tavion Sanders,0750,TE
2026001,0,113,SACK,(13:35) (Shotgun) K.Pickett sacked at CAR 28 for -5 yards (A.Billings).,off,Trevor Etienne,0750,RB
2026001,0,113,SACK,(13:35) (Shotgun) K.Pickett sacked at CAR 28 for -5 yards (A.Billings).,off,Sam Hecht,0750,C
2026001,0,113,SACK,(13:35) (Shotgun) K.Pickett sacked at CAR 28 for -5 yards (A.Billings).,off,Albert Reese,0750,T
2026001,0,113,SACK,(13:35) (Shotgun) K.Pickett sacked at CAR 28 for -5 yards (A.Billings).,def,Andrew Billings,3800,DT
2026001,0,113,SACK,(13:35) (Shotgun) K.Pickett sacked at CAR 28 for -5 yards (A.Billings).,def,Zachary Carter,3800,DT
2026001,0,113,SACK,(13:35) (Shotgun) K.Pickett sacked at CAR 28 for -5 yards (A.Billings).,def,BJ Ojulari,3800,OLB
2026001,0,113,SACK,(13:35) (Shotgun) K.Pickett sacked at CAR 28 for -5 yards (A.Billings).,def,Owen Pappoe,3800,ILB
2026001,0,113,SACK,(13:35) (Shotgun) K.Pickett sacked at CAR 28 for -5 yards (A.Billings).,def,Kei'Trel Clark,3800,CB
2026001,0,113,SACK,(13:35) (Shotgun) K.Pickett sacked at CAR 28 for -5 yards (A.Billings).,def,Eku Leota,3800,OLB
2026001,0,113,SACK,(13:35) (Shotgun) K.Pickett sacked at CAR 28 for -5 yards (A.Billings).,def,Elijah Jones,3800,CB
2026001,0,113,SACK,(13:35) (Shotgun) K.Pickett sacked at CAR 28 for -5 yards (A.Billings).,def,Dadrion Taylor-Demerson,3800,FS
2026001,0,113,SACK,(13:35) (Shotgun) K.Pickett sacked at CAR 28 for -5 yards (A.Billings).,def,Kalen King,3800,CB
2026001,0,113,SACK,(13:35) (Shotgun) K.Pickett sacked at CAR 28 for -5 yards (A.Billings).,def,Kitan Crawford,3800,FS
2026001,0,113,SACK,(13:35) (Shotgun) K.Pickett sacked at CAR 28 for -5 yards (A.Billings).,def,Austin Keys,3800,ILB
2026001,0,133,PUNT,"(12:57) S.Martin punts 56 yards to AZ 16, Center-J.Jansen. X.Weaver to AZ 23 for 7 yards (R.Rochell). FUMBLES (R.Rochell), and recovers at AZ 23.",off,J.J. Jansen,0750,LS
2026001,0,133,PUNT,"(12:57) S.Martin punts 56 yards to AZ 16, Center-J.Jansen. X.Weaver to AZ 23 for 7 yards (R.Rochell). FUMBLES (R.Rochell), and recovers at AZ 23.",off,Sam Martin,0750,P
2026001,0,133,PUNT,"(12:57) S.Martin punts 56 yards to AZ 16, Center-J.Jansen. X.Weaver to AZ 23 for 7 yards (R.Rochell). FUMBLES (R.Rochell), and recovers at AZ 23.",off,Cam Gill,0750,OLB
2026001,0,133,PUNT,"(12:57) S.Martin punts 56 yards to AZ 16, Center-J.Jansen. X.Weaver to AZ 23 for 7 yards (R.Rochell). FUMBLES (R.Rochell), and recovers at AZ 23.",off,Robert Rochell,0750,CB
2026001,0,133,PUNT,"(12:57) S.Martin punts 56 yards to AZ 16, Center-J.Jansen. X.Weaver to AZ 23 for 7 yards (R.Rochell). FUMBLES (R.Rochell), and recovers at AZ 23.",off,James Mitchell,0750,TE
2026001,0,133,PUNT,"(12:57) S.Martin punts 56 yards to AZ 16, Center-J.Jansen. X.Weaver to AZ 23 for 7 yards (R.Rochell). FUMBLES (R.Rochell), and recovers at AZ 23.",off,Maema Njongmeta,0750,ILB
2026001,0,133,PUNT,"(12:57) S.Martin punts 56 yards to AZ 16, Center-J.Jansen. X.Weaver to AZ 23 for 7 yards (R.Rochell). FUMBLES (R.Rochell), and recovers at AZ 23.",off,Princely Umanmielen,0750,OLB
2026001,0,133,PUNT,"(12:57) S.Martin punts 56 yards to AZ 16, Center-J.Jansen. X.Weaver to AZ 23 for 7 yards (R.Rochell). FUMBLES (R.Rochell), and recovers at AZ 23.",off,Lathan Ransom,0750,SS
2026001,0,133,PUNT,"(12:57) S.Martin punts 56 yards to AZ 16, Center-J.Jansen. X.Weaver to AZ 23 for 7 yards (R.Rochell). FUMBLES (R.Rochell), and recovers at AZ 23.",off,Bam Martin-Scott,0750,ILB
2026001,0,133,PUNT,"(12:57) S.Martin punts 56 yards to AZ 16, Center-J.Jansen. X.Weaver to AZ 23 for 7 yards (R.Rochell). FUMBLES (R.Rochell), and recovers at AZ 23.",off,Corey Thornton,0750,CB
2026001,0,133,PUNT,"(12:57) S.Martin punts 56 yards to AZ 16, Center-J.Jansen. X.Weaver to AZ 23 for 7 yards (R.Rochell). FUMBLES (R.Rochell), and recovers at AZ 23.",off,Jackson Kuwatch,0750,ILB
2026001,0,133,PUNT,"(12:57) S.Martin punts 56 yards to AZ 16, Center-J.Jansen. X.Weaver to AZ 23 for 7 yards (R.Rochell). FUMBLES (R.Rochell), and recovers at AZ 23.",def,Isaiah Oliver,3800,FS
2026001,0,133,PUNT,"(12:57) S.Martin punts 56 yards to AZ 16, Center-J.Jansen. X.Weaver to AZ 23 for 7 yards (R.Rochell). FUMBLES (R.Rochell), and recovers at AZ 23.",def,Simi Fehoko,3800,WR
2026001,0,133,PUNT,"(12:57) S.Martin punts 56 yards to AZ 16, Center-J.Jansen. X.Weaver to AZ 23 for 7 yards (R.Rochell). FUMBLES (R.Rochell), and recovers at AZ 23.",def,Owen Pappoe,3800,ILB
2026001,0,133,PUNT,"(12:57) S.Martin punts 56 yards to AZ 16, Center-J.Jansen. X.Weaver to AZ 23 for 7 yards (R.Rochell). FUMBLES (R.Rochell), and recovers at AZ 23.",def,Kei'Trel Clark,3800,CB
2026001,0,133,PUNT,"(12:57) S.Martin punts 56 yards to AZ 16, Center-J.Jansen. X.Weaver to AZ 23 for 7 yards (R.Rochell). FUMBLES (R.Rochell), and recovers at AZ 23.",def,Eku Leota,3800,OLB
2026001,0,133,PUNT,"(12:57) S.Martin punts 56 yards to AZ 16, Center-J.Jansen. X.Weaver to AZ 23 for 7 yards (R.Rochell). FUMBLES (R.Rochell), and recovers at AZ 23.",def,Elijah Jones,3800,CB
2026001,0,133,PUNT,"(12:57) S.Martin punts 56 yards to AZ 16, Center-J.Jansen. X.Weaver to AZ 23 for 7 yards (R.Rochell). FUMBLES (R.Rochell), and recovers at AZ 23.",def,Dadrion Taylor-Demerson,3800,FS
2026001,0,133,PUNT,"(12:57) S.Martin punts 56 yards to AZ 16, Center-J.Jansen. X.Weaver to AZ 23 for 7 yards (R.Rochell). FUMBLES (R.Rochell), and recovers at AZ 23.",def,Xavier Weaver,3800,WR
2026001,0,133,PUNT,"(12:57) S.Martin punts 56 yards to AZ 16, Center-J.Jansen. X.Weaver to AZ 23 for 7 yards (R.Rochell). FUMBLES (R.Rochell), and recovers at AZ 23.",def,Austin Keys,3800,ILB
2026001,0,133,PUNT,"(12:57) S.Martin punts 56 yards to AZ 16, Center-J.Jansen. X.Weaver to AZ 23 for 7 yards (R.Rochell). FUMBLES (R.Rochell), and recovers at AZ 23.",def,Karson Sharar,3800,ILB
2026001,0,133,PUNT,"(12:57) S.Martin punts 56 yards to AZ 16, Center-J.Jansen. X.Weaver to AZ 23 for 7 yards (R.Rochell). FUMBLES (R.Rochell), and recovers at AZ 23.",def,Wydett Williams Jr.,3800,SS
2026001,0,159,PASS,(12:45) (Shotgun) C.Beck pass short left to K.Yeboah to AZ 27 for 4 yards (T.Wallace; Z.Wheatley).,off,Simi Fehoko,3800,WR
2026001,0,159,PASS,(12:45) (Shotgun) C.Beck pass short left to K.Yeboah to AZ 27 for 4 yards (T.Wallace; Z.Wheatley).,off,Kenny Yeboah,3800,TE
2026001,0,159,PASS,(12:45) (Shotgun) C.Beck pass short left to K.Yeboah to AZ 27 for 4 yards (T.Wallace; Z.Wheatley).,off,Bam Knight,3800,RB
2026001,0,159,PASS,(12:45) (Shotgun) C.Beck pass short left to K.Yeboah to AZ 27 for 4 yards (T.Wallace; Z.Wheatley).,off,Jon Gaines II,3800,C
2026001,0,159,PASS,(12:45) (Shotgun) C.Beck pass short left to K.Yeboah to AZ 27 for 4 yards (T.Wallace; Z.Wheatley).,off,Jalen Brooks,3800,WR
2026001,0,159,PASS,(12:45) (Shotgun) C.Beck pass short left to K.Yeboah to AZ 27 for 4 yards (T.Wallace; Z.Wheatley).,off,Xavier Weaver,3800,WR
2026001,0,159,PASS,(12:45) (Shotgun) C.Beck pass short left to K.Yeboah to AZ 27 for 4 yards (T.Wallace; Z.Wheatley).,off,Hayden Conner,3800,G
2026001,0,159,PASS,(12:45) (Shotgun) C.Beck pass short left to K.Yeboah to AZ 27 for 4 yards (T.Wallace; Z.Wheatley).,off,Josh Fryar,3800,T
2026001,0,159,PASS,(12:45) (Shotgun) C.Beck pass short left to K.Yeboah to AZ 27 for 4 yards (T.Wallace; Z.Wheatley).,off,Chase Bisontis,3800,G
2026001,0,159,PASS,(12:45) (Shotgun) C.Beck pass short left to K.Yeboah to AZ 27 for 4 yards (T.Wallace; Z.Wheatley).,off,Carson Beck,3800,QB
2026001,0,159,PASS,(12:45) (Shotgun) C.Beck pass short left to K.Yeboah to AZ 27 for 4 yards (T.Wallace; Z.Wheatley).,off,Jayden Williams,3800,T
2026001,0,159,PASS,(12:45) (Shotgun) C.Beck pass short left to K.Yeboah to AZ 27 for 4 yards (T.Wallace; Z.Wheatley).,def,Trevis Gipson,0750,DE
2026001,0,159,PASS,(12:45) (Shotgun) C.Beck pass short left to K.Yeboah to AZ 27 for 4 yards (T.Wallace; Z.Wheatley).,def,Akayleb Evans,0750,CB
2026001,0,159,PASS,(12:45) (Shotgun) C.Beck pass short left to K.Yeboah to AZ 27 for 4 yards (T.Wallace; Z.Wheatley).,def,Claudin Cherelus,0750,ILB
2026001,0,159,PASS,(12:45) (Shotgun) C.Beck pass short left to K.Yeboah to AZ 27 for 4 yards (T.Wallace; Z.Wheatley).,def,Trevin Wallace,0750,ILB
2026001,0,159,PASS,(12:45) (Shotgun) C.Beck pass short left to K.Yeboah to AZ 27 for 4 yards (T.Wallace; Z.Wheatley).,def,Chau Smith-Wade,0750,CB
2026001,0,159,PASS,(12:45) (Shotgun) C.Beck pass short left to K.Yeboah to AZ 27 for 4 yards (T.Wallace; Z.Wheatley).,def,Princely Umanmielen,0750,OLB
2026001,0,159,PASS,(12:45) (Shotgun) C.Beck pass short left to K.Yeboah to AZ 27 for 4 yards (T.Wallace; Z.Wheatley).,def,Lathan Ransom,0750,SS
2026001,0,159,PASS,(12:45) (Shotgun) C.Beck pass short left to K.Yeboah to AZ 27 for 4 yards (T.Wallace; Z.Wheatley).,def,Jared Harrison-Hunte,0750,DT
2026001,0,159,PASS,(12:45) (Shotgun) C.Beck pass short left to K.Yeboah to AZ 27 for 4 yards (T.Wallace; Z.Wheatley).,def,Lee Hunter,0750,NT
2026001,0,159,PASS,(12:45) (Shotgun) C.Beck pass short left to K.Yeboah to AZ 27 for 4 yards (T.Wallace; Z.Wheatley).,def,Will Lee III,0750,CB
2026001,0,159,PASS,(12:45) (Shotgun) C.Beck pass short left to K.Yeboah to AZ 27 for 4 yards (T.Wallace; Z.Wheatley).,def,Zakee Wheatley,0750,SS
2026001,0,184,RUSH,(12:14) Z.Knight right tackle to AZ 30 for 3 yards (W.Lee).,off,Simi Fehoko,3800,WR
2026001,0,184,RUSH,(12:14) Z.Knight right tackle to AZ 30 for 3 yards (W.Lee).,off,Kenny Yeboah,3800,TE
2026001,0,184,RUSH,(12:14) Z.Knight right tackle to AZ 30 for 3 yards (W.Lee).,off,Bam Knight,3800,RB
2026001,0,184,RUSH,(12:14) Z.Knight right tackle to AZ 30 for 3 yards (W.Lee).,off,Jon Gaines II,3800,C
2026001,0,184,RUSH,(12:14) Z.Knight right tackle to AZ 30 for 3 yards (W.Lee).,off,Jalen Brooks,3800,WR
2026001,0,184,RUSH,(12:14) Z.Knight right tackle to AZ 30 for 3 yards (W.Lee).,off,Hayden Conner,3800,G
2026001,0,184,RUSH,(12:14) Z.Knight right tackle to AZ 30 for 3 yards (W.Lee).,off,Josh Fryar,3800,T
2026001,0,184,RUSH,(12:14) Z.Knight right tackle to AZ 30 for 3 yards (W.Lee).,off,Chase Bisontis,3800,G
2026001,0,184,RUSH,(12:14) Z.Knight right tackle to AZ 30 for 3 yards (W.Lee).,off,Carson Beck,3800,QB
2026001,0,184,RUSH,(12:14) Z.Knight right tackle to AZ 30 for 3 yards (W.Lee).,off,Jayden Williams,3800,T
2026001,0,184,RUSH,(12:14) Z.Knight right tackle to AZ 30 for 3 yards (W.Lee).,off,Jameson Geers,3800,TE
2026001,0,184,RUSH,(12:14) Z.Knight right tackle to AZ 30 for 3 yards (W.Lee).,def,Trevis Gipson,0750,DE
2026001,0,184,RUSH,(12:14) Z.Knight right tackle to AZ 30 for 3 yards (W.Lee).,def,Akayleb Evans,0750,CB
2026001,0,184,RUSH,(12:14) Z.Knight right tackle to AZ 30 for 3 yards (W.Lee).,def,Claudin Cherelus,0750,ILB
2026001,0,184,RUSH,(12:14) Z.Knight right tackle to AZ 30 for 3 yards (W.Lee).,def,Trevin Wallace,0750,ILB
2026001,0,184,RUSH,(12:14) Z.Knight right tackle to AZ 30 for 3 yards (W.Lee).,def,Chau Smith-Wade,0750,CB
2026001,0,184,RUSH,(12:14) Z.Knight right tackle to AZ 30 for 3 yards (W.Lee).,def,Princely Umanmielen,0750,OLB
2026001,0,184,RUSH,(12:14) Z.Knight right tackle to AZ 30 for 3 yards (W.Lee).,def,Lathan Ransom,0750,SS
2026001,0,184,RUSH,(12:14) Z.Knight right tackle to AZ 30 for 3 yards (W.Lee).,def,Jared Harrison-Hunte,0750,DT
2026001,0,184,RUSH,(12:14) Z.Knight right tackle to AZ 30 for 3 yards (W.Lee).,def,Lee Hunter,0750,NT
2026001,0,184,RUSH,(12:14) Z.Knight right tackle to AZ 30 for 3 yards (W.Lee).,def,Will Lee III,0750,CB
2026001,0,184,RUSH,(12:14) Z.Knight right tackle to AZ 30 for 3 yards (W.Lee).,def,Zakee Wheatley,0750,SS
2026001,0,206,RUSH,(11:40) (Shotgun) C.Beck scrambles up the middle to AZ 34 for 4 yards (T.Wallace; C.Cherelus).,off,Simi Fehoko,3800,WR
2026001,0,206,RUSH,(11:40) (Shotgun) C.Beck scrambles up the middle to AZ 34 for 4 yards (T.Wallace; C.Cherelus).,off,Bam Knight,3800,RB
2026001,0,206,RUSH,(11:40) (Shotgun) C.Beck scrambles up the middle to AZ 34 for 4 yards (T.Wallace; C.Cherelus).,off,Jon Gaines II,3800,C
2026001,0,206,RUSH,(11:40) (Shotgun) C.Beck scrambles up the middle to AZ 34 for 4 yards (T.Wallace; C.Cherelus).,off,Jalen Brooks,3800,WR
2026001,0,206,RUSH,(11:40) (Shotgun) C.Beck scrambles up the middle to AZ 34 for 4 yards (T.Wallace; C.Cherelus).,off,Xavier Weaver,3800,WR
2026001,0,206,RUSH,(11:40) (Shotgun) C.Beck scrambles up the middle to AZ 34 for 4 yards (T.Wallace; C.Cherelus).,off,Hayden Conner,3800,G
2026001,0,206,RUSH,(11:40) (Shotgun) C.Beck scrambles up the middle to AZ 34 for 4 yards (T.Wallace; C.Cherelus).,off,Rivaldo Fairweather,3800,TE
2026001,0,206,RUSH,(11:40) (Shotgun) C.Beck scrambles up the middle to AZ 34 for 4 yards (T.Wallace; C.Cherelus).,off,Josh Fryar,3800,T
2026001,0,206,RUSH,(11:40) (Shotgun) C.Beck scrambles up the middle to AZ 34 for 4 yards (T.Wallace; C.Cherelus).,off,Chase Bisontis,3800,G
2026001,0,206,RUSH,(11:40) (Shotgun) C.Beck scrambles up the middle to AZ 34 for 4 yards (T.Wallace; C.Cherelus).,off,Carson Beck,3800,QB
2026001,0,206,RUSH,(11:40) (Shotgun) C.Beck scrambles up the middle to AZ 34 for 4 yards (T.Wallace; C.Cherelus).,off,Jayden Williams,3800,T
2026001,0,206,RUSH,(11:40) (Shotgun) C.Beck scrambles up the middle to AZ 34 for 4 yards (T.Wallace; C.Cherelus).,def,Trevis Gipson,0750,DE
2026001,0,206,RUSH,(11:40) (Shotgun) C.Beck scrambles up the middle to AZ 34 for 4 yards (T.Wallace; C.Cherelus).,def,Akayleb Evans,0750,CB
2026001,0,206,RUSH,(11:40) (Shotgun) C.Beck scrambles up the middle to AZ 34 for 4 yards (T.Wallace; C.Cherelus).,def,Claudin Cherelus,0750,ILB
2026001,0,206,RUSH,(11:40) (Shotgun) C.Beck scrambles up the middle to AZ 34 for 4 yards (T.Wallace; C.Cherelus).,def,Trevin Wallace,0750,ILB
2026001,0,206,RUSH,(11:40) (Shotgun) C.Beck scrambles up the middle to AZ 34 for 4 yards (T.Wallace; C.Cherelus).,def,Chau Smith-Wade,0750,CB
2026001,0,206,RUSH,(11:40) (Shotgun) C.Beck scrambles up the middle to AZ 34 for 4 yards (T.Wallace; C.Cherelus).,def,Princely Umanmielen,0750,OLB
2026001,0,206,RUSH,(11:40) (Shotgun) C.Beck scrambles up the middle to AZ 34 for 4 yards (T.Wallace; C.Cherelus).,def,Lathan Ransom,0750,SS
2026001,0,206,RUSH,(11:40) (Shotgun) C.Beck scrambles up the middle to AZ 34 for 4 yards (T.Wallace; C.Cherelus).,def,Jared Harrison-Hunte,0750,DT
2026001,0,206,RUSH,(11:40) (Shotgun) C.Beck scrambles up the middle to AZ 34 for 4 yards (T.Wallace; C.Cherelus).,def,Lee Hunter,0750,NT
2026001,0,206,RUSH,(11:40) (Shotgun) C.Beck scrambles up the middle to AZ 34 for 4 yards (T.Wallace; C.Cherelus).,def,Will Lee III,0750,CB
2026001,0,206,RUSH,(11:40) (Shotgun) C.Beck scrambles up the middle to AZ 34 for 4 yards (T.Wallace; C.Cherelus).,def,Zakee Wheatley,0750,SS
2026001,0,228,RUSH,(11:07) Z.Knight left guard to AZ 37 for 3 yards (L.Ransom; T.Wallace).,off,Simi Fehoko,3800,WR
2026001,0,228,RUSH,(11:07) Z.Knight left guard to AZ 37 for 3 yards (L.Ransom; T.Wallace).,off,Bam Knight,3800,RB
2026001,0,228,RUSH,(11:07) Z.Knight left guard to AZ 37 for 3 yards (L.Ransom; T.Wallace).,off,Jon Gaines II,3800,C
2026001,0,228,RUSH,(11:07) Z.Knight left guard to AZ 37 for 3 yards (L.Ransom; T.Wallace).,off,Jalen Brooks,3800,WR
2026001,0,228,RUSH,(11:07) Z.Knight left guard to AZ 37 for 3 yards (L.Ransom; T.Wallace).,off,Xavier Weaver,3800,WR
2026001,0,228,RUSH,(11:07) Z.Knight left guard to AZ 37 for 3 yards (L.Ransom; T.Wallace).,off,Hayden Conner,3800,G
2026001,0,228,RUSH,(11:07) Z.Knight left guard to AZ 37 for 3 yards (L.Ransom; T.Wallace).,off,Rivaldo Fairweather,3800,TE
2026001,0,228,RUSH,(11:07) Z.Knight left guard to AZ 37 for 3 yards (L.Ransom; T.Wallace).,off,Josh Fryar,3800,T
2026001,0,228,RUSH,(11:07) Z.Knight left guard to AZ 37 for 3 yards (L.Ransom; T.Wallace).,off,Chase Bisontis,3800,G
2026001,0,228,RUSH,(11:07) Z.Knight left guard to AZ 37 for 3 yards (L.Ransom; T.Wallace).,off,Carson Beck,3800,QB
2026001,0,228,RUSH,(11:07) Z.Knight left guard to AZ 37 for 3 yards (L.Ransom; T.Wallace).,off,Jayden Williams,3800,T
2026001,0,228,RUSH,(11:07) Z.Knight left guard to AZ 37 for 3 yards (L.Ransom; T.Wallace).,def,Trevis Gipson,0750,DE
2026001,0,228,RUSH,(11:07) Z.Knight left guard to AZ 37 for 3 yards (L.Ransom; T.Wallace).,def,Akayleb Evans,0750,CB
2026001,0,228,RUSH,(11:07) Z.Knight left guard to AZ 37 for 3 yards (L.Ransom; T.Wallace).,def,Claudin Cherelus,0750,ILB
2026001,0,228,RUSH,(11:07) Z.Knight left guard to AZ 37 for 3 yards (L.Ransom; T.Wallace).,def,Trevin Wallace,0750,ILB
2026001,0,228,RUSH,(11:07) Z.Knight left guard to AZ 37 for 3 yards (L.Ransom; T.Wallace).,def,Chau Smith-Wade,0750,CB
2026001,0,228,RUSH,(11:07) Z.Knight left guard to AZ 37 for 3 yards (L.Ransom; T.Wallace).,def,Princely Umanmielen,0750,OLB
2026001,0,228,RUSH,(11:07) Z.Knight left guard to AZ 37 for 3 yards (L.Ransom; T.Wallace).,def,Lathan Ransom,0750,SS
2026001,0,228,RUSH,(11:07) Z.Knight left guard to AZ 37 for 3 yards (L.Ransom; T.Wallace).,def,Jared Harrison-Hunte,0750,DT
2026001,0,228,RUSH,(11:07) Z.Knight left guard to AZ 37 for 3 yards (L.Ransom; T.Wallace).,def,Lee Hunter,0750,NT
2026001,0,228,RUSH,(11:07) Z.Knight left guard to AZ 37 for 3 yards (L.Ransom; T.Wallace).,def,Will Lee III,0750,CB
2026001,0,228,RUSH,(11:07) Z.Knight left guard to AZ 37 for 3 yards (L.Ransom; T.Wallace).,def,Zakee Wheatley,0750,SS
2026001,0,250,PASS,(10:38) C.Beck pass short middle to R.Fairweather to AZ 42 for 5 yards (C.Cherelus).,off,Simi Fehoko,3800,WR
2026001,0,250,PASS,(10:38) C.Beck pass short middle to R.Fairweather to AZ 42 for 5 yards (C.Cherelus).,off,Bam Knight,3800,RB
2026001,0,250,PASS,(10:38) C.Beck pass short middle to R.Fairweather to AZ 42 for 5 yards (C.Cherelus).,off,Jon Gaines II,3800,C
2026001,0,250,PASS,(10:38) C.Beck pass short middle to R.Fairweather to AZ 42 for 5 yards (C.Cherelus).,off,Jalen Brooks,3800,WR
2026001,0,250,PASS,(10:38) C.Beck pass short middle to R.Fairweather to AZ 42 for 5 yards (C.Cherelus).,off,Xavier Weaver,3800,WR
2026001,0,250,PASS,(10:38) C.Beck pass short middle to R.Fairweather to AZ 42 for 5 yards (C.Cherelus).,off,Hayden Conner,3800,G
2026001,0,250,PASS,(10:38) C.Beck pass short middle to R.Fairweather to AZ 42 for 5 yards (C.Cherelus).,off,Rivaldo Fairweather,3800,TE
2026001,0,250,PASS,(10:38) C.Beck pass short middle to R.Fairweather to AZ 42 for 5 yards (C.Cherelus).,off,Josh Fryar,3800,T
2026001,0,250,PASS,(10:38) C.Beck pass short middle to R.Fairweather to AZ 42 for 5 yards (C.Cherelus).,off,Chase Bisontis,3800,G
2026001,0,250,PASS,(10:38) C.Beck pass short middle to R.Fairweather to AZ 42 for 5 yards (C.Cherelus).,off,Carson Beck,3800,QB
2026001,0,250,PASS,(10:38) C.Beck pass short middle to R.Fairweather to AZ 42 for 5 yards (C.Cherelus).,off,Jayden Williams,3800,T
2026001,0,250,PASS,(10:38) C.Beck pass short middle to R.Fairweather to AZ 42 for 5 yards (C.Cherelus).,def,Trevis Gipson,0750,DE
2026001,0,250,PASS,(10:38) C.Beck pass short middle to R.Fairweather to AZ 42 for 5 yards (C.Cherelus).,def,Akayleb Evans,0750,CB
2026001,0,250,PASS,(10:38) C.Beck pass short middle to R.Fairweather to AZ 42 for 5 yards (C.Cherelus).,def,Claudin Cherelus,0750,ILB
2026001,0,250,PASS,(10:38) C.Beck pass short middle to R.Fairweather to AZ 42 for 5 yards (C.Cherelus).,def,Trevin Wallace,0750,ILB
2026001,0,250,PASS,(10:38) C.Beck pass short middle to R.Fairweather to AZ 42 for 5 yards (C.Cherelus).,def,Chau Smith-Wade,0750,CB
2026001,0,250,PASS,(10:38) C.Beck pass short middle to R.Fairweather to AZ 42 for 5 yards (C.Cherelus).,def,Princely Umanmielen,0750,OLB
2026001,0,250,PASS,(10:38) C.Beck pass short middle to R.Fairweather to AZ 42 for 5 yards (C.Cherelus).,def,Lathan Ransom,0750,SS
2026001,0,250,PASS,(10:38) C.Beck pass short middle to R.Fairweather to AZ 42 for 5 yards (C.Cherelus).,def,Jared Harrison-Hunte,0750,DT
2026001,0,250,PASS,(10:38) C.Beck pass short middle to R.Fairweather to AZ 42 for 5 yards (C.Cherelus).,def,Lee Hunter,0750,NT
2026001,0,250,PASS,(10:38) C.Beck pass short middle to R.Fairweather to AZ 42 for 5 yards (C.Cherelus).,def,Will Lee III,0750,CB
2026001,0,250,PASS,(10:38) C.Beck pass short middle to R.Fairweather to AZ 42 for 5 yards (C.Cherelus).,def,Zakee Wheatley,0750,SS
2026001,0,275,PASS,(10:04) (Shotgun) C.Beck pass incomplete short right to J.Brooks (W.Lee).,off,Simi Fehoko,3800,WR
2026001,0,275,PASS,(10:04) (Shotgun) C.Beck pass incomplete short right to J.Brooks (W.Lee).,off,Bam Knight,3800,RB
2026001,0,275,PASS,(10:04) (Shotgun) C.Beck pass incomplete short right to J.Brooks (W.Lee).,off,Jon Gaines II,3800,C
2026001,0,275,PASS,(10:04) (Shotgun) C.Beck pass incomplete short right to J.Brooks (W.Lee).,off,Jalen Brooks,3800,WR
2026001,0,275,PASS,(10:04) (Shotgun) C.Beck pass incomplete short right to J.Brooks (W.Lee).,off,Xavier Weaver,3800,WR
2026001,0,275,PASS,(10:04) (Shotgun) C.Beck pass incomplete short right to J.Brooks (W.Lee).,off,Hayden Conner,3800,G
2026001,0,275,PASS,(10:04) (Shotgun) C.Beck pass incomplete short right to J.Brooks (W.Lee).,off,Rivaldo Fairweather,3800,TE
2026001,0,275,PASS,(10:04) (Shotgun) C.Beck pass incomplete short right to J.Brooks (W.Lee).,off,Josh Fryar,3800,T
2026001,0,275,PASS,(10:04) (Shotgun) C.Beck pass incomplete short right to J.Brooks (W.Lee).,off,Chase Bisontis,3800,G
2026001,0,275,PASS,(10:04) (Shotgun) C.Beck pass incomplete short right to J.Brooks (W.Lee).,off,Carson Beck,3800,QB
2026001,0,275,PASS,(10:04) (Shotgun) C.Beck pass incomplete short right to J.Brooks (W.Lee).,off,Jayden Williams,3800,T
2026001,0,275,PASS,(10:04) (Shotgun) C.Beck pass incomplete short right to J.Brooks (W.Lee).,def,Trevis Gipson,0750,DE
2026001,0,275,PASS,(10:04) (Shotgun) C.Beck pass incomplete short right to J.Brooks (W.Lee).,def,Akayleb Evans,0750,CB
2026001,0,275,PASS,(10:04) (Shotgun) C.Beck pass incomplete short right to J.Brooks (W.Lee).,def,Claudin Cherelus,0750,ILB
2026001,0,275,PASS,(10:04) (Shotgun) C.Beck pass incomplete short right to J.Brooks (W.Lee).,def,Trevin Wallace,0750,ILB
2026001,0,275,PASS,(10:04) (Shotgun) C.Beck pass incomplete short right to J.Brooks (W.Lee).,def,Chau Smith-Wade,0750,CB
2026001,0,275,PASS,(10:04) (Shotgun) C.Beck pass incomplete short right to J.Brooks (W.Lee).,def,Princely Umanmielen,0750,OLB
2026001,0,275,PASS,(10:04) (Shotgun) C.Beck pass incomplete short right to J.Brooks (W.Lee).,def,Lathan Ransom,0750,SS
2026001,0,275,PASS,(10:04) (Shotgun) C.Beck pass incomplete short right to J.Brooks (W.Lee).,def,Jared Harrison-Hunte,0750,DT
2026001,0,275,PASS,(10:04) (Shotgun) C.Beck pass incomplete short right to J.Brooks (W.Lee).,def,Lee Hunter,0750,NT
2026001,0,275,PASS,(10:04) (Shotgun) C.Beck pass incomplete short right to J.Brooks (W.Lee).,def,Will Lee III,0750,CB
2026001,0,275,PASS,(10:04) (Shotgun) C.Beck pass incomplete short right to J.Brooks (W.Lee).,def,Zakee Wheatley,0750,SS
2026001,0,298,PUNT,"(10:01) B.Gillikin punts 55 yards to CAR 3, Center-C.Kreiter, out of bounds.",off,Casey Kreiter,3800,LS
2026001,0,298,PUNT,"(10:01) B.Gillikin punts 55 yards to CAR 3, Center-C.Kreiter, out of bounds.",off,Isaiah Oliver,3800,FS
2026001,0,298,PUNT,"(10:01) B.Gillikin punts 55 yards to CAR 3, Center-C.Kreiter, out of bounds.",off,Blake Gillikin,3800,P
2026001,0,298,PUNT,"(10:01) B.Gillikin punts 55 yards to CAR 3, Center-C.Kreiter, out of bounds.",off,Simi Fehoko,3800,WR
2026001,0,298,PUNT,"(10:01) B.Gillikin punts 55 yards to CAR 3, Center-C.Kreiter, out of bounds.",off,Kenny Yeboah,3800,TE
2026001,0,298,PUNT,"(10:01) B.Gillikin punts 55 yards to CAR 3, Center-C.Kreiter, out of bounds.",off,BJ Ojulari,3800,OLB
2026001,0,298,PUNT,"(10:01) B.Gillikin punts 55 yards to CAR 3, Center-C.Kreiter, out of bounds.",off,Owen Pappoe,3800,ILB
2026001,0,298,PUNT,"(10:01) B.Gillikin punts 55 yards to CAR 3, Center-C.Kreiter, out of bounds.",off,Kei'Trel Clark,3800,CB
2026001,0,298,PUNT,"(10:01) B.Gillikin punts 55 yards to CAR 3, Center-C.Kreiter, out of bounds.",off,Dadrion Taylor-Demerson,3800,FS
2026001,0,298,PUNT,"(10:01) B.Gillikin punts 55 yards to CAR 3, Center-C.Kreiter, out of bounds.",off,Austin Keys,3800,ILB
2026001,0,298,PUNT,"(10:01) B.Gillikin punts 55 yards to CAR 3, Center-C.Kreiter, out of bounds.",off,Corey Kiner,3800,RB
2026001,0,298,PUNT,"(10:01) B.Gillikin punts 55 yards to CAR 3, Center-C.Kreiter, out of bounds.",def,Isaiah Simmons,0750,MLB
2026001,0,298,PUNT,"(10:01) B.Gillikin punts 55 yards to CAR 3, Center-C.Kreiter, out of bounds.",def,AJ Dillon,0750,RB
2026001,0,298,PUNT,"(10:01) B.Gillikin punts 55 yards to CAR 3, Center-C.Kreiter, out of bounds.",def,Feleipe Franks,0750,TE
2026001,0,298,PUNT,"(10:01) B.Gillikin punts 55 yards to CAR 3, Center-C.Kreiter, out of bounds.",def,Akayleb Evans,0750,CB
2026001,0,298,PUNT,"(10:01) B.Gillikin punts 55 yards to CAR 3, Center-C.Kreiter, out of bounds.",def,Thomas Incoom,0750,OLB
2026001,0,298,PUNT,"(10:01) B.Gillikin punts 55 yards to CAR 3, Center-C.Kreiter, out of bounds.",def,Chau Smith-Wade,0750,CB
2026001,0,298,PUNT,"(10:01) B.Gillikin punts 55 yards to CAR 3, Center-C.Kreiter, out of bounds.",def,Princely Umanmielen,0750,OLB
2026001,0,298,PUNT,"(10:01) B.Gillikin punts 55 yards to CAR 3, Center-C.Kreiter, out of bounds.",def,Trevor Etienne,0750,RB
2026001,0,298,PUNT,"(10:01) B.Gillikin punts 55 yards to CAR 3, Center-C.Kreiter, out of bounds.",def,Lathan Ransom,0750,SS
2026001,0,298,PUNT,"(10:01) B.Gillikin punts 55 yards to CAR 3, Center-C.Kreiter, out of bounds.",def,Bam Martin-Scott,0750,ILB
2026001,0,298,PUNT,"(10:01) B.Gillikin punts 55 yards to CAR 3, Center-C.Kreiter, out of bounds.",def,Zakee Wheatley,0750,SS
2026001,0,317,RUSH,(9:51) T.Etienne right tackle to CAR 1 for -2 yards (A.Billings). AZ-Z.Carter was injured during the play.,off,David Moore,0750,WR
2026001,0,317,RUSH,(9:51) T.Etienne right tackle to CAR 1 for -2 yards (A.Billings). AZ-Z.Carter was injured during the play.,off,Brady Christensen,0750,T
2026001,0,317,RUSH,(9:51) T.Etienne right tackle to CAR 1 for -2 yards (A.Billings). AZ-Z.Carter was injured during the play.,off,Stone Forsythe,0750,T
2026001,0,317,RUSH,(9:51) T.Etienne right tackle to CAR 1 for -2 yards (A.Billings). AZ-Z.Carter was injured during the play.,off,Feleipe Franks,0750,TE
2026001,0,317,RUSH,(9:51) T.Etienne right tackle to CAR 1 for -2 yards (A.Billings). AZ-Z.Carter was injured during the play.,off,Kenny Pickett,0750,QB
2026001,0,317,RUSH,(9:51) T.Etienne right tackle to CAR 1 for -2 yards (A.Billings). AZ-Z.Carter was injured during the play.,off,James Mitchell,0750,TE
2026001,0,317,RUSH,(9:51) T.Etienne right tackle to CAR 1 for -2 yards (A.Billings). AZ-Z.Carter was injured during the play.,off,Chandler Zavala,0750,G
2026001,0,317,RUSH,(9:51) T.Etienne right tackle to CAR 1 for -2 yards (A.Billings). AZ-Z.Carter was injured during the play.,off,Brycen Tremayne,0750,WR
2026001,0,317,RUSH,(9:51) T.Etienne right tackle to CAR 1 for -2 yards (A.Billings). AZ-Z.Carter was injured during the play.,off,Trevor Etienne,0750,RB
2026001,0,317,RUSH,(9:51) T.Etienne right tackle to CAR 1 for -2 yards (A.Billings). AZ-Z.Carter was injured during the play.,off,Sam Hecht,0750,C
2026001,0,317,RUSH,(9:51) T.Etienne right tackle to CAR 1 for -2 yards (A.Billings). AZ-Z.Carter was injured during the play.,off,Albert Reese,0750,T
2026001,0,317,RUSH,(9:51) T.Etienne right tackle to CAR 1 for -2 yards (A.Billings). AZ-Z.Carter was injured during the play.,def,Andrew Billings,3800,DT
2026001,0,317,RUSH,(9:51) T.Etienne right tackle to CAR 1 for -2 yards (A.Billings). AZ-Z.Carter was injured during the play.,def,Jonah Williams,3800,DE
2026001,0,317,RUSH,(9:51) T.Etienne right tackle to CAR 1 for -2 yards (A.Billings). AZ-Z.Carter was injured during the play.,def,Zachary Carter,3800,DT
2026001,0,317,RUSH,(9:51) T.Etienne right tackle to CAR 1 for -2 yards (A.Billings). AZ-Z.Carter was injured during the play.,def,Elliott Brown,3800,OLB
2026001,0,317,RUSH,(9:51) T.Etienne right tackle to CAR 1 for -2 yards (A.Billings). AZ-Z.Carter was injured during the play.,def,Owen Pappoe,3800,ILB
2026001,0,317,RUSH,(9:51) T.Etienne right tackle to CAR 1 for -2 yards (A.Billings). AZ-Z.Carter was injured during the play.,def,Kei'Trel Clark,3800,CB
2026001,0,317,RUSH,(9:51) T.Etienne right tackle to CAR 1 for -2 yards (A.Billings). AZ-Z.Carter was injured during the play.,def,Elijah Jones,3800,CB
2026001,0,317,RUSH,(9:51) T.Etienne right tackle to CAR 1 for -2 yards (A.Billings). AZ-Z.Carter was injured during the play.,def,Dadrion Taylor-Demerson,3800,FS
2026001,0,317,RUSH,(9:51) T.Etienne right tackle to CAR 1 for -2 yards (A.Billings). AZ-Z.Carter was injured during the play.,def,Kitan Crawford,3800,FS
2026001,0,317,RUSH,(9:51) T.Etienne right tackle to CAR 1 for -2 yards (A.Billings). AZ-Z.Carter was injured during the play.,def,Austin Keys,3800,ILB
2026001,0,317,RUSH,(9:51) T.Etienne right tackle to CAR 1 for -2 yards (A.Billings). AZ-Z.Carter was injured during the play.,def,Cam Robertson,3800,OLB
2026001,0,363,PASS,(9:13) (Shotgun) K.Pickett pass incomplete short middle to D.Moore (A.Keys).,off,David Moore,0750,WR
2026001,0,363,PASS,(9:13) (Shotgun) K.Pickett pass incomplete short middle to D.Moore (A.Keys).,off,Brady Christensen,0750,T
2026001,0,363,PASS,(9:13) (Shotgun) K.Pickett pass incomplete short middle to D.Moore (A.Keys).,off,Stone Forsythe,0750,T
2026001,0,363,PASS,(9:13) (Shotgun) K.Pickett pass incomplete short middle to D.Moore (A.Keys).,off,Feleipe Franks,0750,TE
2026001,0,363,PASS,(9:13) (Shotgun) K.Pickett pass incomplete short middle to D.Moore (A.Keys).,off,Kenny Pickett,0750,QB
2026001,0,363,PASS,(9:13) (Shotgun) K.Pickett pass incomplete short middle to D.Moore (A.Keys).,off,James Mitchell,0750,TE
2026001,0,363,PASS,(9:13) (Shotgun) K.Pickett pass incomplete short middle to D.Moore (A.Keys).,off,Chandler Zavala,0750,G
2026001,0,363,PASS,(9:13) (Shotgun) K.Pickett pass incomplete short middle to D.Moore (A.Keys).,off,Brycen Tremayne,0750,WR
2026001,0,363,PASS,(9:13) (Shotgun) K.Pickett pass incomplete short middle to D.Moore (A.Keys).,off,Trevor Etienne,0750,RB
2026001,0,363,PASS,(9:13) (Shotgun) K.Pickett pass incomplete short middle to D.Moore (A.Keys).,off,Sam Hecht,0750,C
2026001,0,363,PASS,(9:13) (Shotgun) K.Pickett pass incomplete short middle to D.Moore (A.Keys).,off,Albert Reese,0750,T
2026001,0,363,PASS,(9:13) (Shotgun) K.Pickett pass incomplete short middle to D.Moore (A.Keys).,def,Andrew Billings,3800,DT
2026001,0,363,PASS,(9:13) (Shotgun) K.Pickett pass incomplete short middle to D.Moore (A.Keys).,def,Jonah Williams,3800,DE
2026001,0,363,PASS,(9:13) (Shotgun) K.Pickett pass incomplete short middle to D.Moore (A.Keys).,def,Elliott Brown,3800,OLB
2026001,0,363,PASS,(9:13) (Shotgun) K.Pickett pass incomplete short middle to D.Moore (A.Keys).,def,Brodric Martin,3800,DT
2026001,0,363,PASS,(9:13) (Shotgun) K.Pickett pass incomplete short middle to D.Moore (A.Keys).,def,Owen Pappoe,3800,ILB
2026001,0,363,PASS,(9:13) (Shotgun) K.Pickett pass incomplete short middle to D.Moore (A.Keys).,def,Kei'Trel Clark,3800,CB
2026001,0,363,PASS,(9:13) (Shotgun) K.Pickett pass incomplete short middle to D.Moore (A.Keys).,def,Elijah Jones,3800,CB
2026001,0,363,PASS,(9:13) (Shotgun) K.Pickett pass incomplete short middle to D.Moore (A.Keys).,def,Dadrion Taylor-Demerson,3800,FS
2026001,0,363,PASS,(9:13) (Shotgun) K.Pickett pass incomplete short middle to D.Moore (A.Keys).,def,Kitan Crawford,3800,FS
2026001,0,363,PASS,(9:13) (Shotgun) K.Pickett pass incomplete short middle to D.Moore (A.Keys).,def,Austin Keys,3800,ILB
2026001,0,363,PASS,(9:13) (Shotgun) K.Pickett pass incomplete short middle to D.Moore (A.Keys).,def,Cam Robertson,3800,OLB
2026001,0,386,PENALTY,"(9:09) (No Huddle, Shotgun) PENALTY on CAR-A.Reese, False Start, 0 yards, enforced at CAR 1 - No Play.",off,David Moore,0750,WR
2026001,0,386,PENALTY,"(9:09) (No Huddle, Shotgun) PENALTY on CAR-A.Reese, False Start, 0 yards, enforced at CAR 1 - No Play.",off,Brady Christensen,0750,T
2026001,0,386,PENALTY,"(9:09) (No Huddle, Shotgun) PENALTY on CAR-A.Reese, False Start, 0 yards, enforced at CAR 1 - No Play.",off,Stone Forsythe,0750,T
2026001,0,386,PENALTY,"(9:09) (No Huddle, Shotgun) PENALTY on CAR-A.Reese, False Start, 0 yards, enforced at CAR 1 - No Play.",off,Feleipe Franks,0750,TE
2026001,0,386,PENALTY,"(9:09) (No Huddle, Shotgun) PENALTY on CAR-A.Reese, False Start, 0 yards, enforced at CAR 1 - No Play.",off,Kenny Pickett,0750,QB
2026001,0,386,PENALTY,"(9:09) (No Huddle, Shotgun) PENALTY on CAR-A.Reese, False Start, 0 yards, enforced at CAR 1 - No Play.",off,James Mitchell,0750,TE
2026001,0,386,PENALTY,"(9:09) (No Huddle, Shotgun) PENALTY on CAR-A.Reese, False Start, 0 yards, enforced at CAR 1 - No Play.",off,Chandler Zavala,0750,G
2026001,0,386,PENALTY,"(9:09) (No Huddle, Shotgun) PENALTY on CAR-A.Reese, False Start, 0 yards, enforced at CAR 1 - No Play.",off,Brycen Tremayne,0750,WR
2026001,0,386,PENALTY,"(9:09) (No Huddle, Shotgun) PENALTY on CAR-A.Reese, False Start, 0 yards, enforced at CAR 1 - No Play.",off,Trevor Etienne,0750,RB
2026001,0,386,PENALTY,"(9:09) (No Huddle, Shotgun) PENALTY on CAR-A.Reese, False Start, 0 yards, enforced at CAR 1 - No Play.",off,Sam Hecht,0750,C
2026001,0,386,PENALTY,"(9:09) (No Huddle, Shotgun) PENALTY on CAR-A.Reese, False Start, 0 yards, enforced at CAR 1 - No Play.",off,Albert Reese,0750,T
2026001,0,386,PENALTY,"(9:09) (No Huddle, Shotgun) PENALTY on CAR-A.Reese, False Start, 0 yards, enforced at CAR 1 - No Play.",def,Andrew Billings,3800,DT
2026001,0,386,PENALTY,"(9:09) (No Huddle, Shotgun) PENALTY on CAR-A.Reese, False Start, 0 yards, enforced at CAR 1 - No Play.",def,Jonah Williams,3800,DE
2026001,0,386,PENALTY,"(9:09) (No Huddle, Shotgun) PENALTY on CAR-A.Reese, False Start, 0 yards, enforced at CAR 1 - No Play.",def,Elliott Brown,3800,OLB
2026001,0,386,PENALTY,"(9:09) (No Huddle, Shotgun) PENALTY on CAR-A.Reese, False Start, 0 yards, enforced at CAR 1 - No Play.",def,Owen Pappoe,3800,ILB
2026001,0,386,PENALTY,"(9:09) (No Huddle, Shotgun) PENALTY on CAR-A.Reese, False Start, 0 yards, enforced at CAR 1 - No Play.",def,Kei'Trel Clark,3800,CB
2026001,0,386,PENALTY,"(9:09) (No Huddle, Shotgun) PENALTY on CAR-A.Reese, False Start, 0 yards, enforced at CAR 1 - No Play.",def,Elijah Jones,3800,CB
2026001,0,386,PENALTY,"(9:09) (No Huddle, Shotgun) PENALTY on CAR-A.Reese, False Start, 0 yards, enforced at CAR 1 - No Play.",def,Dadrion Taylor-Demerson,3800,FS
2026001,0,386,PENALTY,"(9:09) (No Huddle, Shotgun) PENALTY on CAR-A.Reese, False Start, 0 yards, enforced at CAR 1 - No Play.",def,Kalen King,3800,CB
2026001,0,386,PENALTY,"(9:09) (No Huddle, Shotgun) PENALTY on CAR-A.Reese, False Start, 0 yards, enforced at CAR 1 - No Play.",def,Kitan Crawford,3800,FS
2026001,0,386,PENALTY,"(9:09) (No Huddle, Shotgun) PENALTY on CAR-A.Reese, False Start, 0 yards, enforced at CAR 1 - No Play.",def,Austin Keys,3800,ILB
2026001,0,386,PENALTY,"(9:09) (No Huddle, Shotgun) PENALTY on CAR-A.Reese, False Start, 0 yards, enforced at CAR 1 - No Play.",def,Cam Robertson,3800,OLB
2026001,0,410,PENALTY,"(9:09) (Shotgun) K.Pickett pass incomplete deep right to B.Tremayne [A.Billings].
PENALTY on AZ-K.Clark, Defensive Pass Interference, 31 yards, enforced at CAR 1 - No Play.",off,David Moore,0750,WR
2026001,0,410,PENALTY,"(9:09) (Shotgun) K.Pickett pass incomplete deep right to B.Tremayne [A.Billings].
PENALTY on AZ-K.Clark, Defensive Pass Interference, 31 yards, enforced at CAR 1 - No Play.",off,Brady Christensen,0750,T
2026001,0,410,PENALTY,"(9:09) (Shotgun) K.Pickett pass incomplete deep right to B.Tremayne [A.Billings].
PENALTY on AZ-K.Clark, Defensive Pass Interference, 31 yards, enforced at CAR 1 - No Play.",off,Stone Forsythe,0750,T
2026001,0,410,PENALTY,"(9:09) (Shotgun) K.Pickett pass incomplete deep right to B.Tremayne [A.Billings].
PENALTY on AZ-K.Clark, Defensive Pass Interference, 31 yards, enforced at CAR 1 - No Play.",off,Feleipe Franks,0750,TE
2026001,0,410,PENALTY,"(9:09) (Shotgun) K.Pickett pass incomplete deep right to B.Tremayne [A.Billings].
PENALTY on AZ-K.Clark, Defensive Pass Interference, 31 yards, enforced at CAR 1 - No Play.",off,Kenny Pickett,0750,QB
2026001,0,410,PENALTY,"(9:09) (Shotgun) K.Pickett pass incomplete deep right to B.Tremayne [A.Billings].
PENALTY on AZ-K.Clark, Defensive Pass Interference, 31 yards, enforced at CAR 1 - No Play.",off,James Mitchell,0750,TE
2026001,0,410,PENALTY,"(9:09) (Shotgun) K.Pickett pass incomplete deep right to B.Tremayne [A.Billings].
PENALTY on AZ-K.Clark, Defensive Pass Interference, 31 yards, enforced at CAR 1 - No Play.",off,Chandler Zavala,0750,G
2026001,0,410,PENALTY,"(9:09) (Shotgun) K.Pickett pass incomplete deep right to B.Tremayne [A.Billings].
PENALTY on AZ-K.Clark, Defensive Pass Interference, 31 yards, enforced at CAR 1 - No Play.",off,Brycen Tremayne,0750,WR
2026001,0,410,PENALTY,"(9:09) (Shotgun) K.Pickett pass incomplete deep right to B.Tremayne [A.Billings].
PENALTY on AZ-K.Clark, Defensive Pass Interference, 31 yards, enforced at CAR 1 - No Play.",off,Trevor Etienne,0750,RB
2026001,0,410,PENALTY,"(9:09) (Shotgun) K.Pickett pass incomplete deep right to B.Tremayne [A.Billings].
PENALTY on AZ-K.Clark, Defensive Pass Interference, 31 yards, enforced at CAR 1 - No Play.",off,Sam Hecht,0750,C
2026001,0,410,PENALTY,"(9:09) (Shotgun) K.Pickett pass incomplete deep right to B.Tremayne [A.Billings].
PENALTY on AZ-K.Clark, Defensive Pass Interference, 31 yards, enforced at CAR 1 - No Play.",off,Albert Reese,0750,T
2026001,0,410,PENALTY,"(9:09) (Shotgun) K.Pickett pass incomplete deep right to B.Tremayne [A.Billings].
PENALTY on AZ-K.Clark, Defensive Pass Interference, 31 yards, enforced at CAR 1 - No Play.",def,Andrew Billings,3800,DT
2026001,0,410,PENALTY,"(9:09) (Shotgun) K.Pickett pass incomplete deep right to B.Tremayne [A.Billings].
PENALTY on AZ-K.Clark, Defensive Pass Interference, 31 yards, enforced at CAR 1 - No Play.",def,Jonah Williams,3800,DE
2026001,0,410,PENALTY,"(9:09) (Shotgun) K.Pickett pass incomplete deep right to B.Tremayne [A.Billings].
PENALTY on AZ-K.Clark, Defensive Pass Interference, 31 yards, enforced at CAR 1 - No Play.",def,Elliott Brown,3800,OLB
2026001,0,410,PENALTY,"(9:09) (Shotgun) K.Pickett pass incomplete deep right to B.Tremayne [A.Billings].
PENALTY on AZ-K.Clark, Defensive Pass Interference, 31 yards, enforced at CAR 1 - No Play.",def,Owen Pappoe,3800,ILB
2026001,0,410,PENALTY,"(9:09) (Shotgun) K.Pickett pass incomplete deep right to B.Tremayne [A.Billings].
PENALTY on AZ-K.Clark, Defensive Pass Interference, 31 yards, enforced at CAR 1 - No Play.",def,Kei'Trel Clark,3800,CB
2026001,0,410,PENALTY,"(9:09) (Shotgun) K.Pickett pass incomplete deep right to B.Tremayne [A.Billings].
PENALTY on AZ-K.Clark, Defensive Pass Interference, 31 yards, enforced at CAR 1 - No Play.",def,Elijah Jones,3800,CB
2026001,0,410,PENALTY,"(9:09) (Shotgun) K.Pickett pass incomplete deep right to B.Tremayne [A.Billings].
PENALTY on AZ-K.Clark, Defensive Pass Interference, 31 yards, enforced at CAR 1 - No Play.",def,Dadrion Taylor-Demerson,3800,FS
2026001,0,410,PENALTY,"(9:09) (Shotgun) K.Pickett pass incomplete deep right to B.Tremayne [A.Billings].
PENALTY on AZ-K.Clark, Defensive Pass Interference, 31 yards, enforced at CAR 1 - No Play.",def,Kalen King,3800,CB
2026001,0,410,PENALTY,"(9:09) (Shotgun) K.Pickett pass incomplete deep right to B.Tremayne [A.Billings].
PENALTY on AZ-K.Clark, Defensive Pass Interference, 31 yards, enforced at CAR 1 - No Play.",def,Kitan Crawford,3800,FS
2026001,0,410,PENALTY,"(9:09) (Shotgun) K.Pickett pass incomplete deep right to B.Tremayne [A.Billings].
PENALTY on AZ-K.Clark, Defensive Pass Interference, 31 yards, enforced at CAR 1 - No Play.",def,Austin Keys,3800,ILB
2026001,0,410,PENALTY,"(9:09) (Shotgun) K.Pickett pass incomplete deep right to B.Tremayne [A.Billings].
PENALTY on AZ-K.Clark, Defensive Pass Interference, 31 yards, enforced at CAR 1 - No Play.",def,Cam Robertson,3800,OLB
2026001,0,444,RUSH,(9:03) (Shotgun) T.Etienne right guard to CAR 34 for 2 yards (A.Keys; A.Billings).,off,David Moore,0750,WR
2026001,0,444,RUSH,(9:03) (Shotgun) T.Etienne right guard to CAR 34 for 2 yards (A.Keys; A.Billings).,off,Brady Christensen,0750,T
2026001,0,444,RUSH,(9:03) (Shotgun) T.Etienne right guard to CAR 34 for 2 yards (A.Keys; A.Billings).,off,Stone Forsythe,0750,T
2026001,0,444,RUSH,(9:03) (Shotgun) T.Etienne right guard to CAR 34 for 2 yards (A.Keys; A.Billings).,off,Feleipe Franks,0750,TE
2026001,0,444,RUSH,(9:03) (Shotgun) T.Etienne right guard to CAR 34 for 2 yards (A.Keys; A.Billings).,off,Kenny Pickett,0750,QB
2026001,0,444,RUSH,(9:03) (Shotgun) T.Etienne right guard to CAR 34 for 2 yards (A.Keys; A.Billings).,off,James Mitchell,0750,TE
2026001,0,444,RUSH,(9:03) (Shotgun) T.Etienne right guard to CAR 34 for 2 yards (A.Keys; A.Billings).,off,Chandler Zavala,0750,G
2026001,0,444,RUSH,(9:03) (Shotgun) T.Etienne right guard to CAR 34 for 2 yards (A.Keys; A.Billings).,off,Brycen Tremayne,0750,WR
2026001,0,444,RUSH,(9:03) (Shotgun) T.Etienne right guard to CAR 34 for 2 yards (A.Keys; A.Billings).,off,Trevor Etienne,0750,RB
2026001,0,444,RUSH,(9:03) (Shotgun) T.Etienne right guard to CAR 34 for 2 yards (A.Keys; A.Billings).,off,Sam Hecht,0750,C
2026001,0,444,RUSH,(9:03) (Shotgun) T.Etienne right guard to CAR 34 for 2 yards (A.Keys; A.Billings).,off,Albert Reese,0750,T
2026001,0,444,RUSH,(9:03) (Shotgun) T.Etienne right guard to CAR 34 for 2 yards (A.Keys; A.Billings).,def,Andrew Billings,3800,DT
2026001,0,444,RUSH,(9:03) (Shotgun) T.Etienne right guard to CAR 34 for 2 yards (A.Keys; A.Billings).,def,Jonah Williams,3800,DE
2026001,0,444,RUSH,(9:03) (Shotgun) T.Etienne right guard to CAR 34 for 2 yards (A.Keys; A.Billings).,def,Elliott Brown,3800,OLB
2026001,0,444,RUSH,(9:03) (Shotgun) T.Etienne right guard to CAR 34 for 2 yards (A.Keys; A.Billings).,def,Brodric Martin,3800,DT
2026001,0,444,RUSH,(9:03) (Shotgun) T.Etienne right guard to CAR 34 for 2 yards (A.Keys; A.Billings).,def,Owen Pappoe,3800,ILB
2026001,0,444,RUSH,(9:03) (Shotgun) T.Etienne right guard to CAR 34 for 2 yards (A.Keys; A.Billings).,def,Kei'Trel Clark,3800,CB
2026001,0,444,RUSH,(9:03) (Shotgun) T.Etienne right guard to CAR 34 for 2 yards (A.Keys; A.Billings).,def,Elijah Jones,3800,CB
2026001,0,444,RUSH,(9:03) (Shotgun) T.Etienne right guard to CAR 34 for 2 yards (A.Keys; A.Billings).,def,Dadrion Taylor-Demerson,3800,FS
2026001,0,444,RUSH,(9:03) (Shotgun) T.Etienne right guard to CAR 34 for 2 yards (A.Keys; A.Billings).,def,Kitan Crawford,3800,FS
2026001,0,444,RUSH,(9:03) (Shotgun) T.Etienne right guard to CAR 34 for 2 yards (A.Keys; A.Billings).,def,Austin Keys,3800,ILB
2026001,0,444,RUSH,(9:03) (Shotgun) T.Etienne right guard to CAR 34 for 2 yards (A.Keys; A.Billings).,def,Cam Robertson,3800,OLB
2026001,0,466,PASS,"(8:31) (Shotgun) K.Pickett pass short right to T.Etienne pushed ob at CAR 33 for -1 yards (K.Crawford).
Penalty on CAR-A.Reese, Offensive Holding, declined.",off,David Moore,0750,WR
2026001,0,466,PASS,"(8:31) (Shotgun) K.Pickett pass short right to T.Etienne pushed ob at CAR 33 for -1 yards (K.Crawford).
Penalty on CAR-A.Reese, Offensive Holding, declined.",off,Brady Christensen,0750,T
2026001,0,466,PASS,"(8:31) (Shotgun) K.Pickett pass short right to T.Etienne pushed ob at CAR 33 for -1 yards (K.Crawford).
Penalty on CAR-A.Reese, Offensive Holding, declined.",off,Stone Forsythe,0750,T
2026001,0,466,PASS,"(8:31) (Shotgun) K.Pickett pass short right to T.Etienne pushed ob at CAR 33 for -1 yards (K.Crawford).
Penalty on CAR-A.Reese, Offensive Holding, declined.",off,Kenny Pickett,0750,QB
2026001,0,466,PASS,"(8:31) (Shotgun) K.Pickett pass short right to T.Etienne pushed ob at CAR 33 for -1 yards (K.Crawford).
Penalty on CAR-A.Reese, Offensive Holding, declined.",off,John Metchie III,0750,WR
2026001,0,466,PASS,"(8:31) (Shotgun) K.Pickett pass short right to T.Etienne pushed ob at CAR 33 for -1 yards (K.Crawford).
Penalty on CAR-A.Reese, Offensive Holding, declined.",off,James Mitchell,0750,TE
2026001,0,466,PASS,"(8:31) (Shotgun) K.Pickett pass short right to T.Etienne pushed ob at CAR 33 for -1 yards (K.Crawford).
Penalty on CAR-A.Reese, Offensive Holding, declined.",off,Chandler Zavala,0750,G
2026001,0,466,PASS,"(8:31) (Shotgun) K.Pickett pass short right to T.Etienne pushed ob at CAR 33 for -1 yards (K.Crawford).
Penalty on CAR-A.Reese, Offensive Holding, declined.",off,Brycen Tremayne,0750,WR
2026001,0,466,PASS,"(8:31) (Shotgun) K.Pickett pass short right to T.Etienne pushed ob at CAR 33 for -1 yards (K.Crawford).
Penalty on CAR-A.Reese, Offensive Holding, declined.",off,Trevor Etienne,0750,RB
2026001,0,466,PASS,"(8:31) (Shotgun) K.Pickett pass short right to T.Etienne pushed ob at CAR 33 for -1 yards (K.Crawford).
Penalty on CAR-A.Reese, Offensive Holding, declined.",off,Sam Hecht,0750,C
2026001,0,466,PASS,"(8:31) (Shotgun) K.Pickett pass short right to T.Etienne pushed ob at CAR 33 for -1 yards (K.Crawford).
Penalty on CAR-A.Reese, Offensive Holding, declined.",off,Albert Reese,0750,T
2026001,0,466,PASS,"(8:31) (Shotgun) K.Pickett pass short right to T.Etienne pushed ob at CAR 33 for -1 yards (K.Crawford).
Penalty on CAR-A.Reese, Offensive Holding, declined.",def,Jonah Williams,3800,DE
2026001,0,466,PASS,"(8:31) (Shotgun) K.Pickett pass short right to T.Etienne pushed ob at CAR 33 for -1 yards (K.Crawford).
Penalty on CAR-A.Reese, Offensive Holding, declined.",def,Elliott Brown,3800,OLB
2026001,0,466,PASS,"(8:31) (Shotgun) K.Pickett pass short right to T.Etienne pushed ob at CAR 33 for -1 yards (K.Crawford).
Penalty on CAR-A.Reese, Offensive Holding, declined.",def,Owen Pappoe,3800,ILB
2026001,0,466,PASS,"(8:31) (Shotgun) K.Pickett pass short right to T.Etienne pushed ob at CAR 33 for -1 yards (K.Crawford).
Penalty on CAR-A.Reese, Offensive Holding, declined.",def,Kei'Trel Clark,3800,CB
2026001,0,466,PASS,"(8:31) (Shotgun) K.Pickett pass short right to T.Etienne pushed ob at CAR 33 for -1 yards (K.Crawford).
Penalty on CAR-A.Reese, Offensive Holding, declined.",def,Elijah Jones,3800,CB
2026001,0,466,PASS,"(8:31) (Shotgun) K.Pickett pass short right to T.Etienne pushed ob at CAR 33 for -1 yards (K.Crawford).
Penalty on CAR-A.Reese, Offensive Holding, declined.",def,Dadrion Taylor-Demerson,3800,FS
2026001,0,466,PASS,"(8:31) (Shotgun) K.Pickett pass short right to T.Etienne pushed ob at CAR 33 for -1 yards (K.Crawford).
Penalty on CAR-A.Reese, Offensive Holding, declined.",def,Kalen King,3800,CB
2026001,0,466,PASS,"(8:31) (Shotgun) K.Pickett pass short right to T.Etienne pushed ob at CAR 33 for -1 yards (K.Crawford).
Penalty on CAR-A.Reese, Offensive Holding, declined.",def,Kitan Crawford,3800,FS
2026001,0,466,PASS,"(8:31) (Shotgun) K.Pickett pass short right to T.Etienne pushed ob at CAR 33 for -1 yards (K.Crawford).
Penalty on CAR-A.Reese, Offensive Holding, declined.",def,Austin Keys,3800,ILB
2026001,0,466,PASS,"(8:31) (Shotgun) K.Pickett pass short right to T.Etienne pushed ob at CAR 33 for -1 yards (K.Crawford).
Penalty on CAR-A.Reese, Offensive Holding, declined.",def,Cam Robertson,3800,OLB
2026001,0,466,PASS,"(8:31) (Shotgun) K.Pickett pass short right to T.Etienne pushed ob at CAR 33 for -1 yards (K.Crawford).
Penalty on CAR-A.Reese, Offensive Holding, declined.",def,Damonic Williams,3800,NT
2026001,0,507,PASS,(8:07) (Shotgun) K.Pickett pass short right to J.Sanders to CAR 38 for 5 yards (K.Clark).,off,David Moore,0750,WR
2026001,0,507,PASS,(8:07) (Shotgun) K.Pickett pass short right to J.Sanders to CAR 38 for 5 yards (K.Clark).,off,Brady Christensen,0750,T
2026001,0,507,PASS,(8:07) (Shotgun) K.Pickett pass short right to J.Sanders to CAR 38 for 5 yards (K.Clark).,off,Stone Forsythe,0750,T
2026001,0,507,PASS,(8:07) (Shotgun) K.Pickett pass short right to J.Sanders to CAR 38 for 5 yards (K.Clark).,off,Kenny Pickett,0750,QB
2026001,0,507,PASS,(8:07) (Shotgun) K.Pickett pass short right to J.Sanders to CAR 38 for 5 yards (K.Clark).,off,John Metchie III,0750,WR
2026001,0,507,PASS,(8:07) (Shotgun) K.Pickett pass short right to J.Sanders to CAR 38 for 5 yards (K.Clark).,off,Chandler Zavala,0750,G
2026001,0,507,PASS,(8:07) (Shotgun) K.Pickett pass short right to J.Sanders to CAR 38 for 5 yards (K.Clark).,off,Brycen Tremayne,0750,WR
2026001,0,507,PASS,(8:07) (Shotgun) K.Pickett pass short right to J.Sanders to CAR 38 for 5 yards (K.Clark).,off,Ja'Tavion Sanders,0750,TE
2026001,0,507,PASS,(8:07) (Shotgun) K.Pickett pass short right to J.Sanders to CAR 38 for 5 yards (K.Clark).,off,Trevor Etienne,0750,RB
2026001,0,507,PASS,(8:07) (Shotgun) K.Pickett pass short right to J.Sanders to CAR 38 for 5 yards (K.Clark).,off,Sam Hecht,0750,C
2026001,0,507,PASS,(8:07) (Shotgun) K.Pickett pass short right to J.Sanders to CAR 38 for 5 yards (K.Clark).,off,Albert Reese,0750,T
2026001,0,507,PASS,(8:07) (Shotgun) K.Pickett pass short right to J.Sanders to CAR 38 for 5 yards (K.Clark).,def,Jonah Williams,3800,DE
2026001,0,507,PASS,(8:07) (Shotgun) K.Pickett pass short right to J.Sanders to CAR 38 for 5 yards (K.Clark).,def,BJ Ojulari,3800,OLB
2026001,0,507,PASS,(8:07) (Shotgun) K.Pickett pass short right to J.Sanders to CAR 38 for 5 yards (K.Clark).,def,Owen Pappoe,3800,ILB
2026001,0,507,PASS,(8:07) (Shotgun) K.Pickett pass short right to J.Sanders to CAR 38 for 5 yards (K.Clark).,def,Kei'Trel Clark,3800,CB
2026001,0,507,PASS,(8:07) (Shotgun) K.Pickett pass short right to J.Sanders to CAR 38 for 5 yards (K.Clark).,def,Eku Leota,3800,OLB
2026001,0,507,PASS,(8:07) (Shotgun) K.Pickett pass short right to J.Sanders to CAR 38 for 5 yards (K.Clark).,def,Elijah Jones,3800,CB
2026001,0,507,PASS,(8:07) (Shotgun) K.Pickett pass short right to J.Sanders to CAR 38 for 5 yards (K.Clark).,def,Dadrion Taylor-Demerson,3800,FS
2026001,0,507,PASS,(8:07) (Shotgun) K.Pickett pass short right to J.Sanders to CAR 38 for 5 yards (K.Clark).,def,Kalen King,3800,CB
2026001,0,507,PASS,(8:07) (Shotgun) K.Pickett pass short right to J.Sanders to CAR 38 for 5 yards (K.Clark).,def,Kitan Crawford,3800,FS
2026001,0,507,PASS,(8:07) (Shotgun) K.Pickett pass short right to J.Sanders to CAR 38 for 5 yards (K.Clark).,def,Austin Keys,3800,ILB
2026001,0,507,PASS,(8:07) (Shotgun) K.Pickett pass short right to J.Sanders to CAR 38 for 5 yards (K.Clark).,def,Damonic Williams,3800,NT
2026001,0,532,PUNT,"(7:25) S.Martin punts 58 yards to AZ 4, impetus ends at AZ 1, Center-J.Jansen, downed by CAR-J.Reed.",off,J.J. Jansen,0750,LS
2026001,0,532,PUNT,"(7:25) S.Martin punts 58 yards to AZ 4, impetus ends at AZ 1, Center-J.Jansen, downed by CAR-J.Reed.",off,Sam Martin,0750,P
2026001,0,532,PUNT,"(7:25) S.Martin punts 58 yards to AZ 4, impetus ends at AZ 1, Center-J.Jansen, downed by CAR-J.Reed.",off,Cam Gill,0750,OLB
2026001,0,532,PUNT,"(7:25) S.Martin punts 58 yards to AZ 4, impetus ends at AZ 1, Center-J.Jansen, downed by CAR-J.Reed.",off,James Mitchell,0750,TE
2026001,0,532,PUNT,"(7:25) S.Martin punts 58 yards to AZ 4, impetus ends at AZ 1, Center-J.Jansen, downed by CAR-J.Reed.",off,Maema Njongmeta,0750,ILB
2026001,0,532,PUNT,"(7:25) S.Martin punts 58 yards to AZ 4, impetus ends at AZ 1, Center-J.Jansen, downed by CAR-J.Reed.",off,Princely Umanmielen,0750,OLB
2026001,0,532,PUNT,"(7:25) S.Martin punts 58 yards to AZ 4, impetus ends at AZ 1, Center-J.Jansen, downed by CAR-J.Reed.",off,Lathan Ransom,0750,SS
2026001,0,532,PUNT,"(7:25) S.Martin punts 58 yards to AZ 4, impetus ends at AZ 1, Center-J.Jansen, downed by CAR-J.Reed.",off,Ja'Seem Reed,0750,WR
2026001,0,532,PUNT,"(7:25) S.Martin punts 58 yards to AZ 4, impetus ends at AZ 1, Center-J.Jansen, downed by CAR-J.Reed.",off,Bam Martin-Scott,0750,ILB
2026001,0,532,PUNT,"(7:25) S.Martin punts 58 yards to AZ 4, impetus ends at AZ 1, Center-J.Jansen, downed by CAR-J.Reed.",off,Jackson Kuwatch,0750,ILB
2026001,0,532,PUNT,"(7:25) S.Martin punts 58 yards to AZ 4, impetus ends at AZ 1, Center-J.Jansen, downed by CAR-J.Reed.",off,Devonta Smith,0750,CB
2026001,0,532,PUNT,"(7:25) S.Martin punts 58 yards to AZ 4, impetus ends at AZ 1, Center-J.Jansen, downed by CAR-J.Reed.",def,Isaiah Oliver,3800,FS
2026001,0,532,PUNT,"(7:25) S.Martin punts 58 yards to AZ 4, impetus ends at AZ 1, Center-J.Jansen, downed by CAR-J.Reed.",def,Simi Fehoko,3800,WR
2026001,0,532,PUNT,"(7:25) S.Martin punts 58 yards to AZ 4, impetus ends at AZ 1, Center-J.Jansen, downed by CAR-J.Reed.",def,Owen Pappoe,3800,ILB
2026001,0,532,PUNT,"(7:25) S.Martin punts 58 yards to AZ 4, impetus ends at AZ 1, Center-J.Jansen, downed by CAR-J.Reed.",def,Kei'Trel Clark,3800,CB
2026001,0,532,PUNT,"(7:25) S.Martin punts 58 yards to AZ 4, impetus ends at AZ 1, Center-J.Jansen, downed by CAR-J.Reed.",def,Eku Leota,3800,OLB
2026001,0,532,PUNT,"(7:25) S.Martin punts 58 yards to AZ 4, impetus ends at AZ 1, Center-J.Jansen, downed by CAR-J.Reed.",def,Elijah Jones,3800,CB
2026001,0,532,PUNT,"(7:25) S.Martin punts 58 yards to AZ 4, impetus ends at AZ 1, Center-J.Jansen, downed by CAR-J.Reed.",def,Dadrion Taylor-Demerson,3800,FS
2026001,0,532,PUNT,"(7:25) S.Martin punts 58 yards to AZ 4, impetus ends at AZ 1, Center-J.Jansen, downed by CAR-J.Reed.",def,Xavier Weaver,3800,WR
2026001,0,532,PUNT,"(7:25) S.Martin punts 58 yards to AZ 4, impetus ends at AZ 1, Center-J.Jansen, downed by CAR-J.Reed.",def,Austin Keys,3800,ILB
2026001,0,532,PUNT,"(7:25) S.Martin punts 58 yards to AZ 4, impetus ends at AZ 1, Center-J.Jansen, downed by CAR-J.Reed.",def,Karson Sharar,3800,ILB
2026001,0,532,PUNT,"(7:25) S.Martin punts 58 yards to AZ 4, impetus ends at AZ 1, Center-J.Jansen, downed by CAR-J.Reed.",def,Wydett Williams Jr.,3800,SS
2026001,0,561,PENALTY,"(7:12) PENALTY on AZ-K.Yeboah, False Start, 2 yards, enforced at AZ 4 - No Play.",off,Kenny Yeboah,3800,TE
2026001,0,561,PENALTY,"(7:12) PENALTY on AZ-K.Yeboah, False Start, 2 yards, enforced at AZ 4 - No Play.",off,Bam Knight,3800,RB
2026001,0,561,PENALTY,"(7:12) PENALTY on AZ-K.Yeboah, False Start, 2 yards, enforced at AZ 4 - No Play.",off,Jon Gaines II,3800,C
2026001,0,561,PENALTY,"(7:12) PENALTY on AZ-K.Yeboah, False Start, 2 yards, enforced at AZ 4 - No Play.",off,Jalen Brooks,3800,WR
2026001,0,561,PENALTY,"(7:12) PENALTY on AZ-K.Yeboah, False Start, 2 yards, enforced at AZ 4 - No Play.",off,Hayden Conner,3800,G
2026001,0,561,PENALTY,"(7:12) PENALTY on AZ-K.Yeboah, False Start, 2 yards, enforced at AZ 4 - No Play.",off,Josh Fryar,3800,T
2026001,0,561,PENALTY,"(7:12) PENALTY on AZ-K.Yeboah, False Start, 2 yards, enforced at AZ 4 - No Play.",off,Chase Bisontis,3800,G
2026001,0,561,PENALTY,"(7:12) PENALTY on AZ-K.Yeboah, False Start, 2 yards, enforced at AZ 4 - No Play.",off,Carson Beck,3800,QB
2026001,0,561,PENALTY,"(7:12) PENALTY on AZ-K.Yeboah, False Start, 2 yards, enforced at AZ 4 - No Play.",off,Reggie Virgil,3800,WR
2026001,0,561,PENALTY,"(7:12) PENALTY on AZ-K.Yeboah, False Start, 2 yards, enforced at AZ 4 - No Play.",off,Jayden Williams,3800,T
2026001,0,561,PENALTY,"(7:12) PENALTY on AZ-K.Yeboah, False Start, 2 yards, enforced at AZ 4 - No Play.",off,Jameson Geers,3800,TE
2026001,0,561,PENALTY,"(7:12) PENALTY on AZ-K.Yeboah, False Start, 2 yards, enforced at AZ 4 - No Play.",def,Trevis Gipson,0750,DE
2026001,0,561,PENALTY,"(7:12) PENALTY on AZ-K.Yeboah, False Start, 2 yards, enforced at AZ 4 - No Play.",def,Akayleb Evans,0750,CB
2026001,0,561,PENALTY,"(7:12) PENALTY on AZ-K.Yeboah, False Start, 2 yards, enforced at AZ 4 - No Play.",def,Claudin Cherelus,0750,ILB
2026001,0,561,PENALTY,"(7:12) PENALTY on AZ-K.Yeboah, False Start, 2 yards, enforced at AZ 4 - No Play.",def,Trevin Wallace,0750,ILB
2026001,0,561,PENALTY,"(7:12) PENALTY on AZ-K.Yeboah, False Start, 2 yards, enforced at AZ 4 - No Play.",def,Princely Umanmielen,0750,OLB
2026001,0,561,PENALTY,"(7:12) PENALTY on AZ-K.Yeboah, False Start, 2 yards, enforced at AZ 4 - No Play.",def,Lathan Ransom,0750,SS
2026001,0,561,PENALTY,"(7:12) PENALTY on AZ-K.Yeboah, False Start, 2 yards, enforced at AZ 4 - No Play.",def,Cam Jackson,0750,DT
2026001,0,561,PENALTY,"(7:12) PENALTY on AZ-K.Yeboah, False Start, 2 yards, enforced at AZ 4 - No Play.",def,Jared Harrison-Hunte,0750,DT
2026001,0,561,PENALTY,"(7:12) PENALTY on AZ-K.Yeboah, False Start, 2 yards, enforced at AZ 4 - No Play.",def,Will Lee III,0750,CB
2026001,0,561,PENALTY,"(7:12) PENALTY on AZ-K.Yeboah, False Start, 2 yards, enforced at AZ 4 - No Play.",def,Zakee Wheatley,0750,SS
2026001,0,561,PENALTY,"(7:12) PENALTY on AZ-K.Yeboah, False Start, 2 yards, enforced at AZ 4 - No Play.",def,Aaron Hall,0750,DT
2026001,0,593,RUSH,(7:12) Z.Knight right tackle to AZ 4 for 2 yards (L.Ransom; C.Cherelus).,off,Kenny Yeboah,3800,TE
2026001,0,593,RUSH,(7:12) Z.Knight right tackle to AZ 4 for 2 yards (L.Ransom; C.Cherelus).,off,Bam Knight,3800,RB
2026001,0,593,RUSH,(7:12) Z.Knight right tackle to AZ 4 for 2 yards (L.Ransom; C.Cherelus).,off,Jon Gaines II,3800,C
2026001,0,593,RUSH,(7:12) Z.Knight right tackle to AZ 4 for 2 yards (L.Ransom; C.Cherelus).,off,Jalen Brooks,3800,WR
2026001,0,593,RUSH,(7:12) Z.Knight right tackle to AZ 4 for 2 yards (L.Ransom; C.Cherelus).,off,Hayden Conner,3800,G
2026001,0,593,RUSH,(7:12) Z.Knight right tackle to AZ 4 for 2 yards (L.Ransom; C.Cherelus).,off,Josh Fryar,3800,T
2026001,0,593,RUSH,(7:12) Z.Knight right tackle to AZ 4 for 2 yards (L.Ransom; C.Cherelus).,off,Chase Bisontis,3800,G
2026001,0,593,RUSH,(7:12) Z.Knight right tackle to AZ 4 for 2 yards (L.Ransom; C.Cherelus).,off,Carson Beck,3800,QB
2026001,0,593,RUSH,(7:12) Z.Knight right tackle to AZ 4 for 2 yards (L.Ransom; C.Cherelus).,off,Reggie Virgil,3800,WR
2026001,0,593,RUSH,(7:12) Z.Knight right tackle to AZ 4 for 2 yards (L.Ransom; C.Cherelus).,off,Jayden Williams,3800,T
2026001,0,593,RUSH,(7:12) Z.Knight right tackle to AZ 4 for 2 yards (L.Ransom; C.Cherelus).,off,Jameson Geers,3800,TE
2026001,0,593,RUSH,(7:12) Z.Knight right tackle to AZ 4 for 2 yards (L.Ransom; C.Cherelus).,def,Trevis Gipson,0750,DE
2026001,0,593,RUSH,(7:12) Z.Knight right tackle to AZ 4 for 2 yards (L.Ransom; C.Cherelus).,def,Akayleb Evans,0750,CB
2026001,0,593,RUSH,(7:12) Z.Knight right tackle to AZ 4 for 2 yards (L.Ransom; C.Cherelus).,def,Claudin Cherelus,0750,ILB
2026001,0,593,RUSH,(7:12) Z.Knight right tackle to AZ 4 for 2 yards (L.Ransom; C.Cherelus).,def,Trevin Wallace,0750,ILB
2026001,0,593,RUSH,(7:12) Z.Knight right tackle to AZ 4 for 2 yards (L.Ransom; C.Cherelus).,def,Princely Umanmielen,0750,OLB
2026001,0,593,RUSH,(7:12) Z.Knight right tackle to AZ 4 for 2 yards (L.Ransom; C.Cherelus).,def,Lathan Ransom,0750,SS
2026001,0,593,RUSH,(7:12) Z.Knight right tackle to AZ 4 for 2 yards (L.Ransom; C.Cherelus).,def,Cam Jackson,0750,DT
2026001,0,593,RUSH,(7:12) Z.Knight right tackle to AZ 4 for 2 yards (L.Ransom; C.Cherelus).,def,Jared Harrison-Hunte,0750,DT
2026001,0,593,RUSH,(7:12) Z.Knight right tackle to AZ 4 for 2 yards (L.Ransom; C.Cherelus).,def,Will Lee III,0750,CB
2026001,0,593,RUSH,(7:12) Z.Knight right tackle to AZ 4 for 2 yards (L.Ransom; C.Cherelus).,def,Zakee Wheatley,0750,SS
2026001,0,593,RUSH,(7:12) Z.Knight right tackle to AZ 4 for 2 yards (L.Ransom; C.Cherelus).,def,Aaron Hall,0750,DT
2026001,0,615,RUSH,(6:35) (Shotgun) Z.Knight up the middle to AZ 7 for 3 yards (C.Jackson).,off,Simi Fehoko,3800,WR
2026001,0,615,RUSH,(6:35) (Shotgun) Z.Knight up the middle to AZ 7 for 3 yards (C.Jackson).,off,Bam Knight,3800,RB
2026001,0,615,RUSH,(6:35) (Shotgun) Z.Knight up the middle to AZ 7 for 3 yards (C.Jackson).,off,Jon Gaines II,3800,C
2026001,0,615,RUSH,(6:35) (Shotgun) Z.Knight up the middle to AZ 7 for 3 yards (C.Jackson).,off,Jalen Brooks,3800,WR
2026001,0,615,RUSH,(6:35) (Shotgun) Z.Knight up the middle to AZ 7 for 3 yards (C.Jackson).,off,Xavier Weaver,3800,WR
2026001,0,615,RUSH,(6:35) (Shotgun) Z.Knight up the middle to AZ 7 for 3 yards (C.Jackson).,off,Hayden Conner,3800,G
2026001,0,615,RUSH,(6:35) (Shotgun) Z.Knight up the middle to AZ 7 for 3 yards (C.Jackson).,off,Rivaldo Fairweather,3800,TE
2026001,0,615,RUSH,(6:35) (Shotgun) Z.Knight up the middle to AZ 7 for 3 yards (C.Jackson).,off,Josh Fryar,3800,T
2026001,0,615,RUSH,(6:35) (Shotgun) Z.Knight up the middle to AZ 7 for 3 yards (C.Jackson).,off,Chase Bisontis,3800,G
2026001,0,615,RUSH,(6:35) (Shotgun) Z.Knight up the middle to AZ 7 for 3 yards (C.Jackson).,off,Carson Beck,3800,QB
2026001,0,615,RUSH,(6:35) (Shotgun) Z.Knight up the middle to AZ 7 for 3 yards (C.Jackson).,off,Jayden Williams,3800,T
2026001,0,615,RUSH,(6:35) (Shotgun) Z.Knight up the middle to AZ 7 for 3 yards (C.Jackson).,def,Trevis Gipson,0750,DE
2026001,0,615,RUSH,(6:35) (Shotgun) Z.Knight up the middle to AZ 7 for 3 yards (C.Jackson).,def,Akayleb Evans,0750,CB
2026001,0,615,RUSH,(6:35) (Shotgun) Z.Knight up the middle to AZ 7 for 3 yards (C.Jackson).,def,Claudin Cherelus,0750,ILB
2026001,0,615,RUSH,(6:35) (Shotgun) Z.Knight up the middle to AZ 7 for 3 yards (C.Jackson).,def,Trevin Wallace,0750,ILB
2026001,0,615,RUSH,(6:35) (Shotgun) Z.Knight up the middle to AZ 7 for 3 yards (C.Jackson).,def,Chau Smith-Wade,0750,CB
2026001,0,615,RUSH,(6:35) (Shotgun) Z.Knight up the middle to AZ 7 for 3 yards (C.Jackson).,def,Princely Umanmielen,0750,OLB
2026001,0,615,RUSH,(6:35) (Shotgun) Z.Knight up the middle to AZ 7 for 3 yards (C.Jackson).,def,Lathan Ransom,0750,SS
2026001,0,615,RUSH,(6:35) (Shotgun) Z.Knight up the middle to AZ 7 for 3 yards (C.Jackson).,def,Cam Jackson,0750,DT
2026001,0,615,RUSH,(6:35) (Shotgun) Z.Knight up the middle to AZ 7 for 3 yards (C.Jackson).,def,Will Lee III,0750,CB
2026001,0,615,RUSH,(6:35) (Shotgun) Z.Knight up the middle to AZ 7 for 3 yards (C.Jackson).,def,Zakee Wheatley,0750,SS
2026001,0,615,RUSH,(6:35) (Shotgun) Z.Knight up the middle to AZ 7 for 3 yards (C.Jackson).,def,Aaron Hall,0750,DT
2026001,0,637,PASS,(6:00) (Shotgun) C.Beck pass deep right to J.Brooks to AZ 42 for 35 yards (Z.Wheatley).,off,Simi Fehoko,3800,WR
2026001,0,637,PASS,(6:00) (Shotgun) C.Beck pass deep right to J.Brooks to AZ 42 for 35 yards (Z.Wheatley).,off,Bam Knight,3800,RB
2026001,0,637,PASS,(6:00) (Shotgun) C.Beck pass deep right to J.Brooks to AZ 42 for 35 yards (Z.Wheatley).,off,Jon Gaines II,3800,C
2026001,0,637,PASS,(6:00) (Shotgun) C.Beck pass deep right to J.Brooks to AZ 42 for 35 yards (Z.Wheatley).,off,Jalen Brooks,3800,WR
2026001,0,637,PASS,(6:00) (Shotgun) C.Beck pass deep right to J.Brooks to AZ 42 for 35 yards (Z.Wheatley).,off,Xavier Weaver,3800,WR
2026001,0,637,PASS,(6:00) (Shotgun) C.Beck pass deep right to J.Brooks to AZ 42 for 35 yards (Z.Wheatley).,off,Hayden Conner,3800,G
2026001,0,637,PASS,(6:00) (Shotgun) C.Beck pass deep right to J.Brooks to AZ 42 for 35 yards (Z.Wheatley).,off,Rivaldo Fairweather,3800,TE
2026001,0,637,PASS,(6:00) (Shotgun) C.Beck pass deep right to J.Brooks to AZ 42 for 35 yards (Z.Wheatley).,off,Josh Fryar,3800,T
2026001,0,637,PASS,(6:00) (Shotgun) C.Beck pass deep right to J.Brooks to AZ 42 for 35 yards (Z.Wheatley).,off,Chase Bisontis,3800,G
2026001,0,637,PASS,(6:00) (Shotgun) C.Beck pass deep right to J.Brooks to AZ 42 for 35 yards (Z.Wheatley).,off,Carson Beck,3800,QB
2026001,0,637,PASS,(6:00) (Shotgun) C.Beck pass deep right to J.Brooks to AZ 42 for 35 yards (Z.Wheatley).,off,Jayden Williams,3800,T
2026001,0,637,PASS,(6:00) (Shotgun) C.Beck pass deep right to J.Brooks to AZ 42 for 35 yards (Z.Wheatley).,def,Trevis Gipson,0750,DE
2026001,0,637,PASS,(6:00) (Shotgun) C.Beck pass deep right to J.Brooks to AZ 42 for 35 yards (Z.Wheatley).,def,Akayleb Evans,0750,CB
2026001,0,637,PASS,(6:00) (Shotgun) C.Beck pass deep right to J.Brooks to AZ 42 for 35 yards (Z.Wheatley).,def,Claudin Cherelus,0750,ILB
2026001,0,637,PASS,(6:00) (Shotgun) C.Beck pass deep right to J.Brooks to AZ 42 for 35 yards (Z.Wheatley).,def,Trevin Wallace,0750,ILB
2026001,0,637,PASS,(6:00) (Shotgun) C.Beck pass deep right to J.Brooks to AZ 42 for 35 yards (Z.Wheatley).,def,Chau Smith-Wade,0750,CB
2026001,0,637,PASS,(6:00) (Shotgun) C.Beck pass deep right to J.Brooks to AZ 42 for 35 yards (Z.Wheatley).,def,Princely Umanmielen,0750,OLB
2026001,0,637,PASS,(6:00) (Shotgun) C.Beck pass deep right to J.Brooks to AZ 42 for 35 yards (Z.Wheatley).,def,Lathan Ransom,0750,SS
2026001,0,637,PASS,(6:00) (Shotgun) C.Beck pass deep right to J.Brooks to AZ 42 for 35 yards (Z.Wheatley).,def,Cam Jackson,0750,DT
2026001,0,637,PASS,(6:00) (Shotgun) C.Beck pass deep right to J.Brooks to AZ 42 for 35 yards (Z.Wheatley).,def,Will Lee III,0750,CB
2026001,0,637,PASS,(6:00) (Shotgun) C.Beck pass deep right to J.Brooks to AZ 42 for 35 yards (Z.Wheatley).,def,Zakee Wheatley,0750,SS
2026001,0,637,PASS,(6:00) (Shotgun) C.Beck pass deep right to J.Brooks to AZ 42 for 35 yards (Z.Wheatley).,def,Aaron Hall,0750,DT
2026001,0,662,PASS,(5:23) C.Beck pass short left to X.Weaver pushed ob at AZ 45 for 3 yards (A.Evans).,off,Simi Fehoko,3800,WR
2026001,0,662,PASS,(5:23) C.Beck pass short left to X.Weaver pushed ob at AZ 45 for 3 yards (A.Evans).,off,Bam Knight,3800,RB
2026001,0,662,PASS,(5:23) C.Beck pass short left to X.Weaver pushed ob at AZ 45 for 3 yards (A.Evans).,off,Jon Gaines II,3800,C
2026001,0,662,PASS,(5:23) C.Beck pass short left to X.Weaver pushed ob at AZ 45 for 3 yards (A.Evans).,off,Jalen Brooks,3800,WR
2026001,0,662,PASS,(5:23) C.Beck pass short left to X.Weaver pushed ob at AZ 45 for 3 yards (A.Evans).,off,Xavier Weaver,3800,WR
2026001,0,662,PASS,(5:23) C.Beck pass short left to X.Weaver pushed ob at AZ 45 for 3 yards (A.Evans).,off,Hayden Conner,3800,G
2026001,0,662,PASS,(5:23) C.Beck pass short left to X.Weaver pushed ob at AZ 45 for 3 yards (A.Evans).,off,Rivaldo Fairweather,3800,TE
2026001,0,662,PASS,(5:23) C.Beck pass short left to X.Weaver pushed ob at AZ 45 for 3 yards (A.Evans).,off,Josh Fryar,3800,T
2026001,0,662,PASS,(5:23) C.Beck pass short left to X.Weaver pushed ob at AZ 45 for 3 yards (A.Evans).,off,Chase Bisontis,3800,G
2026001,0,662,PASS,(5:23) C.Beck pass short left to X.Weaver pushed ob at AZ 45 for 3 yards (A.Evans).,off,Carson Beck,3800,QB
2026001,0,662,PASS,(5:23) C.Beck pass short left to X.Weaver pushed ob at AZ 45 for 3 yards (A.Evans).,off,Jayden Williams,3800,T
2026001,0,662,PASS,(5:23) C.Beck pass short left to X.Weaver pushed ob at AZ 45 for 3 yards (A.Evans).,def,Trevis Gipson,0750,DE
2026001,0,662,PASS,(5:23) C.Beck pass short left to X.Weaver pushed ob at AZ 45 for 3 yards (A.Evans).,def,Akayleb Evans,0750,CB
2026001,0,662,PASS,(5:23) C.Beck pass short left to X.Weaver pushed ob at AZ 45 for 3 yards (A.Evans).,def,Claudin Cherelus,0750,ILB
2026001,0,662,PASS,(5:23) C.Beck pass short left to X.Weaver pushed ob at AZ 45 for 3 yards (A.Evans).,def,Trevin Wallace,0750,ILB
2026001,0,662,PASS,(5:23) C.Beck pass short left to X.Weaver pushed ob at AZ 45 for 3 yards (A.Evans).,def,Chau Smith-Wade,0750,CB
2026001,0,662,PASS,(5:23) C.Beck pass short left to X.Weaver pushed ob at AZ 45 for 3 yards (A.Evans).,def,Princely Umanmielen,0750,OLB
2026001,0,662,PASS,(5:23) C.Beck pass short left to X.Weaver pushed ob at AZ 45 for 3 yards (A.Evans).,def,Lathan Ransom,0750,SS
2026001,0,662,PASS,(5:23) C.Beck pass short left to X.Weaver pushed ob at AZ 45 for 3 yards (A.Evans).,def,Cam Jackson,0750,DT
2026001,0,662,PASS,(5:23) C.Beck pass short left to X.Weaver pushed ob at AZ 45 for 3 yards (A.Evans).,def,Will Lee III,0750,CB
2026001,0,662,PASS,(5:23) C.Beck pass short left to X.Weaver pushed ob at AZ 45 for 3 yards (A.Evans).,def,Zakee Wheatley,0750,SS
2026001,0,662,PASS,(5:23) C.Beck pass short left to X.Weaver pushed ob at AZ 45 for 3 yards (A.Evans).,def,Aaron Hall,0750,DT
2026001,0,692,RUSH,(4:57) Z.Knight left guard to CAR 44 for 11 yards (Z.Wheatley; W.Lee).,off,Simi Fehoko,3800,WR
2026001,0,692,RUSH,(4:57) Z.Knight left guard to CAR 44 for 11 yards (Z.Wheatley; W.Lee).,off,Bam Knight,3800,RB
2026001,0,692,RUSH,(4:57) Z.Knight left guard to CAR 44 for 11 yards (Z.Wheatley; W.Lee).,off,Jon Gaines II,3800,C
2026001,0,692,RUSH,(4:57) Z.Knight left guard to CAR 44 for 11 yards (Z.Wheatley; W.Lee).,off,Jalen Brooks,3800,WR
2026001,0,692,RUSH,(4:57) Z.Knight left guard to CAR 44 for 11 yards (Z.Wheatley; W.Lee).,off,Xavier Weaver,3800,WR
2026001,0,692,RUSH,(4:57) Z.Knight left guard to CAR 44 for 11 yards (Z.Wheatley; W.Lee).,off,Hayden Conner,3800,G
2026001,0,692,RUSH,(4:57) Z.Knight left guard to CAR 44 for 11 yards (Z.Wheatley; W.Lee).,off,Rivaldo Fairweather,3800,TE
2026001,0,692,RUSH,(4:57) Z.Knight left guard to CAR 44 for 11 yards (Z.Wheatley; W.Lee).,off,Josh Fryar,3800,T
2026001,0,692,RUSH,(4:57) Z.Knight left guard to CAR 44 for 11 yards (Z.Wheatley; W.Lee).,off,Chase Bisontis,3800,G
2026001,0,692,RUSH,(4:57) Z.Knight left guard to CAR 44 for 11 yards (Z.Wheatley; W.Lee).,off,Carson Beck,3800,QB
2026001,0,692,RUSH,(4:57) Z.Knight left guard to CAR 44 for 11 yards (Z.Wheatley; W.Lee).,off,Jayden Williams,3800,T
2026001,0,692,RUSH,(4:57) Z.Knight left guard to CAR 44 for 11 yards (Z.Wheatley; W.Lee).,def,Trevis Gipson,0750,DE
2026001,0,692,RUSH,(4:57) Z.Knight left guard to CAR 44 for 11 yards (Z.Wheatley; W.Lee).,def,Akayleb Evans,0750,CB
2026001,0,692,RUSH,(4:57) Z.Knight left guard to CAR 44 for 11 yards (Z.Wheatley; W.Lee).,def,Claudin Cherelus,0750,ILB
2026001,0,692,RUSH,(4:57) Z.Knight left guard to CAR 44 for 11 yards (Z.Wheatley; W.Lee).,def,Trevin Wallace,0750,ILB
2026001,0,692,RUSH,(4:57) Z.Knight left guard to CAR 44 for 11 yards (Z.Wheatley; W.Lee).,def,Chau Smith-Wade,0750,CB
2026001,0,692,RUSH,(4:57) Z.Knight left guard to CAR 44 for 11 yards (Z.Wheatley; W.Lee).,def,Princely Umanmielen,0750,OLB
2026001,0,692,RUSH,(4:57) Z.Knight left guard to CAR 44 for 11 yards (Z.Wheatley; W.Lee).,def,Lathan Ransom,0750,SS
2026001,0,692,RUSH,(4:57) Z.Knight left guard to CAR 44 for 11 yards (Z.Wheatley; W.Lee).,def,Jared Harrison-Hunte,0750,DT
2026001,0,692,RUSH,(4:57) Z.Knight left guard to CAR 44 for 11 yards (Z.Wheatley; W.Lee).,def,Lee Hunter,0750,NT
2026001,0,692,RUSH,(4:57) Z.Knight left guard to CAR 44 for 11 yards (Z.Wheatley; W.Lee).,def,Will Lee III,0750,CB
2026001,0,692,RUSH,(4:57) Z.Knight left guard to CAR 44 for 11 yards (Z.Wheatley; W.Lee).,def,Zakee Wheatley,0750,SS
2026001,0,714,PASS,(4:19) C.Beck pass short right to J.Geers to CAR 40 for 4 yards (W.Lee).,off,Simi Fehoko,3800,WR
2026001,0,714,PASS,(4:19) C.Beck pass short right to J.Geers to CAR 40 for 4 yards (W.Lee).,off,Kenny Yeboah,3800,TE
2026001,0,714,PASS,(4:19) C.Beck pass short right to J.Geers to CAR 40 for 4 yards (W.Lee).,off,Bam Knight,3800,RB
2026001,0,714,PASS,(4:19) C.Beck pass short right to J.Geers to CAR 40 for 4 yards (W.Lee).,off,Jon Gaines II,3800,C
2026001,0,714,PASS,(4:19) C.Beck pass short right to J.Geers to CAR 40 for 4 yards (W.Lee).,off,Jalen Brooks,3800,WR
2026001,0,714,PASS,(4:19) C.Beck pass short right to J.Geers to CAR 40 for 4 yards (W.Lee).,off,Hayden Conner,3800,G
2026001,0,714,PASS,(4:19) C.Beck pass short right to J.Geers to CAR 40 for 4 yards (W.Lee).,off,Josh Fryar,3800,T
2026001,0,714,PASS,(4:19) C.Beck pass short right to J.Geers to CAR 40 for 4 yards (W.Lee).,off,Chase Bisontis,3800,G
2026001,0,714,PASS,(4:19) C.Beck pass short right to J.Geers to CAR 40 for 4 yards (W.Lee).,off,Carson Beck,3800,QB
2026001,0,714,PASS,(4:19) C.Beck pass short right to J.Geers to CAR 40 for 4 yards (W.Lee).,off,Jayden Williams,3800,T
2026001,0,714,PASS,(4:19) C.Beck pass short right to J.Geers to CAR 40 for 4 yards (W.Lee).,off,Jameson Geers,3800,TE
2026001,0,714,PASS,(4:19) C.Beck pass short right to J.Geers to CAR 40 for 4 yards (W.Lee).,def,Akayleb Evans,0750,CB
2026001,0,714,PASS,(4:19) C.Beck pass short right to J.Geers to CAR 40 for 4 yards (W.Lee).,def,Elijah Garcia,0750,DT
2026001,0,714,PASS,(4:19) C.Beck pass short right to J.Geers to CAR 40 for 4 yards (W.Lee).,def,Nick Hampton,0750,OLB
2026001,0,714,PASS,(4:19) C.Beck pass short right to J.Geers to CAR 40 for 4 yards (W.Lee).,def,Claudin Cherelus,0750,ILB
2026001,0,714,PASS,(4:19) C.Beck pass short right to J.Geers to CAR 40 for 4 yards (W.Lee).,def,Thomas Incoom,0750,OLB
2026001,0,714,PASS,(4:19) C.Beck pass short right to J.Geers to CAR 40 for 4 yards (W.Lee).,def,Trevin Wallace,0750,ILB
2026001,0,714,PASS,(4:19) C.Beck pass short right to J.Geers to CAR 40 for 4 yards (W.Lee).,def,Lathan Ransom,0750,SS
2026001,0,714,PASS,(4:19) C.Beck pass short right to J.Geers to CAR 40 for 4 yards (W.Lee).,def,Jared Harrison-Hunte,0750,DT
2026001,0,714,PASS,(4:19) C.Beck pass short right to J.Geers to CAR 40 for 4 yards (W.Lee).,def,Lee Hunter,0750,NT
2026001,0,714,PASS,(4:19) C.Beck pass short right to J.Geers to CAR 40 for 4 yards (W.Lee).,def,Will Lee III,0750,CB
2026001,0,714,PASS,(4:19) C.Beck pass short right to J.Geers to CAR 40 for 4 yards (W.Lee).,def,Zakee Wheatley,0750,SS
2026001,0,739,PASS,(3:41) C.Beck pass short middle to J.Brooks to CAR 25 for 15 yards (A.Evans).,off,Simi Fehoko,3800,WR
2026001,0,739,PASS,(3:41) C.Beck pass short middle to J.Brooks to CAR 25 for 15 yards (A.Evans).,off,Kenny Yeboah,3800,TE
2026001,0,739,PASS,(3:41) C.Beck pass short middle to J.Brooks to CAR 25 for 15 yards (A.Evans).,off,Bam Knight,3800,RB
2026001,0,739,PASS,(3:41) C.Beck pass short middle to J.Brooks to CAR 25 for 15 yards (A.Evans).,off,Jon Gaines II,3800,C
2026001,0,739,PASS,(3:41) C.Beck pass short middle to J.Brooks to CAR 25 for 15 yards (A.Evans).,off,Jalen Brooks,3800,WR
2026001,0,739,PASS,(3:41) C.Beck pass short middle to J.Brooks to CAR 25 for 15 yards (A.Evans).,off,Xavier Weaver,3800,WR
2026001,0,739,PASS,(3:41) C.Beck pass short middle to J.Brooks to CAR 25 for 15 yards (A.Evans).,off,Hayden Conner,3800,G
2026001,0,739,PASS,(3:41) C.Beck pass short middle to J.Brooks to CAR 25 for 15 yards (A.Evans).,off,Josh Fryar,3800,T
2026001,0,739,PASS,(3:41) C.Beck pass short middle to J.Brooks to CAR 25 for 15 yards (A.Evans).,off,Chase Bisontis,3800,G
2026001,0,739,PASS,(3:41) C.Beck pass short middle to J.Brooks to CAR 25 for 15 yards (A.Evans).,off,Carson Beck,3800,QB
2026001,0,739,PASS,(3:41) C.Beck pass short middle to J.Brooks to CAR 25 for 15 yards (A.Evans).,off,Jayden Williams,3800,T
2026001,0,739,PASS,(3:41) C.Beck pass short middle to J.Brooks to CAR 25 for 15 yards (A.Evans).,def,Akayleb Evans,0750,CB
2026001,0,739,PASS,(3:41) C.Beck pass short middle to J.Brooks to CAR 25 for 15 yards (A.Evans).,def,Nick Hampton,0750,OLB
2026001,0,739,PASS,(3:41) C.Beck pass short middle to J.Brooks to CAR 25 for 15 yards (A.Evans).,def,Claudin Cherelus,0750,ILB
2026001,0,739,PASS,(3:41) C.Beck pass short middle to J.Brooks to CAR 25 for 15 yards (A.Evans).,def,Thomas Incoom,0750,OLB
2026001,0,739,PASS,(3:41) C.Beck pass short middle to J.Brooks to CAR 25 for 15 yards (A.Evans).,def,Trevin Wallace,0750,ILB
2026001,0,739,PASS,(3:41) C.Beck pass short middle to J.Brooks to CAR 25 for 15 yards (A.Evans).,def,Chau Smith-Wade,0750,CB
2026001,0,739,PASS,(3:41) C.Beck pass short middle to J.Brooks to CAR 25 for 15 yards (A.Evans).,def,Lathan Ransom,0750,SS
2026001,0,739,PASS,(3:41) C.Beck pass short middle to J.Brooks to CAR 25 for 15 yards (A.Evans).,def,Jared Harrison-Hunte,0750,DT
2026001,0,739,PASS,(3:41) C.Beck pass short middle to J.Brooks to CAR 25 for 15 yards (A.Evans).,def,Lee Hunter,0750,NT
2026001,0,739,PASS,(3:41) C.Beck pass short middle to J.Brooks to CAR 25 for 15 yards (A.Evans).,def,Will Lee III,0750,CB
2026001,0,739,PASS,(3:41) C.Beck pass short middle to J.Brooks to CAR 25 for 15 yards (A.Evans).,def,Zakee Wheatley,0750,SS
2026001,0,764,RUSH,(3:04) Z.Knight left tackle to CAR 22 for 3 yards (Z.Wheatley; L.Hunter).,off,Bam Knight,3800,RB
2026001,0,764,RUSH,(3:04) Z.Knight left tackle to CAR 22 for 3 yards (Z.Wheatley; L.Hunter).,off,Jon Gaines II,3800,C
2026001,0,764,RUSH,(3:04) Z.Knight left tackle to CAR 22 for 3 yards (Z.Wheatley; L.Hunter).,off,Xavier Weaver,3800,WR
2026001,0,764,RUSH,(3:04) Z.Knight left tackle to CAR 22 for 3 yards (Z.Wheatley; L.Hunter).,off,Hayden Conner,3800,G
2026001,0,764,RUSH,(3:04) Z.Knight left tackle to CAR 22 for 3 yards (Z.Wheatley; L.Hunter).,off,Rivaldo Fairweather,3800,TE
2026001,0,764,RUSH,(3:04) Z.Knight left tackle to CAR 22 for 3 yards (Z.Wheatley; L.Hunter).,off,Josh Fryar,3800,T
2026001,0,764,RUSH,(3:04) Z.Knight left tackle to CAR 22 for 3 yards (Z.Wheatley; L.Hunter).,off,Bryson Green,3800,WR
2026001,0,764,RUSH,(3:04) Z.Knight left tackle to CAR 22 for 3 yards (Z.Wheatley; L.Hunter).,off,Chase Bisontis,3800,G
2026001,0,764,RUSH,(3:04) Z.Knight left tackle to CAR 22 for 3 yards (Z.Wheatley; L.Hunter).,off,Carson Beck,3800,QB
2026001,0,764,RUSH,(3:04) Z.Knight left tackle to CAR 22 for 3 yards (Z.Wheatley; L.Hunter).,off,Reggie Virgil,3800,WR
2026001,0,764,RUSH,(3:04) Z.Knight left tackle to CAR 22 for 3 yards (Z.Wheatley; L.Hunter).,off,Jayden Williams,3800,T
2026001,0,764,RUSH,(3:04) Z.Knight left tackle to CAR 22 for 3 yards (Z.Wheatley; L.Hunter).,def,Akayleb Evans,0750,CB
2026001,0,764,RUSH,(3:04) Z.Knight left tackle to CAR 22 for 3 yards (Z.Wheatley; L.Hunter).,def,Nick Hampton,0750,OLB
2026001,0,764,RUSH,(3:04) Z.Knight left tackle to CAR 22 for 3 yards (Z.Wheatley; L.Hunter).,def,Claudin Cherelus,0750,ILB
2026001,0,764,RUSH,(3:04) Z.Knight left tackle to CAR 22 for 3 yards (Z.Wheatley; L.Hunter).,def,Thomas Incoom,0750,OLB
2026001,0,764,RUSH,(3:04) Z.Knight left tackle to CAR 22 for 3 yards (Z.Wheatley; L.Hunter).,def,Trevin Wallace,0750,ILB
2026001,0,764,RUSH,(3:04) Z.Knight left tackle to CAR 22 for 3 yards (Z.Wheatley; L.Hunter).,def,Chau Smith-Wade,0750,CB
2026001,0,764,RUSH,(3:04) Z.Knight left tackle to CAR 22 for 3 yards (Z.Wheatley; L.Hunter).,def,Lathan Ransom,0750,SS
2026001,0,764,RUSH,(3:04) Z.Knight left tackle to CAR 22 for 3 yards (Z.Wheatley; L.Hunter).,def,Jared Harrison-Hunte,0750,DT
2026001,0,764,RUSH,(3:04) Z.Knight left tackle to CAR 22 for 3 yards (Z.Wheatley; L.Hunter).,def,Lee Hunter,0750,NT
2026001,0,764,RUSH,(3:04) Z.Knight left tackle to CAR 22 for 3 yards (Z.Wheatley; L.Hunter).,def,Will Lee III,0750,CB
2026001,0,764,RUSH,(3:04) Z.Knight left tackle to CAR 22 for 3 yards (Z.Wheatley; L.Hunter).,def,Zakee Wheatley,0750,SS
2026001,0,786,PASS,(2:23) (Shotgun) C.Beck pass short right to R.Fairweather to CAR 16 for 6 yards (L.Ransom; W.Lee).,off,Bam Knight,3800,RB
2026001,0,786,PASS,(2:23) (Shotgun) C.Beck pass short right to R.Fairweather to CAR 16 for 6 yards (L.Ransom; W.Lee).,off,Jon Gaines II,3800,C
2026001,0,786,PASS,(2:23) (Shotgun) C.Beck pass short right to R.Fairweather to CAR 16 for 6 yards (L.Ransom; W.Lee).,off,Jalen Brooks,3800,WR
2026001,0,786,PASS,(2:23) (Shotgun) C.Beck pass short right to R.Fairweather to CAR 16 for 6 yards (L.Ransom; W.Lee).,off,Xavier Weaver,3800,WR
2026001,0,786,PASS,(2:23) (Shotgun) C.Beck pass short right to R.Fairweather to CAR 16 for 6 yards (L.Ransom; W.Lee).,off,Hayden Conner,3800,G
2026001,0,786,PASS,(2:23) (Shotgun) C.Beck pass short right to R.Fairweather to CAR 16 for 6 yards (L.Ransom; W.Lee).,off,Rivaldo Fairweather,3800,TE
2026001,0,786,PASS,(2:23) (Shotgun) C.Beck pass short right to R.Fairweather to CAR 16 for 6 yards (L.Ransom; W.Lee).,off,Josh Fryar,3800,T
2026001,0,786,PASS,(2:23) (Shotgun) C.Beck pass short right to R.Fairweather to CAR 16 for 6 yards (L.Ransom; W.Lee).,off,Chase Bisontis,3800,G
2026001,0,786,PASS,(2:23) (Shotgun) C.Beck pass short right to R.Fairweather to CAR 16 for 6 yards (L.Ransom; W.Lee).,off,Carson Beck,3800,QB
2026001,0,786,PASS,(2:23) (Shotgun) C.Beck pass short right to R.Fairweather to CAR 16 for 6 yards (L.Ransom; W.Lee).,off,Reggie Virgil,3800,WR
2026001,0,786,PASS,(2:23) (Shotgun) C.Beck pass short right to R.Fairweather to CAR 16 for 6 yards (L.Ransom; W.Lee).,off,Jayden Williams,3800,T
2026001,0,786,PASS,(2:23) (Shotgun) C.Beck pass short right to R.Fairweather to CAR 16 for 6 yards (L.Ransom; W.Lee).,def,Akayleb Evans,0750,CB
2026001,0,786,PASS,(2:23) (Shotgun) C.Beck pass short right to R.Fairweather to CAR 16 for 6 yards (L.Ransom; W.Lee).,def,Nick Hampton,0750,OLB
2026001,0,786,PASS,(2:23) (Shotgun) C.Beck pass short right to R.Fairweather to CAR 16 for 6 yards (L.Ransom; W.Lee).,def,Claudin Cherelus,0750,ILB
2026001,0,786,PASS,(2:23) (Shotgun) C.Beck pass short right to R.Fairweather to CAR 16 for 6 yards (L.Ransom; W.Lee).,def,Thomas Incoom,0750,OLB
2026001,0,786,PASS,(2:23) (Shotgun) C.Beck pass short right to R.Fairweather to CAR 16 for 6 yards (L.Ransom; W.Lee).,def,Trevin Wallace,0750,ILB
2026001,0,786,PASS,(2:23) (Shotgun) C.Beck pass short right to R.Fairweather to CAR 16 for 6 yards (L.Ransom; W.Lee).,def,Chau Smith-Wade,0750,CB
2026001,0,786,PASS,(2:23) (Shotgun) C.Beck pass short right to R.Fairweather to CAR 16 for 6 yards (L.Ransom; W.Lee).,def,Lathan Ransom,0750,SS
2026001,0,786,PASS,(2:23) (Shotgun) C.Beck pass short right to R.Fairweather to CAR 16 for 6 yards (L.Ransom; W.Lee).,def,Jared Harrison-Hunte,0750,DT
2026001,0,786,PASS,(2:23) (Shotgun) C.Beck pass short right to R.Fairweather to CAR 16 for 6 yards (L.Ransom; W.Lee).,def,Lee Hunter,0750,NT
2026001,0,786,PASS,(2:23) (Shotgun) C.Beck pass short right to R.Fairweather to CAR 16 for 6 yards (L.Ransom; W.Lee).,def,Will Lee III,0750,CB
2026001,0,786,PASS,(2:23) (Shotgun) C.Beck pass short right to R.Fairweather to CAR 16 for 6 yards (L.Ransom; W.Lee).,def,Zakee Wheatley,0750,SS
2026001,0,811,RUSH,(1:45) Z.Knight left tackle to CAR 13 for 3 yards (C.Smith-Wade; A.Evans).,off,Simi Fehoko,3800,WR
2026001,0,811,RUSH,(1:45) Z.Knight left tackle to CAR 13 for 3 yards (C.Smith-Wade; A.Evans).,off,Bam Knight,3800,RB
2026001,0,811,RUSH,(1:45) Z.Knight left tackle to CAR 13 for 3 yards (C.Smith-Wade; A.Evans).,off,Jon Gaines II,3800,C
2026001,0,811,RUSH,(1:45) Z.Knight left tackle to CAR 13 for 3 yards (C.Smith-Wade; A.Evans).,off,Jalen Brooks,3800,WR
2026001,0,811,RUSH,(1:45) Z.Knight left tackle to CAR 13 for 3 yards (C.Smith-Wade; A.Evans).,off,Xavier Weaver,3800,WR
2026001,0,811,RUSH,(1:45) Z.Knight left tackle to CAR 13 for 3 yards (C.Smith-Wade; A.Evans).,off,Hayden Conner,3800,G
2026001,0,811,RUSH,(1:45) Z.Knight left tackle to CAR 13 for 3 yards (C.Smith-Wade; A.Evans).,off,Rivaldo Fairweather,3800,TE
2026001,0,811,RUSH,(1:45) Z.Knight left tackle to CAR 13 for 3 yards (C.Smith-Wade; A.Evans).,off,Josh Fryar,3800,T
2026001,0,811,RUSH,(1:45) Z.Knight left tackle to CAR 13 for 3 yards (C.Smith-Wade; A.Evans).,off,Chase Bisontis,3800,G
2026001,0,811,RUSH,(1:45) Z.Knight left tackle to CAR 13 for 3 yards (C.Smith-Wade; A.Evans).,off,Carson Beck,3800,QB
2026001,0,811,RUSH,(1:45) Z.Knight left tackle to CAR 13 for 3 yards (C.Smith-Wade; A.Evans).,off,Jayden Williams,3800,T
2026001,0,811,RUSH,(1:45) Z.Knight left tackle to CAR 13 for 3 yards (C.Smith-Wade; A.Evans).,def,Akayleb Evans,0750,CB
2026001,0,811,RUSH,(1:45) Z.Knight left tackle to CAR 13 for 3 yards (C.Smith-Wade; A.Evans).,def,Nick Hampton,0750,OLB
2026001,0,811,RUSH,(1:45) Z.Knight left tackle to CAR 13 for 3 yards (C.Smith-Wade; A.Evans).,def,Claudin Cherelus,0750,ILB
2026001,0,811,RUSH,(1:45) Z.Knight left tackle to CAR 13 for 3 yards (C.Smith-Wade; A.Evans).,def,Thomas Incoom,0750,OLB
2026001,0,811,RUSH,(1:45) Z.Knight left tackle to CAR 13 for 3 yards (C.Smith-Wade; A.Evans).,def,Trevin Wallace,0750,ILB
2026001,0,811,RUSH,(1:45) Z.Knight left tackle to CAR 13 for 3 yards (C.Smith-Wade; A.Evans).,def,Chau Smith-Wade,0750,CB
2026001,0,811,RUSH,(1:45) Z.Knight left tackle to CAR 13 for 3 yards (C.Smith-Wade; A.Evans).,def,Lathan Ransom,0750,SS
2026001,0,811,RUSH,(1:45) Z.Knight left tackle to CAR 13 for 3 yards (C.Smith-Wade; A.Evans).,def,Cam Jackson,0750,DT
2026001,0,811,RUSH,(1:45) Z.Knight left tackle to CAR 13 for 3 yards (C.Smith-Wade; A.Evans).,def,Will Lee III,0750,CB
2026001,0,811,RUSH,(1:45) Z.Knight left tackle to CAR 13 for 3 yards (C.Smith-Wade; A.Evans).,def,Zakee Wheatley,0750,SS
2026001,0,811,RUSH,(1:45) Z.Knight left tackle to CAR 13 for 3 yards (C.Smith-Wade; A.Evans).,def,Aaron Hall,0750,DT
2026001,0,833,RUSH,(1:05) C.Kiner right tackle to CAR 9 for 4 yards (C.Jackson).,off,Simi Fehoko,3800,WR
2026001,0,833,RUSH,(1:05) C.Kiner right tackle to CAR 9 for 4 yards (C.Jackson).,off,Kenny Yeboah,3800,TE
2026001,0,833,RUSH,(1:05) C.Kiner right tackle to CAR 9 for 4 yards (C.Jackson).,off,Jon Gaines II,3800,C
2026001,0,833,RUSH,(1:05) C.Kiner right tackle to CAR 9 for 4 yards (C.Jackson).,off,Jalen Brooks,3800,WR
2026001,0,833,RUSH,(1:05) C.Kiner right tackle to CAR 9 for 4 yards (C.Jackson).,off,Hayden Conner,3800,G
2026001,0,833,RUSH,(1:05) C.Kiner right tackle to CAR 9 for 4 yards (C.Jackson).,off,Josh Fryar,3800,T
2026001,0,833,RUSH,(1:05) C.Kiner right tackle to CAR 9 for 4 yards (C.Jackson).,off,Corey Kiner,3800,RB
2026001,0,833,RUSH,(1:05) C.Kiner right tackle to CAR 9 for 4 yards (C.Jackson).,off,Chase Bisontis,3800,G
2026001,0,833,RUSH,(1:05) C.Kiner right tackle to CAR 9 for 4 yards (C.Jackson).,off,Carson Beck,3800,QB
2026001,0,833,RUSH,(1:05) C.Kiner right tackle to CAR 9 for 4 yards (C.Jackson).,off,Jayden Williams,3800,T
2026001,0,833,RUSH,(1:05) C.Kiner right tackle to CAR 9 for 4 yards (C.Jackson).,off,Jameson Geers,3800,TE
2026001,0,833,RUSH,(1:05) C.Kiner right tackle to CAR 9 for 4 yards (C.Jackson).,def,Trevis Gipson,0750,DE
2026001,0,833,RUSH,(1:05) C.Kiner right tackle to CAR 9 for 4 yards (C.Jackson).,def,Akayleb Evans,0750,CB
2026001,0,833,RUSH,(1:05) C.Kiner right tackle to CAR 9 for 4 yards (C.Jackson).,def,Elijah Garcia,0750,DT
2026001,0,833,RUSH,(1:05) C.Kiner right tackle to CAR 9 for 4 yards (C.Jackson).,def,Claudin Cherelus,0750,ILB
2026001,0,833,RUSH,(1:05) C.Kiner right tackle to CAR 9 for 4 yards (C.Jackson).,def,Trevin Wallace,0750,ILB
2026001,0,833,RUSH,(1:05) C.Kiner right tackle to CAR 9 for 4 yards (C.Jackson).,def,Princely Umanmielen,0750,OLB
2026001,0,833,RUSH,(1:05) C.Kiner right tackle to CAR 9 for 4 yards (C.Jackson).,def,Lathan Ransom,0750,SS
2026001,0,833,RUSH,(1:05) C.Kiner right tackle to CAR 9 for 4 yards (C.Jackson).,def,Cam Jackson,0750,DT
2026001,0,833,RUSH,(1:05) C.Kiner right tackle to CAR 9 for 4 yards (C.Jackson).,def,Will Lee III,0750,CB
2026001,0,833,RUSH,(1:05) C.Kiner right tackle to CAR 9 for 4 yards (C.Jackson).,def,Zakee Wheatley,0750,SS
2026001,0,833,RUSH,(1:05) C.Kiner right tackle to CAR 9 for 4 yards (C.Jackson).,def,Aaron Hall,0750,DT
2026001,0,855,PASS,(:29) (Shotgun) C.Beck pass short middle to C.Kiner to CAR 1 for 8 yards (C.Cherelus).,off,Simi Fehoko,3800,WR
2026001,0,855,PASS,(:29) (Shotgun) C.Beck pass short middle to C.Kiner to CAR 1 for 8 yards (C.Cherelus).,off,Kenny Yeboah,3800,TE
2026001,0,855,PASS,(:29) (Shotgun) C.Beck pass short middle to C.Kiner to CAR 1 for 8 yards (C.Cherelus).,off,Jon Gaines II,3800,C
2026001,0,855,PASS,(:29) (Shotgun) C.Beck pass short middle to C.Kiner to CAR 1 for 8 yards (C.Cherelus).,off,Jalen Brooks,3800,WR
2026001,0,855,PASS,(:29) (Shotgun) C.Beck pass short middle to C.Kiner to CAR 1 for 8 yards (C.Cherelus).,off,Xavier Weaver,3800,WR
2026001,0,855,PASS,(:29) (Shotgun) C.Beck pass short middle to C.Kiner to CAR 1 for 8 yards (C.Cherelus).,off,Hayden Conner,3800,G
2026001,0,855,PASS,(:29) (Shotgun) C.Beck pass short middle to C.Kiner to CAR 1 for 8 yards (C.Cherelus).,off,Josh Fryar,3800,T
2026001,0,855,PASS,(:29) (Shotgun) C.Beck pass short middle to C.Kiner to CAR 1 for 8 yards (C.Cherelus).,off,Corey Kiner,3800,RB
2026001,0,855,PASS,(:29) (Shotgun) C.Beck pass short middle to C.Kiner to CAR 1 for 8 yards (C.Cherelus).,off,Chase Bisontis,3800,G
2026001,0,855,PASS,(:29) (Shotgun) C.Beck pass short middle to C.Kiner to CAR 1 for 8 yards (C.Cherelus).,off,Carson Beck,3800,QB
2026001,0,855,PASS,(:29) (Shotgun) C.Beck pass short middle to C.Kiner to CAR 1 for 8 yards (C.Cherelus).,off,Jayden Williams,3800,T
2026001,0,855,PASS,(:29) (Shotgun) C.Beck pass short middle to C.Kiner to CAR 1 for 8 yards (C.Cherelus).,def,Trevis Gipson,0750,DE
2026001,0,855,PASS,(:29) (Shotgun) C.Beck pass short middle to C.Kiner to CAR 1 for 8 yards (C.Cherelus).,def,Akayleb Evans,0750,CB
2026001,0,855,PASS,(:29) (Shotgun) C.Beck pass short middle to C.Kiner to CAR 1 for 8 yards (C.Cherelus).,def,Claudin Cherelus,0750,ILB
2026001,0,855,PASS,(:29) (Shotgun) C.Beck pass short middle to C.Kiner to CAR 1 for 8 yards (C.Cherelus).,def,Trevin Wallace,0750,ILB
2026001,0,855,PASS,(:29) (Shotgun) C.Beck pass short middle to C.Kiner to CAR 1 for 8 yards (C.Cherelus).,def,Chau Smith-Wade,0750,CB
2026001,0,855,PASS,(:29) (Shotgun) C.Beck pass short middle to C.Kiner to CAR 1 for 8 yards (C.Cherelus).,def,Princely Umanmielen,0750,OLB
2026001,0,855,PASS,(:29) (Shotgun) C.Beck pass short middle to C.Kiner to CAR 1 for 8 yards (C.Cherelus).,def,Lathan Ransom,0750,SS
2026001,0,855,PASS,(:29) (Shotgun) C.Beck pass short middle to C.Kiner to CAR 1 for 8 yards (C.Cherelus).,def,Cam Jackson,0750,DT
2026001,0,855,PASS,(:29) (Shotgun) C.Beck pass short middle to C.Kiner to CAR 1 for 8 yards (C.Cherelus).,def,Will Lee III,0750,CB
2026001,0,855,PASS,(:29) (Shotgun) C.Beck pass short middle to C.Kiner to CAR 1 for 8 yards (C.Cherelus).,def,Zakee Wheatley,0750,SS
2026001,0,855,PASS,(:29) (Shotgun) C.Beck pass short middle to C.Kiner to CAR 1 for 8 yards (C.Cherelus).,def,Aaron Hall,0750,DT
2026001,0,900,RUSH,"(15:00) C.Kiner left tackle for 1 yard, TOUCHDOWN.",off,Simi Fehoko,3800,WR
2026001,0,900,RUSH,"(15:00) C.Kiner left tackle for 1 yard, TOUCHDOWN.",off,Kenny Yeboah,3800,TE
2026001,0,900,RUSH,"(15:00) C.Kiner left tackle for 1 yard, TOUCHDOWN.",off,Jon Gaines II,3800,C
2026001,0,900,RUSH,"(15:00) C.Kiner left tackle for 1 yard, TOUCHDOWN.",off,Jalen Brooks,3800,WR
2026001,0,900,RUSH,"(15:00) C.Kiner left tackle for 1 yard, TOUCHDOWN.",off,Hayden Conner,3800,G
2026001,0,900,RUSH,"(15:00) C.Kiner left tackle for 1 yard, TOUCHDOWN.",off,Josh Fryar,3800,T
2026001,0,900,RUSH,"(15:00) C.Kiner left tackle for 1 yard, TOUCHDOWN.",off,Corey Kiner,3800,RB
2026001,0,900,RUSH,"(15:00) C.Kiner left tackle for 1 yard, TOUCHDOWN.",off,Chase Bisontis,3800,G
2026001,0,900,RUSH,"(15:00) C.Kiner left tackle for 1 yard, TOUCHDOWN.",off,Carson Beck,3800,QB
2026001,0,900,RUSH,"(15:00) C.Kiner left tackle for 1 yard, TOUCHDOWN.",off,Jayden Williams,3800,T
2026001,0,900,RUSH,"(15:00) C.Kiner left tackle for 1 yard, TOUCHDOWN.",off,Jameson Geers,3800,TE
2026001,0,900,RUSH,"(15:00) C.Kiner left tackle for 1 yard, TOUCHDOWN.",def,Trevis Gipson,0750,DE
2026001,0,900,RUSH,"(15:00) C.Kiner left tackle for 1 yard, TOUCHDOWN.",def,Akayleb Evans,0750,CB
2026001,0,900,RUSH,"(15:00) C.Kiner left tackle for 1 yard, TOUCHDOWN.",def,Elijah Garcia,0750,DT
2026001,0,900,RUSH,"(15:00) C.Kiner left tackle for 1 yard, TOUCHDOWN.",def,Claudin Cherelus,0750,ILB
2026001,0,900,RUSH,"(15:00) C.Kiner left tackle for 1 yard, TOUCHDOWN.",def,Trevin Wallace,0750,ILB
2026001,0,900,RUSH,"(15:00) C.Kiner left tackle for 1 yard, TOUCHDOWN.",def,Princely Umanmielen,0750,OLB
2026001,0,900,RUSH,"(15:00) C.Kiner left tackle for 1 yard, TOUCHDOWN.",def,Lathan Ransom,0750,SS
2026001,0,900,RUSH,"(15:00) C.Kiner left tackle for 1 yard, TOUCHDOWN.",def,Cam Jackson,0750,DT
2026001,0,900,RUSH,"(15:00) C.Kiner left tackle for 1 yard, TOUCHDOWN.",def,Will Lee III,0750,CB
2026001,0,900,RUSH,"(15:00) C.Kiner left tackle for 1 yard, TOUCHDOWN.",def,Zakee Wheatley,0750,SS
2026001,0,900,RUSH,"(15:00) C.Kiner left tackle for 1 yard, TOUCHDOWN.",def,Aaron Hall,0750,DT
2026001,0,923,XP_KICK,"C.Ryland extra point is GOOD, Center-C.Kreiter, Holder-B.Gillikin.",off,Casey Kreiter,3800,LS
2026001,0,923,XP_KICK,"C.Ryland extra point is GOOD, Center-C.Kreiter, Holder-B.Gillikin.",off,Matt Pryor,3800,T
2026001,0,923,XP_KICK,"C.Ryland extra point is GOOD, Center-C.Kreiter, Holder-B.Gillikin.",off,Blake Gillikin,3800,P
2026001,0,923,XP_KICK,"C.Ryland extra point is GOOD, Center-C.Kreiter, Holder-B.Gillikin.",off,Kenny Yeboah,3800,TE
2026001,0,923,XP_KICK,"C.Ryland extra point is GOOD, Center-C.Kreiter, Holder-B.Gillikin.",off,Chad Ryland,3800,K
2026001,0,923,XP_KICK,"C.Ryland extra point is GOOD, Center-C.Kreiter, Holder-B.Gillikin.",off,Jon Gaines II,3800,C
2026001,0,923,XP_KICK,"C.Ryland extra point is GOOD, Center-C.Kreiter, Holder-B.Gillikin.",off,Christian Jones,3800,T
2026001,0,923,XP_KICK,"C.Ryland extra point is GOOD, Center-C.Kreiter, Holder-B.Gillikin.",off,Hayden Conner,3800,G
2026001,0,923,XP_KICK,"C.Ryland extra point is GOOD, Center-C.Kreiter, Holder-B.Gillikin.",off,Rivaldo Fairweather,3800,TE
2026001,0,923,XP_KICK,"C.Ryland extra point is GOOD, Center-C.Kreiter, Holder-B.Gillikin.",off,Josh Fryar,3800,T
2026001,0,923,XP_KICK,"C.Ryland extra point is GOOD, Center-C.Kreiter, Holder-B.Gillikin.",off,Chase Bisontis,3800,G
2026001,0,923,XP_KICK,"C.Ryland extra point is GOOD, Center-C.Kreiter, Holder-B.Gillikin.",def,Trevis Gipson,0750,DE
2026001,0,923,XP_KICK,"C.Ryland extra point is GOOD, Center-C.Kreiter, Holder-B.Gillikin.",def,Claudin Cherelus,0750,ILB
2026001,0,923,XP_KICK,"C.Ryland extra point is GOOD, Center-C.Kreiter, Holder-B.Gillikin.",def,Princely Umanmielen,0750,OLB
2026001,0,923,XP_KICK,"C.Ryland extra point is GOOD, Center-C.Kreiter, Holder-B.Gillikin.",def,Lathan Ransom,0750,SS
2026001,0,923,XP_KICK,"C.Ryland extra point is GOOD, Center-C.Kreiter, Holder-B.Gillikin.",def,Cam Jackson,0750,DT
2026001,0,923,XP_KICK,"C.Ryland extra point is GOOD, Center-C.Kreiter, Holder-B.Gillikin.",def,Jared Harrison-Hunte,0750,DT
2026001,0,923,XP_KICK,"C.Ryland extra point is GOOD, Center-C.Kreiter, Holder-B.Gillikin.",def,Corey Thornton,0750,CB
2026001,0,923,XP_KICK,"C.Ryland extra point is GOOD, Center-C.Kreiter, Holder-B.Gillikin.",def,Lee Hunter,0750,NT
2026001,0,923,XP_KICK,"C.Ryland extra point is GOOD, Center-C.Kreiter, Holder-B.Gillikin.",def,Will Lee III,0750,CB
2026001,0,923,XP_KICK,"C.Ryland extra point is GOOD, Center-C.Kreiter, Holder-B.Gillikin.",def,Zakee Wheatley,0750,SS
2026001,0,923,XP_KICK,"C.Ryland extra point is GOOD, Center-C.Kreiter, Holder-B.Gillikin.",def,Aaron Hall,0750,DT
2026001,0,938,KICK_OFF,C.Ryland kicks 68 yards from AZ 35 to CAR -3. J.Metchie to CAR 33 for 36 yards (K.Sharar).,off,Isaiah Oliver,3800,FS
2026001,0,938,KICK_OFF,C.Ryland kicks 68 yards from AZ 35 to CAR -3. J.Metchie to CAR 33 for 36 yards (K.Sharar).,off,Simi Fehoko,3800,WR
2026001,0,938,KICK_OFF,C.Ryland kicks 68 yards from AZ 35 to CAR -3. J.Metchie to CAR 33 for 36 yards (K.Sharar).,off,BJ Ojulari,3800,OLB
2026001,0,938,KICK_OFF,C.Ryland kicks 68 yards from AZ 35 to CAR -3. J.Metchie to CAR 33 for 36 yards (K.Sharar).,off,Chad Ryland,3800,K
2026001,0,938,KICK_OFF,C.Ryland kicks 68 yards from AZ 35 to CAR -3. J.Metchie to CAR 33 for 36 yards (K.Sharar).,off,Owen Pappoe,3800,ILB
2026001,0,938,KICK_OFF,C.Ryland kicks 68 yards from AZ 35 to CAR -3. J.Metchie to CAR 33 for 36 yards (K.Sharar).,off,Kei'Trel Clark,3800,CB
2026001,0,938,KICK_OFF,C.Ryland kicks 68 yards from AZ 35 to CAR -3. J.Metchie to CAR 33 for 36 yards (K.Sharar).,off,Eku Leota,3800,OLB
2026001,0,938,KICK_OFF,C.Ryland kicks 68 yards from AZ 35 to CAR -3. J.Metchie to CAR 33 for 36 yards (K.Sharar).,off,Dadrion Taylor-Demerson,3800,FS
2026001,0,938,KICK_OFF,C.Ryland kicks 68 yards from AZ 35 to CAR -3. J.Metchie to CAR 33 for 36 yards (K.Sharar).,off,Kalen King,3800,CB
2026001,0,938,KICK_OFF,C.Ryland kicks 68 yards from AZ 35 to CAR -3. J.Metchie to CAR 33 for 36 yards (K.Sharar).,off,Austin Keys,3800,ILB
2026001,0,938,KICK_OFF,C.Ryland kicks 68 yards from AZ 35 to CAR -3. J.Metchie to CAR 33 for 36 yards (K.Sharar).,off,Karson Sharar,3800,ILB
2026001,0,938,KICK_OFF,C.Ryland kicks 68 yards from AZ 35 to CAR -3. J.Metchie to CAR 33 for 36 yards (K.Sharar).,def,Isaiah Simmons,0750,MLB
2026001,0,938,KICK_OFF,C.Ryland kicks 68 yards from AZ 35 to CAR -3. J.Metchie to CAR 33 for 36 yards (K.Sharar).,def,Cam Gill,0750,OLB
2026001,0,938,KICK_OFF,C.Ryland kicks 68 yards from AZ 35 to CAR -3. J.Metchie to CAR 33 for 36 yards (K.Sharar).,def,John Metchie III,0750,WR
2026001,0,938,KICK_OFF,C.Ryland kicks 68 yards from AZ 35 to CAR -3. J.Metchie to CAR 33 for 36 yards (K.Sharar).,def,Akayleb Evans,0750,CB
2026001,0,938,KICK_OFF,C.Ryland kicks 68 yards from AZ 35 to CAR -3. J.Metchie to CAR 33 for 36 yards (K.Sharar).,def,Thomas Incoom,0750,OLB
2026001,0,938,KICK_OFF,C.Ryland kicks 68 yards from AZ 35 to CAR -3. J.Metchie to CAR 33 for 36 yards (K.Sharar).,def,Demani Richardson,0750,FS
2026001,0,938,KICK_OFF,C.Ryland kicks 68 yards from AZ 35 to CAR -3. J.Metchie to CAR 33 for 36 yards (K.Sharar).,def,Maema Njongmeta,0750,ILB
2026001,0,938,KICK_OFF,C.Ryland kicks 68 yards from AZ 35 to CAR -3. J.Metchie to CAR 33 for 36 yards (K.Sharar).,def,Lathan Ransom,0750,SS
2026001,0,938,KICK_OFF,C.Ryland kicks 68 yards from AZ 35 to CAR -3. J.Metchie to CAR 33 for 36 yards (K.Sharar).,def,Corey Thornton,0750,CB
2026001,0,938,KICK_OFF,C.Ryland kicks 68 yards from AZ 35 to CAR -3. J.Metchie to CAR 33 for 36 yards (K.Sharar).,def,Anthony Tyus III,0750,RB
2026001,0,938,KICK_OFF,C.Ryland kicks 68 yards from AZ 35 to CAR -3. J.Metchie to CAR 33 for 36 yards (K.Sharar).,def,Jackson Kuwatch,0750,ILB
2026001,0,961,RUSH,(14:49) T.Etienne left guard to CAR 38 for 5 yards (B.Ojulari).,off,David Moore,0750,WR
2026001,0,961,RUSH,(14:49) T.Etienne left guard to CAR 38 for 5 yards (B.Ojulari).,off,Brady Christensen,0750,T
2026001,0,961,RUSH,(14:49) T.Etienne left guard to CAR 38 for 5 yards (B.Ojulari).,off,Stone Forsythe,0750,T
2026001,0,961,RUSH,(14:49) T.Etienne left guard to CAR 38 for 5 yards (B.Ojulari).,off,Kenny Pickett,0750,QB
2026001,0,961,RUSH,(14:49) T.Etienne left guard to CAR 38 for 5 yards (B.Ojulari).,off,John Metchie III,0750,WR
2026001,0,961,RUSH,(14:49) T.Etienne left guard to CAR 38 for 5 yards (B.Ojulari).,off,James Mitchell,0750,TE
2026001,0,961,RUSH,(14:49) T.Etienne left guard to CAR 38 for 5 yards (B.Ojulari).,off,Chandler Zavala,0750,G
2026001,0,961,RUSH,(14:49) T.Etienne left guard to CAR 38 for 5 yards (B.Ojulari).,off,Brycen Tremayne,0750,WR
2026001,0,961,RUSH,(14:49) T.Etienne left guard to CAR 38 for 5 yards (B.Ojulari).,off,Trevor Etienne,0750,RB
2026001,0,961,RUSH,(14:49) T.Etienne left guard to CAR 38 for 5 yards (B.Ojulari).,off,Sam Hecht,0750,C
2026001,0,961,RUSH,(14:49) T.Etienne left guard to CAR 38 for 5 yards (B.Ojulari).,off,Albert Reese,0750,T
2026001,0,961,RUSH,(14:49) T.Etienne left guard to CAR 38 for 5 yards (B.Ojulari).,def,Isaiah Oliver,3800,FS
2026001,0,961,RUSH,(14:49) T.Etienne left guard to CAR 38 for 5 yards (B.Ojulari).,def,Jonah Williams,3800,DE
2026001,0,961,RUSH,(14:49) T.Etienne left guard to CAR 38 for 5 yards (B.Ojulari).,def,BJ Ojulari,3800,OLB
2026001,0,961,RUSH,(14:49) T.Etienne left guard to CAR 38 for 5 yards (B.Ojulari).,def,Owen Pappoe,3800,ILB
2026001,0,961,RUSH,(14:49) T.Etienne left guard to CAR 38 for 5 yards (B.Ojulari).,def,Kei'Trel Clark,3800,CB
2026001,0,961,RUSH,(14:49) T.Etienne left guard to CAR 38 for 5 yards (B.Ojulari).,def,Eku Leota,3800,OLB
2026001,0,961,RUSH,(14:49) T.Etienne left guard to CAR 38 for 5 yards (B.Ojulari).,def,Kalen King,3800,CB
2026001,0,961,RUSH,(14:49) T.Etienne left guard to CAR 38 for 5 yards (B.Ojulari).,def,Austin Keys,3800,ILB
2026001,0,961,RUSH,(14:49) T.Etienne left guard to CAR 38 for 5 yards (B.Ojulari).,def,Elijah Culp,3800,CB
2026001,0,961,RUSH,(14:49) T.Etienne left guard to CAR 38 for 5 yards (B.Ojulari).,def,Damonic Williams,3800,NT
2026001,0,961,RUSH,(14:49) T.Etienne left guard to CAR 38 for 5 yards (B.Ojulari).,def,Wydett Williams Jr.,3800,SS
2026001,0,983,RUSH,(14:17) (Shotgun) T.Etienne left tackle to CAR 45 for 7 yards (E.Leota; W.Williams).,off,David Moore,0750,WR
2026001,0,983,RUSH,(14:17) (Shotgun) T.Etienne left tackle to CAR 45 for 7 yards (E.Leota; W.Williams).,off,Brady Christensen,0750,T
2026001,0,983,RUSH,(14:17) (Shotgun) T.Etienne left tackle to CAR 45 for 7 yards (E.Leota; W.Williams).,off,Stone Forsythe,0750,T
2026001,0,983,RUSH,(14:17) (Shotgun) T.Etienne left tackle to CAR 45 for 7 yards (E.Leota; W.Williams).,off,Kenny Pickett,0750,QB
2026001,0,983,RUSH,(14:17) (Shotgun) T.Etienne left tackle to CAR 45 for 7 yards (E.Leota; W.Williams).,off,John Metchie III,0750,WR
2026001,0,983,RUSH,(14:17) (Shotgun) T.Etienne left tackle to CAR 45 for 7 yards (E.Leota; W.Williams).,off,James Mitchell,0750,TE
2026001,0,983,RUSH,(14:17) (Shotgun) T.Etienne left tackle to CAR 45 for 7 yards (E.Leota; W.Williams).,off,Chandler Zavala,0750,G
2026001,0,983,RUSH,(14:17) (Shotgun) T.Etienne left tackle to CAR 45 for 7 yards (E.Leota; W.Williams).,off,Brycen Tremayne,0750,WR
2026001,0,983,RUSH,(14:17) (Shotgun) T.Etienne left tackle to CAR 45 for 7 yards (E.Leota; W.Williams).,off,Trevor Etienne,0750,RB
2026001,0,983,RUSH,(14:17) (Shotgun) T.Etienne left tackle to CAR 45 for 7 yards (E.Leota; W.Williams).,off,Sam Hecht,0750,C
2026001,0,983,RUSH,(14:17) (Shotgun) T.Etienne left tackle to CAR 45 for 7 yards (E.Leota; W.Williams).,off,Albert Reese,0750,T
2026001,0,983,RUSH,(14:17) (Shotgun) T.Etienne left tackle to CAR 45 for 7 yards (E.Leota; W.Williams).,def,Isaiah Oliver,3800,FS
2026001,0,983,RUSH,(14:17) (Shotgun) T.Etienne left tackle to CAR 45 for 7 yards (E.Leota; W.Williams).,def,Jonah Williams,3800,DE
2026001,0,983,RUSH,(14:17) (Shotgun) T.Etienne left tackle to CAR 45 for 7 yards (E.Leota; W.Williams).,def,BJ Ojulari,3800,OLB
2026001,0,983,RUSH,(14:17) (Shotgun) T.Etienne left tackle to CAR 45 for 7 yards (E.Leota; W.Williams).,def,Owen Pappoe,3800,ILB
2026001,0,983,RUSH,(14:17) (Shotgun) T.Etienne left tackle to CAR 45 for 7 yards (E.Leota; W.Williams).,def,Kei'Trel Clark,3800,CB
2026001,0,983,RUSH,(14:17) (Shotgun) T.Etienne left tackle to CAR 45 for 7 yards (E.Leota; W.Williams).,def,Eku Leota,3800,OLB
2026001,0,983,RUSH,(14:17) (Shotgun) T.Etienne left tackle to CAR 45 for 7 yards (E.Leota; W.Williams).,def,Kalen King,3800,CB
2026001,0,983,RUSH,(14:17) (Shotgun) T.Etienne left tackle to CAR 45 for 7 yards (E.Leota; W.Williams).,def,Austin Keys,3800,ILB
2026001,0,983,RUSH,(14:17) (Shotgun) T.Etienne left tackle to CAR 45 for 7 yards (E.Leota; W.Williams).,def,Elijah Culp,3800,CB
2026001,0,983,RUSH,(14:17) (Shotgun) T.Etienne left tackle to CAR 45 for 7 yards (E.Leota; W.Williams).,def,Damonic Williams,3800,NT
2026001,0,983,RUSH,(14:17) (Shotgun) T.Etienne left tackle to CAR 45 for 7 yards (E.Leota; W.Williams).,def,Wydett Williams Jr.,3800,SS
2026001,0,1005,PASS,(13:41) K.Pickett pass short left to J.Metchie to AZ 36 for 19 yards (I.Oliver).,off,David Moore,0750,WR
2026001,0,1005,PASS,(13:41) K.Pickett pass short left to J.Metchie to AZ 36 for 19 yards (I.Oliver).,off,Brady Christensen,0750,T
2026001,0,1005,PASS,(13:41) K.Pickett pass short left to J.Metchie to AZ 36 for 19 yards (I.Oliver).,off,Stone Forsythe,0750,T
2026001,0,1005,PASS,(13:41) K.Pickett pass short left to J.Metchie to AZ 36 for 19 yards (I.Oliver).,off,Feleipe Franks,0750,TE
2026001,0,1005,PASS,(13:41) K.Pickett pass short left to J.Metchie to AZ 36 for 19 yards (I.Oliver).,off,Kenny Pickett,0750,QB
2026001,0,1005,PASS,(13:41) K.Pickett pass short left to J.Metchie to AZ 36 for 19 yards (I.Oliver).,off,John Metchie III,0750,WR
2026001,0,1005,PASS,(13:41) K.Pickett pass short left to J.Metchie to AZ 36 for 19 yards (I.Oliver).,off,Chandler Zavala,0750,G
2026001,0,1005,PASS,(13:41) K.Pickett pass short left to J.Metchie to AZ 36 for 19 yards (I.Oliver).,off,Brycen Tremayne,0750,WR
2026001,0,1005,PASS,(13:41) K.Pickett pass short left to J.Metchie to AZ 36 for 19 yards (I.Oliver).,off,Trevor Etienne,0750,RB
2026001,0,1005,PASS,(13:41) K.Pickett pass short left to J.Metchie to AZ 36 for 19 yards (I.Oliver).,off,Sam Hecht,0750,C
2026001,0,1005,PASS,(13:41) K.Pickett pass short left to J.Metchie to AZ 36 for 19 yards (I.Oliver).,off,Albert Reese,0750,T
2026001,0,1005,PASS,(13:41) K.Pickett pass short left to J.Metchie to AZ 36 for 19 yards (I.Oliver).,def,Isaiah Oliver,3800,FS
2026001,0,1005,PASS,(13:41) K.Pickett pass short left to J.Metchie to AZ 36 for 19 yards (I.Oliver).,def,Jonah Williams,3800,DE
2026001,0,1005,PASS,(13:41) K.Pickett pass short left to J.Metchie to AZ 36 for 19 yards (I.Oliver).,def,BJ Ojulari,3800,OLB
2026001,0,1005,PASS,(13:41) K.Pickett pass short left to J.Metchie to AZ 36 for 19 yards (I.Oliver).,def,Owen Pappoe,3800,ILB
2026001,0,1005,PASS,(13:41) K.Pickett pass short left to J.Metchie to AZ 36 for 19 yards (I.Oliver).,def,Kei'Trel Clark,3800,CB
2026001,0,1005,PASS,(13:41) K.Pickett pass short left to J.Metchie to AZ 36 for 19 yards (I.Oliver).,def,Eku Leota,3800,OLB
2026001,0,1005,PASS,(13:41) K.Pickett pass short left to J.Metchie to AZ 36 for 19 yards (I.Oliver).,def,Kalen King,3800,CB
2026001,0,1005,PASS,(13:41) K.Pickett pass short left to J.Metchie to AZ 36 for 19 yards (I.Oliver).,def,Austin Keys,3800,ILB
2026001,0,1005,PASS,(13:41) K.Pickett pass short left to J.Metchie to AZ 36 for 19 yards (I.Oliver).,def,Elijah Culp,3800,CB
2026001,0,1005,PASS,(13:41) K.Pickett pass short left to J.Metchie to AZ 36 for 19 yards (I.Oliver).,def,Damonic Williams,3800,NT
2026001,0,1005,PASS,(13:41) K.Pickett pass short left to J.Metchie to AZ 36 for 19 yards (I.Oliver).,def,Wydett Williams Jr.,3800,SS
2026001,0,1030,PASS,"(13:07) (No Huddle, Shotgun) K.Pickett pass short left to D.Moore to AZ 31 for 5 yards (A.Keys).",off,David Moore,0750,WR
2026001,0,1030,PASS,"(13:07) (No Huddle, Shotgun) K.Pickett pass short left to D.Moore to AZ 31 for 5 yards (A.Keys).",off,Brady Christensen,0750,T
2026001,0,1030,PASS,"(13:07) (No Huddle, Shotgun) K.Pickett pass short left to D.Moore to AZ 31 for 5 yards (A.Keys).",off,Stone Forsythe,0750,T
2026001,0,1030,PASS,"(13:07) (No Huddle, Shotgun) K.Pickett pass short left to D.Moore to AZ 31 for 5 yards (A.Keys).",off,Feleipe Franks,0750,TE
2026001,0,1030,PASS,"(13:07) (No Huddle, Shotgun) K.Pickett pass short left to D.Moore to AZ 31 for 5 yards (A.Keys).",off,Kenny Pickett,0750,QB
2026001,0,1030,PASS,"(13:07) (No Huddle, Shotgun) K.Pickett pass short left to D.Moore to AZ 31 for 5 yards (A.Keys).",off,John Metchie III,0750,WR
2026001,0,1030,PASS,"(13:07) (No Huddle, Shotgun) K.Pickett pass short left to D.Moore to AZ 31 for 5 yards (A.Keys).",off,Chandler Zavala,0750,G
2026001,0,1030,PASS,"(13:07) (No Huddle, Shotgun) K.Pickett pass short left to D.Moore to AZ 31 for 5 yards (A.Keys).",off,Brycen Tremayne,0750,WR
2026001,0,1030,PASS,"(13:07) (No Huddle, Shotgun) K.Pickett pass short left to D.Moore to AZ 31 for 5 yards (A.Keys).",off,Trevor Etienne,0750,RB
2026001,0,1030,PASS,"(13:07) (No Huddle, Shotgun) K.Pickett pass short left to D.Moore to AZ 31 for 5 yards (A.Keys).",off,Sam Hecht,0750,C
2026001,0,1030,PASS,"(13:07) (No Huddle, Shotgun) K.Pickett pass short left to D.Moore to AZ 31 for 5 yards (A.Keys).",off,Albert Reese,0750,T
2026001,0,1030,PASS,"(13:07) (No Huddle, Shotgun) K.Pickett pass short left to D.Moore to AZ 31 for 5 yards (A.Keys).",def,Isaiah Oliver,3800,FS
2026001,0,1030,PASS,"(13:07) (No Huddle, Shotgun) K.Pickett pass short left to D.Moore to AZ 31 for 5 yards (A.Keys).",def,Jonah Williams,3800,DE
2026001,0,1030,PASS,"(13:07) (No Huddle, Shotgun) K.Pickett pass short left to D.Moore to AZ 31 for 5 yards (A.Keys).",def,BJ Ojulari,3800,OLB
2026001,0,1030,PASS,"(13:07) (No Huddle, Shotgun) K.Pickett pass short left to D.Moore to AZ 31 for 5 yards (A.Keys).",def,Owen Pappoe,3800,ILB
2026001,0,1030,PASS,"(13:07) (No Huddle, Shotgun) K.Pickett pass short left to D.Moore to AZ 31 for 5 yards (A.Keys).",def,Kei'Trel Clark,3800,CB
2026001,0,1030,PASS,"(13:07) (No Huddle, Shotgun) K.Pickett pass short left to D.Moore to AZ 31 for 5 yards (A.Keys).",def,Eku Leota,3800,OLB
2026001,0,1030,PASS,"(13:07) (No Huddle, Shotgun) K.Pickett pass short left to D.Moore to AZ 31 for 5 yards (A.Keys).",def,Kalen King,3800,CB
2026001,0,1030,PASS,"(13:07) (No Huddle, Shotgun) K.Pickett pass short left to D.Moore to AZ 31 for 5 yards (A.Keys).",def,Austin Keys,3800,ILB
2026001,0,1030,PASS,"(13:07) (No Huddle, Shotgun) K.Pickett pass short left to D.Moore to AZ 31 for 5 yards (A.Keys).",def,Elijah Culp,3800,CB
2026001,0,1030,PASS,"(13:07) (No Huddle, Shotgun) K.Pickett pass short left to D.Moore to AZ 31 for 5 yards (A.Keys).",def,Damonic Williams,3800,NT
2026001,0,1030,PASS,"(13:07) (No Huddle, Shotgun) K.Pickett pass short left to D.Moore to AZ 31 for 5 yards (A.Keys).",def,Wydett Williams Jr.,3800,SS
2026001,0,1055,PASS,(12:32) (Shotgun) K.Pickett pass incomplete deep left to J.Metchie (E.Culp).,off,David Moore,0750,WR
2026001,0,1055,PASS,(12:32) (Shotgun) K.Pickett pass incomplete deep left to J.Metchie (E.Culp).,off,Brady Christensen,0750,T
2026001,0,1055,PASS,(12:32) (Shotgun) K.Pickett pass incomplete deep left to J.Metchie (E.Culp).,off,Stone Forsythe,0750,T
2026001,0,1055,PASS,(12:32) (Shotgun) K.Pickett pass incomplete deep left to J.Metchie (E.Culp).,off,Feleipe Franks,0750,TE
2026001,0,1055,PASS,(12:32) (Shotgun) K.Pickett pass incomplete deep left to J.Metchie (E.Culp).,off,Kenny Pickett,0750,QB
2026001,0,1055,PASS,(12:32) (Shotgun) K.Pickett pass incomplete deep left to J.Metchie (E.Culp).,off,John Metchie III,0750,WR
2026001,0,1055,PASS,(12:32) (Shotgun) K.Pickett pass incomplete deep left to J.Metchie (E.Culp).,off,Chandler Zavala,0750,G
2026001,0,1055,PASS,(12:32) (Shotgun) K.Pickett pass incomplete deep left to J.Metchie (E.Culp).,off,Brycen Tremayne,0750,WR
2026001,0,1055,PASS,(12:32) (Shotgun) K.Pickett pass incomplete deep left to J.Metchie (E.Culp).,off,Trevor Etienne,0750,RB
2026001,0,1055,PASS,(12:32) (Shotgun) K.Pickett pass incomplete deep left to J.Metchie (E.Culp).,off,Sam Hecht,0750,C
2026001,0,1055,PASS,(12:32) (Shotgun) K.Pickett pass incomplete deep left to J.Metchie (E.Culp).,off,Albert Reese,0750,T
2026001,0,1055,PASS,(12:32) (Shotgun) K.Pickett pass incomplete deep left to J.Metchie (E.Culp).,def,Isaiah Oliver,3800,FS
2026001,0,1055,PASS,(12:32) (Shotgun) K.Pickett pass incomplete deep left to J.Metchie (E.Culp).,def,Jonah Williams,3800,DE
2026001,0,1055,PASS,(12:32) (Shotgun) K.Pickett pass incomplete deep left to J.Metchie (E.Culp).,def,BJ Ojulari,3800,OLB
2026001,0,1055,PASS,(12:32) (Shotgun) K.Pickett pass incomplete deep left to J.Metchie (E.Culp).,def,Owen Pappoe,3800,ILB
2026001,0,1055,PASS,(12:32) (Shotgun) K.Pickett pass incomplete deep left to J.Metchie (E.Culp).,def,Kei'Trel Clark,3800,CB
2026001,0,1055,PASS,(12:32) (Shotgun) K.Pickett pass incomplete deep left to J.Metchie (E.Culp).,def,Eku Leota,3800,OLB
2026001,0,1055,PASS,(12:32) (Shotgun) K.Pickett pass incomplete deep left to J.Metchie (E.Culp).,def,Kalen King,3800,CB
2026001,0,1055,PASS,(12:32) (Shotgun) K.Pickett pass incomplete deep left to J.Metchie (E.Culp).,def,Austin Keys,3800,ILB
2026001,0,1055,PASS,(12:32) (Shotgun) K.Pickett pass incomplete deep left to J.Metchie (E.Culp).,def,Elijah Culp,3800,CB
2026001,0,1055,PASS,(12:32) (Shotgun) K.Pickett pass incomplete deep left to J.Metchie (E.Culp).,def,Damonic Williams,3800,NT
2026001,0,1055,PASS,(12:32) (Shotgun) K.Pickett pass incomplete deep left to J.Metchie (E.Culp).,def,Wydett Williams Jr.,3800,SS
2026001,0,1090,PASS,(12:25) (Shotgun) K.Pickett pass short right to J.Mitchell pushed ob at AZ 23 for 8 yards (W.Williams).,off,Brady Christensen,0750,T
2026001,0,1090,PASS,(12:25) (Shotgun) K.Pickett pass short right to J.Mitchell pushed ob at AZ 23 for 8 yards (W.Williams).,off,Stone Forsythe,0750,T
2026001,0,1090,PASS,(12:25) (Shotgun) K.Pickett pass short right to J.Mitchell pushed ob at AZ 23 for 8 yards (W.Williams).,off,Kenny Pickett,0750,QB
2026001,0,1090,PASS,(12:25) (Shotgun) K.Pickett pass short right to J.Mitchell pushed ob at AZ 23 for 8 yards (W.Williams).,off,John Metchie III,0750,WR
2026001,0,1090,PASS,(12:25) (Shotgun) K.Pickett pass short right to J.Mitchell pushed ob at AZ 23 for 8 yards (W.Williams).,off,James Mitchell,0750,TE
2026001,0,1090,PASS,(12:25) (Shotgun) K.Pickett pass short right to J.Mitchell pushed ob at AZ 23 for 8 yards (W.Williams).,off,Chandler Zavala,0750,G
2026001,0,1090,PASS,(12:25) (Shotgun) K.Pickett pass short right to J.Mitchell pushed ob at AZ 23 for 8 yards (W.Williams).,off,Brycen Tremayne,0750,WR
2026001,0,1090,PASS,(12:25) (Shotgun) K.Pickett pass short right to J.Mitchell pushed ob at AZ 23 for 8 yards (W.Williams).,off,Trevor Etienne,0750,RB
2026001,0,1090,PASS,(12:25) (Shotgun) K.Pickett pass short right to J.Mitchell pushed ob at AZ 23 for 8 yards (W.Williams).,off,Ja'Seem Reed,0750,WR
2026001,0,1090,PASS,(12:25) (Shotgun) K.Pickett pass short right to J.Mitchell pushed ob at AZ 23 for 8 yards (W.Williams).,off,Sam Hecht,0750,C
2026001,0,1090,PASS,(12:25) (Shotgun) K.Pickett pass short right to J.Mitchell pushed ob at AZ 23 for 8 yards (W.Williams).,off,Albert Reese,0750,T
2026001,0,1090,PASS,(12:25) (Shotgun) K.Pickett pass short right to J.Mitchell pushed ob at AZ 23 for 8 yards (W.Williams).,def,Andrew Billings,3800,DT
2026001,0,1090,PASS,(12:25) (Shotgun) K.Pickett pass short right to J.Mitchell pushed ob at AZ 23 for 8 yards (W.Williams).,def,Isaiah Oliver,3800,FS
2026001,0,1090,PASS,(12:25) (Shotgun) K.Pickett pass short right to J.Mitchell pushed ob at AZ 23 for 8 yards (W.Williams).,def,Jonah Williams,3800,DE
2026001,0,1090,PASS,(12:25) (Shotgun) K.Pickett pass short right to J.Mitchell pushed ob at AZ 23 for 8 yards (W.Williams).,def,Elliott Brown,3800,OLB
2026001,0,1090,PASS,(12:25) (Shotgun) K.Pickett pass short right to J.Mitchell pushed ob at AZ 23 for 8 yards (W.Williams).,def,Owen Pappoe,3800,ILB
2026001,0,1090,PASS,(12:25) (Shotgun) K.Pickett pass short right to J.Mitchell pushed ob at AZ 23 for 8 yards (W.Williams).,def,Kei'Trel Clark,3800,CB
2026001,0,1090,PASS,(12:25) (Shotgun) K.Pickett pass short right to J.Mitchell pushed ob at AZ 23 for 8 yards (W.Williams).,def,Kalen King,3800,CB
2026001,0,1090,PASS,(12:25) (Shotgun) K.Pickett pass short right to J.Mitchell pushed ob at AZ 23 for 8 yards (W.Williams).,def,Austin Keys,3800,ILB
2026001,0,1090,PASS,(12:25) (Shotgun) K.Pickett pass short right to J.Mitchell pushed ob at AZ 23 for 8 yards (W.Williams).,def,Elijah Culp,3800,CB
2026001,0,1090,PASS,(12:25) (Shotgun) K.Pickett pass short right to J.Mitchell pushed ob at AZ 23 for 8 yards (W.Williams).,def,Cam Robertson,3800,OLB
2026001,0,1090,PASS,(12:25) (Shotgun) K.Pickett pass short right to J.Mitchell pushed ob at AZ 23 for 8 yards (W.Williams).,def,Wydett Williams Jr.,3800,SS
2026001,0,1120,PASS,(11:56) K.Pickett pass incomplete deep right to J.Mitchell (A.Keys).,off,AJ Dillon,0750,RB
2026001,0,1120,PASS,(11:56) K.Pickett pass incomplete deep right to J.Mitchell (A.Keys).,off,Brady Christensen,0750,T
2026001,0,1120,PASS,(11:56) K.Pickett pass incomplete deep right to J.Mitchell (A.Keys).,off,Stone Forsythe,0750,T
2026001,0,1120,PASS,(11:56) K.Pickett pass incomplete deep right to J.Mitchell (A.Keys).,off,Feleipe Franks,0750,TE
2026001,0,1120,PASS,(11:56) K.Pickett pass incomplete deep right to J.Mitchell (A.Keys).,off,Kenny Pickett,0750,QB
2026001,0,1120,PASS,(11:56) K.Pickett pass incomplete deep right to J.Mitchell (A.Keys).,off,James Mitchell,0750,TE
2026001,0,1120,PASS,(11:56) K.Pickett pass incomplete deep right to J.Mitchell (A.Keys).,off,Chandler Zavala,0750,G
2026001,0,1120,PASS,(11:56) K.Pickett pass incomplete deep right to J.Mitchell (A.Keys).,off,Brycen Tremayne,0750,WR
2026001,0,1120,PASS,(11:56) K.Pickett pass incomplete deep right to J.Mitchell (A.Keys).,off,Ja'Seem Reed,0750,WR
2026001,0,1120,PASS,(11:56) K.Pickett pass incomplete deep right to J.Mitchell (A.Keys).,off,Sam Hecht,0750,C
2026001,0,1120,PASS,(11:56) K.Pickett pass incomplete deep right to J.Mitchell (A.Keys).,off,Albert Reese,0750,T
2026001,0,1120,PASS,(11:56) K.Pickett pass incomplete deep right to J.Mitchell (A.Keys).,def,Andrew Billings,3800,DT
2026001,0,1120,PASS,(11:56) K.Pickett pass incomplete deep right to J.Mitchell (A.Keys).,def,Isaiah Oliver,3800,FS
2026001,0,1120,PASS,(11:56) K.Pickett pass incomplete deep right to J.Mitchell (A.Keys).,def,Jonah Williams,3800,DE
2026001,0,1120,PASS,(11:56) K.Pickett pass incomplete deep right to J.Mitchell (A.Keys).,def,Elliott Brown,3800,OLB
2026001,0,1120,PASS,(11:56) K.Pickett pass incomplete deep right to J.Mitchell (A.Keys).,def,Brodric Martin,3800,DT
2026001,0,1120,PASS,(11:56) K.Pickett pass incomplete deep right to J.Mitchell (A.Keys).,def,Owen Pappoe,3800,ILB
2026001,0,1120,PASS,(11:56) K.Pickett pass incomplete deep right to J.Mitchell (A.Keys).,def,Kei'Trel Clark,3800,CB
2026001,0,1120,PASS,(11:56) K.Pickett pass incomplete deep right to J.Mitchell (A.Keys).,def,Austin Keys,3800,ILB
2026001,0,1120,PASS,(11:56) K.Pickett pass incomplete deep right to J.Mitchell (A.Keys).,def,Elijah Culp,3800,CB
2026001,0,1120,PASS,(11:56) K.Pickett pass incomplete deep right to J.Mitchell (A.Keys).,def,Cam Robertson,3800,OLB
2026001,0,1120,PASS,(11:56) K.Pickett pass incomplete deep right to J.Mitchell (A.Keys).,def,Wydett Williams Jr.,3800,SS
2026001,0,1143,PASS,(11:49) (Shotgun) K.Pickett pass short right to A.Dillon to AZ 5 for 18 yards (A.Keys; I.Oliver).,off,David Moore,0750,WR
2026001,0,1143,PASS,(11:49) (Shotgun) K.Pickett pass short right to A.Dillon to AZ 5 for 18 yards (A.Keys; I.Oliver).,off,AJ Dillon,0750,RB
2026001,0,1143,PASS,(11:49) (Shotgun) K.Pickett pass short right to A.Dillon to AZ 5 for 18 yards (A.Keys; I.Oliver).,off,Brady Christensen,0750,T
2026001,0,1143,PASS,(11:49) (Shotgun) K.Pickett pass short right to A.Dillon to AZ 5 for 18 yards (A.Keys; I.Oliver).,off,Stone Forsythe,0750,T
2026001,0,1143,PASS,(11:49) (Shotgun) K.Pickett pass short right to A.Dillon to AZ 5 for 18 yards (A.Keys; I.Oliver).,off,Feleipe Franks,0750,TE
2026001,0,1143,PASS,(11:49) (Shotgun) K.Pickett pass short right to A.Dillon to AZ 5 for 18 yards (A.Keys; I.Oliver).,off,Kenny Pickett,0750,QB
2026001,0,1143,PASS,(11:49) (Shotgun) K.Pickett pass short right to A.Dillon to AZ 5 for 18 yards (A.Keys; I.Oliver).,off,John Metchie III,0750,WR
2026001,0,1143,PASS,(11:49) (Shotgun) K.Pickett pass short right to A.Dillon to AZ 5 for 18 yards (A.Keys; I.Oliver).,off,Chandler Zavala,0750,G
2026001,0,1143,PASS,(11:49) (Shotgun) K.Pickett pass short right to A.Dillon to AZ 5 for 18 yards (A.Keys; I.Oliver).,off,Brycen Tremayne,0750,WR
2026001,0,1143,PASS,(11:49) (Shotgun) K.Pickett pass short right to A.Dillon to AZ 5 for 18 yards (A.Keys; I.Oliver).,off,Sam Hecht,0750,C
2026001,0,1143,PASS,(11:49) (Shotgun) K.Pickett pass short right to A.Dillon to AZ 5 for 18 yards (A.Keys; I.Oliver).,off,Albert Reese,0750,T
2026001,0,1143,PASS,(11:49) (Shotgun) K.Pickett pass short right to A.Dillon to AZ 5 for 18 yards (A.Keys; I.Oliver).,def,Andrew Billings,3800,DT
2026001,0,1143,PASS,(11:49) (Shotgun) K.Pickett pass short right to A.Dillon to AZ 5 for 18 yards (A.Keys; I.Oliver).,def,Isaiah Oliver,3800,FS
2026001,0,1143,PASS,(11:49) (Shotgun) K.Pickett pass short right to A.Dillon to AZ 5 for 18 yards (A.Keys; I.Oliver).,def,Jonah Williams,3800,DE
2026001,0,1143,PASS,(11:49) (Shotgun) K.Pickett pass short right to A.Dillon to AZ 5 for 18 yards (A.Keys; I.Oliver).,def,Elliott Brown,3800,OLB
2026001,0,1143,PASS,(11:49) (Shotgun) K.Pickett pass short right to A.Dillon to AZ 5 for 18 yards (A.Keys; I.Oliver).,def,Owen Pappoe,3800,ILB
2026001,0,1143,PASS,(11:49) (Shotgun) K.Pickett pass short right to A.Dillon to AZ 5 for 18 yards (A.Keys; I.Oliver).,def,Kei'Trel Clark,3800,CB
2026001,0,1143,PASS,(11:49) (Shotgun) K.Pickett pass short right to A.Dillon to AZ 5 for 18 yards (A.Keys; I.Oliver).,def,Kalen King,3800,CB
2026001,0,1143,PASS,(11:49) (Shotgun) K.Pickett pass short right to A.Dillon to AZ 5 for 18 yards (A.Keys; I.Oliver).,def,Austin Keys,3800,ILB
2026001,0,1143,PASS,(11:49) (Shotgun) K.Pickett pass short right to A.Dillon to AZ 5 for 18 yards (A.Keys; I.Oliver).,def,Elijah Culp,3800,CB
2026001,0,1143,PASS,(11:49) (Shotgun) K.Pickett pass short right to A.Dillon to AZ 5 for 18 yards (A.Keys; I.Oliver).,def,Cam Robertson,3800,OLB
2026001,0,1143,PASS,(11:49) (Shotgun) K.Pickett pass short right to A.Dillon to AZ 5 for 18 yards (A.Keys; I.Oliver).,def,Wydett Williams Jr.,3800,SS
2026001,0,1168,RUSH,"(11:24) (No Huddle, Shotgun) A.Dillon up the middle to AZ 1 for 4 yards (A.Billings; W.Williams).",off,David Moore,0750,WR
2026001,0,1168,RUSH,"(11:24) (No Huddle, Shotgun) A.Dillon up the middle to AZ 1 for 4 yards (A.Billings; W.Williams).",off,AJ Dillon,0750,RB
2026001,0,1168,RUSH,"(11:24) (No Huddle, Shotgun) A.Dillon up the middle to AZ 1 for 4 yards (A.Billings; W.Williams).",off,Brady Christensen,0750,T
2026001,0,1168,RUSH,"(11:24) (No Huddle, Shotgun) A.Dillon up the middle to AZ 1 for 4 yards (A.Billings; W.Williams).",off,Stone Forsythe,0750,T
2026001,0,1168,RUSH,"(11:24) (No Huddle, Shotgun) A.Dillon up the middle to AZ 1 for 4 yards (A.Billings; W.Williams).",off,Feleipe Franks,0750,TE
2026001,0,1168,RUSH,"(11:24) (No Huddle, Shotgun) A.Dillon up the middle to AZ 1 for 4 yards (A.Billings; W.Williams).",off,Kenny Pickett,0750,QB
2026001,0,1168,RUSH,"(11:24) (No Huddle, Shotgun) A.Dillon up the middle to AZ 1 for 4 yards (A.Billings; W.Williams).",off,John Metchie III,0750,WR
2026001,0,1168,RUSH,"(11:24) (No Huddle, Shotgun) A.Dillon up the middle to AZ 1 for 4 yards (A.Billings; W.Williams).",off,Chandler Zavala,0750,G
2026001,0,1168,RUSH,"(11:24) (No Huddle, Shotgun) A.Dillon up the middle to AZ 1 for 4 yards (A.Billings; W.Williams).",off,Brycen Tremayne,0750,WR
2026001,0,1168,RUSH,"(11:24) (No Huddle, Shotgun) A.Dillon up the middle to AZ 1 for 4 yards (A.Billings; W.Williams).",off,Sam Hecht,0750,C
2026001,0,1168,RUSH,"(11:24) (No Huddle, Shotgun) A.Dillon up the middle to AZ 1 for 4 yards (A.Billings; W.Williams).",off,Albert Reese,0750,T
2026001,0,1168,RUSH,"(11:24) (No Huddle, Shotgun) A.Dillon up the middle to AZ 1 for 4 yards (A.Billings; W.Williams).",def,Andrew Billings,3800,DT
2026001,0,1168,RUSH,"(11:24) (No Huddle, Shotgun) A.Dillon up the middle to AZ 1 for 4 yards (A.Billings; W.Williams).",def,Isaiah Oliver,3800,FS
2026001,0,1168,RUSH,"(11:24) (No Huddle, Shotgun) A.Dillon up the middle to AZ 1 for 4 yards (A.Billings; W.Williams).",def,Jonah Williams,3800,DE
2026001,0,1168,RUSH,"(11:24) (No Huddle, Shotgun) A.Dillon up the middle to AZ 1 for 4 yards (A.Billings; W.Williams).",def,Elliott Brown,3800,OLB
2026001,0,1168,RUSH,"(11:24) (No Huddle, Shotgun) A.Dillon up the middle to AZ 1 for 4 yards (A.Billings; W.Williams).",def,Owen Pappoe,3800,ILB
2026001,0,1168,RUSH,"(11:24) (No Huddle, Shotgun) A.Dillon up the middle to AZ 1 for 4 yards (A.Billings; W.Williams).",def,Kei'Trel Clark,3800,CB
2026001,0,1168,RUSH,"(11:24) (No Huddle, Shotgun) A.Dillon up the middle to AZ 1 for 4 yards (A.Billings; W.Williams).",def,Kalen King,3800,CB
2026001,0,1168,RUSH,"(11:24) (No Huddle, Shotgun) A.Dillon up the middle to AZ 1 for 4 yards (A.Billings; W.Williams).",def,Austin Keys,3800,ILB
2026001,0,1168,RUSH,"(11:24) (No Huddle, Shotgun) A.Dillon up the middle to AZ 1 for 4 yards (A.Billings; W.Williams).",def,Elijah Culp,3800,CB
2026001,0,1168,RUSH,"(11:24) (No Huddle, Shotgun) A.Dillon up the middle to AZ 1 for 4 yards (A.Billings; W.Williams).",def,Cam Robertson,3800,OLB
2026001,0,1168,RUSH,"(11:24) (No Huddle, Shotgun) A.Dillon up the middle to AZ 1 for 4 yards (A.Billings; W.Williams).",def,Wydett Williams Jr.,3800,SS
2026001,0,1190,RUSH,"(10:59) (No Huddle) A.Dillon up the middle for 1 yard, TOUCHDOWN.",off,David Moore,0750,WR
2026001,0,1190,RUSH,"(10:59) (No Huddle) A.Dillon up the middle for 1 yard, TOUCHDOWN.",off,AJ Dillon,0750,RB
2026001,0,1190,RUSH,"(10:59) (No Huddle) A.Dillon up the middle for 1 yard, TOUCHDOWN.",off,Brady Christensen,0750,T
2026001,0,1190,RUSH,"(10:59) (No Huddle) A.Dillon up the middle for 1 yard, TOUCHDOWN.",off,Stone Forsythe,0750,T
2026001,0,1190,RUSH,"(10:59) (No Huddle) A.Dillon up the middle for 1 yard, TOUCHDOWN.",off,Feleipe Franks,0750,TE
2026001,0,1190,RUSH,"(10:59) (No Huddle) A.Dillon up the middle for 1 yard, TOUCHDOWN.",off,Kenny Pickett,0750,QB
2026001,0,1190,RUSH,"(10:59) (No Huddle) A.Dillon up the middle for 1 yard, TOUCHDOWN.",off,John Metchie III,0750,WR
2026001,0,1190,RUSH,"(10:59) (No Huddle) A.Dillon up the middle for 1 yard, TOUCHDOWN.",off,Chandler Zavala,0750,G
2026001,0,1190,RUSH,"(10:59) (No Huddle) A.Dillon up the middle for 1 yard, TOUCHDOWN.",off,Brycen Tremayne,0750,WR
2026001,0,1190,RUSH,"(10:59) (No Huddle) A.Dillon up the middle for 1 yard, TOUCHDOWN.",off,Sam Hecht,0750,C
2026001,0,1190,RUSH,"(10:59) (No Huddle) A.Dillon up the middle for 1 yard, TOUCHDOWN.",off,Albert Reese,0750,T
2026001,0,1190,RUSH,"(10:59) (No Huddle) A.Dillon up the middle for 1 yard, TOUCHDOWN.",def,Andrew Billings,3800,DT
2026001,0,1190,RUSH,"(10:59) (No Huddle) A.Dillon up the middle for 1 yard, TOUCHDOWN.",def,Isaiah Oliver,3800,FS
2026001,0,1190,RUSH,"(10:59) (No Huddle) A.Dillon up the middle for 1 yard, TOUCHDOWN.",def,Jonah Williams,3800,DE
2026001,0,1190,RUSH,"(10:59) (No Huddle) A.Dillon up the middle for 1 yard, TOUCHDOWN.",def,Elliott Brown,3800,OLB
2026001,0,1190,RUSH,"(10:59) (No Huddle) A.Dillon up the middle for 1 yard, TOUCHDOWN.",def,Owen Pappoe,3800,ILB
2026001,0,1190,RUSH,"(10:59) (No Huddle) A.Dillon up the middle for 1 yard, TOUCHDOWN.",def,Kei'Trel Clark,3800,CB
2026001,0,1190,RUSH,"(10:59) (No Huddle) A.Dillon up the middle for 1 yard, TOUCHDOWN.",def,Kalen King,3800,CB
2026001,0,1190,RUSH,"(10:59) (No Huddle) A.Dillon up the middle for 1 yard, TOUCHDOWN.",def,Austin Keys,3800,ILB
2026001,0,1190,RUSH,"(10:59) (No Huddle) A.Dillon up the middle for 1 yard, TOUCHDOWN.",def,Elijah Culp,3800,CB
2026001,0,1190,RUSH,"(10:59) (No Huddle) A.Dillon up the middle for 1 yard, TOUCHDOWN.",def,Cam Robertson,3800,OLB
2026001,0,1190,RUSH,"(10:59) (No Huddle) A.Dillon up the middle for 1 yard, TOUCHDOWN.",def,Wydett Williams Jr.,3800,SS
2026001,0,1213,XP_KICK,"R.Fitzgerald extra point is GOOD, Center-J.Jansen, Holder-S.Martin.",off,J.J. Jansen,0750,LS
2026001,0,1213,XP_KICK,"R.Fitzgerald extra point is GOOD, Center-J.Jansen, Holder-S.Martin.",off,Sam Martin,0750,P
2026001,0,1213,XP_KICK,"R.Fitzgerald extra point is GOOD, Center-J.Jansen, Holder-S.Martin.",off,Brady Christensen,0750,T
2026001,0,1213,XP_KICK,"R.Fitzgerald extra point is GOOD, Center-J.Jansen, Holder-S.Martin.",off,Stone Forsythe,0750,T
2026001,0,1213,XP_KICK,"R.Fitzgerald extra point is GOOD, Center-J.Jansen, Holder-S.Martin.",off,Feleipe Franks,0750,TE
2026001,0,1213,XP_KICK,"R.Fitzgerald extra point is GOOD, Center-J.Jansen, Holder-S.Martin.",off,Ja'Tyre Carter,0750,G
2026001,0,1213,XP_KICK,"R.Fitzgerald extra point is GOOD, Center-J.Jansen, Holder-S.Martin.",off,Chandler Zavala,0750,G
2026001,0,1213,XP_KICK,"R.Fitzgerald extra point is GOOD, Center-J.Jansen, Holder-S.Martin.",off,Nick Samac,0750,C
2026001,0,1213,XP_KICK,"R.Fitzgerald extra point is GOOD, Center-J.Jansen, Holder-S.Martin.",off,Cam Jackson,0750,DT
2026001,0,1213,XP_KICK,"R.Fitzgerald extra point is GOOD, Center-J.Jansen, Holder-S.Martin.",off,Ryan Fitzgerald,0750,K
2026001,0,1213,XP_KICK,"R.Fitzgerald extra point is GOOD, Center-J.Jansen, Holder-S.Martin.",off,Albert Reese,0750,T
2026001,0,1213,XP_KICK,"R.Fitzgerald extra point is GOOD, Center-J.Jansen, Holder-S.Martin.",def,Isaiah Oliver,3800,FS
2026001,0,1213,XP_KICK,"R.Fitzgerald extra point is GOOD, Center-J.Jansen, Holder-S.Martin.",def,Jonah Williams,3800,DE
2026001,0,1213,XP_KICK,"R.Fitzgerald extra point is GOOD, Center-J.Jansen, Holder-S.Martin.",def,Owen Pappoe,3800,ILB
2026001,0,1213,XP_KICK,"R.Fitzgerald extra point is GOOD, Center-J.Jansen, Holder-S.Martin.",def,Kei'Trel Clark,3800,CB
2026001,0,1213,XP_KICK,"R.Fitzgerald extra point is GOOD, Center-J.Jansen, Holder-S.Martin.",def,Eku Leota,3800,OLB
2026001,0,1213,XP_KICK,"R.Fitzgerald extra point is GOOD, Center-J.Jansen, Holder-S.Martin.",def,Elijah Jones,3800,CB
2026001,0,1213,XP_KICK,"R.Fitzgerald extra point is GOOD, Center-J.Jansen, Holder-S.Martin.",def,Cam Horsley,3800,DT
2026001,0,1213,XP_KICK,"R.Fitzgerald extra point is GOOD, Center-J.Jansen, Holder-S.Martin.",def,Karson Sharar,3800,ILB
2026001,0,1213,XP_KICK,"R.Fitzgerald extra point is GOOD, Center-J.Jansen, Holder-S.Martin.",def,Cam Robertson,3800,OLB
2026001,0,1213,XP_KICK,"R.Fitzgerald extra point is GOOD, Center-J.Jansen, Holder-S.Martin.",def,Damonic Williams,3800,NT
2026001,0,1213,XP_KICK,"R.Fitzgerald extra point is GOOD, Center-J.Jansen, Holder-S.Martin.",def,Wydett Williams Jr.,3800,SS
2026001,0,1228,KICK_OFF,"R.Fitzgerald kicks 42 yards from CAR 35 to AZ 23, short of landing zone.
PENALTY on CAR-R.Fitzgerald, Kickoff Short of Landing Zone, placed at AZ 40.",off,Cam Gill,0750,OLB
2026001,0,1228,KICK_OFF,"R.Fitzgerald kicks 42 yards from CAR 35 to AZ 23, short of landing zone.
PENALTY on CAR-R.Fitzgerald, Kickoff Short of Landing Zone, placed at AZ 40.",off,Robert Rochell,0750,CB
2026001,0,1228,KICK_OFF,"R.Fitzgerald kicks 42 yards from CAR 35 to AZ 23, short of landing zone.
PENALTY on CAR-R.Fitzgerald, Kickoff Short of Landing Zone, placed at AZ 40.",off,Nick Hampton,0750,OLB
2026001,0,1228,KICK_OFF,"R.Fitzgerald kicks 42 yards from CAR 35 to AZ 23, short of landing zone.
PENALTY on CAR-R.Fitzgerald, Kickoff Short of Landing Zone, placed at AZ 40.",off,Demani Richardson,0750,FS
2026001,0,1228,KICK_OFF,"R.Fitzgerald kicks 42 yards from CAR 35 to AZ 23, short of landing zone.
PENALTY on CAR-R.Fitzgerald, Kickoff Short of Landing Zone, placed at AZ 40.",off,Maema Njongmeta,0750,ILB
2026001,0,1228,KICK_OFF,"R.Fitzgerald kicks 42 yards from CAR 35 to AZ 23, short of landing zone.
PENALTY on CAR-R.Fitzgerald, Kickoff Short of Landing Zone, placed at AZ 40.",off,Lathan Ransom,0750,SS
2026001,0,1228,KICK_OFF,"R.Fitzgerald kicks 42 yards from CAR 35 to AZ 23, short of landing zone.
PENALTY on CAR-R.Fitzgerald, Kickoff Short of Landing Zone, placed at AZ 40.",off,Mapalo Mwansa,0750,DE
2026001,0,1228,KICK_OFF,"R.Fitzgerald kicks 42 yards from CAR 35 to AZ 23, short of landing zone.
PENALTY on CAR-R.Fitzgerald, Kickoff Short of Landing Zone, placed at AZ 40.",off,Ryan Fitzgerald,0750,K
2026001,0,1228,KICK_OFF,"R.Fitzgerald kicks 42 yards from CAR 35 to AZ 23, short of landing zone.
PENALTY on CAR-R.Fitzgerald, Kickoff Short of Landing Zone, placed at AZ 40.",off,Bam Martin-Scott,0750,ILB
2026001,0,1228,KICK_OFF,"R.Fitzgerald kicks 42 yards from CAR 35 to AZ 23, short of landing zone.
PENALTY on CAR-R.Fitzgerald, Kickoff Short of Landing Zone, placed at AZ 40.",off,Corey Thornton,0750,CB
2026001,0,1228,KICK_OFF,"R.Fitzgerald kicks 42 yards from CAR 35 to AZ 23, short of landing zone.
PENALTY on CAR-R.Fitzgerald, Kickoff Short of Landing Zone, placed at AZ 40.",off,Jackson Kuwatch,0750,ILB
2026001,0,1228,KICK_OFF,"R.Fitzgerald kicks 42 yards from CAR 35 to AZ 23, short of landing zone.
PENALTY on CAR-R.Fitzgerald, Kickoff Short of Landing Zone, placed at AZ 40.",def,Simi Fehoko,3800,WR
2026001,0,1228,KICK_OFF,"R.Fitzgerald kicks 42 yards from CAR 35 to AZ 23, short of landing zone.
PENALTY on CAR-R.Fitzgerald, Kickoff Short of Landing Zone, placed at AZ 40.",def,Kenny Yeboah,3800,TE
2026001,0,1228,KICK_OFF,"R.Fitzgerald kicks 42 yards from CAR 35 to AZ 23, short of landing zone.
PENALTY on CAR-R.Fitzgerald, Kickoff Short of Landing Zone, placed at AZ 40.",def,Owen Pappoe,3800,ILB
2026001,0,1228,KICK_OFF,"R.Fitzgerald kicks 42 yards from CAR 35 to AZ 23, short of landing zone.
PENALTY on CAR-R.Fitzgerald, Kickoff Short of Landing Zone, placed at AZ 40.",def,Kei'Trel Clark,3800,CB
2026001,0,1228,KICK_OFF,"R.Fitzgerald kicks 42 yards from CAR 35 to AZ 23, short of landing zone.
PENALTY on CAR-R.Fitzgerald, Kickoff Short of Landing Zone, placed at AZ 40.",def,Jalen Brooks,3800,WR
2026001,0,1228,KICK_OFF,"R.Fitzgerald kicks 42 yards from CAR 35 to AZ 23, short of landing zone.
PENALTY on CAR-R.Fitzgerald, Kickoff Short of Landing Zone, placed at AZ 40.",def,Eku Leota,3800,OLB
2026001,0,1228,KICK_OFF,"R.Fitzgerald kicks 42 yards from CAR 35 to AZ 23, short of landing zone.
PENALTY on CAR-R.Fitzgerald, Kickoff Short of Landing Zone, placed at AZ 40.",def,Xavier Weaver,3800,WR
2026001,0,1228,KICK_OFF,"R.Fitzgerald kicks 42 yards from CAR 35 to AZ 23, short of landing zone.
PENALTY on CAR-R.Fitzgerald, Kickoff Short of Landing Zone, placed at AZ 40.",def,Austin Keys,3800,ILB
2026001,0,1228,KICK_OFF,"R.Fitzgerald kicks 42 yards from CAR 35 to AZ 23, short of landing zone.
PENALTY on CAR-R.Fitzgerald, Kickoff Short of Landing Zone, placed at AZ 40.",def,Karson Sharar,3800,ILB
2026001,0,1228,KICK_OFF,"R.Fitzgerald kicks 42 yards from CAR 35 to AZ 23, short of landing zone.
PENALTY on CAR-R.Fitzgerald, Kickoff Short of Landing Zone, placed at AZ 40.",def,Jameson Geers,3800,TE
2026001,0,1228,KICK_OFF,"R.Fitzgerald kicks 42 yards from CAR 35 to AZ 23, short of landing zone.
PENALTY on CAR-R.Fitzgerald, Kickoff Short of Landing Zone, placed at AZ 40.",def,Wydett Williams Jr.,3800,SS
2026001,0,1273,PASS,"(10:56) C.Beck pass deep left to J.Brooks to CAR 11 for 49 yards (L.Ransom).
Penalty on CAR-A.Evans, Illegal Contact, declined.",off,Simi Fehoko,3800,WR
2026001,0,1273,PASS,"(10:56) C.Beck pass deep left to J.Brooks to CAR 11 for 49 yards (L.Ransom).
Penalty on CAR-A.Evans, Illegal Contact, declined.",off,Bam Knight,3800,RB
2026001,0,1273,PASS,"(10:56) C.Beck pass deep left to J.Brooks to CAR 11 for 49 yards (L.Ransom).
Penalty on CAR-A.Evans, Illegal Contact, declined.",off,Jon Gaines II,3800,C
2026001,0,1273,PASS,"(10:56) C.Beck pass deep left to J.Brooks to CAR 11 for 49 yards (L.Ransom).
Penalty on CAR-A.Evans, Illegal Contact, declined.",off,Jalen Brooks,3800,WR
2026001,0,1273,PASS,"(10:56) C.Beck pass deep left to J.Brooks to CAR 11 for 49 yards (L.Ransom).
Penalty on CAR-A.Evans, Illegal Contact, declined.",off,Xavier Weaver,3800,WR
2026001,0,1273,PASS,"(10:56) C.Beck pass deep left to J.Brooks to CAR 11 for 49 yards (L.Ransom).
Penalty on CAR-A.Evans, Illegal Contact, declined.",off,Hayden Conner,3800,G
2026001,0,1273,PASS,"(10:56) C.Beck pass deep left to J.Brooks to CAR 11 for 49 yards (L.Ransom).
Penalty on CAR-A.Evans, Illegal Contact, declined.",off,Josh Fryar,3800,T
2026001,0,1273,PASS,"(10:56) C.Beck pass deep left to J.Brooks to CAR 11 for 49 yards (L.Ransom).
Penalty on CAR-A.Evans, Illegal Contact, declined.",off,Chase Bisontis,3800,G
2026001,0,1273,PASS,"(10:56) C.Beck pass deep left to J.Brooks to CAR 11 for 49 yards (L.Ransom).
Penalty on CAR-A.Evans, Illegal Contact, declined.",off,Carson Beck,3800,QB
2026001,0,1273,PASS,"(10:56) C.Beck pass deep left to J.Brooks to CAR 11 for 49 yards (L.Ransom).
Penalty on CAR-A.Evans, Illegal Contact, declined.",off,Jayden Williams,3800,T
2026001,0,1273,PASS,"(10:56) C.Beck pass deep left to J.Brooks to CAR 11 for 49 yards (L.Ransom).
Penalty on CAR-A.Evans, Illegal Contact, declined.",off,Jameson Geers,3800,TE
2026001,0,1273,PASS,"(10:56) C.Beck pass deep left to J.Brooks to CAR 11 for 49 yards (L.Ransom).
Penalty on CAR-A.Evans, Illegal Contact, declined.",def,Akayleb Evans,0750,CB
2026001,0,1273,PASS,"(10:56) C.Beck pass deep left to J.Brooks to CAR 11 for 49 yards (L.Ransom).
Penalty on CAR-A.Evans, Illegal Contact, declined.",def,Nick Hampton,0750,OLB
2026001,0,1273,PASS,"(10:56) C.Beck pass deep left to J.Brooks to CAR 11 for 49 yards (L.Ransom).
Penalty on CAR-A.Evans, Illegal Contact, declined.",def,Thomas Incoom,0750,OLB
2026001,0,1273,PASS,"(10:56) C.Beck pass deep left to J.Brooks to CAR 11 for 49 yards (L.Ransom).
Penalty on CAR-A.Evans, Illegal Contact, declined.",def,Chau Smith-Wade,0750,CB
2026001,0,1273,PASS,"(10:56) C.Beck pass deep left to J.Brooks to CAR 11 for 49 yards (L.Ransom).
Penalty on CAR-A.Evans, Illegal Contact, declined.",def,Lathan Ransom,0750,SS
2026001,0,1273,PASS,"(10:56) C.Beck pass deep left to J.Brooks to CAR 11 for 49 yards (L.Ransom).
Penalty on CAR-A.Evans, Illegal Contact, declined.",def,Jared Harrison-Hunte,0750,DT
2026001,0,1273,PASS,"(10:56) C.Beck pass deep left to J.Brooks to CAR 11 for 49 yards (L.Ransom).
Penalty on CAR-A.Evans, Illegal Contact, declined.",def,Bam Martin-Scott,0750,ILB
2026001,0,1273,PASS,"(10:56) C.Beck pass deep left to J.Brooks to CAR 11 for 49 yards (L.Ransom).
Penalty on CAR-A.Evans, Illegal Contact, declined.",def,Corey Thornton,0750,CB
2026001,0,1273,PASS,"(10:56) C.Beck pass deep left to J.Brooks to CAR 11 for 49 yards (L.Ransom).
Penalty on CAR-A.Evans, Illegal Contact, declined.",def,Lee Hunter,0750,NT
2026001,0,1273,PASS,"(10:56) C.Beck pass deep left to J.Brooks to CAR 11 for 49 yards (L.Ransom).
Penalty on CAR-A.Evans, Illegal Contact, declined.",def,Zakee Wheatley,0750,SS
2026001,0,1273,PASS,"(10:56) C.Beck pass deep left to J.Brooks to CAR 11 for 49 yards (L.Ransom).
Penalty on CAR-A.Evans, Illegal Contact, declined.",def,Jackson Kuwatch,0750,ILB
2026001,0,1309,RUSH,(10:23) Z.Knight left tackle to CAR 5 for 6 yards (Z.Wheatley).,off,Simi Fehoko,3800,WR
2026001,0,1309,RUSH,(10:23) Z.Knight left tackle to CAR 5 for 6 yards (Z.Wheatley).,off,Bam Knight,3800,RB
2026001,0,1309,RUSH,(10:23) Z.Knight left tackle to CAR 5 for 6 yards (Z.Wheatley).,off,Jon Gaines II,3800,C
2026001,0,1309,RUSH,(10:23) Z.Knight left tackle to CAR 5 for 6 yards (Z.Wheatley).,off,Xavier Weaver,3800,WR
2026001,0,1309,RUSH,(10:23) Z.Knight left tackle to CAR 5 for 6 yards (Z.Wheatley).,off,Hayden Conner,3800,G
2026001,0,1309,RUSH,(10:23) Z.Knight left tackle to CAR 5 for 6 yards (Z.Wheatley).,off,Josh Fryar,3800,T
2026001,0,1309,RUSH,(10:23) Z.Knight left tackle to CAR 5 for 6 yards (Z.Wheatley).,off,Bryson Green,3800,WR
2026001,0,1309,RUSH,(10:23) Z.Knight left tackle to CAR 5 for 6 yards (Z.Wheatley).,off,Chase Bisontis,3800,G
2026001,0,1309,RUSH,(10:23) Z.Knight left tackle to CAR 5 for 6 yards (Z.Wheatley).,off,Carson Beck,3800,QB
2026001,0,1309,RUSH,(10:23) Z.Knight left tackle to CAR 5 for 6 yards (Z.Wheatley).,off,Jayden Williams,3800,T
2026001,0,1309,RUSH,(10:23) Z.Knight left tackle to CAR 5 for 6 yards (Z.Wheatley).,off,Jameson Geers,3800,TE
2026001,0,1309,RUSH,(10:23) Z.Knight left tackle to CAR 5 for 6 yards (Z.Wheatley).,def,Akayleb Evans,0750,CB
2026001,0,1309,RUSH,(10:23) Z.Knight left tackle to CAR 5 for 6 yards (Z.Wheatley).,def,Nick Hampton,0750,OLB
2026001,0,1309,RUSH,(10:23) Z.Knight left tackle to CAR 5 for 6 yards (Z.Wheatley).,def,Thomas Incoom,0750,OLB
2026001,0,1309,RUSH,(10:23) Z.Knight left tackle to CAR 5 for 6 yards (Z.Wheatley).,def,Chau Smith-Wade,0750,CB
2026001,0,1309,RUSH,(10:23) Z.Knight left tackle to CAR 5 for 6 yards (Z.Wheatley).,def,Lathan Ransom,0750,SS
2026001,0,1309,RUSH,(10:23) Z.Knight left tackle to CAR 5 for 6 yards (Z.Wheatley).,def,Jared Harrison-Hunte,0750,DT
2026001,0,1309,RUSH,(10:23) Z.Knight left tackle to CAR 5 for 6 yards (Z.Wheatley).,def,Bam Martin-Scott,0750,ILB
2026001,0,1309,RUSH,(10:23) Z.Knight left tackle to CAR 5 for 6 yards (Z.Wheatley).,def,Corey Thornton,0750,CB
2026001,0,1309,RUSH,(10:23) Z.Knight left tackle to CAR 5 for 6 yards (Z.Wheatley).,def,Lee Hunter,0750,NT
2026001,0,1309,RUSH,(10:23) Z.Knight left tackle to CAR 5 for 6 yards (Z.Wheatley).,def,Zakee Wheatley,0750,SS
2026001,0,1309,RUSH,(10:23) Z.Knight left tackle to CAR 5 for 6 yards (Z.Wheatley).,def,Jackson Kuwatch,0750,ILB
2026001,0,1331,PASS,(9:46) C.Beck pass incomplete short right.,off,Simi Fehoko,3800,WR
2026001,0,1331,PASS,(9:46) C.Beck pass incomplete short right.,off,Kenny Yeboah,3800,TE
2026001,0,1331,PASS,(9:46) C.Beck pass incomplete short right.,off,Bam Knight,3800,RB
2026001,0,1331,PASS,(9:46) C.Beck pass incomplete short right.,off,Jon Gaines II,3800,C
2026001,0,1331,PASS,(9:46) C.Beck pass incomplete short right.,off,Hayden Conner,3800,G
2026001,0,1331,PASS,(9:46) C.Beck pass incomplete short right.,off,Rivaldo Fairweather,3800,TE
2026001,0,1331,PASS,(9:46) C.Beck pass incomplete short right.,off,Josh Fryar,3800,T
2026001,0,1331,PASS,(9:46) C.Beck pass incomplete short right.,off,Chase Bisontis,3800,G
2026001,0,1331,PASS,(9:46) C.Beck pass incomplete short right.,off,Carson Beck,3800,QB
2026001,0,1331,PASS,(9:46) C.Beck pass incomplete short right.,off,Jayden Williams,3800,T
2026001,0,1331,PASS,(9:46) C.Beck pass incomplete short right.,off,Harrison Wallace III,3800,WR
2026001,0,1331,PASS,(9:46) C.Beck pass incomplete short right.,def,Akayleb Evans,0750,CB
2026001,0,1331,PASS,(9:46) C.Beck pass incomplete short right.,def,Elijah Garcia,0750,DT
2026001,0,1331,PASS,(9:46) C.Beck pass incomplete short right.,def,Nick Hampton,0750,OLB
2026001,0,1331,PASS,(9:46) C.Beck pass incomplete short right.,def,Thomas Incoom,0750,OLB
2026001,0,1331,PASS,(9:46) C.Beck pass incomplete short right.,def,Lathan Ransom,0750,SS
2026001,0,1331,PASS,(9:46) C.Beck pass incomplete short right.,def,Jared Harrison-Hunte,0750,DT
2026001,0,1331,PASS,(9:46) C.Beck pass incomplete short right.,def,Bam Martin-Scott,0750,ILB
2026001,0,1331,PASS,(9:46) C.Beck pass incomplete short right.,def,Corey Thornton,0750,CB
2026001,0,1331,PASS,(9:46) C.Beck pass incomplete short right.,def,Lee Hunter,0750,NT
2026001,0,1331,PASS,(9:46) C.Beck pass incomplete short right.,def,Zakee Wheatley,0750,SS
2026001,0,1331,PASS,(9:46) C.Beck pass incomplete short right.,def,Jackson Kuwatch,0750,ILB
2026001,0,1354,PASS,"(9:42) (Shotgun) C.Beck pass short right to S.Fehoko for 5 yards, TOUCHDOWN.",off,Simi Fehoko,3800,WR
2026001,0,1354,PASS,"(9:42) (Shotgun) C.Beck pass short right to S.Fehoko for 5 yards, TOUCHDOWN.",off,Bam Knight,3800,RB
2026001,0,1354,PASS,"(9:42) (Shotgun) C.Beck pass short right to S.Fehoko for 5 yards, TOUCHDOWN.",off,Jon Gaines II,3800,C
2026001,0,1354,PASS,"(9:42) (Shotgun) C.Beck pass short right to S.Fehoko for 5 yards, TOUCHDOWN.",off,Xavier Weaver,3800,WR
2026001,0,1354,PASS,"(9:42) (Shotgun) C.Beck pass short right to S.Fehoko for 5 yards, TOUCHDOWN.",off,Hayden Conner,3800,G
2026001,0,1354,PASS,"(9:42) (Shotgun) C.Beck pass short right to S.Fehoko for 5 yards, TOUCHDOWN.",off,Josh Fryar,3800,T
2026001,0,1354,PASS,"(9:42) (Shotgun) C.Beck pass short right to S.Fehoko for 5 yards, TOUCHDOWN.",off,Bryson Green,3800,WR
2026001,0,1354,PASS,"(9:42) (Shotgun) C.Beck pass short right to S.Fehoko for 5 yards, TOUCHDOWN.",off,Chase Bisontis,3800,G
2026001,0,1354,PASS,"(9:42) (Shotgun) C.Beck pass short right to S.Fehoko for 5 yards, TOUCHDOWN.",off,Carson Beck,3800,QB
2026001,0,1354,PASS,"(9:42) (Shotgun) C.Beck pass short right to S.Fehoko for 5 yards, TOUCHDOWN.",off,Jayden Williams,3800,T
2026001,0,1354,PASS,"(9:42) (Shotgun) C.Beck pass short right to S.Fehoko for 5 yards, TOUCHDOWN.",off,Jameson Geers,3800,TE
2026001,0,1354,PASS,"(9:42) (Shotgun) C.Beck pass short right to S.Fehoko for 5 yards, TOUCHDOWN.",def,Akayleb Evans,0750,CB
2026001,0,1354,PASS,"(9:42) (Shotgun) C.Beck pass short right to S.Fehoko for 5 yards, TOUCHDOWN.",def,Nick Hampton,0750,OLB
2026001,0,1354,PASS,"(9:42) (Shotgun) C.Beck pass short right to S.Fehoko for 5 yards, TOUCHDOWN.",def,Thomas Incoom,0750,OLB
2026001,0,1354,PASS,"(9:42) (Shotgun) C.Beck pass short right to S.Fehoko for 5 yards, TOUCHDOWN.",def,Chau Smith-Wade,0750,CB
2026001,0,1354,PASS,"(9:42) (Shotgun) C.Beck pass short right to S.Fehoko for 5 yards, TOUCHDOWN.",def,Demani Richardson,0750,FS
2026001,0,1354,PASS,"(9:42) (Shotgun) C.Beck pass short right to S.Fehoko for 5 yards, TOUCHDOWN.",def,Jared Harrison-Hunte,0750,DT
2026001,0,1354,PASS,"(9:42) (Shotgun) C.Beck pass short right to S.Fehoko for 5 yards, TOUCHDOWN.",def,Bam Martin-Scott,0750,ILB
2026001,0,1354,PASS,"(9:42) (Shotgun) C.Beck pass short right to S.Fehoko for 5 yards, TOUCHDOWN.",def,Corey Thornton,0750,CB
2026001,0,1354,PASS,"(9:42) (Shotgun) C.Beck pass short right to S.Fehoko for 5 yards, TOUCHDOWN.",def,Lee Hunter,0750,NT
2026001,0,1354,PASS,"(9:42) (Shotgun) C.Beck pass short right to S.Fehoko for 5 yards, TOUCHDOWN.",def,Zakee Wheatley,0750,SS
2026001,0,1354,PASS,"(9:42) (Shotgun) C.Beck pass short right to S.Fehoko for 5 yards, TOUCHDOWN.",def,Jackson Kuwatch,0750,ILB
2026001,0,1387,XP_KICK,"C.Ryland extra point is GOOD, Center-C.Kreiter, Holder-B.Gillikin.",off,Casey Kreiter,3800,LS
2026001,0,1387,XP_KICK,"C.Ryland extra point is GOOD, Center-C.Kreiter, Holder-B.Gillikin.",off,Matt Pryor,3800,T
2026001,0,1387,XP_KICK,"C.Ryland extra point is GOOD, Center-C.Kreiter, Holder-B.Gillikin.",off,Blake Gillikin,3800,P
2026001,0,1387,XP_KICK,"C.Ryland extra point is GOOD, Center-C.Kreiter, Holder-B.Gillikin.",off,Kenny Yeboah,3800,TE
2026001,0,1387,XP_KICK,"C.Ryland extra point is GOOD, Center-C.Kreiter, Holder-B.Gillikin.",off,Chad Ryland,3800,K
2026001,0,1387,XP_KICK,"C.Ryland extra point is GOOD, Center-C.Kreiter, Holder-B.Gillikin.",off,Jon Gaines II,3800,C
2026001,0,1387,XP_KICK,"C.Ryland extra point is GOOD, Center-C.Kreiter, Holder-B.Gillikin.",off,Christian Jones,3800,T
2026001,0,1387,XP_KICK,"C.Ryland extra point is GOOD, Center-C.Kreiter, Holder-B.Gillikin.",off,Hayden Conner,3800,G
2026001,0,1387,XP_KICK,"C.Ryland extra point is GOOD, Center-C.Kreiter, Holder-B.Gillikin.",off,Rivaldo Fairweather,3800,TE
2026001,0,1387,XP_KICK,"C.Ryland extra point is GOOD, Center-C.Kreiter, Holder-B.Gillikin.",off,Josh Fryar,3800,T
2026001,0,1387,XP_KICK,"C.Ryland extra point is GOOD, Center-C.Kreiter, Holder-B.Gillikin.",off,Chase Bisontis,3800,G
2026001,0,1387,XP_KICK,"C.Ryland extra point is GOOD, Center-C.Kreiter, Holder-B.Gillikin.",def,Trevis Gipson,0750,DE
2026001,0,1387,XP_KICK,"C.Ryland extra point is GOOD, Center-C.Kreiter, Holder-B.Gillikin.",def,Thomas Incoom,0750,OLB
2026001,0,1387,XP_KICK,"C.Ryland extra point is GOOD, Center-C.Kreiter, Holder-B.Gillikin.",def,Demani Richardson,0750,FS
2026001,0,1387,XP_KICK,"C.Ryland extra point is GOOD, Center-C.Kreiter, Holder-B.Gillikin.",def,Cam Jackson,0750,DT
2026001,0,1387,XP_KICK,"C.Ryland extra point is GOOD, Center-C.Kreiter, Holder-B.Gillikin.",def,Jared Harrison-Hunte,0750,DT
2026001,0,1387,XP_KICK,"C.Ryland extra point is GOOD, Center-C.Kreiter, Holder-B.Gillikin.",def,Bam Martin-Scott,0750,ILB
2026001,0,1387,XP_KICK,"C.Ryland extra point is GOOD, Center-C.Kreiter, Holder-B.Gillikin.",def,Corey Thornton,0750,CB
2026001,0,1387,XP_KICK,"C.Ryland extra point is GOOD, Center-C.Kreiter, Holder-B.Gillikin.",def,Lee Hunter,0750,NT
2026001,0,1387,XP_KICK,"C.Ryland extra point is GOOD, Center-C.Kreiter, Holder-B.Gillikin.",def,Will Lee III,0750,CB
2026001,0,1387,XP_KICK,"C.Ryland extra point is GOOD, Center-C.Kreiter, Holder-B.Gillikin.",def,Zakee Wheatley,0750,SS
2026001,0,1387,XP_KICK,"C.Ryland extra point is GOOD, Center-C.Kreiter, Holder-B.Gillikin.",def,Aaron Hall,0750,DT
2026001,0,1402,KICK_OFF,"C.Ryland kicks 65 yards from AZ 35 to end zone, Touchback to the CAR 35.",off,Isaiah Oliver,3800,FS
2026001,0,1402,KICK_OFF,"C.Ryland kicks 65 yards from AZ 35 to end zone, Touchback to the CAR 35.",off,Simi Fehoko,3800,WR
2026001,0,1402,KICK_OFF,"C.Ryland kicks 65 yards from AZ 35 to end zone, Touchback to the CAR 35.",off,BJ Ojulari,3800,OLB
2026001,0,1402,KICK_OFF,"C.Ryland kicks 65 yards from AZ 35 to end zone, Touchback to the CAR 35.",off,Chad Ryland,3800,K
2026001,0,1402,KICK_OFF,"C.Ryland kicks 65 yards from AZ 35 to end zone, Touchback to the CAR 35.",off,Owen Pappoe,3800,ILB
2026001,0,1402,KICK_OFF,"C.Ryland kicks 65 yards from AZ 35 to end zone, Touchback to the CAR 35.",off,Kei'Trel Clark,3800,CB
2026001,0,1402,KICK_OFF,"C.Ryland kicks 65 yards from AZ 35 to end zone, Touchback to the CAR 35.",off,Eku Leota,3800,OLB
2026001,0,1402,KICK_OFF,"C.Ryland kicks 65 yards from AZ 35 to end zone, Touchback to the CAR 35.",off,Elijah Jones,3800,CB
2026001,0,1402,KICK_OFF,"C.Ryland kicks 65 yards from AZ 35 to end zone, Touchback to the CAR 35.",off,Quinton Newsome,3800,CB
2026001,0,1402,KICK_OFF,"C.Ryland kicks 65 yards from AZ 35 to end zone, Touchback to the CAR 35.",off,Austin Keys,3800,ILB
2026001,0,1402,KICK_OFF,"C.Ryland kicks 65 yards from AZ 35 to end zone, Touchback to the CAR 35.",off,Karson Sharar,3800,ILB
2026001,0,1402,KICK_OFF,"C.Ryland kicks 65 yards from AZ 35 to end zone, Touchback to the CAR 35.",def,Cam Gill,0750,OLB
2026001,0,1402,KICK_OFF,"C.Ryland kicks 65 yards from AZ 35 to end zone, Touchback to the CAR 35.",def,Robert Rochell,0750,CB
2026001,0,1402,KICK_OFF,"C.Ryland kicks 65 yards from AZ 35 to end zone, Touchback to the CAR 35.",def,John Metchie III,0750,WR
2026001,0,1402,KICK_OFF,"C.Ryland kicks 65 yards from AZ 35 to end zone, Touchback to the CAR 35.",def,Nick Hampton,0750,OLB
2026001,0,1402,KICK_OFF,"C.Ryland kicks 65 yards from AZ 35 to end zone, Touchback to the CAR 35.",def,Demani Richardson,0750,FS
2026001,0,1402,KICK_OFF,"C.Ryland kicks 65 yards from AZ 35 to end zone, Touchback to the CAR 35.",def,Maema Njongmeta,0750,ILB
2026001,0,1402,KICK_OFF,"C.Ryland kicks 65 yards from AZ 35 to end zone, Touchback to the CAR 35.",def,Corey Thornton,0750,CB
2026001,0,1402,KICK_OFF,"C.Ryland kicks 65 yards from AZ 35 to end zone, Touchback to the CAR 35.",def,Anthony Tyus III,0750,RB
2026001,0,1402,KICK_OFF,"C.Ryland kicks 65 yards from AZ 35 to end zone, Touchback to the CAR 35.",def,Roc Taylor,0750,WR
2026001,0,1402,KICK_OFF,"C.Ryland kicks 65 yards from AZ 35 to end zone, Touchback to the CAR 35.",def,Jackson Kuwatch,0750,ILB
2026001,0,1402,KICK_OFF,"C.Ryland kicks 65 yards from AZ 35 to end zone, Touchback to the CAR 35.",def,Chamon Metayer,0750,TE
2026001,0,1419,RUSH,(9:38) A.Dillon right guard to CAR 48 for 13 yards (I.Oliver; W.Williams).,off,AJ Dillon,0750,RB
2026001,0,1419,RUSH,(9:38) A.Dillon right guard to CAR 48 for 13 yards (I.Oliver; W.Williams).,off,Stone Forsythe,0750,T
2026001,0,1419,RUSH,(9:38) A.Dillon right guard to CAR 48 for 13 yards (I.Oliver; W.Williams).,off,Feleipe Franks,0750,TE
2026001,0,1419,RUSH,(9:38) A.Dillon right guard to CAR 48 for 13 yards (I.Oliver; W.Williams).,off,James Mitchell,0750,TE
2026001,0,1419,RUSH,(9:38) A.Dillon right guard to CAR 48 for 13 yards (I.Oliver; W.Williams).,off,Ja'Tyre Carter,0750,G
2026001,0,1419,RUSH,(9:38) A.Dillon right guard to CAR 48 for 13 yards (I.Oliver; W.Williams).,off,Ja'Seem Reed,0750,WR
2026001,0,1419,RUSH,(9:38) A.Dillon right guard to CAR 48 for 13 yards (I.Oliver; W.Williams).,off,Sam Hecht,0750,C
2026001,0,1419,RUSH,(9:38) A.Dillon right guard to CAR 48 for 13 yards (I.Oliver; W.Williams).,off,Malick Meiga,0750,WR
2026001,0,1419,RUSH,(9:38) A.Dillon right guard to CAR 48 for 13 yards (I.Oliver; W.Williams).,off,Albert Reese,0750,T
2026001,0,1419,RUSH,(9:38) A.Dillon right guard to CAR 48 for 13 yards (I.Oliver; W.Williams).,off,Isaia Glass,0750,T
2026001,0,1419,RUSH,(9:38) A.Dillon right guard to CAR 48 for 13 yards (I.Oliver; W.Williams).,off,Haynes King,0750,QB
2026001,0,1419,RUSH,(9:38) A.Dillon right guard to CAR 48 for 13 yards (I.Oliver; W.Williams).,def,Isaiah Oliver,3800,FS
2026001,0,1419,RUSH,(9:38) A.Dillon right guard to CAR 48 for 13 yards (I.Oliver; W.Williams).,def,Jonah Williams,3800,DE
2026001,0,1419,RUSH,(9:38) A.Dillon right guard to CAR 48 for 13 yards (I.Oliver; W.Williams).,def,BJ Ojulari,3800,OLB
2026001,0,1419,RUSH,(9:38) A.Dillon right guard to CAR 48 for 13 yards (I.Oliver; W.Williams).,def,Brodric Martin,3800,DT
2026001,0,1419,RUSH,(9:38) A.Dillon right guard to CAR 48 for 13 yards (I.Oliver; W.Williams).,def,Owen Pappoe,3800,ILB
2026001,0,1419,RUSH,(9:38) A.Dillon right guard to CAR 48 for 13 yards (I.Oliver; W.Williams).,def,Kei'Trel Clark,3800,CB
2026001,0,1419,RUSH,(9:38) A.Dillon right guard to CAR 48 for 13 yards (I.Oliver; W.Williams).,def,Eku Leota,3800,OLB
2026001,0,1419,RUSH,(9:38) A.Dillon right guard to CAR 48 for 13 yards (I.Oliver; W.Williams).,def,Austin Keys,3800,ILB
2026001,0,1419,RUSH,(9:38) A.Dillon right guard to CAR 48 for 13 yards (I.Oliver; W.Williams).,def,Cam Horsley,3800,DT
2026001,0,1419,RUSH,(9:38) A.Dillon right guard to CAR 48 for 13 yards (I.Oliver; W.Williams).,def,Elijah Culp,3800,CB
2026001,0,1419,RUSH,(9:38) A.Dillon right guard to CAR 48 for 13 yards (I.Oliver; W.Williams).,def,Wydett Williams Jr.,3800,SS
2026001,0,1441,PASS,(9:05) H.King pass incomplete short left to J.Reed.,off,AJ Dillon,0750,RB
2026001,0,1441,PASS,(9:05) H.King pass incomplete short left to J.Reed.,off,Stone Forsythe,0750,T
2026001,0,1441,PASS,(9:05) H.King pass incomplete short left to J.Reed.,off,Feleipe Franks,0750,TE
2026001,0,1441,PASS,(9:05) H.King pass incomplete short left to J.Reed.,off,James Mitchell,0750,TE
2026001,0,1441,PASS,(9:05) H.King pass incomplete short left to J.Reed.,off,Ja'Tyre Carter,0750,G
2026001,0,1441,PASS,(9:05) H.King pass incomplete short left to J.Reed.,off,Ja'Seem Reed,0750,WR
2026001,0,1441,PASS,(9:05) H.King pass incomplete short left to J.Reed.,off,Sam Hecht,0750,C
2026001,0,1441,PASS,(9:05) H.King pass incomplete short left to J.Reed.,off,Malick Meiga,0750,WR
2026001,0,1441,PASS,(9:05) H.King pass incomplete short left to J.Reed.,off,Albert Reese,0750,T
2026001,0,1441,PASS,(9:05) H.King pass incomplete short left to J.Reed.,off,Isaia Glass,0750,T
2026001,0,1441,PASS,(9:05) H.King pass incomplete short left to J.Reed.,off,Haynes King,0750,QB
2026001,0,1441,PASS,(9:05) H.King pass incomplete short left to J.Reed.,def,Isaiah Oliver,3800,FS
2026001,0,1441,PASS,(9:05) H.King pass incomplete short left to J.Reed.,def,Jonah Williams,3800,DE
2026001,0,1441,PASS,(9:05) H.King pass incomplete short left to J.Reed.,def,BJ Ojulari,3800,OLB
2026001,0,1441,PASS,(9:05) H.King pass incomplete short left to J.Reed.,def,Brodric Martin,3800,DT
2026001,0,1441,PASS,(9:05) H.King pass incomplete short left to J.Reed.,def,Owen Pappoe,3800,ILB
2026001,0,1441,PASS,(9:05) H.King pass incomplete short left to J.Reed.,def,Kei'Trel Clark,3800,CB
2026001,0,1441,PASS,(9:05) H.King pass incomplete short left to J.Reed.,def,Eku Leota,3800,OLB
2026001,0,1441,PASS,(9:05) H.King pass incomplete short left to J.Reed.,def,Austin Keys,3800,ILB
2026001,0,1441,PASS,(9:05) H.King pass incomplete short left to J.Reed.,def,Cam Horsley,3800,DT
2026001,0,1441,PASS,(9:05) H.King pass incomplete short left to J.Reed.,def,Elijah Culp,3800,CB
2026001,0,1441,PASS,(9:05) H.King pass incomplete short left to J.Reed.,def,Wydett Williams Jr.,3800,SS
2026001,0,1464,PASS,(8:59) (Shotgun) H.King pass short middle to M.Meiga to AZ 39 for 13 yards (K.Clark).,off,AJ Dillon,0750,RB
2026001,0,1464,PASS,(8:59) (Shotgun) H.King pass short middle to M.Meiga to AZ 39 for 13 yards (K.Clark).,off,Stone Forsythe,0750,T
2026001,0,1464,PASS,(8:59) (Shotgun) H.King pass short middle to M.Meiga to AZ 39 for 13 yards (K.Clark).,off,Feleipe Franks,0750,TE
2026001,0,1464,PASS,(8:59) (Shotgun) H.King pass short middle to M.Meiga to AZ 39 for 13 yards (K.Clark).,off,John Metchie III,0750,WR
2026001,0,1464,PASS,(8:59) (Shotgun) H.King pass short middle to M.Meiga to AZ 39 for 13 yards (K.Clark).,off,Ja'Tyre Carter,0750,G
2026001,0,1464,PASS,(8:59) (Shotgun) H.King pass short middle to M.Meiga to AZ 39 for 13 yards (K.Clark).,off,Ja'Seem Reed,0750,WR
2026001,0,1464,PASS,(8:59) (Shotgun) H.King pass short middle to M.Meiga to AZ 39 for 13 yards (K.Clark).,off,Sam Hecht,0750,C
2026001,0,1464,PASS,(8:59) (Shotgun) H.King pass short middle to M.Meiga to AZ 39 for 13 yards (K.Clark).,off,Malick Meiga,0750,WR
2026001,0,1464,PASS,(8:59) (Shotgun) H.King pass short middle to M.Meiga to AZ 39 for 13 yards (K.Clark).,off,Albert Reese,0750,T
2026001,0,1464,PASS,(8:59) (Shotgun) H.King pass short middle to M.Meiga to AZ 39 for 13 yards (K.Clark).,off,Isaia Glass,0750,T
2026001,0,1464,PASS,(8:59) (Shotgun) H.King pass short middle to M.Meiga to AZ 39 for 13 yards (K.Clark).,off,Haynes King,0750,QB
2026001,0,1464,PASS,(8:59) (Shotgun) H.King pass short middle to M.Meiga to AZ 39 for 13 yards (K.Clark).,def,Isaiah Oliver,3800,FS
2026001,0,1464,PASS,(8:59) (Shotgun) H.King pass short middle to M.Meiga to AZ 39 for 13 yards (K.Clark).,def,BJ Ojulari,3800,OLB
2026001,0,1464,PASS,(8:59) (Shotgun) H.King pass short middle to M.Meiga to AZ 39 for 13 yards (K.Clark).,def,Brodric Martin,3800,DT
2026001,0,1464,PASS,(8:59) (Shotgun) H.King pass short middle to M.Meiga to AZ 39 for 13 yards (K.Clark).,def,Owen Pappoe,3800,ILB
2026001,0,1464,PASS,(8:59) (Shotgun) H.King pass short middle to M.Meiga to AZ 39 for 13 yards (K.Clark).,def,Kei'Trel Clark,3800,CB
2026001,0,1464,PASS,(8:59) (Shotgun) H.King pass short middle to M.Meiga to AZ 39 for 13 yards (K.Clark).,def,Eku Leota,3800,OLB
2026001,0,1464,PASS,(8:59) (Shotgun) H.King pass short middle to M.Meiga to AZ 39 for 13 yards (K.Clark).,def,Kalen King,3800,CB
2026001,0,1464,PASS,(8:59) (Shotgun) H.King pass short middle to M.Meiga to AZ 39 for 13 yards (K.Clark).,def,Austin Keys,3800,ILB
2026001,0,1464,PASS,(8:59) (Shotgun) H.King pass short middle to M.Meiga to AZ 39 for 13 yards (K.Clark).,def,Cam Horsley,3800,DT
2026001,0,1464,PASS,(8:59) (Shotgun) H.King pass short middle to M.Meiga to AZ 39 for 13 yards (K.Clark).,def,Elijah Culp,3800,CB
2026001,0,1464,PASS,(8:59) (Shotgun) H.King pass short middle to M.Meiga to AZ 39 for 13 yards (K.Clark).,def,Wydett Williams Jr.,3800,SS
2026001,0,1489,PASS,"(8:32) (No Huddle, Shotgun) H.King pass short right to F.Franks to AZ 35 for 4 yards (O.Pappoe).",off,AJ Dillon,0750,RB
2026001,0,1489,PASS,"(8:32) (No Huddle, Shotgun) H.King pass short right to F.Franks to AZ 35 for 4 yards (O.Pappoe).",off,Stone Forsythe,0750,T
2026001,0,1489,PASS,"(8:32) (No Huddle, Shotgun) H.King pass short right to F.Franks to AZ 35 for 4 yards (O.Pappoe).",off,Feleipe Franks,0750,TE
2026001,0,1489,PASS,"(8:32) (No Huddle, Shotgun) H.King pass short right to F.Franks to AZ 35 for 4 yards (O.Pappoe).",off,John Metchie III,0750,WR
2026001,0,1489,PASS,"(8:32) (No Huddle, Shotgun) H.King pass short right to F.Franks to AZ 35 for 4 yards (O.Pappoe).",off,Ja'Tyre Carter,0750,G
2026001,0,1489,PASS,"(8:32) (No Huddle, Shotgun) H.King pass short right to F.Franks to AZ 35 for 4 yards (O.Pappoe).",off,Ja'Seem Reed,0750,WR
2026001,0,1489,PASS,"(8:32) (No Huddle, Shotgun) H.King pass short right to F.Franks to AZ 35 for 4 yards (O.Pappoe).",off,Sam Hecht,0750,C
2026001,0,1489,PASS,"(8:32) (No Huddle, Shotgun) H.King pass short right to F.Franks to AZ 35 for 4 yards (O.Pappoe).",off,Malick Meiga,0750,WR
2026001,0,1489,PASS,"(8:32) (No Huddle, Shotgun) H.King pass short right to F.Franks to AZ 35 for 4 yards (O.Pappoe).",off,Albert Reese,0750,T
2026001,0,1489,PASS,"(8:32) (No Huddle, Shotgun) H.King pass short right to F.Franks to AZ 35 for 4 yards (O.Pappoe).",off,Isaia Glass,0750,T
2026001,0,1489,PASS,"(8:32) (No Huddle, Shotgun) H.King pass short right to F.Franks to AZ 35 for 4 yards (O.Pappoe).",off,Haynes King,0750,QB
2026001,0,1489,PASS,"(8:32) (No Huddle, Shotgun) H.King pass short right to F.Franks to AZ 35 for 4 yards (O.Pappoe).",def,Isaiah Oliver,3800,FS
2026001,0,1489,PASS,"(8:32) (No Huddle, Shotgun) H.King pass short right to F.Franks to AZ 35 for 4 yards (O.Pappoe).",def,BJ Ojulari,3800,OLB
2026001,0,1489,PASS,"(8:32) (No Huddle, Shotgun) H.King pass short right to F.Franks to AZ 35 for 4 yards (O.Pappoe).",def,Brodric Martin,3800,DT
2026001,0,1489,PASS,"(8:32) (No Huddle, Shotgun) H.King pass short right to F.Franks to AZ 35 for 4 yards (O.Pappoe).",def,Owen Pappoe,3800,ILB
2026001,0,1489,PASS,"(8:32) (No Huddle, Shotgun) H.King pass short right to F.Franks to AZ 35 for 4 yards (O.Pappoe).",def,Kei'Trel Clark,3800,CB
2026001,0,1489,PASS,"(8:32) (No Huddle, Shotgun) H.King pass short right to F.Franks to AZ 35 for 4 yards (O.Pappoe).",def,Eku Leota,3800,OLB
2026001,0,1489,PASS,"(8:32) (No Huddle, Shotgun) H.King pass short right to F.Franks to AZ 35 for 4 yards (O.Pappoe).",def,Kalen King,3800,CB
2026001,0,1489,PASS,"(8:32) (No Huddle, Shotgun) H.King pass short right to F.Franks to AZ 35 for 4 yards (O.Pappoe).",def,Austin Keys,3800,ILB
2026001,0,1489,PASS,"(8:32) (No Huddle, Shotgun) H.King pass short right to F.Franks to AZ 35 for 4 yards (O.Pappoe).",def,Cam Horsley,3800,DT
2026001,0,1489,PASS,"(8:32) (No Huddle, Shotgun) H.King pass short right to F.Franks to AZ 35 for 4 yards (O.Pappoe).",def,Elijah Culp,3800,CB
2026001,0,1489,PASS,"(8:32) (No Huddle, Shotgun) H.King pass short right to F.Franks to AZ 35 for 4 yards (O.Pappoe).",def,Wydett Williams Jr.,3800,SS
2026001,0,1514,PASS,(7:54) (Shotgun) H.King pass incomplete deep left to M.Meiga.,off,AJ Dillon,0750,RB
2026001,0,1514,PASS,(7:54) (Shotgun) H.King pass incomplete deep left to M.Meiga.,off,Stone Forsythe,0750,T
2026001,0,1514,PASS,(7:54) (Shotgun) H.King pass incomplete deep left to M.Meiga.,off,Feleipe Franks,0750,TE
2026001,0,1514,PASS,(7:54) (Shotgun) H.King pass incomplete deep left to M.Meiga.,off,James Mitchell,0750,TE
2026001,0,1514,PASS,(7:54) (Shotgun) H.King pass incomplete deep left to M.Meiga.,off,Ja'Tyre Carter,0750,G
2026001,0,1514,PASS,(7:54) (Shotgun) H.King pass incomplete deep left to M.Meiga.,off,Ja'Seem Reed,0750,WR
2026001,0,1514,PASS,(7:54) (Shotgun) H.King pass incomplete deep left to M.Meiga.,off,Sam Hecht,0750,C
2026001,0,1514,PASS,(7:54) (Shotgun) H.King pass incomplete deep left to M.Meiga.,off,Malick Meiga,0750,WR
2026001,0,1514,PASS,(7:54) (Shotgun) H.King pass incomplete deep left to M.Meiga.,off,Albert Reese,0750,T
2026001,0,1514,PASS,(7:54) (Shotgun) H.King pass incomplete deep left to M.Meiga.,off,Isaia Glass,0750,T
2026001,0,1514,PASS,(7:54) (Shotgun) H.King pass incomplete deep left to M.Meiga.,off,Haynes King,0750,QB
2026001,0,1514,PASS,(7:54) (Shotgun) H.King pass incomplete deep left to M.Meiga.,def,Isaiah Oliver,3800,FS
2026001,0,1514,PASS,(7:54) (Shotgun) H.King pass incomplete deep left to M.Meiga.,def,Jonah Williams,3800,DE
2026001,0,1514,PASS,(7:54) (Shotgun) H.King pass incomplete deep left to M.Meiga.,def,Elliott Brown,3800,OLB
2026001,0,1514,PASS,(7:54) (Shotgun) H.King pass incomplete deep left to M.Meiga.,def,Brodric Martin,3800,DT
2026001,0,1514,PASS,(7:54) (Shotgun) H.King pass incomplete deep left to M.Meiga.,def,Owen Pappoe,3800,ILB
2026001,0,1514,PASS,(7:54) (Shotgun) H.King pass incomplete deep left to M.Meiga.,def,Kei'Trel Clark,3800,CB
2026001,0,1514,PASS,(7:54) (Shotgun) H.King pass incomplete deep left to M.Meiga.,def,Austin Keys,3800,ILB
2026001,0,1514,PASS,(7:54) (Shotgun) H.King pass incomplete deep left to M.Meiga.,def,Cam Horsley,3800,DT
2026001,0,1514,PASS,(7:54) (Shotgun) H.King pass incomplete deep left to M.Meiga.,def,Elijah Culp,3800,CB
2026001,0,1514,PASS,(7:54) (Shotgun) H.King pass incomplete deep left to M.Meiga.,def,Cam Robertson,3800,OLB
2026001,0,1514,PASS,(7:54) (Shotgun) H.King pass incomplete deep left to M.Meiga.,def,Wydett Williams Jr.,3800,SS
2026001,0,1537,PASS,(7:48) (Shotgun) H.King pass short left to J.Metchie to AZ 27 for 8 yards (K.King).,off,AJ Dillon,0750,RB
2026001,0,1537,PASS,(7:48) (Shotgun) H.King pass short left to J.Metchie to AZ 27 for 8 yards (K.King).,off,Stone Forsythe,0750,T
2026001,0,1537,PASS,(7:48) (Shotgun) H.King pass short left to J.Metchie to AZ 27 for 8 yards (K.King).,off,John Metchie III,0750,WR
2026001,0,1537,PASS,(7:48) (Shotgun) H.King pass short left to J.Metchie to AZ 27 for 8 yards (K.King).,off,James Mitchell,0750,TE
2026001,0,1537,PASS,(7:48) (Shotgun) H.King pass short left to J.Metchie to AZ 27 for 8 yards (K.King).,off,Ja'Tyre Carter,0750,G
2026001,0,1537,PASS,(7:48) (Shotgun) H.King pass short left to J.Metchie to AZ 27 for 8 yards (K.King).,off,Elijah Cooks,0750,WR
2026001,0,1537,PASS,(7:48) (Shotgun) H.King pass short left to J.Metchie to AZ 27 for 8 yards (K.King).,off,Ja'Seem Reed,0750,WR
2026001,0,1537,PASS,(7:48) (Shotgun) H.King pass short left to J.Metchie to AZ 27 for 8 yards (K.King).,off,Sam Hecht,0750,C
2026001,0,1537,PASS,(7:48) (Shotgun) H.King pass short left to J.Metchie to AZ 27 for 8 yards (K.King).,off,Albert Reese,0750,T
2026001,0,1537,PASS,(7:48) (Shotgun) H.King pass short left to J.Metchie to AZ 27 for 8 yards (K.King).,off,Isaia Glass,0750,T
2026001,0,1537,PASS,(7:48) (Shotgun) H.King pass short left to J.Metchie to AZ 27 for 8 yards (K.King).,off,Haynes King,0750,QB
2026001,0,1537,PASS,(7:48) (Shotgun) H.King pass short left to J.Metchie to AZ 27 for 8 yards (K.King).,def,Isaiah Oliver,3800,FS
2026001,0,1537,PASS,(7:48) (Shotgun) H.King pass short left to J.Metchie to AZ 27 for 8 yards (K.King).,def,Elliott Brown,3800,OLB
2026001,0,1537,PASS,(7:48) (Shotgun) H.King pass short left to J.Metchie to AZ 27 for 8 yards (K.King).,def,Brodric Martin,3800,DT
2026001,0,1537,PASS,(7:48) (Shotgun) H.King pass short left to J.Metchie to AZ 27 for 8 yards (K.King).,def,Owen Pappoe,3800,ILB
2026001,0,1537,PASS,(7:48) (Shotgun) H.King pass short left to J.Metchie to AZ 27 for 8 yards (K.King).,def,Kei'Trel Clark,3800,CB
2026001,0,1537,PASS,(7:48) (Shotgun) H.King pass short left to J.Metchie to AZ 27 for 8 yards (K.King).,def,Kalen King,3800,CB
2026001,0,1537,PASS,(7:48) (Shotgun) H.King pass short left to J.Metchie to AZ 27 for 8 yards (K.King).,def,Austin Keys,3800,ILB
2026001,0,1537,PASS,(7:48) (Shotgun) H.King pass short left to J.Metchie to AZ 27 for 8 yards (K.King).,def,Cam Horsley,3800,DT
2026001,0,1537,PASS,(7:48) (Shotgun) H.King pass short left to J.Metchie to AZ 27 for 8 yards (K.King).,def,Elijah Culp,3800,CB
2026001,0,1537,PASS,(7:48) (Shotgun) H.King pass short left to J.Metchie to AZ 27 for 8 yards (K.King).,def,Cam Robertson,3800,OLB
2026001,0,1537,PASS,(7:48) (Shotgun) H.King pass short left to J.Metchie to AZ 27 for 8 yards (K.King).,def,Wydett Williams Jr.,3800,SS
2026001,0,1562,PASS,(7:13) (Shotgun) H.King pass incomplete short middle to E.Cooks (E.Culp).,off,AJ Dillon,0750,RB
2026001,0,1562,PASS,(7:13) (Shotgun) H.King pass incomplete short middle to E.Cooks (E.Culp).,off,Stone Forsythe,0750,T
2026001,0,1562,PASS,(7:13) (Shotgun) H.King pass incomplete short middle to E.Cooks (E.Culp).,off,John Metchie III,0750,WR
2026001,0,1562,PASS,(7:13) (Shotgun) H.King pass incomplete short middle to E.Cooks (E.Culp).,off,James Mitchell,0750,TE
2026001,0,1562,PASS,(7:13) (Shotgun) H.King pass incomplete short middle to E.Cooks (E.Culp).,off,Ja'Tyre Carter,0750,G
2026001,0,1562,PASS,(7:13) (Shotgun) H.King pass incomplete short middle to E.Cooks (E.Culp).,off,Elijah Cooks,0750,WR
2026001,0,1562,PASS,(7:13) (Shotgun) H.King pass incomplete short middle to E.Cooks (E.Culp).,off,Ja'Seem Reed,0750,WR
2026001,0,1562,PASS,(7:13) (Shotgun) H.King pass incomplete short middle to E.Cooks (E.Culp).,off,Sam Hecht,0750,C
2026001,0,1562,PASS,(7:13) (Shotgun) H.King pass incomplete short middle to E.Cooks (E.Culp).,off,Albert Reese,0750,T
2026001,0,1562,PASS,(7:13) (Shotgun) H.King pass incomplete short middle to E.Cooks (E.Culp).,off,Isaia Glass,0750,T
2026001,0,1562,PASS,(7:13) (Shotgun) H.King pass incomplete short middle to E.Cooks (E.Culp).,off,Haynes King,0750,QB
2026001,0,1562,PASS,(7:13) (Shotgun) H.King pass incomplete short middle to E.Cooks (E.Culp).,def,Isaiah Oliver,3800,FS
2026001,0,1562,PASS,(7:13) (Shotgun) H.King pass incomplete short middle to E.Cooks (E.Culp).,def,Elliott Brown,3800,OLB
2026001,0,1562,PASS,(7:13) (Shotgun) H.King pass incomplete short middle to E.Cooks (E.Culp).,def,Brodric Martin,3800,DT
2026001,0,1562,PASS,(7:13) (Shotgun) H.King pass incomplete short middle to E.Cooks (E.Culp).,def,Owen Pappoe,3800,ILB
2026001,0,1562,PASS,(7:13) (Shotgun) H.King pass incomplete short middle to E.Cooks (E.Culp).,def,Kei'Trel Clark,3800,CB
2026001,0,1562,PASS,(7:13) (Shotgun) H.King pass incomplete short middle to E.Cooks (E.Culp).,def,Kalen King,3800,CB
2026001,0,1562,PASS,(7:13) (Shotgun) H.King pass incomplete short middle to E.Cooks (E.Culp).,def,Austin Keys,3800,ILB
2026001,0,1562,PASS,(7:13) (Shotgun) H.King pass incomplete short middle to E.Cooks (E.Culp).,def,Cam Horsley,3800,DT
2026001,0,1562,PASS,(7:13) (Shotgun) H.King pass incomplete short middle to E.Cooks (E.Culp).,def,Elijah Culp,3800,CB
2026001,0,1562,PASS,(7:13) (Shotgun) H.King pass incomplete short middle to E.Cooks (E.Culp).,def,Cam Robertson,3800,OLB
2026001,0,1562,PASS,(7:13) (Shotgun) H.King pass incomplete short middle to E.Cooks (E.Culp).,def,Wydett Williams Jr.,3800,SS
2026001,0,1585,RUSH,(7:09) (Shotgun) H.King scrambles right end to AZ 19 for 8 yards (K.Clark).,off,AJ Dillon,0750,RB
2026001,0,1585,RUSH,(7:09) (Shotgun) H.King scrambles right end to AZ 19 for 8 yards (K.Clark).,off,Stone Forsythe,0750,T
2026001,0,1585,RUSH,(7:09) (Shotgun) H.King scrambles right end to AZ 19 for 8 yards (K.Clark).,off,John Metchie III,0750,WR
2026001,0,1585,RUSH,(7:09) (Shotgun) H.King scrambles right end to AZ 19 for 8 yards (K.Clark).,off,James Mitchell,0750,TE
2026001,0,1585,RUSH,(7:09) (Shotgun) H.King scrambles right end to AZ 19 for 8 yards (K.Clark).,off,Ja'Tyre Carter,0750,G
2026001,0,1585,RUSH,(7:09) (Shotgun) H.King scrambles right end to AZ 19 for 8 yards (K.Clark).,off,Casey Washington,0750,WR
2026001,0,1585,RUSH,(7:09) (Shotgun) H.King scrambles right end to AZ 19 for 8 yards (K.Clark).,off,Ja'Seem Reed,0750,WR
2026001,0,1585,RUSH,(7:09) (Shotgun) H.King scrambles right end to AZ 19 for 8 yards (K.Clark).,off,Sam Hecht,0750,C
2026001,0,1585,RUSH,(7:09) (Shotgun) H.King scrambles right end to AZ 19 for 8 yards (K.Clark).,off,Albert Reese,0750,T
2026001,0,1585,RUSH,(7:09) (Shotgun) H.King scrambles right end to AZ 19 for 8 yards (K.Clark).,off,Isaia Glass,0750,T
2026001,0,1585,RUSH,(7:09) (Shotgun) H.King scrambles right end to AZ 19 for 8 yards (K.Clark).,off,Haynes King,0750,QB
2026001,0,1585,RUSH,(7:09) (Shotgun) H.King scrambles right end to AZ 19 for 8 yards (K.Clark).,def,Isaiah Oliver,3800,FS
2026001,0,1585,RUSH,(7:09) (Shotgun) H.King scrambles right end to AZ 19 for 8 yards (K.Clark).,def,Jonah Williams,3800,DE
2026001,0,1585,RUSH,(7:09) (Shotgun) H.King scrambles right end to AZ 19 for 8 yards (K.Clark).,def,Elliott Brown,3800,OLB
2026001,0,1585,RUSH,(7:09) (Shotgun) H.King scrambles right end to AZ 19 for 8 yards (K.Clark).,def,Owen Pappoe,3800,ILB
2026001,0,1585,RUSH,(7:09) (Shotgun) H.King scrambles right end to AZ 19 for 8 yards (K.Clark).,def,Kei'Trel Clark,3800,CB
2026001,0,1585,RUSH,(7:09) (Shotgun) H.King scrambles right end to AZ 19 for 8 yards (K.Clark).,def,Kalen King,3800,CB
2026001,0,1585,RUSH,(7:09) (Shotgun) H.King scrambles right end to AZ 19 for 8 yards (K.Clark).,def,Austin Keys,3800,ILB
2026001,0,1585,RUSH,(7:09) (Shotgun) H.King scrambles right end to AZ 19 for 8 yards (K.Clark).,def,Elijah Culp,3800,CB
2026001,0,1585,RUSH,(7:09) (Shotgun) H.King scrambles right end to AZ 19 for 8 yards (K.Clark).,def,Cam Robertson,3800,OLB
2026001,0,1585,RUSH,(7:09) (Shotgun) H.King scrambles right end to AZ 19 for 8 yards (K.Clark).,def,Damonic Williams,3800,NT
2026001,0,1585,RUSH,(7:09) (Shotgun) H.King scrambles right end to AZ 19 for 8 yards (K.Clark).,def,Wydett Williams Jr.,3800,SS
2026001,0,1607,PASS,(6:31) (Shotgun) H.King pass short right to F.Franks ran ob at AZ 15 for 4 yards (I.Oliver).,off,AJ Dillon,0750,RB
2026001,0,1607,PASS,(6:31) (Shotgun) H.King pass short right to F.Franks ran ob at AZ 15 for 4 yards (I.Oliver).,off,Stone Forsythe,0750,T
2026001,0,1607,PASS,(6:31) (Shotgun) H.King pass short right to F.Franks ran ob at AZ 15 for 4 yards (I.Oliver).,off,Feleipe Franks,0750,TE
2026001,0,1607,PASS,(6:31) (Shotgun) H.King pass short right to F.Franks ran ob at AZ 15 for 4 yards (I.Oliver).,off,John Metchie III,0750,WR
2026001,0,1607,PASS,(6:31) (Shotgun) H.King pass short right to F.Franks ran ob at AZ 15 for 4 yards (I.Oliver).,off,Ja'Tyre Carter,0750,G
2026001,0,1607,PASS,(6:31) (Shotgun) H.King pass short right to F.Franks ran ob at AZ 15 for 4 yards (I.Oliver).,off,Casey Washington,0750,WR
2026001,0,1607,PASS,(6:31) (Shotgun) H.King pass short right to F.Franks ran ob at AZ 15 for 4 yards (I.Oliver).,off,Ja'Seem Reed,0750,WR
2026001,0,1607,PASS,(6:31) (Shotgun) H.King pass short right to F.Franks ran ob at AZ 15 for 4 yards (I.Oliver).,off,Sam Hecht,0750,C
2026001,0,1607,PASS,(6:31) (Shotgun) H.King pass short right to F.Franks ran ob at AZ 15 for 4 yards (I.Oliver).,off,Albert Reese,0750,T
2026001,0,1607,PASS,(6:31) (Shotgun) H.King pass short right to F.Franks ran ob at AZ 15 for 4 yards (I.Oliver).,off,Isaia Glass,0750,T
2026001,0,1607,PASS,(6:31) (Shotgun) H.King pass short right to F.Franks ran ob at AZ 15 for 4 yards (I.Oliver).,off,Haynes King,0750,QB
2026001,0,1607,PASS,(6:31) (Shotgun) H.King pass short right to F.Franks ran ob at AZ 15 for 4 yards (I.Oliver).,def,Isaiah Oliver,3800,FS
2026001,0,1607,PASS,(6:31) (Shotgun) H.King pass short right to F.Franks ran ob at AZ 15 for 4 yards (I.Oliver).,def,Jonah Williams,3800,DE
2026001,0,1607,PASS,(6:31) (Shotgun) H.King pass short right to F.Franks ran ob at AZ 15 for 4 yards (I.Oliver).,def,Elliott Brown,3800,OLB
2026001,0,1607,PASS,(6:31) (Shotgun) H.King pass short right to F.Franks ran ob at AZ 15 for 4 yards (I.Oliver).,def,Owen Pappoe,3800,ILB
2026001,0,1607,PASS,(6:31) (Shotgun) H.King pass short right to F.Franks ran ob at AZ 15 for 4 yards (I.Oliver).,def,Kei'Trel Clark,3800,CB
2026001,0,1607,PASS,(6:31) (Shotgun) H.King pass short right to F.Franks ran ob at AZ 15 for 4 yards (I.Oliver).,def,Kalen King,3800,CB
2026001,0,1607,PASS,(6:31) (Shotgun) H.King pass short right to F.Franks ran ob at AZ 15 for 4 yards (I.Oliver).,def,Austin Keys,3800,ILB
2026001,0,1607,PASS,(6:31) (Shotgun) H.King pass short right to F.Franks ran ob at AZ 15 for 4 yards (I.Oliver).,def,Elijah Culp,3800,CB
2026001,0,1607,PASS,(6:31) (Shotgun) H.King pass short right to F.Franks ran ob at AZ 15 for 4 yards (I.Oliver).,def,Cam Robertson,3800,OLB
2026001,0,1607,PASS,(6:31) (Shotgun) H.King pass short right to F.Franks ran ob at AZ 15 for 4 yards (I.Oliver).,def,Damonic Williams,3800,NT
2026001,0,1607,PASS,(6:31) (Shotgun) H.King pass short right to F.Franks ran ob at AZ 15 for 4 yards (I.Oliver).,def,Wydett Williams Jr.,3800,SS
2026001,0,1637,PASS,"(6:00) H.King pass short left to J.Reed for 15 yards, TOUCHDOWN.",off,AJ Dillon,0750,RB
2026001,0,1637,PASS,"(6:00) H.King pass short left to J.Reed for 15 yards, TOUCHDOWN.",off,Stone Forsythe,0750,T
2026001,0,1637,PASS,"(6:00) H.King pass short left to J.Reed for 15 yards, TOUCHDOWN.",off,Feleipe Franks,0750,TE
2026001,0,1637,PASS,"(6:00) H.King pass short left to J.Reed for 15 yards, TOUCHDOWN.",off,James Mitchell,0750,TE
2026001,0,1637,PASS,"(6:00) H.King pass short left to J.Reed for 15 yards, TOUCHDOWN.",off,Ja'Tyre Carter,0750,G
2026001,0,1637,PASS,"(6:00) H.King pass short left to J.Reed for 15 yards, TOUCHDOWN.",off,Ja'Seem Reed,0750,WR
2026001,0,1637,PASS,"(6:00) H.King pass short left to J.Reed for 15 yards, TOUCHDOWN.",off,Sam Hecht,0750,C
2026001,0,1637,PASS,"(6:00) H.King pass short left to J.Reed for 15 yards, TOUCHDOWN.",off,Malick Meiga,0750,WR
2026001,0,1637,PASS,"(6:00) H.King pass short left to J.Reed for 15 yards, TOUCHDOWN.",off,Albert Reese,0750,T
2026001,0,1637,PASS,"(6:00) H.King pass short left to J.Reed for 15 yards, TOUCHDOWN.",off,Isaia Glass,0750,T
2026001,0,1637,PASS,"(6:00) H.King pass short left to J.Reed for 15 yards, TOUCHDOWN.",off,Haynes King,0750,QB
2026001,0,1637,PASS,"(6:00) H.King pass short left to J.Reed for 15 yards, TOUCHDOWN.",def,Isaiah Oliver,3800,FS
2026001,0,1637,PASS,"(6:00) H.King pass short left to J.Reed for 15 yards, TOUCHDOWN.",def,Jonah Williams,3800,DE
2026001,0,1637,PASS,"(6:00) H.King pass short left to J.Reed for 15 yards, TOUCHDOWN.",def,BJ Ojulari,3800,OLB
2026001,0,1637,PASS,"(6:00) H.King pass short left to J.Reed for 15 yards, TOUCHDOWN.",def,Brodric Martin,3800,DT
2026001,0,1637,PASS,"(6:00) H.King pass short left to J.Reed for 15 yards, TOUCHDOWN.",def,Owen Pappoe,3800,ILB
2026001,0,1637,PASS,"(6:00) H.King pass short left to J.Reed for 15 yards, TOUCHDOWN.",def,Kei'Trel Clark,3800,CB
2026001,0,1637,PASS,"(6:00) H.King pass short left to J.Reed for 15 yards, TOUCHDOWN.",def,Eku Leota,3800,OLB
2026001,0,1637,PASS,"(6:00) H.King pass short left to J.Reed for 15 yards, TOUCHDOWN.",def,Austin Keys,3800,ILB
2026001,0,1637,PASS,"(6:00) H.King pass short left to J.Reed for 15 yards, TOUCHDOWN.",def,Elijah Culp,3800,CB
2026001,0,1637,PASS,"(6:00) H.King pass short left to J.Reed for 15 yards, TOUCHDOWN.",def,Damonic Williams,3800,NT
2026001,0,1637,PASS,"(6:00) H.King pass short left to J.Reed for 15 yards, TOUCHDOWN.",def,Wydett Williams Jr.,3800,SS
2026001,0,1663,XP_KICK,"R.Fitzgerald extra point is GOOD, Center-J.Jansen, Holder-S.Martin.",off,J.J. Jansen,0750,LS
2026001,0,1663,XP_KICK,"R.Fitzgerald extra point is GOOD, Center-J.Jansen, Holder-S.Martin.",off,Sam Martin,0750,P
2026001,0,1663,XP_KICK,"R.Fitzgerald extra point is GOOD, Center-J.Jansen, Holder-S.Martin.",off,Brady Christensen,0750,T
2026001,0,1663,XP_KICK,"R.Fitzgerald extra point is GOOD, Center-J.Jansen, Holder-S.Martin.",off,Stone Forsythe,0750,T
2026001,0,1663,XP_KICK,"R.Fitzgerald extra point is GOOD, Center-J.Jansen, Holder-S.Martin.",off,Feleipe Franks,0750,TE
2026001,0,1663,XP_KICK,"R.Fitzgerald extra point is GOOD, Center-J.Jansen, Holder-S.Martin.",off,Ja'Tyre Carter,0750,G
2026001,0,1663,XP_KICK,"R.Fitzgerald extra point is GOOD, Center-J.Jansen, Holder-S.Martin.",off,Nick Samac,0750,C
2026001,0,1663,XP_KICK,"R.Fitzgerald extra point is GOOD, Center-J.Jansen, Holder-S.Martin.",off,Cam Jackson,0750,DT
2026001,0,1663,XP_KICK,"R.Fitzgerald extra point is GOOD, Center-J.Jansen, Holder-S.Martin.",off,Ryan Fitzgerald,0750,K
2026001,0,1663,XP_KICK,"R.Fitzgerald extra point is GOOD, Center-J.Jansen, Holder-S.Martin.",off,Albert Reese,0750,T
2026001,0,1663,XP_KICK,"R.Fitzgerald extra point is GOOD, Center-J.Jansen, Holder-S.Martin.",off,Isaia Glass,0750,T
2026001,0,1663,XP_KICK,"R.Fitzgerald extra point is GOOD, Center-J.Jansen, Holder-S.Martin.",def,Isaiah Oliver,3800,FS
2026001,0,1663,XP_KICK,"R.Fitzgerald extra point is GOOD, Center-J.Jansen, Holder-S.Martin.",def,Jonah Williams,3800,DE
2026001,0,1663,XP_KICK,"R.Fitzgerald extra point is GOOD, Center-J.Jansen, Holder-S.Martin.",def,Owen Pappoe,3800,ILB
2026001,0,1663,XP_KICK,"R.Fitzgerald extra point is GOOD, Center-J.Jansen, Holder-S.Martin.",def,Kei'Trel Clark,3800,CB
2026001,0,1663,XP_KICK,"R.Fitzgerald extra point is GOOD, Center-J.Jansen, Holder-S.Martin.",def,Eku Leota,3800,OLB
2026001,0,1663,XP_KICK,"R.Fitzgerald extra point is GOOD, Center-J.Jansen, Holder-S.Martin.",def,Elijah Jones,3800,CB
2026001,0,1663,XP_KICK,"R.Fitzgerald extra point is GOOD, Center-J.Jansen, Holder-S.Martin.",def,Cam Horsley,3800,DT
2026001,0,1663,XP_KICK,"R.Fitzgerald extra point is GOOD, Center-J.Jansen, Holder-S.Martin.",def,Karson Sharar,3800,ILB
2026001,0,1663,XP_KICK,"R.Fitzgerald extra point is GOOD, Center-J.Jansen, Holder-S.Martin.",def,Cam Robertson,3800,OLB
2026001,0,1663,XP_KICK,"R.Fitzgerald extra point is GOOD, Center-J.Jansen, Holder-S.Martin.",def,Damonic Williams,3800,NT
2026001,0,1663,XP_KICK,"R.Fitzgerald extra point is GOOD, Center-J.Jansen, Holder-S.Martin.",def,Wydett Williams Jr.,3800,SS
2026001,0,1678,KICK_OFF,R.Fitzgerald kicks 58 yards from CAR 35 to AZ 7. X.Weaver to AZ 32 for 25 yards (C.Gill; R.Rochell).,off,Cam Gill,0750,OLB
2026001,0,1678,KICK_OFF,R.Fitzgerald kicks 58 yards from CAR 35 to AZ 7. X.Weaver to AZ 32 for 25 yards (C.Gill; R.Rochell).,off,Robert Rochell,0750,CB
2026001,0,1678,KICK_OFF,R.Fitzgerald kicks 58 yards from CAR 35 to AZ 7. X.Weaver to AZ 32 for 25 yards (C.Gill; R.Rochell).,off,Nick Hampton,0750,OLB
2026001,0,1678,KICK_OFF,R.Fitzgerald kicks 58 yards from CAR 35 to AZ 7. X.Weaver to AZ 32 for 25 yards (C.Gill; R.Rochell).,off,Chau Smith-Wade,0750,CB
2026001,0,1678,KICK_OFF,R.Fitzgerald kicks 58 yards from CAR 35 to AZ 7. X.Weaver to AZ 32 for 25 yards (C.Gill; R.Rochell).,off,Demani Richardson,0750,FS
2026001,0,1678,KICK_OFF,R.Fitzgerald kicks 58 yards from CAR 35 to AZ 7. X.Weaver to AZ 32 for 25 yards (C.Gill; R.Rochell).,off,Maema Njongmeta,0750,ILB
2026001,0,1678,KICK_OFF,R.Fitzgerald kicks 58 yards from CAR 35 to AZ 7. X.Weaver to AZ 32 for 25 yards (C.Gill; R.Rochell).,off,Mapalo Mwansa,0750,DE
2026001,0,1678,KICK_OFF,R.Fitzgerald kicks 58 yards from CAR 35 to AZ 7. X.Weaver to AZ 32 for 25 yards (C.Gill; R.Rochell).,off,Ryan Fitzgerald,0750,K
2026001,0,1678,KICK_OFF,R.Fitzgerald kicks 58 yards from CAR 35 to AZ 7. X.Weaver to AZ 32 for 25 yards (C.Gill; R.Rochell).,off,Bam Martin-Scott,0750,ILB
2026001,0,1678,KICK_OFF,R.Fitzgerald kicks 58 yards from CAR 35 to AZ 7. X.Weaver to AZ 32 for 25 yards (C.Gill; R.Rochell).,off,Corey Thornton,0750,CB
2026001,0,1678,KICK_OFF,R.Fitzgerald kicks 58 yards from CAR 35 to AZ 7. X.Weaver to AZ 32 for 25 yards (C.Gill; R.Rochell).,off,Jackson Kuwatch,0750,ILB
2026001,0,1678,KICK_OFF,R.Fitzgerald kicks 58 yards from CAR 35 to AZ 7. X.Weaver to AZ 32 for 25 yards (C.Gill; R.Rochell).,def,Simi Fehoko,3800,WR
2026001,0,1678,KICK_OFF,R.Fitzgerald kicks 58 yards from CAR 35 to AZ 7. X.Weaver to AZ 32 for 25 yards (C.Gill; R.Rochell).,def,Kenny Yeboah,3800,TE
2026001,0,1678,KICK_OFF,R.Fitzgerald kicks 58 yards from CAR 35 to AZ 7. X.Weaver to AZ 32 for 25 yards (C.Gill; R.Rochell).,def,Bam Knight,3800,RB
2026001,0,1678,KICK_OFF,R.Fitzgerald kicks 58 yards from CAR 35 to AZ 7. X.Weaver to AZ 32 for 25 yards (C.Gill; R.Rochell).,def,Owen Pappoe,3800,ILB
2026001,0,1678,KICK_OFF,R.Fitzgerald kicks 58 yards from CAR 35 to AZ 7. X.Weaver to AZ 32 for 25 yards (C.Gill; R.Rochell).,def,Kei'Trel Clark,3800,CB
2026001,0,1678,KICK_OFF,R.Fitzgerald kicks 58 yards from CAR 35 to AZ 7. X.Weaver to AZ 32 for 25 yards (C.Gill; R.Rochell).,def,Eku Leota,3800,OLB
2026001,0,1678,KICK_OFF,R.Fitzgerald kicks 58 yards from CAR 35 to AZ 7. X.Weaver to AZ 32 for 25 yards (C.Gill; R.Rochell).,def,Xavier Weaver,3800,WR
2026001,0,1678,KICK_OFF,R.Fitzgerald kicks 58 yards from CAR 35 to AZ 7. X.Weaver to AZ 32 for 25 yards (C.Gill; R.Rochell).,def,Rivaldo Fairweather,3800,TE
2026001,0,1678,KICK_OFF,R.Fitzgerald kicks 58 yards from CAR 35 to AZ 7. X.Weaver to AZ 32 for 25 yards (C.Gill; R.Rochell).,def,Karson Sharar,3800,ILB
2026001,0,1678,KICK_OFF,R.Fitzgerald kicks 58 yards from CAR 35 to AZ 7. X.Weaver to AZ 32 for 25 yards (C.Gill; R.Rochell).,def,Jameson Geers,3800,TE
2026001,0,1678,KICK_OFF,R.Fitzgerald kicks 58 yards from CAR 35 to AZ 7. X.Weaver to AZ 32 for 25 yards (C.Gill; R.Rochell).,def,Wydett Williams Jr.,3800,SS
2026001,0,1708,PENALTY,"(5:49) (Shotgun) PENALTY on AZ-J.Fryar, False Start, 5 yards, enforced at AZ 32 - No Play.",off,Bam Knight,3800,RB
2026001,0,1708,PENALTY,"(5:49) (Shotgun) PENALTY on AZ-J.Fryar, False Start, 5 yards, enforced at AZ 32 - No Play.",off,Jon Gaines II,3800,C
2026001,0,1708,PENALTY,"(5:49) (Shotgun) PENALTY on AZ-J.Fryar, False Start, 5 yards, enforced at AZ 32 - No Play.",off,Xavier Weaver,3800,WR
2026001,0,1708,PENALTY,"(5:49) (Shotgun) PENALTY on AZ-J.Fryar, False Start, 5 yards, enforced at AZ 32 - No Play.",off,Hayden Conner,3800,G
2026001,0,1708,PENALTY,"(5:49) (Shotgun) PENALTY on AZ-J.Fryar, False Start, 5 yards, enforced at AZ 32 - No Play.",off,Josh Fryar,3800,T
2026001,0,1708,PENALTY,"(5:49) (Shotgun) PENALTY on AZ-J.Fryar, False Start, 5 yards, enforced at AZ 32 - No Play.",off,Bryson Green,3800,WR
2026001,0,1708,PENALTY,"(5:49) (Shotgun) PENALTY on AZ-J.Fryar, False Start, 5 yards, enforced at AZ 32 - No Play.",off,Chase Bisontis,3800,G
2026001,0,1708,PENALTY,"(5:49) (Shotgun) PENALTY on AZ-J.Fryar, False Start, 5 yards, enforced at AZ 32 - No Play.",off,Carson Beck,3800,QB
2026001,0,1708,PENALTY,"(5:49) (Shotgun) PENALTY on AZ-J.Fryar, False Start, 5 yards, enforced at AZ 32 - No Play.",off,Reggie Virgil,3800,WR
2026001,0,1708,PENALTY,"(5:49) (Shotgun) PENALTY on AZ-J.Fryar, False Start, 5 yards, enforced at AZ 32 - No Play.",off,Jayden Williams,3800,T
2026001,0,1708,PENALTY,"(5:49) (Shotgun) PENALTY on AZ-J.Fryar, False Start, 5 yards, enforced at AZ 32 - No Play.",off,Jameson Geers,3800,TE
2026001,0,1708,PENALTY,"(5:49) (Shotgun) PENALTY on AZ-J.Fryar, False Start, 5 yards, enforced at AZ 32 - No Play.",def,Akayleb Evans,0750,CB
2026001,0,1708,PENALTY,"(5:49) (Shotgun) PENALTY on AZ-J.Fryar, False Start, 5 yards, enforced at AZ 32 - No Play.",def,Nick Hampton,0750,OLB
2026001,0,1708,PENALTY,"(5:49) (Shotgun) PENALTY on AZ-J.Fryar, False Start, 5 yards, enforced at AZ 32 - No Play.",def,Thomas Incoom,0750,OLB
2026001,0,1708,PENALTY,"(5:49) (Shotgun) PENALTY on AZ-J.Fryar, False Start, 5 yards, enforced at AZ 32 - No Play.",def,Chau Smith-Wade,0750,CB
2026001,0,1708,PENALTY,"(5:49) (Shotgun) PENALTY on AZ-J.Fryar, False Start, 5 yards, enforced at AZ 32 - No Play.",def,Demani Richardson,0750,FS
2026001,0,1708,PENALTY,"(5:49) (Shotgun) PENALTY on AZ-J.Fryar, False Start, 5 yards, enforced at AZ 32 - No Play.",def,Cam Jackson,0750,DT
2026001,0,1708,PENALTY,"(5:49) (Shotgun) PENALTY on AZ-J.Fryar, False Start, 5 yards, enforced at AZ 32 - No Play.",def,Bam Martin-Scott,0750,ILB
2026001,0,1708,PENALTY,"(5:49) (Shotgun) PENALTY on AZ-J.Fryar, False Start, 5 yards, enforced at AZ 32 - No Play.",def,Corey Thornton,0750,CB
2026001,0,1708,PENALTY,"(5:49) (Shotgun) PENALTY on AZ-J.Fryar, False Start, 5 yards, enforced at AZ 32 - No Play.",def,Zakee Wheatley,0750,SS
2026001,0,1708,PENALTY,"(5:49) (Shotgun) PENALTY on AZ-J.Fryar, False Start, 5 yards, enforced at AZ 32 - No Play.",def,Jackson Kuwatch,0750,ILB
2026001,0,1708,PENALTY,"(5:49) (Shotgun) PENALTY on AZ-J.Fryar, False Start, 5 yards, enforced at AZ 32 - No Play.",def,Aaron Hall,0750,DT
2026001,0,1732,PASS,(5:49) (Shotgun) C.Beck pass incomplete short left to X.Weaver.,off,Bam Knight,3800,RB
2026001,0,1732,PASS,(5:49) (Shotgun) C.Beck pass incomplete short left to X.Weaver.,off,Jon Gaines II,3800,C
2026001,0,1732,PASS,(5:49) (Shotgun) C.Beck pass incomplete short left to X.Weaver.,off,Xavier Weaver,3800,WR
2026001,0,1732,PASS,(5:49) (Shotgun) C.Beck pass incomplete short left to X.Weaver.,off,Hayden Conner,3800,G
2026001,0,1732,PASS,(5:49) (Shotgun) C.Beck pass incomplete short left to X.Weaver.,off,Josh Fryar,3800,T
2026001,0,1732,PASS,(5:49) (Shotgun) C.Beck pass incomplete short left to X.Weaver.,off,Bryson Green,3800,WR
2026001,0,1732,PASS,(5:49) (Shotgun) C.Beck pass incomplete short left to X.Weaver.,off,Chase Bisontis,3800,G
2026001,0,1732,PASS,(5:49) (Shotgun) C.Beck pass incomplete short left to X.Weaver.,off,Carson Beck,3800,QB
2026001,0,1732,PASS,(5:49) (Shotgun) C.Beck pass incomplete short left to X.Weaver.,off,Reggie Virgil,3800,WR
2026001,0,1732,PASS,(5:49) (Shotgun) C.Beck pass incomplete short left to X.Weaver.,off,Jayden Williams,3800,T
2026001,0,1732,PASS,(5:49) (Shotgun) C.Beck pass incomplete short left to X.Weaver.,off,Jameson Geers,3800,TE
2026001,0,1732,PASS,(5:49) (Shotgun) C.Beck pass incomplete short left to X.Weaver.,def,Akayleb Evans,0750,CB
2026001,0,1732,PASS,(5:49) (Shotgun) C.Beck pass incomplete short left to X.Weaver.,def,Nick Hampton,0750,OLB
2026001,0,1732,PASS,(5:49) (Shotgun) C.Beck pass incomplete short left to X.Weaver.,def,Thomas Incoom,0750,OLB
2026001,0,1732,PASS,(5:49) (Shotgun) C.Beck pass incomplete short left to X.Weaver.,def,Chau Smith-Wade,0750,CB
2026001,0,1732,PASS,(5:49) (Shotgun) C.Beck pass incomplete short left to X.Weaver.,def,Demani Richardson,0750,FS
2026001,0,1732,PASS,(5:49) (Shotgun) C.Beck pass incomplete short left to X.Weaver.,def,Cam Jackson,0750,DT
2026001,0,1732,PASS,(5:49) (Shotgun) C.Beck pass incomplete short left to X.Weaver.,def,Bam Martin-Scott,0750,ILB
2026001,0,1732,PASS,(5:49) (Shotgun) C.Beck pass incomplete short left to X.Weaver.,def,Corey Thornton,0750,CB
2026001,0,1732,PASS,(5:49) (Shotgun) C.Beck pass incomplete short left to X.Weaver.,def,Zakee Wheatley,0750,SS
2026001,0,1732,PASS,(5:49) (Shotgun) C.Beck pass incomplete short left to X.Weaver.,def,Jackson Kuwatch,0750,ILB
2026001,0,1732,PASS,(5:49) (Shotgun) C.Beck pass incomplete short left to X.Weaver.,def,Aaron Hall,0750,DT
2026001,0,1755,PASS,(5:46) (Shotgun) C.Beck pass short right to R.Virgil to AZ 41 for 14 yards (C.Thornton).,off,Bam Knight,3800,RB
2026001,0,1755,PASS,(5:46) (Shotgun) C.Beck pass short right to R.Virgil to AZ 41 for 14 yards (C.Thornton).,off,Jon Gaines II,3800,C
2026001,0,1755,PASS,(5:46) (Shotgun) C.Beck pass short right to R.Virgil to AZ 41 for 14 yards (C.Thornton).,off,Xavier Weaver,3800,WR
2026001,0,1755,PASS,(5:46) (Shotgun) C.Beck pass short right to R.Virgil to AZ 41 for 14 yards (C.Thornton).,off,Hayden Conner,3800,G
2026001,0,1755,PASS,(5:46) (Shotgun) C.Beck pass short right to R.Virgil to AZ 41 for 14 yards (C.Thornton).,off,Josh Fryar,3800,T
2026001,0,1755,PASS,(5:46) (Shotgun) C.Beck pass short right to R.Virgil to AZ 41 for 14 yards (C.Thornton).,off,Bryson Green,3800,WR
2026001,0,1755,PASS,(5:46) (Shotgun) C.Beck pass short right to R.Virgil to AZ 41 for 14 yards (C.Thornton).,off,Chase Bisontis,3800,G
2026001,0,1755,PASS,(5:46) (Shotgun) C.Beck pass short right to R.Virgil to AZ 41 for 14 yards (C.Thornton).,off,Carson Beck,3800,QB
2026001,0,1755,PASS,(5:46) (Shotgun) C.Beck pass short right to R.Virgil to AZ 41 for 14 yards (C.Thornton).,off,Reggie Virgil,3800,WR
2026001,0,1755,PASS,(5:46) (Shotgun) C.Beck pass short right to R.Virgil to AZ 41 for 14 yards (C.Thornton).,off,Jayden Williams,3800,T
2026001,0,1755,PASS,(5:46) (Shotgun) C.Beck pass short right to R.Virgil to AZ 41 for 14 yards (C.Thornton).,off,Jameson Geers,3800,TE
2026001,0,1755,PASS,(5:46) (Shotgun) C.Beck pass short right to R.Virgil to AZ 41 for 14 yards (C.Thornton).,def,Akayleb Evans,0750,CB
2026001,0,1755,PASS,(5:46) (Shotgun) C.Beck pass short right to R.Virgil to AZ 41 for 14 yards (C.Thornton).,def,Nick Hampton,0750,OLB
2026001,0,1755,PASS,(5:46) (Shotgun) C.Beck pass short right to R.Virgil to AZ 41 for 14 yards (C.Thornton).,def,Thomas Incoom,0750,OLB
2026001,0,1755,PASS,(5:46) (Shotgun) C.Beck pass short right to R.Virgil to AZ 41 for 14 yards (C.Thornton).,def,Chau Smith-Wade,0750,CB
2026001,0,1755,PASS,(5:46) (Shotgun) C.Beck pass short right to R.Virgil to AZ 41 for 14 yards (C.Thornton).,def,Demani Richardson,0750,FS
2026001,0,1755,PASS,(5:46) (Shotgun) C.Beck pass short right to R.Virgil to AZ 41 for 14 yards (C.Thornton).,def,Cam Jackson,0750,DT
2026001,0,1755,PASS,(5:46) (Shotgun) C.Beck pass short right to R.Virgil to AZ 41 for 14 yards (C.Thornton).,def,Bam Martin-Scott,0750,ILB
2026001,0,1755,PASS,(5:46) (Shotgun) C.Beck pass short right to R.Virgil to AZ 41 for 14 yards (C.Thornton).,def,Corey Thornton,0750,CB
2026001,0,1755,PASS,(5:46) (Shotgun) C.Beck pass short right to R.Virgil to AZ 41 for 14 yards (C.Thornton).,def,Zakee Wheatley,0750,SS
2026001,0,1755,PASS,(5:46) (Shotgun) C.Beck pass short right to R.Virgil to AZ 41 for 14 yards (C.Thornton).,def,Jackson Kuwatch,0750,ILB
2026001,0,1755,PASS,(5:46) (Shotgun) C.Beck pass short right to R.Virgil to AZ 41 for 14 yards (C.Thornton).,def,Aaron Hall,0750,DT
2026001,0,1785,PENALTY,"(5:02) (Shotgun) C.Beck pass incomplete deep left to R.Virgil (C.Smith-Wade) [T.Incoom].
PENALTY on CAR-C.Thornton, Defensive Holding, 5 yards, enforced at AZ 41 - No Play.
Penalty on CAR-C.Smith-Wade, Illegal Contact, declined.",off,Bam Knight,3800,RB
2026001,0,1785,PENALTY,"(5:02) (Shotgun) C.Beck pass incomplete deep left to R.Virgil (C.Smith-Wade) [T.Incoom].
PENALTY on CAR-C.Thornton, Defensive Holding, 5 yards, enforced at AZ 41 - No Play.
Penalty on CAR-C.Smith-Wade, Illegal Contact, declined.",off,Jon Gaines II,3800,C
2026001,0,1785,PENALTY,"(5:02) (Shotgun) C.Beck pass incomplete deep left to R.Virgil (C.Smith-Wade) [T.Incoom].
PENALTY on CAR-C.Thornton, Defensive Holding, 5 yards, enforced at AZ 41 - No Play.
Penalty on CAR-C.Smith-Wade, Illegal Contact, declined.",off,Xavier Weaver,3800,WR
2026001,0,1785,PENALTY,"(5:02) (Shotgun) C.Beck pass incomplete deep left to R.Virgil (C.Smith-Wade) [T.Incoom].
PENALTY on CAR-C.Thornton, Defensive Holding, 5 yards, enforced at AZ 41 - No Play.
Penalty on CAR-C.Smith-Wade, Illegal Contact, declined.",off,Hayden Conner,3800,G
2026001,0,1785,PENALTY,"(5:02) (Shotgun) C.Beck pass incomplete deep left to R.Virgil (C.Smith-Wade) [T.Incoom].
PENALTY on CAR-C.Thornton, Defensive Holding, 5 yards, enforced at AZ 41 - No Play.
Penalty on CAR-C.Smith-Wade, Illegal Contact, declined.",off,Josh Fryar,3800,T
2026001,0,1785,PENALTY,"(5:02) (Shotgun) C.Beck pass incomplete deep left to R.Virgil (C.Smith-Wade) [T.Incoom].
PENALTY on CAR-C.Thornton, Defensive Holding, 5 yards, enforced at AZ 41 - No Play.
Penalty on CAR-C.Smith-Wade, Illegal Contact, declined.",off,Bryson Green,3800,WR
2026001,0,1785,PENALTY,"(5:02) (Shotgun) C.Beck pass incomplete deep left to R.Virgil (C.Smith-Wade) [T.Incoom].
PENALTY on CAR-C.Thornton, Defensive Holding, 5 yards, enforced at AZ 41 - No Play.
Penalty on CAR-C.Smith-Wade, Illegal Contact, declined.",off,Chase Bisontis,3800,G
2026001,0,1785,PENALTY,"(5:02) (Shotgun) C.Beck pass incomplete deep left to R.Virgil (C.Smith-Wade) [T.Incoom].
PENALTY on CAR-C.Thornton, Defensive Holding, 5 yards, enforced at AZ 41 - No Play.
Penalty on CAR-C.Smith-Wade, Illegal Contact, declined.",off,Carson Beck,3800,QB
2026001,0,1785,PENALTY,"(5:02) (Shotgun) C.Beck pass incomplete deep left to R.Virgil (C.Smith-Wade) [T.Incoom].
PENALTY on CAR-C.Thornton, Defensive Holding, 5 yards, enforced at AZ 41 - No Play.
Penalty on CAR-C.Smith-Wade, Illegal Contact, declined.",off,Reggie Virgil,3800,WR
2026001,0,1785,PENALTY,"(5:02) (Shotgun) C.Beck pass incomplete deep left to R.Virgil (C.Smith-Wade) [T.Incoom].
PENALTY on CAR-C.Thornton, Defensive Holding, 5 yards, enforced at AZ 41 - No Play.
Penalty on CAR-C.Smith-Wade, Illegal Contact, declined.",off,Jayden Williams,3800,T
2026001,0,1785,PENALTY,"(5:02) (Shotgun) C.Beck pass incomplete deep left to R.Virgil (C.Smith-Wade) [T.Incoom].
PENALTY on CAR-C.Thornton, Defensive Holding, 5 yards, enforced at AZ 41 - No Play.
Penalty on CAR-C.Smith-Wade, Illegal Contact, declined.",off,Jameson Geers,3800,TE
2026001,0,1785,PENALTY,"(5:02) (Shotgun) C.Beck pass incomplete deep left to R.Virgil (C.Smith-Wade) [T.Incoom].
PENALTY on CAR-C.Thornton, Defensive Holding, 5 yards, enforced at AZ 41 - No Play.
Penalty on CAR-C.Smith-Wade, Illegal Contact, declined.",def,Akayleb Evans,0750,CB
2026001,0,1785,PENALTY,"(5:02) (Shotgun) C.Beck pass incomplete deep left to R.Virgil (C.Smith-Wade) [T.Incoom].
PENALTY on CAR-C.Thornton, Defensive Holding, 5 yards, enforced at AZ 41 - No Play.
Penalty on CAR-C.Smith-Wade, Illegal Contact, declined.",def,Nick Hampton,0750,OLB
2026001,0,1785,PENALTY,"(5:02) (Shotgun) C.Beck pass incomplete deep left to R.Virgil (C.Smith-Wade) [T.Incoom].
PENALTY on CAR-C.Thornton, Defensive Holding, 5 yards, enforced at AZ 41 - No Play.
Penalty on CAR-C.Smith-Wade, Illegal Contact, declined.",def,Thomas Incoom,0750,OLB
2026001,0,1785,PENALTY,"(5:02) (Shotgun) C.Beck pass incomplete deep left to R.Virgil (C.Smith-Wade) [T.Incoom].
PENALTY on CAR-C.Thornton, Defensive Holding, 5 yards, enforced at AZ 41 - No Play.
Penalty on CAR-C.Smith-Wade, Illegal Contact, declined.",def,Chau Smith-Wade,0750,CB
2026001,0,1785,PENALTY,"(5:02) (Shotgun) C.Beck pass incomplete deep left to R.Virgil (C.Smith-Wade) [T.Incoom].
PENALTY on CAR-C.Thornton, Defensive Holding, 5 yards, enforced at AZ 41 - No Play.
Penalty on CAR-C.Smith-Wade, Illegal Contact, declined.",def,Demani Richardson,0750,FS
2026001,0,1785,PENALTY,"(5:02) (Shotgun) C.Beck pass incomplete deep left to R.Virgil (C.Smith-Wade) [T.Incoom].
PENALTY on CAR-C.Thornton, Defensive Holding, 5 yards, enforced at AZ 41 - No Play.
Penalty on CAR-C.Smith-Wade, Illegal Contact, declined.",def,Cam Jackson,0750,DT
2026001,0,1785,PENALTY,"(5:02) (Shotgun) C.Beck pass incomplete deep left to R.Virgil (C.Smith-Wade) [T.Incoom].
PENALTY on CAR-C.Thornton, Defensive Holding, 5 yards, enforced at AZ 41 - No Play.
Penalty on CAR-C.Smith-Wade, Illegal Contact, declined.",def,Bam Martin-Scott,0750,ILB
2026001,0,1785,PENALTY,"(5:02) (Shotgun) C.Beck pass incomplete deep left to R.Virgil (C.Smith-Wade) [T.Incoom].
PENALTY on CAR-C.Thornton, Defensive Holding, 5 yards, enforced at AZ 41 - No Play.
Penalty on CAR-C.Smith-Wade, Illegal Contact, declined.",def,Corey Thornton,0750,CB
2026001,0,1785,PENALTY,"(5:02) (Shotgun) C.Beck pass incomplete deep left to R.Virgil (C.Smith-Wade) [T.Incoom].
PENALTY on CAR-C.Thornton, Defensive Holding, 5 yards, enforced at AZ 41 - No Play.
Penalty on CAR-C.Smith-Wade, Illegal Contact, declined.",def,Zakee Wheatley,0750,SS
2026001,0,1785,PENALTY,"(5:02) (Shotgun) C.Beck pass incomplete deep left to R.Virgil (C.Smith-Wade) [T.Incoom].
PENALTY on CAR-C.Thornton, Defensive Holding, 5 yards, enforced at AZ 41 - No Play.
Penalty on CAR-C.Smith-Wade, Illegal Contact, declined.",def,Jackson Kuwatch,0750,ILB
2026001,0,1785,PENALTY,"(5:02) (Shotgun) C.Beck pass incomplete deep left to R.Virgil (C.Smith-Wade) [T.Incoom].
PENALTY on CAR-C.Thornton, Defensive Holding, 5 yards, enforced at AZ 41 - No Play.
Penalty on CAR-C.Smith-Wade, Illegal Contact, declined.",def,Aaron Hall,0750,DT
2026001,0,1819,RUSH,(4:56) Z.Knight right tackle to CAR 49 for 5 yards (J.Kuwatch; N.Hampton).,off,Bam Knight,3800,RB
2026001,0,1819,RUSH,(4:56) Z.Knight right tackle to CAR 49 for 5 yards (J.Kuwatch; N.Hampton).,off,Jon Gaines II,3800,C
2026001,0,1819,RUSH,(4:56) Z.Knight right tackle to CAR 49 for 5 yards (J.Kuwatch; N.Hampton).,off,Xavier Weaver,3800,WR
2026001,0,1819,RUSH,(4:56) Z.Knight right tackle to CAR 49 for 5 yards (J.Kuwatch; N.Hampton).,off,Hayden Conner,3800,G
2026001,0,1819,RUSH,(4:56) Z.Knight right tackle to CAR 49 for 5 yards (J.Kuwatch; N.Hampton).,off,Josh Fryar,3800,T
2026001,0,1819,RUSH,(4:56) Z.Knight right tackle to CAR 49 for 5 yards (J.Kuwatch; N.Hampton).,off,Bryson Green,3800,WR
2026001,0,1819,RUSH,(4:56) Z.Knight right tackle to CAR 49 for 5 yards (J.Kuwatch; N.Hampton).,off,Chase Bisontis,3800,G
2026001,0,1819,RUSH,(4:56) Z.Knight right tackle to CAR 49 for 5 yards (J.Kuwatch; N.Hampton).,off,Carson Beck,3800,QB
2026001,0,1819,RUSH,(4:56) Z.Knight right tackle to CAR 49 for 5 yards (J.Kuwatch; N.Hampton).,off,Reggie Virgil,3800,WR
2026001,0,1819,RUSH,(4:56) Z.Knight right tackle to CAR 49 for 5 yards (J.Kuwatch; N.Hampton).,off,Jayden Williams,3800,T
2026001,0,1819,RUSH,(4:56) Z.Knight right tackle to CAR 49 for 5 yards (J.Kuwatch; N.Hampton).,off,Jameson Geers,3800,TE
2026001,0,1819,RUSH,(4:56) Z.Knight right tackle to CAR 49 for 5 yards (J.Kuwatch; N.Hampton).,def,Akayleb Evans,0750,CB
2026001,0,1819,RUSH,(4:56) Z.Knight right tackle to CAR 49 for 5 yards (J.Kuwatch; N.Hampton).,def,Nick Hampton,0750,OLB
2026001,0,1819,RUSH,(4:56) Z.Knight right tackle to CAR 49 for 5 yards (J.Kuwatch; N.Hampton).,def,Thomas Incoom,0750,OLB
2026001,0,1819,RUSH,(4:56) Z.Knight right tackle to CAR 49 for 5 yards (J.Kuwatch; N.Hampton).,def,Chau Smith-Wade,0750,CB
2026001,0,1819,RUSH,(4:56) Z.Knight right tackle to CAR 49 for 5 yards (J.Kuwatch; N.Hampton).,def,Demani Richardson,0750,FS
2026001,0,1819,RUSH,(4:56) Z.Knight right tackle to CAR 49 for 5 yards (J.Kuwatch; N.Hampton).,def,Cam Jackson,0750,DT
2026001,0,1819,RUSH,(4:56) Z.Knight right tackle to CAR 49 for 5 yards (J.Kuwatch; N.Hampton).,def,Bam Martin-Scott,0750,ILB
2026001,0,1819,RUSH,(4:56) Z.Knight right tackle to CAR 49 for 5 yards (J.Kuwatch; N.Hampton).,def,Corey Thornton,0750,CB
2026001,0,1819,RUSH,(4:56) Z.Knight right tackle to CAR 49 for 5 yards (J.Kuwatch; N.Hampton).,def,Zakee Wheatley,0750,SS
2026001,0,1819,RUSH,(4:56) Z.Knight right tackle to CAR 49 for 5 yards (J.Kuwatch; N.Hampton).,def,Jackson Kuwatch,0750,ILB
2026001,0,1819,RUSH,(4:56) Z.Knight right tackle to CAR 49 for 5 yards (J.Kuwatch; N.Hampton).,def,Aaron Hall,0750,DT
2026001,0,1841,RUSH,"(4:14) Z.Knight right guard to CAR 34 for 15 yards (Z.Wheatley; C.Smith-Wade). FUMBLES (Z.Wheatley), and recovers at CAR 34.",off,Bam Knight,3800,RB
2026001,0,1841,RUSH,"(4:14) Z.Knight right guard to CAR 34 for 15 yards (Z.Wheatley; C.Smith-Wade). FUMBLES (Z.Wheatley), and recovers at CAR 34.",off,Jon Gaines II,3800,C
2026001,0,1841,RUSH,"(4:14) Z.Knight right guard to CAR 34 for 15 yards (Z.Wheatley; C.Smith-Wade). FUMBLES (Z.Wheatley), and recovers at CAR 34.",off,Xavier Weaver,3800,WR
2026001,0,1841,RUSH,"(4:14) Z.Knight right guard to CAR 34 for 15 yards (Z.Wheatley; C.Smith-Wade). FUMBLES (Z.Wheatley), and recovers at CAR 34.",off,Hayden Conner,3800,G
2026001,0,1841,RUSH,"(4:14) Z.Knight right guard to CAR 34 for 15 yards (Z.Wheatley; C.Smith-Wade). FUMBLES (Z.Wheatley), and recovers at CAR 34.",off,Josh Fryar,3800,T
2026001,0,1841,RUSH,"(4:14) Z.Knight right guard to CAR 34 for 15 yards (Z.Wheatley; C.Smith-Wade). FUMBLES (Z.Wheatley), and recovers at CAR 34.",off,Bryson Green,3800,WR
2026001,0,1841,RUSH,"(4:14) Z.Knight right guard to CAR 34 for 15 yards (Z.Wheatley; C.Smith-Wade). FUMBLES (Z.Wheatley), and recovers at CAR 34.",off,Chase Bisontis,3800,G
2026001,0,1841,RUSH,"(4:14) Z.Knight right guard to CAR 34 for 15 yards (Z.Wheatley; C.Smith-Wade). FUMBLES (Z.Wheatley), and recovers at CAR 34.",off,Carson Beck,3800,QB
2026001,0,1841,RUSH,"(4:14) Z.Knight right guard to CAR 34 for 15 yards (Z.Wheatley; C.Smith-Wade). FUMBLES (Z.Wheatley), and recovers at CAR 34.",off,Reggie Virgil,3800,WR
2026001,0,1841,RUSH,"(4:14) Z.Knight right guard to CAR 34 for 15 yards (Z.Wheatley; C.Smith-Wade). FUMBLES (Z.Wheatley), and recovers at CAR 34.",off,Jayden Williams,3800,T
2026001,0,1841,RUSH,"(4:14) Z.Knight right guard to CAR 34 for 15 yards (Z.Wheatley; C.Smith-Wade). FUMBLES (Z.Wheatley), and recovers at CAR 34.",off,Jameson Geers,3800,TE
2026001,0,1841,RUSH,"(4:14) Z.Knight right guard to CAR 34 for 15 yards (Z.Wheatley; C.Smith-Wade). FUMBLES (Z.Wheatley), and recovers at CAR 34.",def,Akayleb Evans,0750,CB
2026001,0,1841,RUSH,"(4:14) Z.Knight right guard to CAR 34 for 15 yards (Z.Wheatley; C.Smith-Wade). FUMBLES (Z.Wheatley), and recovers at CAR 34.",def,Nick Hampton,0750,OLB
2026001,0,1841,RUSH,"(4:14) Z.Knight right guard to CAR 34 for 15 yards (Z.Wheatley; C.Smith-Wade). FUMBLES (Z.Wheatley), and recovers at CAR 34.",def,Thomas Incoom,0750,OLB
2026001,0,1841,RUSH,"(4:14) Z.Knight right guard to CAR 34 for 15 yards (Z.Wheatley; C.Smith-Wade). FUMBLES (Z.Wheatley), and recovers at CAR 34.",def,Chau Smith-Wade,0750,CB
2026001,0,1841,RUSH,"(4:14) Z.Knight right guard to CAR 34 for 15 yards (Z.Wheatley; C.Smith-Wade). FUMBLES (Z.Wheatley), and recovers at CAR 34.",def,Demani Richardson,0750,FS
2026001,0,1841,RUSH,"(4:14) Z.Knight right guard to CAR 34 for 15 yards (Z.Wheatley; C.Smith-Wade). FUMBLES (Z.Wheatley), and recovers at CAR 34.",def,Cam Jackson,0750,DT
2026001,0,1841,RUSH,"(4:14) Z.Knight right guard to CAR 34 for 15 yards (Z.Wheatley; C.Smith-Wade). FUMBLES (Z.Wheatley), and recovers at CAR 34.",def,Bam Martin-Scott,0750,ILB
2026001,0,1841,RUSH,"(4:14) Z.Knight right guard to CAR 34 for 15 yards (Z.Wheatley; C.Smith-Wade). FUMBLES (Z.Wheatley), and recovers at CAR 34.",def,Corey Thornton,0750,CB
2026001,0,1841,RUSH,"(4:14) Z.Knight right guard to CAR 34 for 15 yards (Z.Wheatley; C.Smith-Wade). FUMBLES (Z.Wheatley), and recovers at CAR 34.",def,Zakee Wheatley,0750,SS
2026001,0,1841,RUSH,"(4:14) Z.Knight right guard to CAR 34 for 15 yards (Z.Wheatley; C.Smith-Wade). FUMBLES (Z.Wheatley), and recovers at CAR 34.",def,Jackson Kuwatch,0750,ILB
2026001,0,1841,RUSH,"(4:14) Z.Knight right guard to CAR 34 for 15 yards (Z.Wheatley; C.Smith-Wade). FUMBLES (Z.Wheatley), and recovers at CAR 34.",def,Aaron Hall,0750,DT
2026001,0,1879,RUSH,(3:25) C.Kiner right guard to CAR 29 for 5 yards (E.Garcia; C.Gill).,off,Kenny Yeboah,3800,TE
2026001,0,1879,RUSH,(3:25) C.Kiner right guard to CAR 29 for 5 yards (E.Garcia; C.Gill).,off,Jon Gaines II,3800,C
2026001,0,1879,RUSH,(3:25) C.Kiner right guard to CAR 29 for 5 yards (E.Garcia; C.Gill).,off,Hayden Conner,3800,G
2026001,0,1879,RUSH,(3:25) C.Kiner right guard to CAR 29 for 5 yards (E.Garcia; C.Gill).,off,Rivaldo Fairweather,3800,TE
2026001,0,1879,RUSH,(3:25) C.Kiner right guard to CAR 29 for 5 yards (E.Garcia; C.Gill).,off,Josh Fryar,3800,T
2026001,0,1879,RUSH,(3:25) C.Kiner right guard to CAR 29 for 5 yards (E.Garcia; C.Gill).,off,Bryson Green,3800,WR
2026001,0,1879,RUSH,(3:25) C.Kiner right guard to CAR 29 for 5 yards (E.Garcia; C.Gill).,off,Corey Kiner,3800,RB
2026001,0,1879,RUSH,(3:25) C.Kiner right guard to CAR 29 for 5 yards (E.Garcia; C.Gill).,off,Chase Bisontis,3800,G
2026001,0,1879,RUSH,(3:25) C.Kiner right guard to CAR 29 for 5 yards (E.Garcia; C.Gill).,off,Carson Beck,3800,QB
2026001,0,1879,RUSH,(3:25) C.Kiner right guard to CAR 29 for 5 yards (E.Garcia; C.Gill).,off,Reggie Virgil,3800,WR
2026001,0,1879,RUSH,(3:25) C.Kiner right guard to CAR 29 for 5 yards (E.Garcia; C.Gill).,off,Jayden Williams,3800,T
2026001,0,1879,RUSH,(3:25) C.Kiner right guard to CAR 29 for 5 yards (E.Garcia; C.Gill).,def,Cam Gill,0750,OLB
2026001,0,1879,RUSH,(3:25) C.Kiner right guard to CAR 29 for 5 yards (E.Garcia; C.Gill).,def,Akayleb Evans,0750,CB
2026001,0,1879,RUSH,(3:25) C.Kiner right guard to CAR 29 for 5 yards (E.Garcia; C.Gill).,def,Elijah Garcia,0750,DT
2026001,0,1879,RUSH,(3:25) C.Kiner right guard to CAR 29 for 5 yards (E.Garcia; C.Gill).,def,Demani Richardson,0750,FS
2026001,0,1879,RUSH,(3:25) C.Kiner right guard to CAR 29 for 5 yards (E.Garcia; C.Gill).,def,Jared Harrison-Hunte,0750,DT
2026001,0,1879,RUSH,(3:25) C.Kiner right guard to CAR 29 for 5 yards (E.Garcia; C.Gill).,def,Bam Martin-Scott,0750,ILB
2026001,0,1879,RUSH,(3:25) C.Kiner right guard to CAR 29 for 5 yards (E.Garcia; C.Gill).,def,Corey Thornton,0750,CB
2026001,0,1879,RUSH,(3:25) C.Kiner right guard to CAR 29 for 5 yards (E.Garcia; C.Gill).,def,Lee Hunter,0750,NT
2026001,0,1879,RUSH,(3:25) C.Kiner right guard to CAR 29 for 5 yards (E.Garcia; C.Gill).,def,Zakee Wheatley,0750,SS
2026001,0,1879,RUSH,(3:25) C.Kiner right guard to CAR 29 for 5 yards (E.Garcia; C.Gill).,def,Jackson Kuwatch,0750,ILB
2026001,0,1879,RUSH,(3:25) C.Kiner right guard to CAR 29 for 5 yards (E.Garcia; C.Gill).,def,Isaiah Smith,0750,OLB
2026001,0,1901,RUSH,(2:48) C.Kiner right tackle to CAR 21 for 8 yards (Z.Wheatley; C.Gill).,off,Kenny Yeboah,3800,TE
2026001,0,1901,RUSH,(2:48) C.Kiner right tackle to CAR 21 for 8 yards (Z.Wheatley; C.Gill).,off,Jon Gaines II,3800,C
2026001,0,1901,RUSH,(2:48) C.Kiner right tackle to CAR 21 for 8 yards (Z.Wheatley; C.Gill).,off,Xavier Weaver,3800,WR
2026001,0,1901,RUSH,(2:48) C.Kiner right tackle to CAR 21 for 8 yards (Z.Wheatley; C.Gill).,off,Hayden Conner,3800,G
2026001,0,1901,RUSH,(2:48) C.Kiner right tackle to CAR 21 for 8 yards (Z.Wheatley; C.Gill).,off,Josh Fryar,3800,T
2026001,0,1901,RUSH,(2:48) C.Kiner right tackle to CAR 21 for 8 yards (Z.Wheatley; C.Gill).,off,Bryson Green,3800,WR
2026001,0,1901,RUSH,(2:48) C.Kiner right tackle to CAR 21 for 8 yards (Z.Wheatley; C.Gill).,off,Corey Kiner,3800,RB
2026001,0,1901,RUSH,(2:48) C.Kiner right tackle to CAR 21 for 8 yards (Z.Wheatley; C.Gill).,off,Chase Bisontis,3800,G
2026001,0,1901,RUSH,(2:48) C.Kiner right tackle to CAR 21 for 8 yards (Z.Wheatley; C.Gill).,off,Carson Beck,3800,QB
2026001,0,1901,RUSH,(2:48) C.Kiner right tackle to CAR 21 for 8 yards (Z.Wheatley; C.Gill).,off,Reggie Virgil,3800,WR
2026001,0,1901,RUSH,(2:48) C.Kiner right tackle to CAR 21 for 8 yards (Z.Wheatley; C.Gill).,off,Jayden Williams,3800,T
2026001,0,1901,RUSH,(2:48) C.Kiner right tackle to CAR 21 for 8 yards (Z.Wheatley; C.Gill).,def,Cam Gill,0750,OLB
2026001,0,1901,RUSH,(2:48) C.Kiner right tackle to CAR 21 for 8 yards (Z.Wheatley; C.Gill).,def,Akayleb Evans,0750,CB
2026001,0,1901,RUSH,(2:48) C.Kiner right tackle to CAR 21 for 8 yards (Z.Wheatley; C.Gill).,def,Chau Smith-Wade,0750,CB
2026001,0,1901,RUSH,(2:48) C.Kiner right tackle to CAR 21 for 8 yards (Z.Wheatley; C.Gill).,def,Demani Richardson,0750,FS
2026001,0,1901,RUSH,(2:48) C.Kiner right tackle to CAR 21 for 8 yards (Z.Wheatley; C.Gill).,def,Jared Harrison-Hunte,0750,DT
2026001,0,1901,RUSH,(2:48) C.Kiner right tackle to CAR 21 for 8 yards (Z.Wheatley; C.Gill).,def,Bam Martin-Scott,0750,ILB
2026001,0,1901,RUSH,(2:48) C.Kiner right tackle to CAR 21 for 8 yards (Z.Wheatley; C.Gill).,def,Corey Thornton,0750,CB
2026001,0,1901,RUSH,(2:48) C.Kiner right tackle to CAR 21 for 8 yards (Z.Wheatley; C.Gill).,def,Lee Hunter,0750,NT
2026001,0,1901,RUSH,(2:48) C.Kiner right tackle to CAR 21 for 8 yards (Z.Wheatley; C.Gill).,def,Zakee Wheatley,0750,SS
2026001,0,1901,RUSH,(2:48) C.Kiner right tackle to CAR 21 for 8 yards (Z.Wheatley; C.Gill).,def,Jackson Kuwatch,0750,ILB
2026001,0,1901,RUSH,(2:48) C.Kiner right tackle to CAR 21 for 8 yards (Z.Wheatley; C.Gill).,def,Isaiah Smith,0750,OLB
2026001,0,1923,RUSH,(2:05) C.Kiner left end to CAR 17 for 4 yards (J.Kuwatch; A.Evans).,off,Kenny Yeboah,3800,TE
2026001,0,1923,RUSH,(2:05) C.Kiner left end to CAR 17 for 4 yards (J.Kuwatch; A.Evans).,off,Jon Gaines II,3800,C
2026001,0,1923,RUSH,(2:05) C.Kiner left end to CAR 17 for 4 yards (J.Kuwatch; A.Evans).,off,Xavier Weaver,3800,WR
2026001,0,1923,RUSH,(2:05) C.Kiner left end to CAR 17 for 4 yards (J.Kuwatch; A.Evans).,off,Hayden Conner,3800,G
2026001,0,1923,RUSH,(2:05) C.Kiner left end to CAR 17 for 4 yards (J.Kuwatch; A.Evans).,off,Josh Fryar,3800,T
2026001,0,1923,RUSH,(2:05) C.Kiner left end to CAR 17 for 4 yards (J.Kuwatch; A.Evans).,off,Bryson Green,3800,WR
2026001,0,1923,RUSH,(2:05) C.Kiner left end to CAR 17 for 4 yards (J.Kuwatch; A.Evans).,off,Corey Kiner,3800,RB
2026001,0,1923,RUSH,(2:05) C.Kiner left end to CAR 17 for 4 yards (J.Kuwatch; A.Evans).,off,Chase Bisontis,3800,G
2026001,0,1923,RUSH,(2:05) C.Kiner left end to CAR 17 for 4 yards (J.Kuwatch; A.Evans).,off,Carson Beck,3800,QB
2026001,0,1923,RUSH,(2:05) C.Kiner left end to CAR 17 for 4 yards (J.Kuwatch; A.Evans).,off,Reggie Virgil,3800,WR
2026001,0,1923,RUSH,(2:05) C.Kiner left end to CAR 17 for 4 yards (J.Kuwatch; A.Evans).,off,Jayden Williams,3800,T
2026001,0,1923,RUSH,(2:05) C.Kiner left end to CAR 17 for 4 yards (J.Kuwatch; A.Evans).,def,Cam Gill,0750,OLB
2026001,0,1923,RUSH,(2:05) C.Kiner left end to CAR 17 for 4 yards (J.Kuwatch; A.Evans).,def,Akayleb Evans,0750,CB
2026001,0,1923,RUSH,(2:05) C.Kiner left end to CAR 17 for 4 yards (J.Kuwatch; A.Evans).,def,Chau Smith-Wade,0750,CB
2026001,0,1923,RUSH,(2:05) C.Kiner left end to CAR 17 for 4 yards (J.Kuwatch; A.Evans).,def,Demani Richardson,0750,FS
2026001,0,1923,RUSH,(2:05) C.Kiner left end to CAR 17 for 4 yards (J.Kuwatch; A.Evans).,def,Jared Harrison-Hunte,0750,DT
2026001,0,1923,RUSH,(2:05) C.Kiner left end to CAR 17 for 4 yards (J.Kuwatch; A.Evans).,def,Bam Martin-Scott,0750,ILB
2026001,0,1923,RUSH,(2:05) C.Kiner left end to CAR 17 for 4 yards (J.Kuwatch; A.Evans).,def,Corey Thornton,0750,CB
2026001,0,1923,RUSH,(2:05) C.Kiner left end to CAR 17 for 4 yards (J.Kuwatch; A.Evans).,def,Lee Hunter,0750,NT
2026001,0,1923,RUSH,(2:05) C.Kiner left end to CAR 17 for 4 yards (J.Kuwatch; A.Evans).,def,Zakee Wheatley,0750,SS
2026001,0,1923,RUSH,(2:05) C.Kiner left end to CAR 17 for 4 yards (J.Kuwatch; A.Evans).,def,Jackson Kuwatch,0750,ILB
2026001,0,1923,RUSH,(2:05) C.Kiner left end to CAR 17 for 4 yards (J.Kuwatch; A.Evans).,def,Isaiah Smith,0750,OLB
2026001,0,1945,RUSH,(2:00) Z.Knight right tackle to CAR 15 for 2 yards (B.Martin-Scott; A.Evans).,off,Kenny Yeboah,3800,TE
2026001,0,1945,RUSH,(2:00) Z.Knight right tackle to CAR 15 for 2 yards (B.Martin-Scott; A.Evans).,off,Bam Knight,3800,RB
2026001,0,1945,RUSH,(2:00) Z.Knight right tackle to CAR 15 for 2 yards (B.Martin-Scott; A.Evans).,off,Jon Gaines II,3800,C
2026001,0,1945,RUSH,(2:00) Z.Knight right tackle to CAR 15 for 2 yards (B.Martin-Scott; A.Evans).,off,Hayden Conner,3800,G
2026001,0,1945,RUSH,(2:00) Z.Knight right tackle to CAR 15 for 2 yards (B.Martin-Scott; A.Evans).,off,Rivaldo Fairweather,3800,TE
2026001,0,1945,RUSH,(2:00) Z.Knight right tackle to CAR 15 for 2 yards (B.Martin-Scott; A.Evans).,off,Josh Fryar,3800,T
2026001,0,1945,RUSH,(2:00) Z.Knight right tackle to CAR 15 for 2 yards (B.Martin-Scott; A.Evans).,off,Bryson Green,3800,WR
2026001,0,1945,RUSH,(2:00) Z.Knight right tackle to CAR 15 for 2 yards (B.Martin-Scott; A.Evans).,off,Chase Bisontis,3800,G
2026001,0,1945,RUSH,(2:00) Z.Knight right tackle to CAR 15 for 2 yards (B.Martin-Scott; A.Evans).,off,Carson Beck,3800,QB
2026001,0,1945,RUSH,(2:00) Z.Knight right tackle to CAR 15 for 2 yards (B.Martin-Scott; A.Evans).,off,Reggie Virgil,3800,WR
2026001,0,1945,RUSH,(2:00) Z.Knight right tackle to CAR 15 for 2 yards (B.Martin-Scott; A.Evans).,off,Jayden Williams,3800,T
2026001,0,1945,RUSH,(2:00) Z.Knight right tackle to CAR 15 for 2 yards (B.Martin-Scott; A.Evans).,def,Akayleb Evans,0750,CB
2026001,0,1945,RUSH,(2:00) Z.Knight right tackle to CAR 15 for 2 yards (B.Martin-Scott; A.Evans).,def,Elijah Garcia,0750,DT
2026001,0,1945,RUSH,(2:00) Z.Knight right tackle to CAR 15 for 2 yards (B.Martin-Scott; A.Evans).,def,Nick Hampton,0750,OLB
2026001,0,1945,RUSH,(2:00) Z.Knight right tackle to CAR 15 for 2 yards (B.Martin-Scott; A.Evans).,def,Thomas Incoom,0750,OLB
2026001,0,1945,RUSH,(2:00) Z.Knight right tackle to CAR 15 for 2 yards (B.Martin-Scott; A.Evans).,def,Demani Richardson,0750,FS
2026001,0,1945,RUSH,(2:00) Z.Knight right tackle to CAR 15 for 2 yards (B.Martin-Scott; A.Evans).,def,Jared Harrison-Hunte,0750,DT
2026001,0,1945,RUSH,(2:00) Z.Knight right tackle to CAR 15 for 2 yards (B.Martin-Scott; A.Evans).,def,Bam Martin-Scott,0750,ILB
2026001,0,1945,RUSH,(2:00) Z.Knight right tackle to CAR 15 for 2 yards (B.Martin-Scott; A.Evans).,def,Corey Thornton,0750,CB
2026001,0,1945,RUSH,(2:00) Z.Knight right tackle to CAR 15 for 2 yards (B.Martin-Scott; A.Evans).,def,Lee Hunter,0750,NT
2026001,0,1945,RUSH,(2:00) Z.Knight right tackle to CAR 15 for 2 yards (B.Martin-Scott; A.Evans).,def,Zakee Wheatley,0750,SS
2026001,0,1945,RUSH,(2:00) Z.Knight right tackle to CAR 15 for 2 yards (B.Martin-Scott; A.Evans).,def,Jackson Kuwatch,0750,ILB
2026001,0,1974,SACK,(1:55) (Shotgun) C.Beck sacked at CAR 17 for -2 yards (J.Harrison-Hunte).,off,Bam Knight,3800,RB
2026001,0,1974,SACK,(1:55) (Shotgun) C.Beck sacked at CAR 17 for -2 yards (J.Harrison-Hunte).,off,Jon Gaines II,3800,C
2026001,0,1974,SACK,(1:55) (Shotgun) C.Beck sacked at CAR 17 for -2 yards (J.Harrison-Hunte).,off,Xavier Weaver,3800,WR
2026001,0,1974,SACK,(1:55) (Shotgun) C.Beck sacked at CAR 17 for -2 yards (J.Harrison-Hunte).,off,Hayden Conner,3800,G
2026001,0,1974,SACK,(1:55) (Shotgun) C.Beck sacked at CAR 17 for -2 yards (J.Harrison-Hunte).,off,Josh Fryar,3800,T
2026001,0,1974,SACK,(1:55) (Shotgun) C.Beck sacked at CAR 17 for -2 yards (J.Harrison-Hunte).,off,Bryson Green,3800,WR
2026001,0,1974,SACK,(1:55) (Shotgun) C.Beck sacked at CAR 17 for -2 yards (J.Harrison-Hunte).,off,Chase Bisontis,3800,G
2026001,0,1974,SACK,(1:55) (Shotgun) C.Beck sacked at CAR 17 for -2 yards (J.Harrison-Hunte).,off,Carson Beck,3800,QB
2026001,0,1974,SACK,(1:55) (Shotgun) C.Beck sacked at CAR 17 for -2 yards (J.Harrison-Hunte).,off,Reggie Virgil,3800,WR
2026001,0,1974,SACK,(1:55) (Shotgun) C.Beck sacked at CAR 17 for -2 yards (J.Harrison-Hunte).,off,Jayden Williams,3800,T
2026001,0,1974,SACK,(1:55) (Shotgun) C.Beck sacked at CAR 17 for -2 yards (J.Harrison-Hunte).,off,Jameson Geers,3800,TE
2026001,0,1974,SACK,(1:55) (Shotgun) C.Beck sacked at CAR 17 for -2 yards (J.Harrison-Hunte).,def,Akayleb Evans,0750,CB
2026001,0,1974,SACK,(1:55) (Shotgun) C.Beck sacked at CAR 17 for -2 yards (J.Harrison-Hunte).,def,Nick Hampton,0750,OLB
2026001,0,1974,SACK,(1:55) (Shotgun) C.Beck sacked at CAR 17 for -2 yards (J.Harrison-Hunte).,def,Thomas Incoom,0750,OLB
2026001,0,1974,SACK,(1:55) (Shotgun) C.Beck sacked at CAR 17 for -2 yards (J.Harrison-Hunte).,def,Chau Smith-Wade,0750,CB
2026001,0,1974,SACK,(1:55) (Shotgun) C.Beck sacked at CAR 17 for -2 yards (J.Harrison-Hunte).,def,Demani Richardson,0750,FS
2026001,0,1974,SACK,(1:55) (Shotgun) C.Beck sacked at CAR 17 for -2 yards (J.Harrison-Hunte).,def,Jared Harrison-Hunte,0750,DT
2026001,0,1974,SACK,(1:55) (Shotgun) C.Beck sacked at CAR 17 for -2 yards (J.Harrison-Hunte).,def,Bam Martin-Scott,0750,ILB
2026001,0,1974,SACK,(1:55) (Shotgun) C.Beck sacked at CAR 17 for -2 yards (J.Harrison-Hunte).,def,Corey Thornton,0750,CB
2026001,0,1974,SACK,(1:55) (Shotgun) C.Beck sacked at CAR 17 for -2 yards (J.Harrison-Hunte).,def,Lee Hunter,0750,NT
2026001,0,1974,SACK,(1:55) (Shotgun) C.Beck sacked at CAR 17 for -2 yards (J.Harrison-Hunte).,def,Zakee Wheatley,0750,SS
2026001,0,1974,SACK,(1:55) (Shotgun) C.Beck sacked at CAR 17 for -2 yards (J.Harrison-Hunte).,def,Jackson Kuwatch,0750,ILB
2026001,0,2001,FIELD_GOAL,"(1:50) C.Ryland 35 yard field goal is GOOD, Center-C.Kreiter, Holder-B.Gillikin.",off,Casey Kreiter,3800,LS
2026001,0,2001,FIELD_GOAL,"(1:50) C.Ryland 35 yard field goal is GOOD, Center-C.Kreiter, Holder-B.Gillikin.",off,Matt Pryor,3800,T
2026001,0,2001,FIELD_GOAL,"(1:50) C.Ryland 35 yard field goal is GOOD, Center-C.Kreiter, Holder-B.Gillikin.",off,Blake Gillikin,3800,P
2026001,0,2001,FIELD_GOAL,"(1:50) C.Ryland 35 yard field goal is GOOD, Center-C.Kreiter, Holder-B.Gillikin.",off,Kenny Yeboah,3800,TE
2026001,0,2001,FIELD_GOAL,"(1:50) C.Ryland 35 yard field goal is GOOD, Center-C.Kreiter, Holder-B.Gillikin.",off,Chad Ryland,3800,K
2026001,0,2001,FIELD_GOAL,"(1:50) C.Ryland 35 yard field goal is GOOD, Center-C.Kreiter, Holder-B.Gillikin.",off,Jon Gaines II,3800,C
2026001,0,2001,FIELD_GOAL,"(1:50) C.Ryland 35 yard field goal is GOOD, Center-C.Kreiter, Holder-B.Gillikin.",off,Christian Jones,3800,T
2026001,0,2001,FIELD_GOAL,"(1:50) C.Ryland 35 yard field goal is GOOD, Center-C.Kreiter, Holder-B.Gillikin.",off,Hayden Conner,3800,G
2026001,0,2001,FIELD_GOAL,"(1:50) C.Ryland 35 yard field goal is GOOD, Center-C.Kreiter, Holder-B.Gillikin.",off,Rivaldo Fairweather,3800,TE
2026001,0,2001,FIELD_GOAL,"(1:50) C.Ryland 35 yard field goal is GOOD, Center-C.Kreiter, Holder-B.Gillikin.",off,Josh Fryar,3800,T
2026001,0,2001,FIELD_GOAL,"(1:50) C.Ryland 35 yard field goal is GOOD, Center-C.Kreiter, Holder-B.Gillikin.",off,Chase Bisontis,3800,G
2026001,0,2001,FIELD_GOAL,"(1:50) C.Ryland 35 yard field goal is GOOD, Center-C.Kreiter, Holder-B.Gillikin.",def,Nick Hampton,0750,OLB
2026001,0,2001,FIELD_GOAL,"(1:50) C.Ryland 35 yard field goal is GOOD, Center-C.Kreiter, Holder-B.Gillikin.",def,Chau Smith-Wade,0750,CB
2026001,0,2001,FIELD_GOAL,"(1:50) C.Ryland 35 yard field goal is GOOD, Center-C.Kreiter, Holder-B.Gillikin.",def,Demani Richardson,0750,FS
2026001,0,2001,FIELD_GOAL,"(1:50) C.Ryland 35 yard field goal is GOOD, Center-C.Kreiter, Holder-B.Gillikin.",def,Cam Jackson,0750,DT
2026001,0,2001,FIELD_GOAL,"(1:50) C.Ryland 35 yard field goal is GOOD, Center-C.Kreiter, Holder-B.Gillikin.",def,Jared Harrison-Hunte,0750,DT
2026001,0,2001,FIELD_GOAL,"(1:50) C.Ryland 35 yard field goal is GOOD, Center-C.Kreiter, Holder-B.Gillikin.",def,Bam Martin-Scott,0750,ILB
2026001,0,2001,FIELD_GOAL,"(1:50) C.Ryland 35 yard field goal is GOOD, Center-C.Kreiter, Holder-B.Gillikin.",def,Corey Thornton,0750,CB
2026001,0,2001,FIELD_GOAL,"(1:50) C.Ryland 35 yard field goal is GOOD, Center-C.Kreiter, Holder-B.Gillikin.",def,Lee Hunter,0750,NT
2026001,0,2001,FIELD_GOAL,"(1:50) C.Ryland 35 yard field goal is GOOD, Center-C.Kreiter, Holder-B.Gillikin.",def,Zakee Wheatley,0750,SS
2026001,0,2001,FIELD_GOAL,"(1:50) C.Ryland 35 yard field goal is GOOD, Center-C.Kreiter, Holder-B.Gillikin.",def,Aaron Hall,0750,DT
2026001,0,2028,KICK_OFF,"C.Ryland kicks 65 yards from AZ 35 to end zone, Touchback to the CAR 35.",off,Isaiah Oliver,3800,FS
2026001,0,2028,KICK_OFF,"C.Ryland kicks 65 yards from AZ 35 to end zone, Touchback to the CAR 35.",off,Simi Fehoko,3800,WR
2026001,0,2028,KICK_OFF,"C.Ryland kicks 65 yards from AZ 35 to end zone, Touchback to the CAR 35.",off,BJ Ojulari,3800,OLB
2026001,0,2028,KICK_OFF,"C.Ryland kicks 65 yards from AZ 35 to end zone, Touchback to the CAR 35.",off,Chad Ryland,3800,K
2026001,0,2028,KICK_OFF,"C.Ryland kicks 65 yards from AZ 35 to end zone, Touchback to the CAR 35.",off,Owen Pappoe,3800,ILB
2026001,0,2028,KICK_OFF,"C.Ryland kicks 65 yards from AZ 35 to end zone, Touchback to the CAR 35.",off,Kei'Trel Clark,3800,CB
2026001,0,2028,KICK_OFF,"C.Ryland kicks 65 yards from AZ 35 to end zone, Touchback to the CAR 35.",off,Eku Leota,3800,OLB
2026001,0,2028,KICK_OFF,"C.Ryland kicks 65 yards from AZ 35 to end zone, Touchback to the CAR 35.",off,Elijah Jones,3800,CB
2026001,0,2028,KICK_OFF,"C.Ryland kicks 65 yards from AZ 35 to end zone, Touchback to the CAR 35.",off,Quinton Newsome,3800,CB
2026001,0,2028,KICK_OFF,"C.Ryland kicks 65 yards from AZ 35 to end zone, Touchback to the CAR 35.",off,Bryson Green,3800,WR
2026001,0,2028,KICK_OFF,"C.Ryland kicks 65 yards from AZ 35 to end zone, Touchback to the CAR 35.",off,Karson Sharar,3800,ILB
2026001,0,2028,KICK_OFF,"C.Ryland kicks 65 yards from AZ 35 to end zone, Touchback to the CAR 35.",def,Cam Gill,0750,OLB
2026001,0,2028,KICK_OFF,"C.Ryland kicks 65 yards from AZ 35 to end zone, Touchback to the CAR 35.",def,Robert Rochell,0750,CB
2026001,0,2028,KICK_OFF,"C.Ryland kicks 65 yards from AZ 35 to end zone, Touchback to the CAR 35.",def,John Metchie III,0750,WR
2026001,0,2028,KICK_OFF,"C.Ryland kicks 65 yards from AZ 35 to end zone, Touchback to the CAR 35.",def,Nick Hampton,0750,OLB
2026001,0,2028,KICK_OFF,"C.Ryland kicks 65 yards from AZ 35 to end zone, Touchback to the CAR 35.",def,Demani Richardson,0750,FS
2026001,0,2028,KICK_OFF,"C.Ryland kicks 65 yards from AZ 35 to end zone, Touchback to the CAR 35.",def,Maema Njongmeta,0750,ILB
2026001,0,2028,KICK_OFF,"C.Ryland kicks 65 yards from AZ 35 to end zone, Touchback to the CAR 35.",def,Corey Thornton,0750,CB
2026001,0,2028,KICK_OFF,"C.Ryland kicks 65 yards from AZ 35 to end zone, Touchback to the CAR 35.",def,Anthony Tyus III,0750,RB
2026001,0,2028,KICK_OFF,"C.Ryland kicks 65 yards from AZ 35 to end zone, Touchback to the CAR 35.",def,Roc Taylor,0750,WR
2026001,0,2028,KICK_OFF,"C.Ryland kicks 65 yards from AZ 35 to end zone, Touchback to the CAR 35.",def,Jackson Kuwatch,0750,ILB
2026001,0,2028,KICK_OFF,"C.Ryland kicks 65 yards from AZ 35 to end zone, Touchback to the CAR 35.",def,Chamon Metayer,0750,TE
2026001,0,2057,PASS,(1:46) (Shotgun) H.King pass incomplete short right to J.Metchie.,off,AJ Dillon,0750,RB
2026001,0,2057,PASS,(1:46) (Shotgun) H.King pass incomplete short right to J.Metchie.,off,Stone Forsythe,0750,T
2026001,0,2057,PASS,(1:46) (Shotgun) H.King pass incomplete short right to J.Metchie.,off,John Metchie III,0750,WR
2026001,0,2057,PASS,(1:46) (Shotgun) H.King pass incomplete short right to J.Metchie.,off,James Mitchell,0750,TE
2026001,0,2057,PASS,(1:46) (Shotgun) H.King pass incomplete short right to J.Metchie.,off,Ja'Tyre Carter,0750,G
2026001,0,2057,PASS,(1:46) (Shotgun) H.King pass incomplete short right to J.Metchie.,off,Jimmy Horn Jr.,0750,WR
2026001,0,2057,PASS,(1:46) (Shotgun) H.King pass incomplete short right to J.Metchie.,off,Ja'Seem Reed,0750,WR
2026001,0,2057,PASS,(1:46) (Shotgun) H.King pass incomplete short right to J.Metchie.,off,Sam Hecht,0750,C
2026001,0,2057,PASS,(1:46) (Shotgun) H.King pass incomplete short right to J.Metchie.,off,Albert Reese,0750,T
2026001,0,2057,PASS,(1:46) (Shotgun) H.King pass incomplete short right to J.Metchie.,off,Isaia Glass,0750,T
2026001,0,2057,PASS,(1:46) (Shotgun) H.King pass incomplete short right to J.Metchie.,off,Haynes King,0750,QB
2026001,0,2057,PASS,(1:46) (Shotgun) H.King pass incomplete short right to J.Metchie.,def,Isaiah Oliver,3800,FS
2026001,0,2057,PASS,(1:46) (Shotgun) H.King pass incomplete short right to J.Metchie.,def,Elliott Brown,3800,OLB
2026001,0,2057,PASS,(1:46) (Shotgun) H.King pass incomplete short right to J.Metchie.,def,Owen Pappoe,3800,ILB
2026001,0,2057,PASS,(1:46) (Shotgun) H.King pass incomplete short right to J.Metchie.,def,Kei'Trel Clark,3800,CB
2026001,0,2057,PASS,(1:46) (Shotgun) H.King pass incomplete short right to J.Metchie.,def,Elijah Jones,3800,CB
2026001,0,2057,PASS,(1:46) (Shotgun) H.King pass incomplete short right to J.Metchie.,def,Kalen King,3800,CB
2026001,0,2057,PASS,(1:46) (Shotgun) H.King pass incomplete short right to J.Metchie.,def,Austin Keys,3800,ILB
2026001,0,2057,PASS,(1:46) (Shotgun) H.King pass incomplete short right to J.Metchie.,def,Cam Horsley,3800,DT
2026001,0,2057,PASS,(1:46) (Shotgun) H.King pass incomplete short right to J.Metchie.,def,Cam Robertson,3800,OLB
2026001,0,2057,PASS,(1:46) (Shotgun) H.King pass incomplete short right to J.Metchie.,def,Damonic Williams,3800,NT
2026001,0,2057,PASS,(1:46) (Shotgun) H.King pass incomplete short right to J.Metchie.,def,Wydett Williams Jr.,3800,SS
2026001,0,2080,PASS,"(1:42) (No Huddle, Shotgun) H.King pass short middle to J.Reed to 50 for 15 yards (W.Williams; I.Oliver).",off,AJ Dillon,0750,RB
2026001,0,2080,PASS,"(1:42) (No Huddle, Shotgun) H.King pass short middle to J.Reed to 50 for 15 yards (W.Williams; I.Oliver).",off,Stone Forsythe,0750,T
2026001,0,2080,PASS,"(1:42) (No Huddle, Shotgun) H.King pass short middle to J.Reed to 50 for 15 yards (W.Williams; I.Oliver).",off,John Metchie III,0750,WR
2026001,0,2080,PASS,"(1:42) (No Huddle, Shotgun) H.King pass short middle to J.Reed to 50 for 15 yards (W.Williams; I.Oliver).",off,James Mitchell,0750,TE
2026001,0,2080,PASS,"(1:42) (No Huddle, Shotgun) H.King pass short middle to J.Reed to 50 for 15 yards (W.Williams; I.Oliver).",off,Ja'Tyre Carter,0750,G
2026001,0,2080,PASS,"(1:42) (No Huddle, Shotgun) H.King pass short middle to J.Reed to 50 for 15 yards (W.Williams; I.Oliver).",off,Jimmy Horn Jr.,0750,WR
2026001,0,2080,PASS,"(1:42) (No Huddle, Shotgun) H.King pass short middle to J.Reed to 50 for 15 yards (W.Williams; I.Oliver).",off,Ja'Seem Reed,0750,WR
2026001,0,2080,PASS,"(1:42) (No Huddle, Shotgun) H.King pass short middle to J.Reed to 50 for 15 yards (W.Williams; I.Oliver).",off,Sam Hecht,0750,C
2026001,0,2080,PASS,"(1:42) (No Huddle, Shotgun) H.King pass short middle to J.Reed to 50 for 15 yards (W.Williams; I.Oliver).",off,Albert Reese,0750,T
2026001,0,2080,PASS,"(1:42) (No Huddle, Shotgun) H.King pass short middle to J.Reed to 50 for 15 yards (W.Williams; I.Oliver).",off,Isaia Glass,0750,T
2026001,0,2080,PASS,"(1:42) (No Huddle, Shotgun) H.King pass short middle to J.Reed to 50 for 15 yards (W.Williams; I.Oliver).",off,Haynes King,0750,QB
2026001,0,2080,PASS,"(1:42) (No Huddle, Shotgun) H.King pass short middle to J.Reed to 50 for 15 yards (W.Williams; I.Oliver).",def,Isaiah Oliver,3800,FS
2026001,0,2080,PASS,"(1:42) (No Huddle, Shotgun) H.King pass short middle to J.Reed to 50 for 15 yards (W.Williams; I.Oliver).",def,Elliott Brown,3800,OLB
2026001,0,2080,PASS,"(1:42) (No Huddle, Shotgun) H.King pass short middle to J.Reed to 50 for 15 yards (W.Williams; I.Oliver).",def,Owen Pappoe,3800,ILB
2026001,0,2080,PASS,"(1:42) (No Huddle, Shotgun) H.King pass short middle to J.Reed to 50 for 15 yards (W.Williams; I.Oliver).",def,Kei'Trel Clark,3800,CB
2026001,0,2080,PASS,"(1:42) (No Huddle, Shotgun) H.King pass short middle to J.Reed to 50 for 15 yards (W.Williams; I.Oliver).",def,Elijah Jones,3800,CB
2026001,0,2080,PASS,"(1:42) (No Huddle, Shotgun) H.King pass short middle to J.Reed to 50 for 15 yards (W.Williams; I.Oliver).",def,Kalen King,3800,CB
2026001,0,2080,PASS,"(1:42) (No Huddle, Shotgun) H.King pass short middle to J.Reed to 50 for 15 yards (W.Williams; I.Oliver).",def,Austin Keys,3800,ILB
2026001,0,2080,PASS,"(1:42) (No Huddle, Shotgun) H.King pass short middle to J.Reed to 50 for 15 yards (W.Williams; I.Oliver).",def,Cam Horsley,3800,DT
2026001,0,2080,PASS,"(1:42) (No Huddle, Shotgun) H.King pass short middle to J.Reed to 50 for 15 yards (W.Williams; I.Oliver).",def,Cam Robertson,3800,OLB
2026001,0,2080,PASS,"(1:42) (No Huddle, Shotgun) H.King pass short middle to J.Reed to 50 for 15 yards (W.Williams; I.Oliver).",def,Damonic Williams,3800,NT
2026001,0,2080,PASS,"(1:42) (No Huddle, Shotgun) H.King pass short middle to J.Reed to 50 for 15 yards (W.Williams; I.Oliver).",def,Wydett Williams Jr.,3800,SS
2026001,0,2105,PASS,"(1:24) (No Huddle, Shotgun) H.King pass short right to J.Metchie ran ob at AZ 39 for 11 yards.",off,AJ Dillon,0750,RB
2026001,0,2105,PASS,"(1:24) (No Huddle, Shotgun) H.King pass short right to J.Metchie ran ob at AZ 39 for 11 yards.",off,Stone Forsythe,0750,T
2026001,0,2105,PASS,"(1:24) (No Huddle, Shotgun) H.King pass short right to J.Metchie ran ob at AZ 39 for 11 yards.",off,John Metchie III,0750,WR
2026001,0,2105,PASS,"(1:24) (No Huddle, Shotgun) H.King pass short right to J.Metchie ran ob at AZ 39 for 11 yards.",off,James Mitchell,0750,TE
2026001,0,2105,PASS,"(1:24) (No Huddle, Shotgun) H.King pass short right to J.Metchie ran ob at AZ 39 for 11 yards.",off,Ja'Tyre Carter,0750,G
2026001,0,2105,PASS,"(1:24) (No Huddle, Shotgun) H.King pass short right to J.Metchie ran ob at AZ 39 for 11 yards.",off,Jimmy Horn Jr.,0750,WR
2026001,0,2105,PASS,"(1:24) (No Huddle, Shotgun) H.King pass short right to J.Metchie ran ob at AZ 39 for 11 yards.",off,Ja'Seem Reed,0750,WR
2026001,0,2105,PASS,"(1:24) (No Huddle, Shotgun) H.King pass short right to J.Metchie ran ob at AZ 39 for 11 yards.",off,Sam Hecht,0750,C
2026001,0,2105,PASS,"(1:24) (No Huddle, Shotgun) H.King pass short right to J.Metchie ran ob at AZ 39 for 11 yards.",off,Albert Reese,0750,T
2026001,0,2105,PASS,"(1:24) (No Huddle, Shotgun) H.King pass short right to J.Metchie ran ob at AZ 39 for 11 yards.",off,Isaia Glass,0750,T
2026001,0,2105,PASS,"(1:24) (No Huddle, Shotgun) H.King pass short right to J.Metchie ran ob at AZ 39 for 11 yards.",off,Haynes King,0750,QB
2026001,0,2105,PASS,"(1:24) (No Huddle, Shotgun) H.King pass short right to J.Metchie ran ob at AZ 39 for 11 yards.",def,Isaiah Oliver,3800,FS
2026001,0,2105,PASS,"(1:24) (No Huddle, Shotgun) H.King pass short right to J.Metchie ran ob at AZ 39 for 11 yards.",def,Elliott Brown,3800,OLB
2026001,0,2105,PASS,"(1:24) (No Huddle, Shotgun) H.King pass short right to J.Metchie ran ob at AZ 39 for 11 yards.",def,Owen Pappoe,3800,ILB
2026001,0,2105,PASS,"(1:24) (No Huddle, Shotgun) H.King pass short right to J.Metchie ran ob at AZ 39 for 11 yards.",def,Kei'Trel Clark,3800,CB
2026001,0,2105,PASS,"(1:24) (No Huddle, Shotgun) H.King pass short right to J.Metchie ran ob at AZ 39 for 11 yards.",def,Elijah Jones,3800,CB
2026001,0,2105,PASS,"(1:24) (No Huddle, Shotgun) H.King pass short right to J.Metchie ran ob at AZ 39 for 11 yards.",def,Kalen King,3800,CB
2026001,0,2105,PASS,"(1:24) (No Huddle, Shotgun) H.King pass short right to J.Metchie ran ob at AZ 39 for 11 yards.",def,Austin Keys,3800,ILB
2026001,0,2105,PASS,"(1:24) (No Huddle, Shotgun) H.King pass short right to J.Metchie ran ob at AZ 39 for 11 yards.",def,Cam Horsley,3800,DT
2026001,0,2105,PASS,"(1:24) (No Huddle, Shotgun) H.King pass short right to J.Metchie ran ob at AZ 39 for 11 yards.",def,Cam Robertson,3800,OLB
2026001,0,2105,PASS,"(1:24) (No Huddle, Shotgun) H.King pass short right to J.Metchie ran ob at AZ 39 for 11 yards.",def,Damonic Williams,3800,NT
2026001,0,2105,PASS,"(1:24) (No Huddle, Shotgun) H.King pass short right to J.Metchie ran ob at AZ 39 for 11 yards.",def,Wydett Williams Jr.,3800,SS
2026001,0,2130,PASS,"(1:17) (No Huddle, Shotgun) H.King pass short right to J.Mitchell to AZ 38 for 1 yard (A.Keys).",off,AJ Dillon,0750,RB
2026001,0,2130,PASS,"(1:17) (No Huddle, Shotgun) H.King pass short right to J.Mitchell to AZ 38 for 1 yard (A.Keys).",off,Stone Forsythe,0750,T
2026001,0,2130,PASS,"(1:17) (No Huddle, Shotgun) H.King pass short right to J.Mitchell to AZ 38 for 1 yard (A.Keys).",off,John Metchie III,0750,WR
2026001,0,2130,PASS,"(1:17) (No Huddle, Shotgun) H.King pass short right to J.Mitchell to AZ 38 for 1 yard (A.Keys).",off,James Mitchell,0750,TE
2026001,0,2130,PASS,"(1:17) (No Huddle, Shotgun) H.King pass short right to J.Mitchell to AZ 38 for 1 yard (A.Keys).",off,Ja'Tyre Carter,0750,G
2026001,0,2130,PASS,"(1:17) (No Huddle, Shotgun) H.King pass short right to J.Mitchell to AZ 38 for 1 yard (A.Keys).",off,Jimmy Horn Jr.,0750,WR
2026001,0,2130,PASS,"(1:17) (No Huddle, Shotgun) H.King pass short right to J.Mitchell to AZ 38 for 1 yard (A.Keys).",off,Ja'Seem Reed,0750,WR
2026001,0,2130,PASS,"(1:17) (No Huddle, Shotgun) H.King pass short right to J.Mitchell to AZ 38 for 1 yard (A.Keys).",off,Sam Hecht,0750,C
2026001,0,2130,PASS,"(1:17) (No Huddle, Shotgun) H.King pass short right to J.Mitchell to AZ 38 for 1 yard (A.Keys).",off,Albert Reese,0750,T
2026001,0,2130,PASS,"(1:17) (No Huddle, Shotgun) H.King pass short right to J.Mitchell to AZ 38 for 1 yard (A.Keys).",off,Isaia Glass,0750,T
2026001,0,2130,PASS,"(1:17) (No Huddle, Shotgun) H.King pass short right to J.Mitchell to AZ 38 for 1 yard (A.Keys).",off,Haynes King,0750,QB
2026001,0,2130,PASS,"(1:17) (No Huddle, Shotgun) H.King pass short right to J.Mitchell to AZ 38 for 1 yard (A.Keys).",def,Isaiah Oliver,3800,FS
2026001,0,2130,PASS,"(1:17) (No Huddle, Shotgun) H.King pass short right to J.Mitchell to AZ 38 for 1 yard (A.Keys).",def,Elliott Brown,3800,OLB
2026001,0,2130,PASS,"(1:17) (No Huddle, Shotgun) H.King pass short right to J.Mitchell to AZ 38 for 1 yard (A.Keys).",def,Owen Pappoe,3800,ILB
2026001,0,2130,PASS,"(1:17) (No Huddle, Shotgun) H.King pass short right to J.Mitchell to AZ 38 for 1 yard (A.Keys).",def,Kei'Trel Clark,3800,CB
2026001,0,2130,PASS,"(1:17) (No Huddle, Shotgun) H.King pass short right to J.Mitchell to AZ 38 for 1 yard (A.Keys).",def,Elijah Jones,3800,CB
2026001,0,2130,PASS,"(1:17) (No Huddle, Shotgun) H.King pass short right to J.Mitchell to AZ 38 for 1 yard (A.Keys).",def,Kalen King,3800,CB
2026001,0,2130,PASS,"(1:17) (No Huddle, Shotgun) H.King pass short right to J.Mitchell to AZ 38 for 1 yard (A.Keys).",def,Austin Keys,3800,ILB
2026001,0,2130,PASS,"(1:17) (No Huddle, Shotgun) H.King pass short right to J.Mitchell to AZ 38 for 1 yard (A.Keys).",def,Cam Horsley,3800,DT
2026001,0,2130,PASS,"(1:17) (No Huddle, Shotgun) H.King pass short right to J.Mitchell to AZ 38 for 1 yard (A.Keys).",def,Cam Robertson,3800,OLB
2026001,0,2130,PASS,"(1:17) (No Huddle, Shotgun) H.King pass short right to J.Mitchell to AZ 38 for 1 yard (A.Keys).",def,Damonic Williams,3800,NT
2026001,0,2130,PASS,"(1:17) (No Huddle, Shotgun) H.King pass short right to J.Mitchell to AZ 38 for 1 yard (A.Keys).",def,Wydett Williams Jr.,3800,SS
2026001,0,2155,PASS,"(:57) (No Huddle, Shotgun) H.King pass short right to J.Mitchell pushed ob at AZ 32 for 6 yards (A.Keys).",off,AJ Dillon,0750,RB
2026001,0,2155,PASS,"(:57) (No Huddle, Shotgun) H.King pass short right to J.Mitchell pushed ob at AZ 32 for 6 yards (A.Keys).",off,Stone Forsythe,0750,T
2026001,0,2155,PASS,"(:57) (No Huddle, Shotgun) H.King pass short right to J.Mitchell pushed ob at AZ 32 for 6 yards (A.Keys).",off,John Metchie III,0750,WR
2026001,0,2155,PASS,"(:57) (No Huddle, Shotgun) H.King pass short right to J.Mitchell pushed ob at AZ 32 for 6 yards (A.Keys).",off,James Mitchell,0750,TE
2026001,0,2155,PASS,"(:57) (No Huddle, Shotgun) H.King pass short right to J.Mitchell pushed ob at AZ 32 for 6 yards (A.Keys).",off,Ja'Tyre Carter,0750,G
2026001,0,2155,PASS,"(:57) (No Huddle, Shotgun) H.King pass short right to J.Mitchell pushed ob at AZ 32 for 6 yards (A.Keys).",off,Jimmy Horn Jr.,0750,WR
2026001,0,2155,PASS,"(:57) (No Huddle, Shotgun) H.King pass short right to J.Mitchell pushed ob at AZ 32 for 6 yards (A.Keys).",off,Ja'Seem Reed,0750,WR
2026001,0,2155,PASS,"(:57) (No Huddle, Shotgun) H.King pass short right to J.Mitchell pushed ob at AZ 32 for 6 yards (A.Keys).",off,Sam Hecht,0750,C
2026001,0,2155,PASS,"(:57) (No Huddle, Shotgun) H.King pass short right to J.Mitchell pushed ob at AZ 32 for 6 yards (A.Keys).",off,Albert Reese,0750,T
2026001,0,2155,PASS,"(:57) (No Huddle, Shotgun) H.King pass short right to J.Mitchell pushed ob at AZ 32 for 6 yards (A.Keys).",off,Isaia Glass,0750,T
2026001,0,2155,PASS,"(:57) (No Huddle, Shotgun) H.King pass short right to J.Mitchell pushed ob at AZ 32 for 6 yards (A.Keys).",off,Haynes King,0750,QB
2026001,0,2155,PASS,"(:57) (No Huddle, Shotgun) H.King pass short right to J.Mitchell pushed ob at AZ 32 for 6 yards (A.Keys).",def,Isaiah Oliver,3800,FS
2026001,0,2155,PASS,"(:57) (No Huddle, Shotgun) H.King pass short right to J.Mitchell pushed ob at AZ 32 for 6 yards (A.Keys).",def,Elliott Brown,3800,OLB
2026001,0,2155,PASS,"(:57) (No Huddle, Shotgun) H.King pass short right to J.Mitchell pushed ob at AZ 32 for 6 yards (A.Keys).",def,Owen Pappoe,3800,ILB
2026001,0,2155,PASS,"(:57) (No Huddle, Shotgun) H.King pass short right to J.Mitchell pushed ob at AZ 32 for 6 yards (A.Keys).",def,Kei'Trel Clark,3800,CB
2026001,0,2155,PASS,"(:57) (No Huddle, Shotgun) H.King pass short right to J.Mitchell pushed ob at AZ 32 for 6 yards (A.Keys).",def,Elijah Jones,3800,CB
2026001,0,2155,PASS,"(:57) (No Huddle, Shotgun) H.King pass short right to J.Mitchell pushed ob at AZ 32 for 6 yards (A.Keys).",def,Kalen King,3800,CB
2026001,0,2155,PASS,"(:57) (No Huddle, Shotgun) H.King pass short right to J.Mitchell pushed ob at AZ 32 for 6 yards (A.Keys).",def,Austin Keys,3800,ILB
2026001,0,2155,PASS,"(:57) (No Huddle, Shotgun) H.King pass short right to J.Mitchell pushed ob at AZ 32 for 6 yards (A.Keys).",def,Cam Horsley,3800,DT
2026001,0,2155,PASS,"(:57) (No Huddle, Shotgun) H.King pass short right to J.Mitchell pushed ob at AZ 32 for 6 yards (A.Keys).",def,Cam Robertson,3800,OLB
2026001,0,2155,PASS,"(:57) (No Huddle, Shotgun) H.King pass short right to J.Mitchell pushed ob at AZ 32 for 6 yards (A.Keys).",def,Damonic Williams,3800,NT
2026001,0,2155,PASS,"(:57) (No Huddle, Shotgun) H.King pass short right to J.Mitchell pushed ob at AZ 32 for 6 yards (A.Keys).",def,Wydett Williams Jr.,3800,SS
2026001,0,2185,PASS,(:53) (Shotgun) H.King pass short right to Ji.Horn to AZ 15 for 17 yards (B.Martin).,off,AJ Dillon,0750,RB
2026001,0,2185,PASS,(:53) (Shotgun) H.King pass short right to Ji.Horn to AZ 15 for 17 yards (B.Martin).,off,Stone Forsythe,0750,T
2026001,0,2185,PASS,(:53) (Shotgun) H.King pass short right to Ji.Horn to AZ 15 for 17 yards (B.Martin).,off,Feleipe Franks,0750,TE
2026001,0,2185,PASS,(:53) (Shotgun) H.King pass short right to Ji.Horn to AZ 15 for 17 yards (B.Martin).,off,John Metchie III,0750,WR
2026001,0,2185,PASS,(:53) (Shotgun) H.King pass short right to Ji.Horn to AZ 15 for 17 yards (B.Martin).,off,Ja'Tyre Carter,0750,G
2026001,0,2185,PASS,(:53) (Shotgun) H.King pass short right to Ji.Horn to AZ 15 for 17 yards (B.Martin).,off,Jimmy Horn Jr.,0750,WR
2026001,0,2185,PASS,(:53) (Shotgun) H.King pass short right to Ji.Horn to AZ 15 for 17 yards (B.Martin).,off,Ja'Seem Reed,0750,WR
2026001,0,2185,PASS,(:53) (Shotgun) H.King pass short right to Ji.Horn to AZ 15 for 17 yards (B.Martin).,off,Sam Hecht,0750,C
2026001,0,2185,PASS,(:53) (Shotgun) H.King pass short right to Ji.Horn to AZ 15 for 17 yards (B.Martin).,off,Albert Reese,0750,T
2026001,0,2185,PASS,(:53) (Shotgun) H.King pass short right to Ji.Horn to AZ 15 for 17 yards (B.Martin).,off,Isaia Glass,0750,T
2026001,0,2185,PASS,(:53) (Shotgun) H.King pass short right to Ji.Horn to AZ 15 for 17 yards (B.Martin).,off,Haynes King,0750,QB
2026001,0,2185,PASS,(:53) (Shotgun) H.King pass short right to Ji.Horn to AZ 15 for 17 yards (B.Martin).,def,Isaiah Oliver,3800,FS
2026001,0,2185,PASS,(:53) (Shotgun) H.King pass short right to Ji.Horn to AZ 15 for 17 yards (B.Martin).,def,Jonah Williams,3800,DE
2026001,0,2185,PASS,(:53) (Shotgun) H.King pass short right to Ji.Horn to AZ 15 for 17 yards (B.Martin).,def,BJ Ojulari,3800,OLB
2026001,0,2185,PASS,(:53) (Shotgun) H.King pass short right to Ji.Horn to AZ 15 for 17 yards (B.Martin).,def,Brodric Martin,3800,DT
2026001,0,2185,PASS,(:53) (Shotgun) H.King pass short right to Ji.Horn to AZ 15 for 17 yards (B.Martin).,def,Owen Pappoe,3800,ILB
2026001,0,2185,PASS,(:53) (Shotgun) H.King pass short right to Ji.Horn to AZ 15 for 17 yards (B.Martin).,def,Kei'Trel Clark,3800,CB
2026001,0,2185,PASS,(:53) (Shotgun) H.King pass short right to Ji.Horn to AZ 15 for 17 yards (B.Martin).,def,Eku Leota,3800,OLB
2026001,0,2185,PASS,(:53) (Shotgun) H.King pass short right to Ji.Horn to AZ 15 for 17 yards (B.Martin).,def,Elijah Jones,3800,CB
2026001,0,2185,PASS,(:53) (Shotgun) H.King pass short right to Ji.Horn to AZ 15 for 17 yards (B.Martin).,def,Kalen King,3800,CB
2026001,0,2185,PASS,(:53) (Shotgun) H.King pass short right to Ji.Horn to AZ 15 for 17 yards (B.Martin).,def,Austin Keys,3800,ILB
2026001,0,2185,PASS,(:53) (Shotgun) H.King pass short right to Ji.Horn to AZ 15 for 17 yards (B.Martin).,def,Wydett Williams Jr.,3800,SS
2026001,0,2210,PASS,"(:27) (No Huddle, Shotgun) H.King pass incomplete short right to J.Metchie.",off,AJ Dillon,0750,RB
2026001,0,2210,PASS,"(:27) (No Huddle, Shotgun) H.King pass incomplete short right to J.Metchie.",off,Stone Forsythe,0750,T
2026001,0,2210,PASS,"(:27) (No Huddle, Shotgun) H.King pass incomplete short right to J.Metchie.",off,Feleipe Franks,0750,TE
2026001,0,2210,PASS,"(:27) (No Huddle, Shotgun) H.King pass incomplete short right to J.Metchie.",off,John Metchie III,0750,WR
2026001,0,2210,PASS,"(:27) (No Huddle, Shotgun) H.King pass incomplete short right to J.Metchie.",off,Ja'Tyre Carter,0750,G
2026001,0,2210,PASS,"(:27) (No Huddle, Shotgun) H.King pass incomplete short right to J.Metchie.",off,Jimmy Horn Jr.,0750,WR
2026001,0,2210,PASS,"(:27) (No Huddle, Shotgun) H.King pass incomplete short right to J.Metchie.",off,Ja'Seem Reed,0750,WR
2026001,0,2210,PASS,"(:27) (No Huddle, Shotgun) H.King pass incomplete short right to J.Metchie.",off,Sam Hecht,0750,C
2026001,0,2210,PASS,"(:27) (No Huddle, Shotgun) H.King pass incomplete short right to J.Metchie.",off,Albert Reese,0750,T
2026001,0,2210,PASS,"(:27) (No Huddle, Shotgun) H.King pass incomplete short right to J.Metchie.",off,Isaia Glass,0750,T
2026001,0,2210,PASS,"(:27) (No Huddle, Shotgun) H.King pass incomplete short right to J.Metchie.",off,Haynes King,0750,QB
2026001,0,2210,PASS,"(:27) (No Huddle, Shotgun) H.King pass incomplete short right to J.Metchie.",def,Isaiah Oliver,3800,FS
2026001,0,2210,PASS,"(:27) (No Huddle, Shotgun) H.King pass incomplete short right to J.Metchie.",def,Jonah Williams,3800,DE
2026001,0,2210,PASS,"(:27) (No Huddle, Shotgun) H.King pass incomplete short right to J.Metchie.",def,BJ Ojulari,3800,OLB
2026001,0,2210,PASS,"(:27) (No Huddle, Shotgun) H.King pass incomplete short right to J.Metchie.",def,Brodric Martin,3800,DT
2026001,0,2210,PASS,"(:27) (No Huddle, Shotgun) H.King pass incomplete short right to J.Metchie.",def,Owen Pappoe,3800,ILB
2026001,0,2210,PASS,"(:27) (No Huddle, Shotgun) H.King pass incomplete short right to J.Metchie.",def,Kei'Trel Clark,3800,CB
2026001,0,2210,PASS,"(:27) (No Huddle, Shotgun) H.King pass incomplete short right to J.Metchie.",def,Eku Leota,3800,OLB
2026001,0,2210,PASS,"(:27) (No Huddle, Shotgun) H.King pass incomplete short right to J.Metchie.",def,Elijah Jones,3800,CB
2026001,0,2210,PASS,"(:27) (No Huddle, Shotgun) H.King pass incomplete short right to J.Metchie.",def,Kalen King,3800,CB
2026001,0,2210,PASS,"(:27) (No Huddle, Shotgun) H.King pass incomplete short right to J.Metchie.",def,Austin Keys,3800,ILB
2026001,0,2210,PASS,"(:27) (No Huddle, Shotgun) H.King pass incomplete short right to J.Metchie.",def,Wydett Williams Jr.,3800,SS
2026001,0,2233,PASS,(:23) (Shotgun) H.King pass incomplete short right to Ji.Horn.,off,AJ Dillon,0750,RB
2026001,0,2233,PASS,(:23) (Shotgun) H.King pass incomplete short right to Ji.Horn.,off,Stone Forsythe,0750,T
2026001,0,2233,PASS,(:23) (Shotgun) H.King pass incomplete short right to Ji.Horn.,off,Feleipe Franks,0750,TE
2026001,0,2233,PASS,(:23) (Shotgun) H.King pass incomplete short right to Ji.Horn.,off,Ja'Tyre Carter,0750,G
2026001,0,2233,PASS,(:23) (Shotgun) H.King pass incomplete short right to Ji.Horn.,off,Jimmy Horn Jr.,0750,WR
2026001,0,2233,PASS,(:23) (Shotgun) H.King pass incomplete short right to Ji.Horn.,off,Ja'Seem Reed,0750,WR
2026001,0,2233,PASS,(:23) (Shotgun) H.King pass incomplete short right to Ji.Horn.,off,Sam Hecht,0750,C
2026001,0,2233,PASS,(:23) (Shotgun) H.King pass incomplete short right to Ji.Horn.,off,Malick Meiga,0750,WR
2026001,0,2233,PASS,(:23) (Shotgun) H.King pass incomplete short right to Ji.Horn.,off,Albert Reese,0750,T
2026001,0,2233,PASS,(:23) (Shotgun) H.King pass incomplete short right to Ji.Horn.,off,Isaia Glass,0750,T
2026001,0,2233,PASS,(:23) (Shotgun) H.King pass incomplete short right to Ji.Horn.,off,Haynes King,0750,QB
2026001,0,2233,PASS,(:23) (Shotgun) H.King pass incomplete short right to Ji.Horn.,def,Isaiah Oliver,3800,FS
2026001,0,2233,PASS,(:23) (Shotgun) H.King pass incomplete short right to Ji.Horn.,def,Jonah Williams,3800,DE
2026001,0,2233,PASS,(:23) (Shotgun) H.King pass incomplete short right to Ji.Horn.,def,BJ Ojulari,3800,OLB
2026001,0,2233,PASS,(:23) (Shotgun) H.King pass incomplete short right to Ji.Horn.,def,Brodric Martin,3800,DT
2026001,0,2233,PASS,(:23) (Shotgun) H.King pass incomplete short right to Ji.Horn.,def,Owen Pappoe,3800,ILB
2026001,0,2233,PASS,(:23) (Shotgun) H.King pass incomplete short right to Ji.Horn.,def,Kei'Trel Clark,3800,CB
2026001,0,2233,PASS,(:23) (Shotgun) H.King pass incomplete short right to Ji.Horn.,def,Eku Leota,3800,OLB
2026001,0,2233,PASS,(:23) (Shotgun) H.King pass incomplete short right to Ji.Horn.,def,Elijah Jones,3800,CB
2026001,0,2233,PASS,(:23) (Shotgun) H.King pass incomplete short right to Ji.Horn.,def,Kalen King,3800,CB
2026001,0,2233,PASS,(:23) (Shotgun) H.King pass incomplete short right to Ji.Horn.,def,Austin Keys,3800,ILB
2026001,0,2233,PASS,(:23) (Shotgun) H.King pass incomplete short right to Ji.Horn.,def,Wydett Williams Jr.,3800,SS
2026001,0,2256,PASS,"(:18) (Shotgun) H.King pass short right to Ji.Horn to AZ 15 for no gain (E.Jones) [E.Leota].
Penalty on CAR, Illegal Shift, declined.",off,AJ Dillon,0750,RB
2026001,0,2256,PASS,"(:18) (Shotgun) H.King pass short right to Ji.Horn to AZ 15 for no gain (E.Jones) [E.Leota].
Penalty on CAR, Illegal Shift, declined.",off,Stone Forsythe,0750,T
2026001,0,2256,PASS,"(:18) (Shotgun) H.King pass short right to Ji.Horn to AZ 15 for no gain (E.Jones) [E.Leota].
Penalty on CAR, Illegal Shift, declined.",off,Feleipe Franks,0750,TE
2026001,0,2256,PASS,"(:18) (Shotgun) H.King pass short right to Ji.Horn to AZ 15 for no gain (E.Jones) [E.Leota].
Penalty on CAR, Illegal Shift, declined.",off,Ja'Tyre Carter,0750,G
2026001,0,2256,PASS,"(:18) (Shotgun) H.King pass short right to Ji.Horn to AZ 15 for no gain (E.Jones) [E.Leota].
Penalty on CAR, Illegal Shift, declined.",off,Jimmy Horn Jr.,0750,WR
2026001,0,2256,PASS,"(:18) (Shotgun) H.King pass short right to Ji.Horn to AZ 15 for no gain (E.Jones) [E.Leota].
Penalty on CAR, Illegal Shift, declined.",off,Ja'Seem Reed,0750,WR
2026001,0,2256,PASS,"(:18) (Shotgun) H.King pass short right to Ji.Horn to AZ 15 for no gain (E.Jones) [E.Leota].
Penalty on CAR, Illegal Shift, declined.",off,Sam Hecht,0750,C
2026001,0,2256,PASS,"(:18) (Shotgun) H.King pass short right to Ji.Horn to AZ 15 for no gain (E.Jones) [E.Leota].
Penalty on CAR, Illegal Shift, declined.",off,Malick Meiga,0750,WR
2026001,0,2256,PASS,"(:18) (Shotgun) H.King pass short right to Ji.Horn to AZ 15 for no gain (E.Jones) [E.Leota].
Penalty on CAR, Illegal Shift, declined.",off,Albert Reese,0750,T
2026001,0,2256,PASS,"(:18) (Shotgun) H.King pass short right to Ji.Horn to AZ 15 for no gain (E.Jones) [E.Leota].
Penalty on CAR, Illegal Shift, declined.",off,Isaia Glass,0750,T
2026001,0,2256,PASS,"(:18) (Shotgun) H.King pass short right to Ji.Horn to AZ 15 for no gain (E.Jones) [E.Leota].
Penalty on CAR, Illegal Shift, declined.",off,Haynes King,0750,QB
2026001,0,2256,PASS,"(:18) (Shotgun) H.King pass short right to Ji.Horn to AZ 15 for no gain (E.Jones) [E.Leota].
Penalty on CAR, Illegal Shift, declined.",def,Isaiah Oliver,3800,FS
2026001,0,2256,PASS,"(:18) (Shotgun) H.King pass short right to Ji.Horn to AZ 15 for no gain (E.Jones) [E.Leota].
Penalty on CAR, Illegal Shift, declined.",def,BJ Ojulari,3800,OLB
2026001,0,2256,PASS,"(:18) (Shotgun) H.King pass short right to Ji.Horn to AZ 15 for no gain (E.Jones) [E.Leota].
Penalty on CAR, Illegal Shift, declined.",def,Owen Pappoe,3800,ILB
2026001,0,2256,PASS,"(:18) (Shotgun) H.King pass short right to Ji.Horn to AZ 15 for no gain (E.Jones) [E.Leota].
Penalty on CAR, Illegal Shift, declined.",def,Kei'Trel Clark,3800,CB
2026001,0,2256,PASS,"(:18) (Shotgun) H.King pass short right to Ji.Horn to AZ 15 for no gain (E.Jones) [E.Leota].
Penalty on CAR, Illegal Shift, declined.",def,Eku Leota,3800,OLB
2026001,0,2256,PASS,"(:18) (Shotgun) H.King pass short right to Ji.Horn to AZ 15 for no gain (E.Jones) [E.Leota].
Penalty on CAR, Illegal Shift, declined.",def,Elijah Jones,3800,CB
2026001,0,2256,PASS,"(:18) (Shotgun) H.King pass short right to Ji.Horn to AZ 15 for no gain (E.Jones) [E.Leota].
Penalty on CAR, Illegal Shift, declined.",def,Kalen King,3800,CB
2026001,0,2256,PASS,"(:18) (Shotgun) H.King pass short right to Ji.Horn to AZ 15 for no gain (E.Jones) [E.Leota].
Penalty on CAR, Illegal Shift, declined.",def,Austin Keys,3800,ILB
2026001,0,2256,PASS,"(:18) (Shotgun) H.King pass short right to Ji.Horn to AZ 15 for no gain (E.Jones) [E.Leota].
Penalty on CAR, Illegal Shift, declined.",def,Cam Horsley,3800,DT
2026001,0,2256,PASS,"(:18) (Shotgun) H.King pass short right to Ji.Horn to AZ 15 for no gain (E.Jones) [E.Leota].
Penalty on CAR, Illegal Shift, declined.",def,Damonic Williams,3800,NT
2026001,0,2256,PASS,"(:18) (Shotgun) H.King pass short right to Ji.Horn to AZ 15 for no gain (E.Jones) [E.Leota].
Penalty on CAR, Illegal Shift, declined.",def,Wydett Williams Jr.,3800,SS
2026001,0,2292,FIELD_GOAL,"(:12) R.Fitzgerald 33 yard field goal is GOOD, Center-J.Jansen, Holder-S.Martin.",off,J.J. Jansen,0750,LS
2026001,0,2292,FIELD_GOAL,"(:12) R.Fitzgerald 33 yard field goal is GOOD, Center-J.Jansen, Holder-S.Martin.",off,Sam Martin,0750,P
2026001,0,2292,FIELD_GOAL,"(:12) R.Fitzgerald 33 yard field goal is GOOD, Center-J.Jansen, Holder-S.Martin.",off,Brady Christensen,0750,T
2026001,0,2292,FIELD_GOAL,"(:12) R.Fitzgerald 33 yard field goal is GOOD, Center-J.Jansen, Holder-S.Martin.",off,Stone Forsythe,0750,T
2026001,0,2292,FIELD_GOAL,"(:12) R.Fitzgerald 33 yard field goal is GOOD, Center-J.Jansen, Holder-S.Martin.",off,Feleipe Franks,0750,TE
2026001,0,2292,FIELD_GOAL,"(:12) R.Fitzgerald 33 yard field goal is GOOD, Center-J.Jansen, Holder-S.Martin.",off,Ja'Tyre Carter,0750,G
2026001,0,2292,FIELD_GOAL,"(:12) R.Fitzgerald 33 yard field goal is GOOD, Center-J.Jansen, Holder-S.Martin.",off,Nick Samac,0750,C
2026001,0,2292,FIELD_GOAL,"(:12) R.Fitzgerald 33 yard field goal is GOOD, Center-J.Jansen, Holder-S.Martin.",off,Cam Jackson,0750,DT
2026001,0,2292,FIELD_GOAL,"(:12) R.Fitzgerald 33 yard field goal is GOOD, Center-J.Jansen, Holder-S.Martin.",off,Ryan Fitzgerald,0750,K
2026001,0,2292,FIELD_GOAL,"(:12) R.Fitzgerald 33 yard field goal is GOOD, Center-J.Jansen, Holder-S.Martin.",off,Albert Reese,0750,T
2026001,0,2292,FIELD_GOAL,"(:12) R.Fitzgerald 33 yard field goal is GOOD, Center-J.Jansen, Holder-S.Martin.",off,Isaia Glass,0750,T
2026001,0,2292,FIELD_GOAL,"(:12) R.Fitzgerald 33 yard field goal is GOOD, Center-J.Jansen, Holder-S.Martin.",def,Isaiah Oliver,3800,FS
2026001,0,2292,FIELD_GOAL,"(:12) R.Fitzgerald 33 yard field goal is GOOD, Center-J.Jansen, Holder-S.Martin.",def,Jonah Williams,3800,DE
2026001,0,2292,FIELD_GOAL,"(:12) R.Fitzgerald 33 yard field goal is GOOD, Center-J.Jansen, Holder-S.Martin.",def,Owen Pappoe,3800,ILB
2026001,0,2292,FIELD_GOAL,"(:12) R.Fitzgerald 33 yard field goal is GOOD, Center-J.Jansen, Holder-S.Martin.",def,Kei'Trel Clark,3800,CB
2026001,0,2292,FIELD_GOAL,"(:12) R.Fitzgerald 33 yard field goal is GOOD, Center-J.Jansen, Holder-S.Martin.",def,Eku Leota,3800,OLB
2026001,0,2292,FIELD_GOAL,"(:12) R.Fitzgerald 33 yard field goal is GOOD, Center-J.Jansen, Holder-S.Martin.",def,Elijah Jones,3800,CB
2026001,0,2292,FIELD_GOAL,"(:12) R.Fitzgerald 33 yard field goal is GOOD, Center-J.Jansen, Holder-S.Martin.",def,Cam Horsley,3800,DT
2026001,0,2292,FIELD_GOAL,"(:12) R.Fitzgerald 33 yard field goal is GOOD, Center-J.Jansen, Holder-S.Martin.",def,Karson Sharar,3800,ILB
2026001,0,2292,FIELD_GOAL,"(:12) R.Fitzgerald 33 yard field goal is GOOD, Center-J.Jansen, Holder-S.Martin.",def,Cam Robertson,3800,OLB
2026001,0,2292,FIELD_GOAL,"(:12) R.Fitzgerald 33 yard field goal is GOOD, Center-J.Jansen, Holder-S.Martin.",def,Damonic Williams,3800,NT
2026001,0,2292,FIELD_GOAL,"(:12) R.Fitzgerald 33 yard field goal is GOOD, Center-J.Jansen, Holder-S.Martin.",def,Wydett Williams Jr.,3800,SS
2026001,0,2312,KICK_OFF,"R.Fitzgerald kicks 65 yards from CAR 35 to end zone, Touchback to the AZ 35.",off,Cam Gill,0750,OLB
2026001,0,2312,KICK_OFF,"R.Fitzgerald kicks 65 yards from CAR 35 to end zone, Touchback to the AZ 35.",off,Robert Rochell,0750,CB
2026001,0,2312,KICK_OFF,"R.Fitzgerald kicks 65 yards from CAR 35 to end zone, Touchback to the AZ 35.",off,Nick Hampton,0750,OLB
2026001,0,2312,KICK_OFF,"R.Fitzgerald kicks 65 yards from CAR 35 to end zone, Touchback to the AZ 35.",off,Chau Smith-Wade,0750,CB
2026001,0,2312,KICK_OFF,"R.Fitzgerald kicks 65 yards from CAR 35 to end zone, Touchback to the AZ 35.",off,Demani Richardson,0750,FS
2026001,0,2312,KICK_OFF,"R.Fitzgerald kicks 65 yards from CAR 35 to end zone, Touchback to the AZ 35.",off,Maema Njongmeta,0750,ILB
2026001,0,2312,KICK_OFF,"R.Fitzgerald kicks 65 yards from CAR 35 to end zone, Touchback to the AZ 35.",off,Mapalo Mwansa,0750,DE
2026001,0,2312,KICK_OFF,"R.Fitzgerald kicks 65 yards from CAR 35 to end zone, Touchback to the AZ 35.",off,Ryan Fitzgerald,0750,K
2026001,0,2312,KICK_OFF,"R.Fitzgerald kicks 65 yards from CAR 35 to end zone, Touchback to the AZ 35.",off,Bam Martin-Scott,0750,ILB
2026001,0,2312,KICK_OFF,"R.Fitzgerald kicks 65 yards from CAR 35 to end zone, Touchback to the AZ 35.",off,Corey Thornton,0750,CB
2026001,0,2312,KICK_OFF,"R.Fitzgerald kicks 65 yards from CAR 35 to end zone, Touchback to the AZ 35.",off,Jackson Kuwatch,0750,ILB
2026001,0,2312,KICK_OFF,"R.Fitzgerald kicks 65 yards from CAR 35 to end zone, Touchback to the AZ 35.",def,Simi Fehoko,3800,WR
2026001,0,2312,KICK_OFF,"R.Fitzgerald kicks 65 yards from CAR 35 to end zone, Touchback to the AZ 35.",def,Kenny Yeboah,3800,TE
2026001,0,2312,KICK_OFF,"R.Fitzgerald kicks 65 yards from CAR 35 to end zone, Touchback to the AZ 35.",def,Bam Knight,3800,RB
2026001,0,2312,KICK_OFF,"R.Fitzgerald kicks 65 yards from CAR 35 to end zone, Touchback to the AZ 35.",def,Evan Hull,3800,RB
2026001,0,2312,KICK_OFF,"R.Fitzgerald kicks 65 yards from CAR 35 to end zone, Touchback to the AZ 35.",def,Eku Leota,3800,OLB
2026001,0,2312,KICK_OFF,"R.Fitzgerald kicks 65 yards from CAR 35 to end zone, Touchback to the AZ 35.",def,Elijah Jones,3800,CB
2026001,0,2312,KICK_OFF,"R.Fitzgerald kicks 65 yards from CAR 35 to end zone, Touchback to the AZ 35.",def,Rivaldo Fairweather,3800,TE
2026001,0,2312,KICK_OFF,"R.Fitzgerald kicks 65 yards from CAR 35 to end zone, Touchback to the AZ 35.",def,Karson Sharar,3800,ILB
2026001,0,2312,KICK_OFF,"R.Fitzgerald kicks 65 yards from CAR 35 to end zone, Touchback to the AZ 35.",def,Jameson Geers,3800,TE
2026001,0,2312,KICK_OFF,"R.Fitzgerald kicks 65 yards from CAR 35 to end zone, Touchback to the AZ 35.",def,Harrison Wallace III,3800,WR
2026001,0,2312,KICK_OFF,"R.Fitzgerald kicks 65 yards from CAR 35 to end zone, Touchback to the AZ 35.",def,Wydett Williams Jr.,3800,SS
2026001,0,2329,RUSH,(:08) C.Beck kneels to AZ 34 for -1 yards.,off,Simi Fehoko,3800,WR
2026001,0,2329,RUSH,(:08) C.Beck kneels to AZ 34 for -1 yards.,off,Kenny Yeboah,3800,TE
2026001,0,2329,RUSH,(:08) C.Beck kneels to AZ 34 for -1 yards.,off,Bam Knight,3800,RB
2026001,0,2329,RUSH,(:08) C.Beck kneels to AZ 34 for -1 yards.,off,Jon Gaines II,3800,C
2026001,0,2329,RUSH,(:08) C.Beck kneels to AZ 34 for -1 yards.,off,Jalen Brooks,3800,WR
2026001,0,2329,RUSH,(:08) C.Beck kneels to AZ 34 for -1 yards.,off,Hayden Conner,3800,G
2026001,0,2329,RUSH,(:08) C.Beck kneels to AZ 34 for -1 yards.,off,Rivaldo Fairweather,3800,TE
2026001,0,2329,RUSH,(:08) C.Beck kneels to AZ 34 for -1 yards.,off,Josh Fryar,3800,T
2026001,0,2329,RUSH,(:08) C.Beck kneels to AZ 34 for -1 yards.,off,Chase Bisontis,3800,G
2026001,0,2329,RUSH,(:08) C.Beck kneels to AZ 34 for -1 yards.,off,Carson Beck,3800,QB
2026001,0,2329,RUSH,(:08) C.Beck kneels to AZ 34 for -1 yards.,off,Jayden Williams,3800,T
2026001,0,2329,RUSH,(:08) C.Beck kneels to AZ 34 for -1 yards.,def,Akayleb Evans,0750,CB
2026001,0,2329,RUSH,(:08) C.Beck kneels to AZ 34 for -1 yards.,def,Elijah Garcia,0750,DT
2026001,0,2329,RUSH,(:08) C.Beck kneels to AZ 34 for -1 yards.,def,Nick Hampton,0750,OLB
2026001,0,2329,RUSH,(:08) C.Beck kneels to AZ 34 for -1 yards.,def,Thomas Incoom,0750,OLB
2026001,0,2329,RUSH,(:08) C.Beck kneels to AZ 34 for -1 yards.,def,Demani Richardson,0750,FS
2026001,0,2329,RUSH,(:08) C.Beck kneels to AZ 34 for -1 yards.,def,Cam Jackson,0750,DT
2026001,0,2329,RUSH,(:08) C.Beck kneels to AZ 34 for -1 yards.,def,Bam Martin-Scott,0750,ILB
2026001,0,2329,RUSH,(:08) C.Beck kneels to AZ 34 for -1 yards.,def,Corey Thornton,0750,CB
2026001,0,2329,RUSH,(:08) C.Beck kneels to AZ 34 for -1 yards.,def,Zakee Wheatley,0750,SS
2026001,0,2329,RUSH,(:08) C.Beck kneels to AZ 34 for -1 yards.,def,Jackson Kuwatch,0750,ILB
2026001,0,2329,RUSH,(:08) C.Beck kneels to AZ 34 for -1 yards.,def,Aaron Hall,0750,DT
2026001,0,2371,KICK_OFF,"R.Fitzgerald kicks 65 yards from CAR 35 to landing zone to end zone, Touchback to the AZ 20.",off,James Mitchell,0750,TE
2026001,0,2371,KICK_OFF,"R.Fitzgerald kicks 65 yards from CAR 35 to landing zone to end zone, Touchback to the AZ 20.",off,Casey Washington,0750,WR
2026001,0,2371,KICK_OFF,"R.Fitzgerald kicks 65 yards from CAR 35 to landing zone to end zone, Touchback to the AZ 20.",off,Tyrek Funderburk,0750,CB
2026001,0,2371,KICK_OFF,"R.Fitzgerald kicks 65 yards from CAR 35 to landing zone to end zone, Touchback to the AZ 20.",off,Ryan Fitzgerald,0750,K
2026001,0,2371,KICK_OFF,"R.Fitzgerald kicks 65 yards from CAR 35 to landing zone to end zone, Touchback to the AZ 20.",off,Anthony Tyus III,0750,RB
2026001,0,2371,KICK_OFF,"R.Fitzgerald kicks 65 yards from CAR 35 to landing zone to end zone, Touchback to the AZ 20.",off,Zakee Wheatley,0750,SS
2026001,0,2371,KICK_OFF,"R.Fitzgerald kicks 65 yards from CAR 35 to landing zone to end zone, Touchback to the AZ 20.",off,Miles Davis,0750,RB
2026001,0,2371,KICK_OFF,"R.Fitzgerald kicks 65 yards from CAR 35 to landing zone to end zone, Touchback to the AZ 20.",off,Devonta Smith,0750,CB
2026001,0,2371,KICK_OFF,"R.Fitzgerald kicks 65 yards from CAR 35 to landing zone to end zone, Touchback to the AZ 20.",off,Isaiah Smith,0750,OLB
2026001,0,2371,KICK_OFF,"R.Fitzgerald kicks 65 yards from CAR 35 to landing zone to end zone, Touchback to the AZ 20.",off,Chamon Metayer,0750,TE
2026001,0,2371,KICK_OFF,"R.Fitzgerald kicks 65 yards from CAR 35 to landing zone to end zone, Touchback to the AZ 20.",off,DeCarlos Nicholson,0750,DB
2026001,0,2371,KICK_OFF,"R.Fitzgerald kicks 65 yards from CAR 35 to landing zone to end zone, Touchback to the AZ 20.",def,Kenny Yeboah,3800,TE
2026001,0,2371,KICK_OFF,"R.Fitzgerald kicks 65 yards from CAR 35 to landing zone to end zone, Touchback to the AZ 20.",def,Evan Hull,3800,RB
2026001,0,2371,KICK_OFF,"R.Fitzgerald kicks 65 yards from CAR 35 to landing zone to end zone, Touchback to the AZ 20.",def,Eku Leota,3800,OLB
2026001,0,2371,KICK_OFF,"R.Fitzgerald kicks 65 yards from CAR 35 to landing zone to end zone, Touchback to the AZ 20.",def,Elijah Jones,3800,CB
2026001,0,2371,KICK_OFF,"R.Fitzgerald kicks 65 yards from CAR 35 to landing zone to end zone, Touchback to the AZ 20.",def,Kalen King,3800,CB
2026001,0,2371,KICK_OFF,"R.Fitzgerald kicks 65 yards from CAR 35 to landing zone to end zone, Touchback to the AZ 20.",def,Rivaldo Fairweather,3800,TE
2026001,0,2371,KICK_OFF,"R.Fitzgerald kicks 65 yards from CAR 35 to landing zone to end zone, Touchback to the AZ 20.",def,Corey Kiner,3800,RB
2026001,0,2371,KICK_OFF,"R.Fitzgerald kicks 65 yards from CAR 35 to landing zone to end zone, Touchback to the AZ 20.",def,Karson Sharar,3800,ILB
2026001,0,2371,KICK_OFF,"R.Fitzgerald kicks 65 yards from CAR 35 to landing zone to end zone, Touchback to the AZ 20.",def,Jameson Geers,3800,TE
2026001,0,2371,KICK_OFF,"R.Fitzgerald kicks 65 yards from CAR 35 to landing zone to end zone, Touchback to the AZ 20.",def,Harrison Wallace III,3800,WR
2026001,0,2371,KICK_OFF,"R.Fitzgerald kicks 65 yards from CAR 35 to landing zone to end zone, Touchback to the AZ 20.",def,Wydett Williams Jr.,3800,SS
2026001,0,2393,PASS,(15:00) C.Beck pass short right to X.Weaver ran ob at AZ 29 for 9 yards (R.Rochell).,off,Kenny Yeboah,3800,TE
2026001,0,2393,PASS,(15:00) C.Beck pass short right to X.Weaver ran ob at AZ 29 for 9 yards (R.Rochell).,off,Bam Knight,3800,RB
2026001,0,2393,PASS,(15:00) C.Beck pass short right to X.Weaver ran ob at AZ 29 for 9 yards (R.Rochell).,off,Jon Gaines II,3800,C
2026001,0,2393,PASS,(15:00) C.Beck pass short right to X.Weaver ran ob at AZ 29 for 9 yards (R.Rochell).,off,Xavier Weaver,3800,WR
2026001,0,2393,PASS,(15:00) C.Beck pass short right to X.Weaver ran ob at AZ 29 for 9 yards (R.Rochell).,off,Hayden Conner,3800,G
2026001,0,2393,PASS,(15:00) C.Beck pass short right to X.Weaver ran ob at AZ 29 for 9 yards (R.Rochell).,off,Josh Fryar,3800,T
2026001,0,2393,PASS,(15:00) C.Beck pass short right to X.Weaver ran ob at AZ 29 for 9 yards (R.Rochell).,off,Bryson Green,3800,WR
2026001,0,2393,PASS,(15:00) C.Beck pass short right to X.Weaver ran ob at AZ 29 for 9 yards (R.Rochell).,off,Chase Bisontis,3800,G
2026001,0,2393,PASS,(15:00) C.Beck pass short right to X.Weaver ran ob at AZ 29 for 9 yards (R.Rochell).,off,Carson Beck,3800,QB
2026001,0,2393,PASS,(15:00) C.Beck pass short right to X.Weaver ran ob at AZ 29 for 9 yards (R.Rochell).,off,Reggie Virgil,3800,WR
2026001,0,2393,PASS,(15:00) C.Beck pass short right to X.Weaver ran ob at AZ 29 for 9 yards (R.Rochell).,off,Jayden Williams,3800,T
2026001,0,2393,PASS,(15:00) C.Beck pass short right to X.Weaver ran ob at AZ 29 for 9 yards (R.Rochell).,def,Isaiah Simmons,0750,MLB
2026001,0,2393,PASS,(15:00) C.Beck pass short right to X.Weaver ran ob at AZ 29 for 9 yards (R.Rochell).,def,Robert Rochell,0750,CB
2026001,0,2393,PASS,(15:00) C.Beck pass short right to X.Weaver ran ob at AZ 29 for 9 yards (R.Rochell).,def,Elijah Garcia,0750,DT
2026001,0,2393,PASS,(15:00) C.Beck pass short right to X.Weaver ran ob at AZ 29 for 9 yards (R.Rochell).,def,Nick Hampton,0750,OLB
2026001,0,2393,PASS,(15:00) C.Beck pass short right to X.Weaver ran ob at AZ 29 for 9 yards (R.Rochell).,def,Thomas Incoom,0750,OLB
2026001,0,2393,PASS,(15:00) C.Beck pass short right to X.Weaver ran ob at AZ 29 for 9 yards (R.Rochell).,def,Demani Richardson,0750,FS
2026001,0,2393,PASS,(15:00) C.Beck pass short right to X.Weaver ran ob at AZ 29 for 9 yards (R.Rochell).,def,Kyon Barrs,0750,DT
2026001,0,2393,PASS,(15:00) C.Beck pass short right to X.Weaver ran ob at AZ 29 for 9 yards (R.Rochell).,def,Bam Martin-Scott,0750,ILB
2026001,0,2393,PASS,(15:00) C.Beck pass short right to X.Weaver ran ob at AZ 29 for 9 yards (R.Rochell).,def,Corey Thornton,0750,CB
2026001,0,2393,PASS,(15:00) C.Beck pass short right to X.Weaver ran ob at AZ 29 for 9 yards (R.Rochell).,def,Jackson Kuwatch,0750,ILB
2026001,0,2393,PASS,(15:00) C.Beck pass short right to X.Weaver ran ob at AZ 29 for 9 yards (R.Rochell).,def,Devonta Smith,0750,CB
2026001,0,2423,RUSH,(14:34) Z.Knight right guard to AZ 33 for 4 yards (T.Incoom).,off,Kenny Yeboah,3800,TE
2026001,0,2423,RUSH,(14:34) Z.Knight right guard to AZ 33 for 4 yards (T.Incoom).,off,Bam Knight,3800,RB
2026001,0,2423,RUSH,(14:34) Z.Knight right guard to AZ 33 for 4 yards (T.Incoom).,off,Jon Gaines II,3800,C
2026001,0,2423,RUSH,(14:34) Z.Knight right guard to AZ 33 for 4 yards (T.Incoom).,off,Xavier Weaver,3800,WR
2026001,0,2423,RUSH,(14:34) Z.Knight right guard to AZ 33 for 4 yards (T.Incoom).,off,Hayden Conner,3800,G
2026001,0,2423,RUSH,(14:34) Z.Knight right guard to AZ 33 for 4 yards (T.Incoom).,off,Josh Fryar,3800,T
2026001,0,2423,RUSH,(14:34) Z.Knight right guard to AZ 33 for 4 yards (T.Incoom).,off,Bryson Green,3800,WR
2026001,0,2423,RUSH,(14:34) Z.Knight right guard to AZ 33 for 4 yards (T.Incoom).,off,Chase Bisontis,3800,G
2026001,0,2423,RUSH,(14:34) Z.Knight right guard to AZ 33 for 4 yards (T.Incoom).,off,Carson Beck,3800,QB
2026001,0,2423,RUSH,(14:34) Z.Knight right guard to AZ 33 for 4 yards (T.Incoom).,off,Reggie Virgil,3800,WR
2026001,0,2423,RUSH,(14:34) Z.Knight right guard to AZ 33 for 4 yards (T.Incoom).,off,Jayden Williams,3800,T
2026001,0,2423,RUSH,(14:34) Z.Knight right guard to AZ 33 for 4 yards (T.Incoom).,def,Isaiah Simmons,0750,MLB
2026001,0,2423,RUSH,(14:34) Z.Knight right guard to AZ 33 for 4 yards (T.Incoom).,def,Robert Rochell,0750,CB
2026001,0,2423,RUSH,(14:34) Z.Knight right guard to AZ 33 for 4 yards (T.Incoom).,def,Elijah Garcia,0750,DT
2026001,0,2423,RUSH,(14:34) Z.Knight right guard to AZ 33 for 4 yards (T.Incoom).,def,Nick Hampton,0750,OLB
2026001,0,2423,RUSH,(14:34) Z.Knight right guard to AZ 33 for 4 yards (T.Incoom).,def,Thomas Incoom,0750,OLB
2026001,0,2423,RUSH,(14:34) Z.Knight right guard to AZ 33 for 4 yards (T.Incoom).,def,Demani Richardson,0750,FS
2026001,0,2423,RUSH,(14:34) Z.Knight right guard to AZ 33 for 4 yards (T.Incoom).,def,Kyon Barrs,0750,DT
2026001,0,2423,RUSH,(14:34) Z.Knight right guard to AZ 33 for 4 yards (T.Incoom).,def,Bam Martin-Scott,0750,ILB
2026001,0,2423,RUSH,(14:34) Z.Knight right guard to AZ 33 for 4 yards (T.Incoom).,def,Corey Thornton,0750,CB
2026001,0,2423,RUSH,(14:34) Z.Knight right guard to AZ 33 for 4 yards (T.Incoom).,def,Jackson Kuwatch,0750,ILB
2026001,0,2423,RUSH,(14:34) Z.Knight right guard to AZ 33 for 4 yards (T.Incoom).,def,Devonta Smith,0750,CB
2026001,0,2445,PENALTY,"(13:54) PENALTY on CAR-T.Malone, Encroachment, 5 yards, enforced at AZ 33 - No Play.",off,Bam Knight,3800,RB
2026001,0,2445,PENALTY,"(13:54) PENALTY on CAR-T.Malone, Encroachment, 5 yards, enforced at AZ 33 - No Play.",off,Jon Gaines II,3800,C
2026001,0,2445,PENALTY,"(13:54) PENALTY on CAR-T.Malone, Encroachment, 5 yards, enforced at AZ 33 - No Play.",off,Hayden Conner,3800,G
2026001,0,2445,PENALTY,"(13:54) PENALTY on CAR-T.Malone, Encroachment, 5 yards, enforced at AZ 33 - No Play.",off,Rivaldo Fairweather,3800,TE
2026001,0,2445,PENALTY,"(13:54) PENALTY on CAR-T.Malone, Encroachment, 5 yards, enforced at AZ 33 - No Play.",off,Josh Fryar,3800,T
2026001,0,2445,PENALTY,"(13:54) PENALTY on CAR-T.Malone, Encroachment, 5 yards, enforced at AZ 33 - No Play.",off,Bryson Green,3800,WR
2026001,0,2445,PENALTY,"(13:54) PENALTY on CAR-T.Malone, Encroachment, 5 yards, enforced at AZ 33 - No Play.",off,Chase Bisontis,3800,G
2026001,0,2445,PENALTY,"(13:54) PENALTY on CAR-T.Malone, Encroachment, 5 yards, enforced at AZ 33 - No Play.",off,Carson Beck,3800,QB
2026001,0,2445,PENALTY,"(13:54) PENALTY on CAR-T.Malone, Encroachment, 5 yards, enforced at AZ 33 - No Play.",off,Reggie Virgil,3800,WR
2026001,0,2445,PENALTY,"(13:54) PENALTY on CAR-T.Malone, Encroachment, 5 yards, enforced at AZ 33 - No Play.",off,Jayden Williams,3800,T
2026001,0,2445,PENALTY,"(13:54) PENALTY on CAR-T.Malone, Encroachment, 5 yards, enforced at AZ 33 - No Play.",off,Jameson Geers,3800,TE
2026001,0,2445,PENALTY,"(13:54) PENALTY on CAR-T.Malone, Encroachment, 5 yards, enforced at AZ 33 - No Play.",def,Isaiah Simmons,0750,MLB
2026001,0,2445,PENALTY,"(13:54) PENALTY on CAR-T.Malone, Encroachment, 5 yards, enforced at AZ 33 - No Play.",def,Robert Rochell,0750,CB
2026001,0,2445,PENALTY,"(13:54) PENALTY on CAR-T.Malone, Encroachment, 5 yards, enforced at AZ 33 - No Play.",def,Elijah Garcia,0750,DT
2026001,0,2445,PENALTY,"(13:54) PENALTY on CAR-T.Malone, Encroachment, 5 yards, enforced at AZ 33 - No Play.",def,Nick Hampton,0750,OLB
2026001,0,2445,PENALTY,"(13:54) PENALTY on CAR-T.Malone, Encroachment, 5 yards, enforced at AZ 33 - No Play.",def,Thomas Incoom,0750,OLB
2026001,0,2445,PENALTY,"(13:54) PENALTY on CAR-T.Malone, Encroachment, 5 yards, enforced at AZ 33 - No Play.",def,Demani Richardson,0750,FS
2026001,0,2445,PENALTY,"(13:54) PENALTY on CAR-T.Malone, Encroachment, 5 yards, enforced at AZ 33 - No Play.",def,Kyon Barrs,0750,DT
2026001,0,2445,PENALTY,"(13:54) PENALTY on CAR-T.Malone, Encroachment, 5 yards, enforced at AZ 33 - No Play.",def,Bam Martin-Scott,0750,ILB
2026001,0,2445,PENALTY,"(13:54) PENALTY on CAR-T.Malone, Encroachment, 5 yards, enforced at AZ 33 - No Play.",def,Corey Thornton,0750,CB
2026001,0,2445,PENALTY,"(13:54) PENALTY on CAR-T.Malone, Encroachment, 5 yards, enforced at AZ 33 - No Play.",def,Jackson Kuwatch,0750,ILB
2026001,0,2445,PENALTY,"(13:54) PENALTY on CAR-T.Malone, Encroachment, 5 yards, enforced at AZ 33 - No Play.",def,Tywone Malone,0750,DT
2026001,0,2469,PASS,(13:40) C.Beck pass short right to J.Geers pushed ob at CAR 46 for 16 yards (C.Thornton).,off,Bam Knight,3800,RB
2026001,0,2469,PASS,(13:40) C.Beck pass short right to J.Geers pushed ob at CAR 46 for 16 yards (C.Thornton).,off,Jon Gaines II,3800,C
2026001,0,2469,PASS,(13:40) C.Beck pass short right to J.Geers pushed ob at CAR 46 for 16 yards (C.Thornton).,off,Hayden Conner,3800,G
2026001,0,2469,PASS,(13:40) C.Beck pass short right to J.Geers pushed ob at CAR 46 for 16 yards (C.Thornton).,off,Rivaldo Fairweather,3800,TE
2026001,0,2469,PASS,(13:40) C.Beck pass short right to J.Geers pushed ob at CAR 46 for 16 yards (C.Thornton).,off,Josh Fryar,3800,T
2026001,0,2469,PASS,(13:40) C.Beck pass short right to J.Geers pushed ob at CAR 46 for 16 yards (C.Thornton).,off,Bryson Green,3800,WR
2026001,0,2469,PASS,(13:40) C.Beck pass short right to J.Geers pushed ob at CAR 46 for 16 yards (C.Thornton).,off,Chase Bisontis,3800,G
2026001,0,2469,PASS,(13:40) C.Beck pass short right to J.Geers pushed ob at CAR 46 for 16 yards (C.Thornton).,off,Carson Beck,3800,QB
2026001,0,2469,PASS,(13:40) C.Beck pass short right to J.Geers pushed ob at CAR 46 for 16 yards (C.Thornton).,off,Reggie Virgil,3800,WR
2026001,0,2469,PASS,(13:40) C.Beck pass short right to J.Geers pushed ob at CAR 46 for 16 yards (C.Thornton).,off,Jayden Williams,3800,T
2026001,0,2469,PASS,(13:40) C.Beck pass short right to J.Geers pushed ob at CAR 46 for 16 yards (C.Thornton).,off,Jameson Geers,3800,TE
2026001,0,2469,PASS,(13:40) C.Beck pass short right to J.Geers pushed ob at CAR 46 for 16 yards (C.Thornton).,def,Isaiah Simmons,0750,MLB
2026001,0,2469,PASS,(13:40) C.Beck pass short right to J.Geers pushed ob at CAR 46 for 16 yards (C.Thornton).,def,Robert Rochell,0750,CB
2026001,0,2469,PASS,(13:40) C.Beck pass short right to J.Geers pushed ob at CAR 46 for 16 yards (C.Thornton).,def,Elijah Garcia,0750,DT
2026001,0,2469,PASS,(13:40) C.Beck pass short right to J.Geers pushed ob at CAR 46 for 16 yards (C.Thornton).,def,Nick Hampton,0750,OLB
2026001,0,2469,PASS,(13:40) C.Beck pass short right to J.Geers pushed ob at CAR 46 for 16 yards (C.Thornton).,def,Thomas Incoom,0750,OLB
2026001,0,2469,PASS,(13:40) C.Beck pass short right to J.Geers pushed ob at CAR 46 for 16 yards (C.Thornton).,def,Demani Richardson,0750,FS
2026001,0,2469,PASS,(13:40) C.Beck pass short right to J.Geers pushed ob at CAR 46 for 16 yards (C.Thornton).,def,Kyon Barrs,0750,DT
2026001,0,2469,PASS,(13:40) C.Beck pass short right to J.Geers pushed ob at CAR 46 for 16 yards (C.Thornton).,def,Bam Martin-Scott,0750,ILB
2026001,0,2469,PASS,(13:40) C.Beck pass short right to J.Geers pushed ob at CAR 46 for 16 yards (C.Thornton).,def,Corey Thornton,0750,CB
2026001,0,2469,PASS,(13:40) C.Beck pass short right to J.Geers pushed ob at CAR 46 for 16 yards (C.Thornton).,def,Jackson Kuwatch,0750,ILB
2026001,0,2469,PASS,(13:40) C.Beck pass short right to J.Geers pushed ob at CAR 46 for 16 yards (C.Thornton).,def,Parker Petersen,0750,DT
2026001,0,2499,PENALTY,"(13:10) PENALTY on AZ-C.Kiner, False Start, 5 yards, enforced at CAR 46 - No Play.",off,Jon Gaines II,3800,C
2026001,0,2499,PENALTY,"(13:10) PENALTY on AZ-C.Kiner, False Start, 5 yards, enforced at CAR 46 - No Play.",off,Hayden Conner,3800,G
2026001,0,2499,PENALTY,"(13:10) PENALTY on AZ-C.Kiner, False Start, 5 yards, enforced at CAR 46 - No Play.",off,Rivaldo Fairweather,3800,TE
2026001,0,2499,PENALTY,"(13:10) PENALTY on AZ-C.Kiner, False Start, 5 yards, enforced at CAR 46 - No Play.",off,Josh Fryar,3800,T
2026001,0,2499,PENALTY,"(13:10) PENALTY on AZ-C.Kiner, False Start, 5 yards, enforced at CAR 46 - No Play.",off,Bryson Green,3800,WR
2026001,0,2499,PENALTY,"(13:10) PENALTY on AZ-C.Kiner, False Start, 5 yards, enforced at CAR 46 - No Play.",off,Corey Kiner,3800,RB
2026001,0,2499,PENALTY,"(13:10) PENALTY on AZ-C.Kiner, False Start, 5 yards, enforced at CAR 46 - No Play.",off,Chase Bisontis,3800,G
2026001,0,2499,PENALTY,"(13:10) PENALTY on AZ-C.Kiner, False Start, 5 yards, enforced at CAR 46 - No Play.",off,Carson Beck,3800,QB
2026001,0,2499,PENALTY,"(13:10) PENALTY on AZ-C.Kiner, False Start, 5 yards, enforced at CAR 46 - No Play.",off,Reggie Virgil,3800,WR
2026001,0,2499,PENALTY,"(13:10) PENALTY on AZ-C.Kiner, False Start, 5 yards, enforced at CAR 46 - No Play.",off,Jayden Williams,3800,T
2026001,0,2499,PENALTY,"(13:10) PENALTY on AZ-C.Kiner, False Start, 5 yards, enforced at CAR 46 - No Play.",off,Jameson Geers,3800,TE
2026001,0,2499,PENALTY,"(13:10) PENALTY on AZ-C.Kiner, False Start, 5 yards, enforced at CAR 46 - No Play.",def,Isaiah Simmons,0750,MLB
2026001,0,2499,PENALTY,"(13:10) PENALTY on AZ-C.Kiner, False Start, 5 yards, enforced at CAR 46 - No Play.",def,Robert Rochell,0750,CB
2026001,0,2499,PENALTY,"(13:10) PENALTY on AZ-C.Kiner, False Start, 5 yards, enforced at CAR 46 - No Play.",def,Elijah Garcia,0750,DT
2026001,0,2499,PENALTY,"(13:10) PENALTY on AZ-C.Kiner, False Start, 5 yards, enforced at CAR 46 - No Play.",def,Nick Hampton,0750,OLB
2026001,0,2499,PENALTY,"(13:10) PENALTY on AZ-C.Kiner, False Start, 5 yards, enforced at CAR 46 - No Play.",def,Thomas Incoom,0750,OLB
2026001,0,2499,PENALTY,"(13:10) PENALTY on AZ-C.Kiner, False Start, 5 yards, enforced at CAR 46 - No Play.",def,Demani Richardson,0750,FS
2026001,0,2499,PENALTY,"(13:10) PENALTY on AZ-C.Kiner, False Start, 5 yards, enforced at CAR 46 - No Play.",def,Kyon Barrs,0750,DT
2026001,0,2499,PENALTY,"(13:10) PENALTY on AZ-C.Kiner, False Start, 5 yards, enforced at CAR 46 - No Play.",def,Bam Martin-Scott,0750,ILB
2026001,0,2499,PENALTY,"(13:10) PENALTY on AZ-C.Kiner, False Start, 5 yards, enforced at CAR 46 - No Play.",def,Corey Thornton,0750,CB
2026001,0,2499,PENALTY,"(13:10) PENALTY on AZ-C.Kiner, False Start, 5 yards, enforced at CAR 46 - No Play.",def,Jackson Kuwatch,0750,ILB
2026001,0,2499,PENALTY,"(13:10) PENALTY on AZ-C.Kiner, False Start, 5 yards, enforced at CAR 46 - No Play.",def,Parker Petersen,0750,DT
2026001,0,2523,RUSH,(12:54) C.Kiner left end to CAR 46 for 5 yards (T.Incoom; J.Kuwatch).,off,Jon Gaines II,3800,C
2026001,0,2523,RUSH,(12:54) C.Kiner left end to CAR 46 for 5 yards (T.Incoom; J.Kuwatch).,off,Hayden Conner,3800,G
2026001,0,2523,RUSH,(12:54) C.Kiner left end to CAR 46 for 5 yards (T.Incoom; J.Kuwatch).,off,Rivaldo Fairweather,3800,TE
2026001,0,2523,RUSH,(12:54) C.Kiner left end to CAR 46 for 5 yards (T.Incoom; J.Kuwatch).,off,Josh Fryar,3800,T
2026001,0,2523,RUSH,(12:54) C.Kiner left end to CAR 46 for 5 yards (T.Incoom; J.Kuwatch).,off,Bryson Green,3800,WR
2026001,0,2523,RUSH,(12:54) C.Kiner left end to CAR 46 for 5 yards (T.Incoom; J.Kuwatch).,off,Corey Kiner,3800,RB
2026001,0,2523,RUSH,(12:54) C.Kiner left end to CAR 46 for 5 yards (T.Incoom; J.Kuwatch).,off,Chase Bisontis,3800,G
2026001,0,2523,RUSH,(12:54) C.Kiner left end to CAR 46 for 5 yards (T.Incoom; J.Kuwatch).,off,Carson Beck,3800,QB
2026001,0,2523,RUSH,(12:54) C.Kiner left end to CAR 46 for 5 yards (T.Incoom; J.Kuwatch).,off,Reggie Virgil,3800,WR
2026001,0,2523,RUSH,(12:54) C.Kiner left end to CAR 46 for 5 yards (T.Incoom; J.Kuwatch).,off,Jayden Williams,3800,T
2026001,0,2523,RUSH,(12:54) C.Kiner left end to CAR 46 for 5 yards (T.Incoom; J.Kuwatch).,off,Jameson Geers,3800,TE
2026001,0,2523,RUSH,(12:54) C.Kiner left end to CAR 46 for 5 yards (T.Incoom; J.Kuwatch).,def,Isaiah Simmons,0750,MLB
2026001,0,2523,RUSH,(12:54) C.Kiner left end to CAR 46 for 5 yards (T.Incoom; J.Kuwatch).,def,Robert Rochell,0750,CB
2026001,0,2523,RUSH,(12:54) C.Kiner left end to CAR 46 for 5 yards (T.Incoom; J.Kuwatch).,def,Elijah Garcia,0750,DT
2026001,0,2523,RUSH,(12:54) C.Kiner left end to CAR 46 for 5 yards (T.Incoom; J.Kuwatch).,def,Nick Hampton,0750,OLB
2026001,0,2523,RUSH,(12:54) C.Kiner left end to CAR 46 for 5 yards (T.Incoom; J.Kuwatch).,def,Thomas Incoom,0750,OLB
2026001,0,2523,RUSH,(12:54) C.Kiner left end to CAR 46 for 5 yards (T.Incoom; J.Kuwatch).,def,Demani Richardson,0750,FS
2026001,0,2523,RUSH,(12:54) C.Kiner left end to CAR 46 for 5 yards (T.Incoom; J.Kuwatch).,def,Kyon Barrs,0750,DT
2026001,0,2523,RUSH,(12:54) C.Kiner left end to CAR 46 for 5 yards (T.Incoom; J.Kuwatch).,def,Bam Martin-Scott,0750,ILB
2026001,0,2523,RUSH,(12:54) C.Kiner left end to CAR 46 for 5 yards (T.Incoom; J.Kuwatch).,def,Corey Thornton,0750,CB
2026001,0,2523,RUSH,(12:54) C.Kiner left end to CAR 46 for 5 yards (T.Incoom; J.Kuwatch).,def,Jackson Kuwatch,0750,ILB
2026001,0,2523,RUSH,(12:54) C.Kiner left end to CAR 46 for 5 yards (T.Incoom; J.Kuwatch).,def,Parker Petersen,0750,DT
2026001,0,2545,PENALTY,"(12:12) C.Beck pass short right to C.Kiner to CAR 41 for 5 yards (B.Martin-Scott; J.Kuwatch).
PENALTY on AZ-Ja.Williams, Offensive Holding, 10 yards, enforced at CAR 46 - No Play.",off,Jon Gaines II,3800,C
2026001,0,2545,PENALTY,"(12:12) C.Beck pass short right to C.Kiner to CAR 41 for 5 yards (B.Martin-Scott; J.Kuwatch).
PENALTY on AZ-Ja.Williams, Offensive Holding, 10 yards, enforced at CAR 46 - No Play.",off,Hayden Conner,3800,G
2026001,0,2545,PENALTY,"(12:12) C.Beck pass short right to C.Kiner to CAR 41 for 5 yards (B.Martin-Scott; J.Kuwatch).
PENALTY on AZ-Ja.Williams, Offensive Holding, 10 yards, enforced at CAR 46 - No Play.",off,Rivaldo Fairweather,3800,TE
2026001,0,2545,PENALTY,"(12:12) C.Beck pass short right to C.Kiner to CAR 41 for 5 yards (B.Martin-Scott; J.Kuwatch).
PENALTY on AZ-Ja.Williams, Offensive Holding, 10 yards, enforced at CAR 46 - No Play.",off,Josh Fryar,3800,T
2026001,0,2545,PENALTY,"(12:12) C.Beck pass short right to C.Kiner to CAR 41 for 5 yards (B.Martin-Scott; J.Kuwatch).
PENALTY on AZ-Ja.Williams, Offensive Holding, 10 yards, enforced at CAR 46 - No Play.",off,Bryson Green,3800,WR
2026001,0,2545,PENALTY,"(12:12) C.Beck pass short right to C.Kiner to CAR 41 for 5 yards (B.Martin-Scott; J.Kuwatch).
PENALTY on AZ-Ja.Williams, Offensive Holding, 10 yards, enforced at CAR 46 - No Play.",off,Corey Kiner,3800,RB
2026001,0,2545,PENALTY,"(12:12) C.Beck pass short right to C.Kiner to CAR 41 for 5 yards (B.Martin-Scott; J.Kuwatch).
PENALTY on AZ-Ja.Williams, Offensive Holding, 10 yards, enforced at CAR 46 - No Play.",off,Chase Bisontis,3800,G
2026001,0,2545,PENALTY,"(12:12) C.Beck pass short right to C.Kiner to CAR 41 for 5 yards (B.Martin-Scott; J.Kuwatch).
PENALTY on AZ-Ja.Williams, Offensive Holding, 10 yards, enforced at CAR 46 - No Play.",off,Carson Beck,3800,QB
2026001,0,2545,PENALTY,"(12:12) C.Beck pass short right to C.Kiner to CAR 41 for 5 yards (B.Martin-Scott; J.Kuwatch).
PENALTY on AZ-Ja.Williams, Offensive Holding, 10 yards, enforced at CAR 46 - No Play.",off,Reggie Virgil,3800,WR
2026001,0,2545,PENALTY,"(12:12) C.Beck pass short right to C.Kiner to CAR 41 for 5 yards (B.Martin-Scott; J.Kuwatch).
PENALTY on AZ-Ja.Williams, Offensive Holding, 10 yards, enforced at CAR 46 - No Play.",off,Jayden Williams,3800,T
2026001,0,2545,PENALTY,"(12:12) C.Beck pass short right to C.Kiner to CAR 41 for 5 yards (B.Martin-Scott; J.Kuwatch).
PENALTY on AZ-Ja.Williams, Offensive Holding, 10 yards, enforced at CAR 46 - No Play.",off,Jameson Geers,3800,TE
2026001,0,2545,PENALTY,"(12:12) C.Beck pass short right to C.Kiner to CAR 41 for 5 yards (B.Martin-Scott; J.Kuwatch).
PENALTY on AZ-Ja.Williams, Offensive Holding, 10 yards, enforced at CAR 46 - No Play.",def,Isaiah Simmons,0750,MLB
2026001,0,2545,PENALTY,"(12:12) C.Beck pass short right to C.Kiner to CAR 41 for 5 yards (B.Martin-Scott; J.Kuwatch).
PENALTY on AZ-Ja.Williams, Offensive Holding, 10 yards, enforced at CAR 46 - No Play.",def,Robert Rochell,0750,CB
2026001,0,2545,PENALTY,"(12:12) C.Beck pass short right to C.Kiner to CAR 41 for 5 yards (B.Martin-Scott; J.Kuwatch).
PENALTY on AZ-Ja.Williams, Offensive Holding, 10 yards, enforced at CAR 46 - No Play.",def,Elijah Garcia,0750,DT
2026001,0,2545,PENALTY,"(12:12) C.Beck pass short right to C.Kiner to CAR 41 for 5 yards (B.Martin-Scott; J.Kuwatch).
PENALTY on AZ-Ja.Williams, Offensive Holding, 10 yards, enforced at CAR 46 - No Play.",def,Nick Hampton,0750,OLB
2026001,0,2545,PENALTY,"(12:12) C.Beck pass short right to C.Kiner to CAR 41 for 5 yards (B.Martin-Scott; J.Kuwatch).
PENALTY on AZ-Ja.Williams, Offensive Holding, 10 yards, enforced at CAR 46 - No Play.",def,Thomas Incoom,0750,OLB
2026001,0,2545,PENALTY,"(12:12) C.Beck pass short right to C.Kiner to CAR 41 for 5 yards (B.Martin-Scott; J.Kuwatch).
PENALTY on AZ-Ja.Williams, Offensive Holding, 10 yards, enforced at CAR 46 - No Play.",def,Demani Richardson,0750,FS
2026001,0,2545,PENALTY,"(12:12) C.Beck pass short right to C.Kiner to CAR 41 for 5 yards (B.Martin-Scott; J.Kuwatch).
PENALTY on AZ-Ja.Williams, Offensive Holding, 10 yards, enforced at CAR 46 - No Play.",def,Kyon Barrs,0750,DT
2026001,0,2545,PENALTY,"(12:12) C.Beck pass short right to C.Kiner to CAR 41 for 5 yards (B.Martin-Scott; J.Kuwatch).
PENALTY on AZ-Ja.Williams, Offensive Holding, 10 yards, enforced at CAR 46 - No Play.",def,Bam Martin-Scott,0750,ILB
2026001,0,2545,PENALTY,"(12:12) C.Beck pass short right to C.Kiner to CAR 41 for 5 yards (B.Martin-Scott; J.Kuwatch).
PENALTY on AZ-Ja.Williams, Offensive Holding, 10 yards, enforced at CAR 46 - No Play.",def,Corey Thornton,0750,CB
2026001,0,2545,PENALTY,"(12:12) C.Beck pass short right to C.Kiner to CAR 41 for 5 yards (B.Martin-Scott; J.Kuwatch).
PENALTY on AZ-Ja.Williams, Offensive Holding, 10 yards, enforced at CAR 46 - No Play.",def,Jackson Kuwatch,0750,ILB
2026001,0,2545,PENALTY,"(12:12) C.Beck pass short right to C.Kiner to CAR 41 for 5 yards (B.Martin-Scott; J.Kuwatch).
PENALTY on AZ-Ja.Williams, Offensive Holding, 10 yards, enforced at CAR 46 - No Play.",def,Parker Petersen,0750,DT
2026001,0,2586,PASS,(11:48) (Shotgun) C.Beck pass short left to R.Virgil to CAR 47 for 9 yards (C.Thornton).,off,Kenny Yeboah,3800,TE
2026001,0,2586,PASS,(11:48) (Shotgun) C.Beck pass short left to R.Virgil to CAR 47 for 9 yards (C.Thornton).,off,Jon Gaines II,3800,C
2026001,0,2586,PASS,(11:48) (Shotgun) C.Beck pass short left to R.Virgil to CAR 47 for 9 yards (C.Thornton).,off,Xavier Weaver,3800,WR
2026001,0,2586,PASS,(11:48) (Shotgun) C.Beck pass short left to R.Virgil to CAR 47 for 9 yards (C.Thornton).,off,Hayden Conner,3800,G
2026001,0,2586,PASS,(11:48) (Shotgun) C.Beck pass short left to R.Virgil to CAR 47 for 9 yards (C.Thornton).,off,Josh Fryar,3800,T
2026001,0,2586,PASS,(11:48) (Shotgun) C.Beck pass short left to R.Virgil to CAR 47 for 9 yards (C.Thornton).,off,Corey Kiner,3800,RB
2026001,0,2586,PASS,(11:48) (Shotgun) C.Beck pass short left to R.Virgil to CAR 47 for 9 yards (C.Thornton).,off,Chase Bisontis,3800,G
2026001,0,2586,PASS,(11:48) (Shotgun) C.Beck pass short left to R.Virgil to CAR 47 for 9 yards (C.Thornton).,off,Carson Beck,3800,QB
2026001,0,2586,PASS,(11:48) (Shotgun) C.Beck pass short left to R.Virgil to CAR 47 for 9 yards (C.Thornton).,off,Reggie Virgil,3800,WR
2026001,0,2586,PASS,(11:48) (Shotgun) C.Beck pass short left to R.Virgil to CAR 47 for 9 yards (C.Thornton).,off,Jayden Williams,3800,T
2026001,0,2586,PASS,(11:48) (Shotgun) C.Beck pass short left to R.Virgil to CAR 47 for 9 yards (C.Thornton).,off,Harrison Wallace III,3800,WR
2026001,0,2586,PASS,(11:48) (Shotgun) C.Beck pass short left to R.Virgil to CAR 47 for 9 yards (C.Thornton).,def,Isaiah Simmons,0750,MLB
2026001,0,2586,PASS,(11:48) (Shotgun) C.Beck pass short left to R.Virgil to CAR 47 for 9 yards (C.Thornton).,def,Robert Rochell,0750,CB
2026001,0,2586,PASS,(11:48) (Shotgun) C.Beck pass short left to R.Virgil to CAR 47 for 9 yards (C.Thornton).,def,Nick Hampton,0750,OLB
2026001,0,2586,PASS,(11:48) (Shotgun) C.Beck pass short left to R.Virgil to CAR 47 for 9 yards (C.Thornton).,def,Thomas Incoom,0750,OLB
2026001,0,2586,PASS,(11:48) (Shotgun) C.Beck pass short left to R.Virgil to CAR 47 for 9 yards (C.Thornton).,def,Demani Richardson,0750,FS
2026001,0,2586,PASS,(11:48) (Shotgun) C.Beck pass short left to R.Virgil to CAR 47 for 9 yards (C.Thornton).,def,Bam Martin-Scott,0750,ILB
2026001,0,2586,PASS,(11:48) (Shotgun) C.Beck pass short left to R.Virgil to CAR 47 for 9 yards (C.Thornton).,def,Corey Thornton,0750,CB
2026001,0,2586,PASS,(11:48) (Shotgun) C.Beck pass short left to R.Virgil to CAR 47 for 9 yards (C.Thornton).,def,Jackson Kuwatch,0750,ILB
2026001,0,2586,PASS,(11:48) (Shotgun) C.Beck pass short left to R.Virgil to CAR 47 for 9 yards (C.Thornton).,def,Aaron Hall,0750,DT
2026001,0,2586,PASS,(11:48) (Shotgun) C.Beck pass short left to R.Virgil to CAR 47 for 9 yards (C.Thornton).,def,Devonta Smith,0750,CB
2026001,0,2586,PASS,(11:48) (Shotgun) C.Beck pass short left to R.Virgil to CAR 47 for 9 yards (C.Thornton).,def,Tywone Malone,0750,DT
2026001,0,2616,PASS,(11:06) (Shotgun) C.Beck pass short right to K.Yeboah to CAR 41 for 6 yards (D.Smith).,off,Kenny Yeboah,3800,TE
2026001,0,2616,PASS,(11:06) (Shotgun) C.Beck pass short right to K.Yeboah to CAR 41 for 6 yards (D.Smith).,off,Jon Gaines II,3800,C
2026001,0,2616,PASS,(11:06) (Shotgun) C.Beck pass short right to K.Yeboah to CAR 41 for 6 yards (D.Smith).,off,Xavier Weaver,3800,WR
2026001,0,2616,PASS,(11:06) (Shotgun) C.Beck pass short right to K.Yeboah to CAR 41 for 6 yards (D.Smith).,off,Hayden Conner,3800,G
2026001,0,2616,PASS,(11:06) (Shotgun) C.Beck pass short right to K.Yeboah to CAR 41 for 6 yards (D.Smith).,off,Josh Fryar,3800,T
2026001,0,2616,PASS,(11:06) (Shotgun) C.Beck pass short right to K.Yeboah to CAR 41 for 6 yards (D.Smith).,off,Corey Kiner,3800,RB
2026001,0,2616,PASS,(11:06) (Shotgun) C.Beck pass short right to K.Yeboah to CAR 41 for 6 yards (D.Smith).,off,Chase Bisontis,3800,G
2026001,0,2616,PASS,(11:06) (Shotgun) C.Beck pass short right to K.Yeboah to CAR 41 for 6 yards (D.Smith).,off,Carson Beck,3800,QB
2026001,0,2616,PASS,(11:06) (Shotgun) C.Beck pass short right to K.Yeboah to CAR 41 for 6 yards (D.Smith).,off,Reggie Virgil,3800,WR
2026001,0,2616,PASS,(11:06) (Shotgun) C.Beck pass short right to K.Yeboah to CAR 41 for 6 yards (D.Smith).,off,Jayden Williams,3800,T
2026001,0,2616,PASS,(11:06) (Shotgun) C.Beck pass short right to K.Yeboah to CAR 41 for 6 yards (D.Smith).,off,Harrison Wallace III,3800,WR
2026001,0,2616,PASS,(11:06) (Shotgun) C.Beck pass short right to K.Yeboah to CAR 41 for 6 yards (D.Smith).,def,Isaiah Simmons,0750,MLB
2026001,0,2616,PASS,(11:06) (Shotgun) C.Beck pass short right to K.Yeboah to CAR 41 for 6 yards (D.Smith).,def,Robert Rochell,0750,CB
2026001,0,2616,PASS,(11:06) (Shotgun) C.Beck pass short right to K.Yeboah to CAR 41 for 6 yards (D.Smith).,def,Nick Hampton,0750,OLB
2026001,0,2616,PASS,(11:06) (Shotgun) C.Beck pass short right to K.Yeboah to CAR 41 for 6 yards (D.Smith).,def,Thomas Incoom,0750,OLB
2026001,0,2616,PASS,(11:06) (Shotgun) C.Beck pass short right to K.Yeboah to CAR 41 for 6 yards (D.Smith).,def,Demani Richardson,0750,FS
2026001,0,2616,PASS,(11:06) (Shotgun) C.Beck pass short right to K.Yeboah to CAR 41 for 6 yards (D.Smith).,def,Bam Martin-Scott,0750,ILB
2026001,0,2616,PASS,(11:06) (Shotgun) C.Beck pass short right to K.Yeboah to CAR 41 for 6 yards (D.Smith).,def,Corey Thornton,0750,CB
2026001,0,2616,PASS,(11:06) (Shotgun) C.Beck pass short right to K.Yeboah to CAR 41 for 6 yards (D.Smith).,def,Jackson Kuwatch,0750,ILB
2026001,0,2616,PASS,(11:06) (Shotgun) C.Beck pass short right to K.Yeboah to CAR 41 for 6 yards (D.Smith).,def,Aaron Hall,0750,DT
2026001,0,2616,PASS,(11:06) (Shotgun) C.Beck pass short right to K.Yeboah to CAR 41 for 6 yards (D.Smith).,def,Devonta Smith,0750,CB
2026001,0,2616,PASS,(11:06) (Shotgun) C.Beck pass short right to K.Yeboah to CAR 41 for 6 yards (D.Smith).,def,Tywone Malone,0750,DT
2026001,0,2641,PASS,(10:23) (Shotgun) C.Beck pass incomplete deep left to R.Virgil (I.Simmons).,off,Kenny Yeboah,3800,TE
2026001,0,2641,PASS,(10:23) (Shotgun) C.Beck pass incomplete deep left to R.Virgil (I.Simmons).,off,Jon Gaines II,3800,C
2026001,0,2641,PASS,(10:23) (Shotgun) C.Beck pass incomplete deep left to R.Virgil (I.Simmons).,off,Xavier Weaver,3800,WR
2026001,0,2641,PASS,(10:23) (Shotgun) C.Beck pass incomplete deep left to R.Virgil (I.Simmons).,off,Hayden Conner,3800,G
2026001,0,2641,PASS,(10:23) (Shotgun) C.Beck pass incomplete deep left to R.Virgil (I.Simmons).,off,Josh Fryar,3800,T
2026001,0,2641,PASS,(10:23) (Shotgun) C.Beck pass incomplete deep left to R.Virgil (I.Simmons).,off,Bryson Green,3800,WR
2026001,0,2641,PASS,(10:23) (Shotgun) C.Beck pass incomplete deep left to R.Virgil (I.Simmons).,off,Corey Kiner,3800,RB
2026001,0,2641,PASS,(10:23) (Shotgun) C.Beck pass incomplete deep left to R.Virgil (I.Simmons).,off,Chase Bisontis,3800,G
2026001,0,2641,PASS,(10:23) (Shotgun) C.Beck pass incomplete deep left to R.Virgil (I.Simmons).,off,Carson Beck,3800,QB
2026001,0,2641,PASS,(10:23) (Shotgun) C.Beck pass incomplete deep left to R.Virgil (I.Simmons).,off,Reggie Virgil,3800,WR
2026001,0,2641,PASS,(10:23) (Shotgun) C.Beck pass incomplete deep left to R.Virgil (I.Simmons).,off,Jayden Williams,3800,T
2026001,0,2641,PASS,(10:23) (Shotgun) C.Beck pass incomplete deep left to R.Virgil (I.Simmons).,def,Isaiah Simmons,0750,MLB
2026001,0,2641,PASS,(10:23) (Shotgun) C.Beck pass incomplete deep left to R.Virgil (I.Simmons).,def,Robert Rochell,0750,CB
2026001,0,2641,PASS,(10:23) (Shotgun) C.Beck pass incomplete deep left to R.Virgil (I.Simmons).,def,Nick Hampton,0750,OLB
2026001,0,2641,PASS,(10:23) (Shotgun) C.Beck pass incomplete deep left to R.Virgil (I.Simmons).,def,Thomas Incoom,0750,OLB
2026001,0,2641,PASS,(10:23) (Shotgun) C.Beck pass incomplete deep left to R.Virgil (I.Simmons).,def,Demani Richardson,0750,FS
2026001,0,2641,PASS,(10:23) (Shotgun) C.Beck pass incomplete deep left to R.Virgil (I.Simmons).,def,Bam Martin-Scott,0750,ILB
2026001,0,2641,PASS,(10:23) (Shotgun) C.Beck pass incomplete deep left to R.Virgil (I.Simmons).,def,Corey Thornton,0750,CB
2026001,0,2641,PASS,(10:23) (Shotgun) C.Beck pass incomplete deep left to R.Virgil (I.Simmons).,def,Jackson Kuwatch,0750,ILB
2026001,0,2641,PASS,(10:23) (Shotgun) C.Beck pass incomplete deep left to R.Virgil (I.Simmons).,def,Aaron Hall,0750,DT
2026001,0,2641,PASS,(10:23) (Shotgun) C.Beck pass incomplete deep left to R.Virgil (I.Simmons).,def,Devonta Smith,0750,CB
2026001,0,2641,PASS,(10:23) (Shotgun) C.Beck pass incomplete deep left to R.Virgil (I.Simmons).,def,Tywone Malone,0750,DT
2026001,0,2676,RUSH,(10:15) A.Tyus left end to CAR 40 for -1 yards (E.Culp).,off,Stone Forsythe,0750,T
2026001,0,2676,RUSH,(10:15) A.Tyus left end to CAR 40 for -1 yards (E.Culp).,off,Ja'Tyre Carter,0750,G
2026001,0,2676,RUSH,(10:15) A.Tyus left end to CAR 40 for -1 yards (E.Culp).,off,Elijah Cooks,0750,WR
2026001,0,2676,RUSH,(10:15) A.Tyus left end to CAR 40 for -1 yards (E.Culp).,off,Nick Samac,0750,C
2026001,0,2676,RUSH,(10:15) A.Tyus left end to CAR 40 for -1 yards (E.Culp).,off,Jimmy Horn Jr.,0750,WR
2026001,0,2676,RUSH,(10:15) A.Tyus left end to CAR 40 for -1 yards (E.Culp).,off,Ja'Seem Reed,0750,WR
2026001,0,2676,RUSH,(10:15) A.Tyus left end to CAR 40 for -1 yards (E.Culp).,off,Caden Prieskorn,0750,TE
2026001,0,2676,RUSH,(10:15) A.Tyus left end to CAR 40 for -1 yards (E.Culp).,off,Anthony Tyus III,0750,RB
2026001,0,2676,RUSH,(10:15) A.Tyus left end to CAR 40 for -1 yards (E.Culp).,off,Albert Reese,0750,T
2026001,0,2676,RUSH,(10:15) A.Tyus left end to CAR 40 for -1 yards (E.Culp).,off,Isaia Glass,0750,T
2026001,0,2676,RUSH,(10:15) A.Tyus left end to CAR 40 for -1 yards (E.Culp).,off,Haynes King,0750,QB
2026001,0,2676,RUSH,(10:15) A.Tyus left end to CAR 40 for -1 yards (E.Culp).,def,Isaiah Oliver,3800,FS
2026001,0,2676,RUSH,(10:15) A.Tyus left end to CAR 40 for -1 yards (E.Culp).,def,Jonah Williams,3800,DE
2026001,0,2676,RUSH,(10:15) A.Tyus left end to CAR 40 for -1 yards (E.Culp).,def,BJ Ojulari,3800,OLB
2026001,0,2676,RUSH,(10:15) A.Tyus left end to CAR 40 for -1 yards (E.Culp).,def,Eku Leota,3800,OLB
2026001,0,2676,RUSH,(10:15) A.Tyus left end to CAR 40 for -1 yards (E.Culp).,def,Elijah Jones,3800,CB
2026001,0,2676,RUSH,(10:15) A.Tyus left end to CAR 40 for -1 yards (E.Culp).,def,Quinton Newsome,3800,CB
2026001,0,2676,RUSH,(10:15) A.Tyus left end to CAR 40 for -1 yards (E.Culp).,def,Austin Keys,3800,ILB
2026001,0,2676,RUSH,(10:15) A.Tyus left end to CAR 40 for -1 yards (E.Culp).,def,Karson Sharar,3800,ILB
2026001,0,2676,RUSH,(10:15) A.Tyus left end to CAR 40 for -1 yards (E.Culp).,def,Elijah Culp,3800,CB
2026001,0,2676,RUSH,(10:15) A.Tyus left end to CAR 40 for -1 yards (E.Culp).,def,Damonic Williams,3800,NT
2026001,0,2676,RUSH,(10:15) A.Tyus left end to CAR 40 for -1 yards (E.Culp).,def,Wydett Williams Jr.,3800,SS
2026001,0,2705,RUSH,"(9:41) (Shotgun) A.Tyus up the middle to CAR 46 for 6 yards (Q.Newsome). FUMBLES (Q.Newsome), RECOVERED by AZ-I.Oliver at CAR 48.",off,Stone Forsythe,0750,T
2026001,0,2705,RUSH,"(9:41) (Shotgun) A.Tyus up the middle to CAR 46 for 6 yards (Q.Newsome). FUMBLES (Q.Newsome), RECOVERED by AZ-I.Oliver at CAR 48.",off,Ja'Tyre Carter,0750,G
2026001,0,2705,RUSH,"(9:41) (Shotgun) A.Tyus up the middle to CAR 46 for 6 yards (Q.Newsome). FUMBLES (Q.Newsome), RECOVERED by AZ-I.Oliver at CAR 48.",off,Elijah Cooks,0750,WR
2026001,0,2705,RUSH,"(9:41) (Shotgun) A.Tyus up the middle to CAR 46 for 6 yards (Q.Newsome). FUMBLES (Q.Newsome), RECOVERED by AZ-I.Oliver at CAR 48.",off,Nick Samac,0750,C
2026001,0,2705,RUSH,"(9:41) (Shotgun) A.Tyus up the middle to CAR 46 for 6 yards (Q.Newsome). FUMBLES (Q.Newsome), RECOVERED by AZ-I.Oliver at CAR 48.",off,Jimmy Horn Jr.,0750,WR
2026001,0,2705,RUSH,"(9:41) (Shotgun) A.Tyus up the middle to CAR 46 for 6 yards (Q.Newsome). FUMBLES (Q.Newsome), RECOVERED by AZ-I.Oliver at CAR 48.",off,Ja'Seem Reed,0750,WR
2026001,0,2705,RUSH,"(9:41) (Shotgun) A.Tyus up the middle to CAR 46 for 6 yards (Q.Newsome). FUMBLES (Q.Newsome), RECOVERED by AZ-I.Oliver at CAR 48.",off,Caden Prieskorn,0750,TE
2026001,0,2705,RUSH,"(9:41) (Shotgun) A.Tyus up the middle to CAR 46 for 6 yards (Q.Newsome). FUMBLES (Q.Newsome), RECOVERED by AZ-I.Oliver at CAR 48.",off,Anthony Tyus III,0750,RB
2026001,0,2705,RUSH,"(9:41) (Shotgun) A.Tyus up the middle to CAR 46 for 6 yards (Q.Newsome). FUMBLES (Q.Newsome), RECOVERED by AZ-I.Oliver at CAR 48.",off,Albert Reese,0750,T
2026001,0,2705,RUSH,"(9:41) (Shotgun) A.Tyus up the middle to CAR 46 for 6 yards (Q.Newsome). FUMBLES (Q.Newsome), RECOVERED by AZ-I.Oliver at CAR 48.",off,Isaia Glass,0750,T
2026001,0,2705,RUSH,"(9:41) (Shotgun) A.Tyus up the middle to CAR 46 for 6 yards (Q.Newsome). FUMBLES (Q.Newsome), RECOVERED by AZ-I.Oliver at CAR 48.",off,Haynes King,0750,QB
2026001,0,2705,RUSH,"(9:41) (Shotgun) A.Tyus up the middle to CAR 46 for 6 yards (Q.Newsome). FUMBLES (Q.Newsome), RECOVERED by AZ-I.Oliver at CAR 48.",def,Isaiah Oliver,3800,FS
2026001,0,2705,RUSH,"(9:41) (Shotgun) A.Tyus up the middle to CAR 46 for 6 yards (Q.Newsome). FUMBLES (Q.Newsome), RECOVERED by AZ-I.Oliver at CAR 48.",def,Jonah Williams,3800,DE
2026001,0,2705,RUSH,"(9:41) (Shotgun) A.Tyus up the middle to CAR 46 for 6 yards (Q.Newsome). FUMBLES (Q.Newsome), RECOVERED by AZ-I.Oliver at CAR 48.",def,BJ Ojulari,3800,OLB
2026001,0,2705,RUSH,"(9:41) (Shotgun) A.Tyus up the middle to CAR 46 for 6 yards (Q.Newsome). FUMBLES (Q.Newsome), RECOVERED by AZ-I.Oliver at CAR 48.",def,Eku Leota,3800,OLB
2026001,0,2705,RUSH,"(9:41) (Shotgun) A.Tyus up the middle to CAR 46 for 6 yards (Q.Newsome). FUMBLES (Q.Newsome), RECOVERED by AZ-I.Oliver at CAR 48.",def,Elijah Jones,3800,CB
2026001,0,2705,RUSH,"(9:41) (Shotgun) A.Tyus up the middle to CAR 46 for 6 yards (Q.Newsome). FUMBLES (Q.Newsome), RECOVERED by AZ-I.Oliver at CAR 48.",def,Quinton Newsome,3800,CB
2026001,0,2705,RUSH,"(9:41) (Shotgun) A.Tyus up the middle to CAR 46 for 6 yards (Q.Newsome). FUMBLES (Q.Newsome), RECOVERED by AZ-I.Oliver at CAR 48.",def,Austin Keys,3800,ILB
2026001,0,2705,RUSH,"(9:41) (Shotgun) A.Tyus up the middle to CAR 46 for 6 yards (Q.Newsome). FUMBLES (Q.Newsome), RECOVERED by AZ-I.Oliver at CAR 48.",def,Karson Sharar,3800,ILB
2026001,0,2705,RUSH,"(9:41) (Shotgun) A.Tyus up the middle to CAR 46 for 6 yards (Q.Newsome). FUMBLES (Q.Newsome), RECOVERED by AZ-I.Oliver at CAR 48.",def,Elijah Culp,3800,CB
2026001,0,2705,RUSH,"(9:41) (Shotgun) A.Tyus up the middle to CAR 46 for 6 yards (Q.Newsome). FUMBLES (Q.Newsome), RECOVERED by AZ-I.Oliver at CAR 48.",def,Damonic Williams,3800,NT
2026001,0,2705,RUSH,"(9:41) (Shotgun) A.Tyus up the middle to CAR 46 for 6 yards (Q.Newsome). FUMBLES (Q.Newsome), RECOVERED by AZ-I.Oliver at CAR 48.",def,Wydett Williams Jr.,3800,SS
2026001,0,2748,RUSH,(9:34) C.Kiner left end to CAR 49 for -1 yards (E.Garcia).,off,Matt Pryor,3800,T
2026001,0,2748,RUSH,(9:34) C.Kiner left end to CAR 49 for -1 yards (E.Garcia).,off,Olisaemeka Udoh,3800,T
2026001,0,2748,RUSH,(9:34) C.Kiner left end to CAR 49 for -1 yards (E.Garcia).,off,Demontrey Jacobs,3800,T
2026001,0,2748,RUSH,(9:34) C.Kiner left end to CAR 49 for -1 yards (E.Garcia).,off,Xavier Weaver,3800,WR
2026001,0,2748,RUSH,(9:34) C.Kiner left end to CAR 49 for -1 yards (E.Garcia).,off,Kedon Slovis,3800,QB
2026001,0,2748,RUSH,(9:34) C.Kiner left end to CAR 49 for -1 yards (E.Garcia).,off,Rivaldo Fairweather,3800,TE
2026001,0,2748,RUSH,(9:34) C.Kiner left end to CAR 49 for -1 yards (E.Garcia).,off,Valentin Senn,3800,T
2026001,0,2748,RUSH,(9:34) C.Kiner left end to CAR 49 for -1 yards (E.Garcia).,off,Bryson Green,3800,WR
2026001,0,2748,RUSH,(9:34) C.Kiner left end to CAR 49 for -1 yards (E.Garcia).,off,Corey Kiner,3800,RB
2026001,0,2748,RUSH,(9:34) C.Kiner left end to CAR 49 for -1 yards (E.Garcia).,off,Reggie Virgil,3800,WR
2026001,0,2748,RUSH,(9:34) C.Kiner left end to CAR 49 for -1 yards (E.Garcia).,off,Ka'ena Decambra,3800,C
2026001,0,2748,RUSH,(9:34) C.Kiner left end to CAR 49 for -1 yards (E.Garcia).,def,Isaiah Simmons,0750,MLB
2026001,0,2748,RUSH,(9:34) C.Kiner left end to CAR 49 for -1 yards (E.Garcia).,def,Cam Gill,0750,OLB
2026001,0,2748,RUSH,(9:34) C.Kiner left end to CAR 49 for -1 yards (E.Garcia).,def,Robert Rochell,0750,CB
2026001,0,2748,RUSH,(9:34) C.Kiner left end to CAR 49 for -1 yards (E.Garcia).,def,Elijah Garcia,0750,DT
2026001,0,2748,RUSH,(9:34) C.Kiner left end to CAR 49 for -1 yards (E.Garcia).,def,Demani Richardson,0750,FS
2026001,0,2748,RUSH,(9:34) C.Kiner left end to CAR 49 for -1 yards (E.Garcia).,def,Kyon Barrs,0750,DT
2026001,0,2748,RUSH,(9:34) C.Kiner left end to CAR 49 for -1 yards (E.Garcia).,def,Bam Martin-Scott,0750,ILB
2026001,0,2748,RUSH,(9:34) C.Kiner left end to CAR 49 for -1 yards (E.Garcia).,def,Jackson Kuwatch,0750,ILB
2026001,0,2748,RUSH,(9:34) C.Kiner left end to CAR 49 for -1 yards (E.Garcia).,def,Cam Miller,0750,CB
2026001,0,2748,RUSH,(9:34) C.Kiner left end to CAR 49 for -1 yards (E.Garcia).,def,Devonta Smith,0750,CB
2026001,0,2748,RUSH,(9:34) C.Kiner left end to CAR 49 for -1 yards (E.Garcia).,def,Isaiah Smith,0750,OLB
2026001,0,2770,PASS,(9:01) (Shotgun) K.Slovis pass short left to R.Virgil to CAR 39 for 10 yards (R.Rochell).,off,Matt Pryor,3800,T
2026001,0,2770,PASS,(9:01) (Shotgun) K.Slovis pass short left to R.Virgil to CAR 39 for 10 yards (R.Rochell).,off,Olisaemeka Udoh,3800,T
2026001,0,2770,PASS,(9:01) (Shotgun) K.Slovis pass short left to R.Virgil to CAR 39 for 10 yards (R.Rochell).,off,Demontrey Jacobs,3800,T
2026001,0,2770,PASS,(9:01) (Shotgun) K.Slovis pass short left to R.Virgil to CAR 39 for 10 yards (R.Rochell).,off,Xavier Weaver,3800,WR
2026001,0,2770,PASS,(9:01) (Shotgun) K.Slovis pass short left to R.Virgil to CAR 39 for 10 yards (R.Rochell).,off,Kedon Slovis,3800,QB
2026001,0,2770,PASS,(9:01) (Shotgun) K.Slovis pass short left to R.Virgil to CAR 39 for 10 yards (R.Rochell).,off,Rivaldo Fairweather,3800,TE
2026001,0,2770,PASS,(9:01) (Shotgun) K.Slovis pass short left to R.Virgil to CAR 39 for 10 yards (R.Rochell).,off,Valentin Senn,3800,T
2026001,0,2770,PASS,(9:01) (Shotgun) K.Slovis pass short left to R.Virgil to CAR 39 for 10 yards (R.Rochell).,off,Bryson Green,3800,WR
2026001,0,2770,PASS,(9:01) (Shotgun) K.Slovis pass short left to R.Virgil to CAR 39 for 10 yards (R.Rochell).,off,Corey Kiner,3800,RB
2026001,0,2770,PASS,(9:01) (Shotgun) K.Slovis pass short left to R.Virgil to CAR 39 for 10 yards (R.Rochell).,off,Reggie Virgil,3800,WR
2026001,0,2770,PASS,(9:01) (Shotgun) K.Slovis pass short left to R.Virgil to CAR 39 for 10 yards (R.Rochell).,off,Ka'ena Decambra,3800,C
2026001,0,2770,PASS,(9:01) (Shotgun) K.Slovis pass short left to R.Virgil to CAR 39 for 10 yards (R.Rochell).,def,Isaiah Simmons,0750,MLB
2026001,0,2770,PASS,(9:01) (Shotgun) K.Slovis pass short left to R.Virgil to CAR 39 for 10 yards (R.Rochell).,def,Cam Gill,0750,OLB
2026001,0,2770,PASS,(9:01) (Shotgun) K.Slovis pass short left to R.Virgil to CAR 39 for 10 yards (R.Rochell).,def,Robert Rochell,0750,CB
2026001,0,2770,PASS,(9:01) (Shotgun) K.Slovis pass short left to R.Virgil to CAR 39 for 10 yards (R.Rochell).,def,Elijah Garcia,0750,DT
2026001,0,2770,PASS,(9:01) (Shotgun) K.Slovis pass short left to R.Virgil to CAR 39 for 10 yards (R.Rochell).,def,Demani Richardson,0750,FS
2026001,0,2770,PASS,(9:01) (Shotgun) K.Slovis pass short left to R.Virgil to CAR 39 for 10 yards (R.Rochell).,def,Kyon Barrs,0750,DT
2026001,0,2770,PASS,(9:01) (Shotgun) K.Slovis pass short left to R.Virgil to CAR 39 for 10 yards (R.Rochell).,def,Bam Martin-Scott,0750,ILB
2026001,0,2770,PASS,(9:01) (Shotgun) K.Slovis pass short left to R.Virgil to CAR 39 for 10 yards (R.Rochell).,def,Jackson Kuwatch,0750,ILB
2026001,0,2770,PASS,(9:01) (Shotgun) K.Slovis pass short left to R.Virgil to CAR 39 for 10 yards (R.Rochell).,def,Cam Miller,0750,CB
2026001,0,2770,PASS,(9:01) (Shotgun) K.Slovis pass short left to R.Virgil to CAR 39 for 10 yards (R.Rochell).,def,Devonta Smith,0750,CB
2026001,0,2770,PASS,(9:01) (Shotgun) K.Slovis pass short left to R.Virgil to CAR 39 for 10 yards (R.Rochell).,def,Isaiah Smith,0750,OLB
2026001,0,2795,RUSH,(8:28) C.Kiner right guard to CAR 36 for 3 yards (I.Smith).,off,Matt Pryor,3800,T
2026001,0,2795,RUSH,(8:28) C.Kiner right guard to CAR 36 for 3 yards (I.Smith).,off,Olisaemeka Udoh,3800,T
2026001,0,2795,RUSH,(8:28) C.Kiner right guard to CAR 36 for 3 yards (I.Smith).,off,Demontrey Jacobs,3800,T
2026001,0,2795,RUSH,(8:28) C.Kiner right guard to CAR 36 for 3 yards (I.Smith).,off,Xavier Weaver,3800,WR
2026001,0,2795,RUSH,(8:28) C.Kiner right guard to CAR 36 for 3 yards (I.Smith).,off,Kedon Slovis,3800,QB
2026001,0,2795,RUSH,(8:28) C.Kiner right guard to CAR 36 for 3 yards (I.Smith).,off,Rivaldo Fairweather,3800,TE
2026001,0,2795,RUSH,(8:28) C.Kiner right guard to CAR 36 for 3 yards (I.Smith).,off,Valentin Senn,3800,T
2026001,0,2795,RUSH,(8:28) C.Kiner right guard to CAR 36 for 3 yards (I.Smith).,off,Bryson Green,3800,WR
2026001,0,2795,RUSH,(8:28) C.Kiner right guard to CAR 36 for 3 yards (I.Smith).,off,Corey Kiner,3800,RB
2026001,0,2795,RUSH,(8:28) C.Kiner right guard to CAR 36 for 3 yards (I.Smith).,off,Reggie Virgil,3800,WR
2026001,0,2795,RUSH,(8:28) C.Kiner right guard to CAR 36 for 3 yards (I.Smith).,off,Ka'ena Decambra,3800,C
2026001,0,2795,RUSH,(8:28) C.Kiner right guard to CAR 36 for 3 yards (I.Smith).,def,Isaiah Simmons,0750,MLB
2026001,0,2795,RUSH,(8:28) C.Kiner right guard to CAR 36 for 3 yards (I.Smith).,def,Cam Gill,0750,OLB
2026001,0,2795,RUSH,(8:28) C.Kiner right guard to CAR 36 for 3 yards (I.Smith).,def,Robert Rochell,0750,CB
2026001,0,2795,RUSH,(8:28) C.Kiner right guard to CAR 36 for 3 yards (I.Smith).,def,Elijah Garcia,0750,DT
2026001,0,2795,RUSH,(8:28) C.Kiner right guard to CAR 36 for 3 yards (I.Smith).,def,Demani Richardson,0750,FS
2026001,0,2795,RUSH,(8:28) C.Kiner right guard to CAR 36 for 3 yards (I.Smith).,def,Kyon Barrs,0750,DT
2026001,0,2795,RUSH,(8:28) C.Kiner right guard to CAR 36 for 3 yards (I.Smith).,def,Bam Martin-Scott,0750,ILB
2026001,0,2795,RUSH,(8:28) C.Kiner right guard to CAR 36 for 3 yards (I.Smith).,def,Jackson Kuwatch,0750,ILB
2026001,0,2795,RUSH,(8:28) C.Kiner right guard to CAR 36 for 3 yards (I.Smith).,def,Cam Miller,0750,CB
2026001,0,2795,RUSH,(8:28) C.Kiner right guard to CAR 36 for 3 yards (I.Smith).,def,Devonta Smith,0750,CB
2026001,0,2795,RUSH,(8:28) C.Kiner right guard to CAR 36 for 3 yards (I.Smith).,def,Isaiah Smith,0750,OLB
2026001,0,2817,RUSH,(7:59) C.Kiner left end to CAR 31 for 5 yards (B.Martin-Scott).,off,Matt Pryor,3800,T
2026001,0,2817,RUSH,(7:59) C.Kiner left end to CAR 31 for 5 yards (B.Martin-Scott).,off,Olisaemeka Udoh,3800,T
2026001,0,2817,RUSH,(7:59) C.Kiner left end to CAR 31 for 5 yards (B.Martin-Scott).,off,Demontrey Jacobs,3800,T
2026001,0,2817,RUSH,(7:59) C.Kiner left end to CAR 31 for 5 yards (B.Martin-Scott).,off,Xavier Weaver,3800,WR
2026001,0,2817,RUSH,(7:59) C.Kiner left end to CAR 31 for 5 yards (B.Martin-Scott).,off,Kedon Slovis,3800,QB
2026001,0,2817,RUSH,(7:59) C.Kiner left end to CAR 31 for 5 yards (B.Martin-Scott).,off,Rivaldo Fairweather,3800,TE
2026001,0,2817,RUSH,(7:59) C.Kiner left end to CAR 31 for 5 yards (B.Martin-Scott).,off,Valentin Senn,3800,T
2026001,0,2817,RUSH,(7:59) C.Kiner left end to CAR 31 for 5 yards (B.Martin-Scott).,off,Bryson Green,3800,WR
2026001,0,2817,RUSH,(7:59) C.Kiner left end to CAR 31 for 5 yards (B.Martin-Scott).,off,Corey Kiner,3800,RB
2026001,0,2817,RUSH,(7:59) C.Kiner left end to CAR 31 for 5 yards (B.Martin-Scott).,off,Reggie Virgil,3800,WR
2026001,0,2817,RUSH,(7:59) C.Kiner left end to CAR 31 for 5 yards (B.Martin-Scott).,off,Ka'ena Decambra,3800,C
2026001,0,2817,RUSH,(7:59) C.Kiner left end to CAR 31 for 5 yards (B.Martin-Scott).,def,Isaiah Simmons,0750,MLB
2026001,0,2817,RUSH,(7:59) C.Kiner left end to CAR 31 for 5 yards (B.Martin-Scott).,def,Cam Gill,0750,OLB
2026001,0,2817,RUSH,(7:59) C.Kiner left end to CAR 31 for 5 yards (B.Martin-Scott).,def,Robert Rochell,0750,CB
2026001,0,2817,RUSH,(7:59) C.Kiner left end to CAR 31 for 5 yards (B.Martin-Scott).,def,Demani Richardson,0750,FS
2026001,0,2817,RUSH,(7:59) C.Kiner left end to CAR 31 for 5 yards (B.Martin-Scott).,def,Bam Martin-Scott,0750,ILB
2026001,0,2817,RUSH,(7:59) C.Kiner left end to CAR 31 for 5 yards (B.Martin-Scott).,def,Jackson Kuwatch,0750,ILB
2026001,0,2817,RUSH,(7:59) C.Kiner left end to CAR 31 for 5 yards (B.Martin-Scott).,def,Cam Miller,0750,CB
2026001,0,2817,RUSH,(7:59) C.Kiner left end to CAR 31 for 5 yards (B.Martin-Scott).,def,Parker Petersen,0750,DT
2026001,0,2817,RUSH,(7:59) C.Kiner left end to CAR 31 for 5 yards (B.Martin-Scott).,def,Devonta Smith,0750,CB
2026001,0,2817,RUSH,(7:59) C.Kiner left end to CAR 31 for 5 yards (B.Martin-Scott).,def,Isaiah Smith,0750,OLB
2026001,0,2817,RUSH,(7:59) C.Kiner left end to CAR 31 for 5 yards (B.Martin-Scott).,def,Tywone Malone,0750,DT
2026001,0,2839,PASS,(7:27) K.Slovis pass short right to X.Weaver to CAR 12 for 19 yards (B.Martin-Scott; D.Richardson).,off,Matt Pryor,3800,T
2026001,0,2839,PASS,(7:27) K.Slovis pass short right to X.Weaver to CAR 12 for 19 yards (B.Martin-Scott; D.Richardson).,off,Olisaemeka Udoh,3800,T
2026001,0,2839,PASS,(7:27) K.Slovis pass short right to X.Weaver to CAR 12 for 19 yards (B.Martin-Scott; D.Richardson).,off,Demontrey Jacobs,3800,T
2026001,0,2839,PASS,(7:27) K.Slovis pass short right to X.Weaver to CAR 12 for 19 yards (B.Martin-Scott; D.Richardson).,off,Xavier Weaver,3800,WR
2026001,0,2839,PASS,(7:27) K.Slovis pass short right to X.Weaver to CAR 12 for 19 yards (B.Martin-Scott; D.Richardson).,off,Kedon Slovis,3800,QB
2026001,0,2839,PASS,(7:27) K.Slovis pass short right to X.Weaver to CAR 12 for 19 yards (B.Martin-Scott; D.Richardson).,off,Rivaldo Fairweather,3800,TE
2026001,0,2839,PASS,(7:27) K.Slovis pass short right to X.Weaver to CAR 12 for 19 yards (B.Martin-Scott; D.Richardson).,off,Valentin Senn,3800,T
2026001,0,2839,PASS,(7:27) K.Slovis pass short right to X.Weaver to CAR 12 for 19 yards (B.Martin-Scott; D.Richardson).,off,Bryson Green,3800,WR
2026001,0,2839,PASS,(7:27) K.Slovis pass short right to X.Weaver to CAR 12 for 19 yards (B.Martin-Scott; D.Richardson).,off,Corey Kiner,3800,RB
2026001,0,2839,PASS,(7:27) K.Slovis pass short right to X.Weaver to CAR 12 for 19 yards (B.Martin-Scott; D.Richardson).,off,Reggie Virgil,3800,WR
2026001,0,2839,PASS,(7:27) K.Slovis pass short right to X.Weaver to CAR 12 for 19 yards (B.Martin-Scott; D.Richardson).,off,Ka'ena Decambra,3800,C
2026001,0,2839,PASS,(7:27) K.Slovis pass short right to X.Weaver to CAR 12 for 19 yards (B.Martin-Scott; D.Richardson).,def,Isaiah Simmons,0750,MLB
2026001,0,2839,PASS,(7:27) K.Slovis pass short right to X.Weaver to CAR 12 for 19 yards (B.Martin-Scott; D.Richardson).,def,Cam Gill,0750,OLB
2026001,0,2839,PASS,(7:27) K.Slovis pass short right to X.Weaver to CAR 12 for 19 yards (B.Martin-Scott; D.Richardson).,def,Robert Rochell,0750,CB
2026001,0,2839,PASS,(7:27) K.Slovis pass short right to X.Weaver to CAR 12 for 19 yards (B.Martin-Scott; D.Richardson).,def,Demani Richardson,0750,FS
2026001,0,2839,PASS,(7:27) K.Slovis pass short right to X.Weaver to CAR 12 for 19 yards (B.Martin-Scott; D.Richardson).,def,Bam Martin-Scott,0750,ILB
2026001,0,2839,PASS,(7:27) K.Slovis pass short right to X.Weaver to CAR 12 for 19 yards (B.Martin-Scott; D.Richardson).,def,Jackson Kuwatch,0750,ILB
2026001,0,2839,PASS,(7:27) K.Slovis pass short right to X.Weaver to CAR 12 for 19 yards (B.Martin-Scott; D.Richardson).,def,Cam Miller,0750,CB
2026001,0,2839,PASS,(7:27) K.Slovis pass short right to X.Weaver to CAR 12 for 19 yards (B.Martin-Scott; D.Richardson).,def,Parker Petersen,0750,DT
2026001,0,2839,PASS,(7:27) K.Slovis pass short right to X.Weaver to CAR 12 for 19 yards (B.Martin-Scott; D.Richardson).,def,Devonta Smith,0750,CB
2026001,0,2839,PASS,(7:27) K.Slovis pass short right to X.Weaver to CAR 12 for 19 yards (B.Martin-Scott; D.Richardson).,def,Isaiah Smith,0750,OLB
2026001,0,2839,PASS,(7:27) K.Slovis pass short right to X.Weaver to CAR 12 for 19 yards (B.Martin-Scott; D.Richardson).,def,Tywone Malone,0750,DT
2026001,0,2864,RUSH,(6:50) E.Hull right tackle to CAR 9 for 3 yards (B.Martin-Scott; I.Simmons).,off,Matt Pryor,3800,T
2026001,0,2864,RUSH,(6:50) E.Hull right tackle to CAR 9 for 3 yards (B.Martin-Scott; I.Simmons).,off,Olisaemeka Udoh,3800,T
2026001,0,2864,RUSH,(6:50) E.Hull right tackle to CAR 9 for 3 yards (B.Martin-Scott; I.Simmons).,off,Evan Hull,3800,RB
2026001,0,2864,RUSH,(6:50) E.Hull right tackle to CAR 9 for 3 yards (B.Martin-Scott; I.Simmons).,off,Demontrey Jacobs,3800,T
2026001,0,2864,RUSH,(6:50) E.Hull right tackle to CAR 9 for 3 yards (B.Martin-Scott; I.Simmons).,off,Xavier Weaver,3800,WR
2026001,0,2864,RUSH,(6:50) E.Hull right tackle to CAR 9 for 3 yards (B.Martin-Scott; I.Simmons).,off,Kedon Slovis,3800,QB
2026001,0,2864,RUSH,(6:50) E.Hull right tackle to CAR 9 for 3 yards (B.Martin-Scott; I.Simmons).,off,Rivaldo Fairweather,3800,TE
2026001,0,2864,RUSH,(6:50) E.Hull right tackle to CAR 9 for 3 yards (B.Martin-Scott; I.Simmons).,off,Valentin Senn,3800,T
2026001,0,2864,RUSH,(6:50) E.Hull right tackle to CAR 9 for 3 yards (B.Martin-Scott; I.Simmons).,off,Bryson Green,3800,WR
2026001,0,2864,RUSH,(6:50) E.Hull right tackle to CAR 9 for 3 yards (B.Martin-Scott; I.Simmons).,off,Reggie Virgil,3800,WR
2026001,0,2864,RUSH,(6:50) E.Hull right tackle to CAR 9 for 3 yards (B.Martin-Scott; I.Simmons).,off,Ka'ena Decambra,3800,C
2026001,0,2864,RUSH,(6:50) E.Hull right tackle to CAR 9 for 3 yards (B.Martin-Scott; I.Simmons).,def,Isaiah Simmons,0750,MLB
2026001,0,2864,RUSH,(6:50) E.Hull right tackle to CAR 9 for 3 yards (B.Martin-Scott; I.Simmons).,def,Robert Rochell,0750,CB
2026001,0,2864,RUSH,(6:50) E.Hull right tackle to CAR 9 for 3 yards (B.Martin-Scott; I.Simmons).,def,Nick Hampton,0750,OLB
2026001,0,2864,RUSH,(6:50) E.Hull right tackle to CAR 9 for 3 yards (B.Martin-Scott; I.Simmons).,def,Thomas Incoom,0750,OLB
2026001,0,2864,RUSH,(6:50) E.Hull right tackle to CAR 9 for 3 yards (B.Martin-Scott; I.Simmons).,def,Demani Richardson,0750,FS
2026001,0,2864,RUSH,(6:50) E.Hull right tackle to CAR 9 for 3 yards (B.Martin-Scott; I.Simmons).,def,Bam Martin-Scott,0750,ILB
2026001,0,2864,RUSH,(6:50) E.Hull right tackle to CAR 9 for 3 yards (B.Martin-Scott; I.Simmons).,def,Jackson Kuwatch,0750,ILB
2026001,0,2864,RUSH,(6:50) E.Hull right tackle to CAR 9 for 3 yards (B.Martin-Scott; I.Simmons).,def,Cam Miller,0750,CB
2026001,0,2864,RUSH,(6:50) E.Hull right tackle to CAR 9 for 3 yards (B.Martin-Scott; I.Simmons).,def,Parker Petersen,0750,DT
2026001,0,2864,RUSH,(6:50) E.Hull right tackle to CAR 9 for 3 yards (B.Martin-Scott; I.Simmons).,def,Devonta Smith,0750,CB
2026001,0,2864,RUSH,(6:50) E.Hull right tackle to CAR 9 for 3 yards (B.Martin-Scott; I.Simmons).,def,Tywone Malone,0750,DT
2026001,0,2886,PENALTY,"(6:16) (Shotgun) K.Slovis pass incomplete short right to R.Fairweather (I.Simmons).
PENALTY on AZ-M.Pryor, Offensive Holding, 10 yards, enforced at CAR 9 - No Play.",off,Matt Pryor,3800,T
2026001,0,2886,PENALTY,"(6:16) (Shotgun) K.Slovis pass incomplete short right to R.Fairweather (I.Simmons).
PENALTY on AZ-M.Pryor, Offensive Holding, 10 yards, enforced at CAR 9 - No Play.",off,Olisaemeka Udoh,3800,T
2026001,0,2886,PENALTY,"(6:16) (Shotgun) K.Slovis pass incomplete short right to R.Fairweather (I.Simmons).
PENALTY on AZ-M.Pryor, Offensive Holding, 10 yards, enforced at CAR 9 - No Play.",off,Evan Hull,3800,RB
2026001,0,2886,PENALTY,"(6:16) (Shotgun) K.Slovis pass incomplete short right to R.Fairweather (I.Simmons).
PENALTY on AZ-M.Pryor, Offensive Holding, 10 yards, enforced at CAR 9 - No Play.",off,Demontrey Jacobs,3800,T
2026001,0,2886,PENALTY,"(6:16) (Shotgun) K.Slovis pass incomplete short right to R.Fairweather (I.Simmons).
PENALTY on AZ-M.Pryor, Offensive Holding, 10 yards, enforced at CAR 9 - No Play.",off,Xavier Weaver,3800,WR
2026001,0,2886,PENALTY,"(6:16) (Shotgun) K.Slovis pass incomplete short right to R.Fairweather (I.Simmons).
PENALTY on AZ-M.Pryor, Offensive Holding, 10 yards, enforced at CAR 9 - No Play.",off,Kedon Slovis,3800,QB
2026001,0,2886,PENALTY,"(6:16) (Shotgun) K.Slovis pass incomplete short right to R.Fairweather (I.Simmons).
PENALTY on AZ-M.Pryor, Offensive Holding, 10 yards, enforced at CAR 9 - No Play.",off,Rivaldo Fairweather,3800,TE
2026001,0,2886,PENALTY,"(6:16) (Shotgun) K.Slovis pass incomplete short right to R.Fairweather (I.Simmons).
PENALTY on AZ-M.Pryor, Offensive Holding, 10 yards, enforced at CAR 9 - No Play.",off,Valentin Senn,3800,T
2026001,0,2886,PENALTY,"(6:16) (Shotgun) K.Slovis pass incomplete short right to R.Fairweather (I.Simmons).
PENALTY on AZ-M.Pryor, Offensive Holding, 10 yards, enforced at CAR 9 - No Play.",off,Bryson Green,3800,WR
2026001,0,2886,PENALTY,"(6:16) (Shotgun) K.Slovis pass incomplete short right to R.Fairweather (I.Simmons).
PENALTY on AZ-M.Pryor, Offensive Holding, 10 yards, enforced at CAR 9 - No Play.",off,Reggie Virgil,3800,WR
2026001,0,2886,PENALTY,"(6:16) (Shotgun) K.Slovis pass incomplete short right to R.Fairweather (I.Simmons).
PENALTY on AZ-M.Pryor, Offensive Holding, 10 yards, enforced at CAR 9 - No Play.",off,Ka'ena Decambra,3800,C
2026001,0,2886,PENALTY,"(6:16) (Shotgun) K.Slovis pass incomplete short right to R.Fairweather (I.Simmons).
PENALTY on AZ-M.Pryor, Offensive Holding, 10 yards, enforced at CAR 9 - No Play.",def,Isaiah Simmons,0750,MLB
2026001,0,2886,PENALTY,"(6:16) (Shotgun) K.Slovis pass incomplete short right to R.Fairweather (I.Simmons).
PENALTY on AZ-M.Pryor, Offensive Holding, 10 yards, enforced at CAR 9 - No Play.",def,Robert Rochell,0750,CB
2026001,0,2886,PENALTY,"(6:16) (Shotgun) K.Slovis pass incomplete short right to R.Fairweather (I.Simmons).
PENALTY on AZ-M.Pryor, Offensive Holding, 10 yards, enforced at CAR 9 - No Play.",def,Nick Hampton,0750,OLB
2026001,0,2886,PENALTY,"(6:16) (Shotgun) K.Slovis pass incomplete short right to R.Fairweather (I.Simmons).
PENALTY on AZ-M.Pryor, Offensive Holding, 10 yards, enforced at CAR 9 - No Play.",def,Thomas Incoom,0750,OLB
2026001,0,2886,PENALTY,"(6:16) (Shotgun) K.Slovis pass incomplete short right to R.Fairweather (I.Simmons).
PENALTY on AZ-M.Pryor, Offensive Holding, 10 yards, enforced at CAR 9 - No Play.",def,Demani Richardson,0750,FS
2026001,0,2886,PENALTY,"(6:16) (Shotgun) K.Slovis pass incomplete short right to R.Fairweather (I.Simmons).
PENALTY on AZ-M.Pryor, Offensive Holding, 10 yards, enforced at CAR 9 - No Play.",def,Bam Martin-Scott,0750,ILB
2026001,0,2886,PENALTY,"(6:16) (Shotgun) K.Slovis pass incomplete short right to R.Fairweather (I.Simmons).
PENALTY on AZ-M.Pryor, Offensive Holding, 10 yards, enforced at CAR 9 - No Play.",def,Jackson Kuwatch,0750,ILB
2026001,0,2886,PENALTY,"(6:16) (Shotgun) K.Slovis pass incomplete short right to R.Fairweather (I.Simmons).
PENALTY on AZ-M.Pryor, Offensive Holding, 10 yards, enforced at CAR 9 - No Play.",def,Cam Miller,0750,CB
2026001,0,2886,PENALTY,"(6:16) (Shotgun) K.Slovis pass incomplete short right to R.Fairweather (I.Simmons).
PENALTY on AZ-M.Pryor, Offensive Holding, 10 yards, enforced at CAR 9 - No Play.",def,Parker Petersen,0750,DT
2026001,0,2886,PENALTY,"(6:16) (Shotgun) K.Slovis pass incomplete short right to R.Fairweather (I.Simmons).
PENALTY on AZ-M.Pryor, Offensive Holding, 10 yards, enforced at CAR 9 - No Play.",def,Devonta Smith,0750,CB
2026001,0,2886,PENALTY,"(6:16) (Shotgun) K.Slovis pass incomplete short right to R.Fairweather (I.Simmons).
PENALTY on AZ-M.Pryor, Offensive Holding, 10 yards, enforced at CAR 9 - No Play.",def,Tywone Malone,0750,DT
2026001,0,2920,SACK,(6:08) (Shotgun) K.Slovis sacked at CAR 29 for -10 yards (N.Hampton).,off,Matt Pryor,3800,T
2026001,0,2920,SACK,(6:08) (Shotgun) K.Slovis sacked at CAR 29 for -10 yards (N.Hampton).,off,Olisaemeka Udoh,3800,T
2026001,0,2920,SACK,(6:08) (Shotgun) K.Slovis sacked at CAR 29 for -10 yards (N.Hampton).,off,Demontrey Jacobs,3800,T
2026001,0,2920,SACK,(6:08) (Shotgun) K.Slovis sacked at CAR 29 for -10 yards (N.Hampton).,off,Xavier Weaver,3800,WR
2026001,0,2920,SACK,(6:08) (Shotgun) K.Slovis sacked at CAR 29 for -10 yards (N.Hampton).,off,Kedon Slovis,3800,QB
2026001,0,2920,SACK,(6:08) (Shotgun) K.Slovis sacked at CAR 29 for -10 yards (N.Hampton).,off,Valentin Senn,3800,T
2026001,0,2920,SACK,(6:08) (Shotgun) K.Slovis sacked at CAR 29 for -10 yards (N.Hampton).,off,Bryson Green,3800,WR
2026001,0,2920,SACK,(6:08) (Shotgun) K.Slovis sacked at CAR 29 for -10 yards (N.Hampton).,off,Corey Kiner,3800,RB
2026001,0,2920,SACK,(6:08) (Shotgun) K.Slovis sacked at CAR 29 for -10 yards (N.Hampton).,off,Reggie Virgil,3800,WR
2026001,0,2920,SACK,(6:08) (Shotgun) K.Slovis sacked at CAR 29 for -10 yards (N.Hampton).,off,Ka'ena Decambra,3800,C
2026001,0,2920,SACK,(6:08) (Shotgun) K.Slovis sacked at CAR 29 for -10 yards (N.Hampton).,off,Jameson Geers,3800,TE
2026001,0,2920,SACK,(6:08) (Shotgun) K.Slovis sacked at CAR 29 for -10 yards (N.Hampton).,def,Isaiah Simmons,0750,MLB
2026001,0,2920,SACK,(6:08) (Shotgun) K.Slovis sacked at CAR 29 for -10 yards (N.Hampton).,def,Robert Rochell,0750,CB
2026001,0,2920,SACK,(6:08) (Shotgun) K.Slovis sacked at CAR 29 for -10 yards (N.Hampton).,def,Elijah Garcia,0750,DT
2026001,0,2920,SACK,(6:08) (Shotgun) K.Slovis sacked at CAR 29 for -10 yards (N.Hampton).,def,Nick Hampton,0750,OLB
2026001,0,2920,SACK,(6:08) (Shotgun) K.Slovis sacked at CAR 29 for -10 yards (N.Hampton).,def,Thomas Incoom,0750,OLB
2026001,0,2920,SACK,(6:08) (Shotgun) K.Slovis sacked at CAR 29 for -10 yards (N.Hampton).,def,Demani Richardson,0750,FS
2026001,0,2920,SACK,(6:08) (Shotgun) K.Slovis sacked at CAR 29 for -10 yards (N.Hampton).,def,Bam Martin-Scott,0750,ILB
2026001,0,2920,SACK,(6:08) (Shotgun) K.Slovis sacked at CAR 29 for -10 yards (N.Hampton).,def,Jackson Kuwatch,0750,ILB
2026001,0,2920,SACK,(6:08) (Shotgun) K.Slovis sacked at CAR 29 for -10 yards (N.Hampton).,def,Aaron Hall,0750,DT
2026001,0,2920,SACK,(6:08) (Shotgun) K.Slovis sacked at CAR 29 for -10 yards (N.Hampton).,def,Cam Miller,0750,CB
2026001,0,2920,SACK,(6:08) (Shotgun) K.Slovis sacked at CAR 29 for -10 yards (N.Hampton).,def,Devonta Smith,0750,CB
2026001,0,2940,RUSH,(5:26) (Shotgun) C.Kiner up the middle to CAR 24 for 5 yards (I.Simmons; Z.Wheatley).,off,Matt Pryor,3800,T
2026001,0,2940,RUSH,(5:26) (Shotgun) C.Kiner up the middle to CAR 24 for 5 yards (I.Simmons; Z.Wheatley).,off,Olisaemeka Udoh,3800,T
2026001,0,2940,RUSH,(5:26) (Shotgun) C.Kiner up the middle to CAR 24 for 5 yards (I.Simmons; Z.Wheatley).,off,Demontrey Jacobs,3800,T
2026001,0,2940,RUSH,(5:26) (Shotgun) C.Kiner up the middle to CAR 24 for 5 yards (I.Simmons; Z.Wheatley).,off,Xavier Weaver,3800,WR
2026001,0,2940,RUSH,(5:26) (Shotgun) C.Kiner up the middle to CAR 24 for 5 yards (I.Simmons; Z.Wheatley).,off,Kedon Slovis,3800,QB
2026001,0,2940,RUSH,(5:26) (Shotgun) C.Kiner up the middle to CAR 24 for 5 yards (I.Simmons; Z.Wheatley).,off,Valentin Senn,3800,T
2026001,0,2940,RUSH,(5:26) (Shotgun) C.Kiner up the middle to CAR 24 for 5 yards (I.Simmons; Z.Wheatley).,off,Bryson Green,3800,WR
2026001,0,2940,RUSH,(5:26) (Shotgun) C.Kiner up the middle to CAR 24 for 5 yards (I.Simmons; Z.Wheatley).,off,Corey Kiner,3800,RB
2026001,0,2940,RUSH,(5:26) (Shotgun) C.Kiner up the middle to CAR 24 for 5 yards (I.Simmons; Z.Wheatley).,off,Reggie Virgil,3800,WR
2026001,0,2940,RUSH,(5:26) (Shotgun) C.Kiner up the middle to CAR 24 for 5 yards (I.Simmons; Z.Wheatley).,off,Ka'ena Decambra,3800,C
2026001,0,2940,RUSH,(5:26) (Shotgun) C.Kiner up the middle to CAR 24 for 5 yards (I.Simmons; Z.Wheatley).,off,Jameson Geers,3800,TE
2026001,0,2940,RUSH,(5:26) (Shotgun) C.Kiner up the middle to CAR 24 for 5 yards (I.Simmons; Z.Wheatley).,def,Isaiah Simmons,0750,MLB
2026001,0,2940,RUSH,(5:26) (Shotgun) C.Kiner up the middle to CAR 24 for 5 yards (I.Simmons; Z.Wheatley).,def,Robert Rochell,0750,CB
2026001,0,2940,RUSH,(5:26) (Shotgun) C.Kiner up the middle to CAR 24 for 5 yards (I.Simmons; Z.Wheatley).,def,Elijah Garcia,0750,DT
2026001,0,2940,RUSH,(5:26) (Shotgun) C.Kiner up the middle to CAR 24 for 5 yards (I.Simmons; Z.Wheatley).,def,Nick Hampton,0750,OLB
2026001,0,2940,RUSH,(5:26) (Shotgun) C.Kiner up the middle to CAR 24 for 5 yards (I.Simmons; Z.Wheatley).,def,Thomas Incoom,0750,OLB
2026001,0,2940,RUSH,(5:26) (Shotgun) C.Kiner up the middle to CAR 24 for 5 yards (I.Simmons; Z.Wheatley).,def,Demani Richardson,0750,FS
2026001,0,2940,RUSH,(5:26) (Shotgun) C.Kiner up the middle to CAR 24 for 5 yards (I.Simmons; Z.Wheatley).,def,Zakee Wheatley,0750,SS
2026001,0,2940,RUSH,(5:26) (Shotgun) C.Kiner up the middle to CAR 24 for 5 yards (I.Simmons; Z.Wheatley).,def,Jackson Kuwatch,0750,ILB
2026001,0,2940,RUSH,(5:26) (Shotgun) C.Kiner up the middle to CAR 24 for 5 yards (I.Simmons; Z.Wheatley).,def,Aaron Hall,0750,DT
2026001,0,2940,RUSH,(5:26) (Shotgun) C.Kiner up the middle to CAR 24 for 5 yards (I.Simmons; Z.Wheatley).,def,Cam Miller,0750,CB
2026001,0,2940,RUSH,(5:26) (Shotgun) C.Kiner up the middle to CAR 24 for 5 yards (I.Simmons; Z.Wheatley).,def,Devonta Smith,0750,CB
2026001,0,2962,FIELD_GOAL,"(4:46) C.Ryland 43 yard field goal is GOOD, Center-C.Kreiter, Holder-B.Gillikin.",off,Casey Kreiter,3800,LS
2026001,0,2962,FIELD_GOAL,"(4:46) C.Ryland 43 yard field goal is GOOD, Center-C.Kreiter, Holder-B.Gillikin.",off,Olisaemeka Udoh,3800,T
2026001,0,2962,FIELD_GOAL,"(4:46) C.Ryland 43 yard field goal is GOOD, Center-C.Kreiter, Holder-B.Gillikin.",off,Blake Gillikin,3800,P
2026001,0,2962,FIELD_GOAL,"(4:46) C.Ryland 43 yard field goal is GOOD, Center-C.Kreiter, Holder-B.Gillikin.",off,Chad Ryland,3800,K
2026001,0,2962,FIELD_GOAL,"(4:46) C.Ryland 43 yard field goal is GOOD, Center-C.Kreiter, Holder-B.Gillikin.",off,Demontrey Jacobs,3800,T
2026001,0,2962,FIELD_GOAL,"(4:46) C.Ryland 43 yard field goal is GOOD, Center-C.Kreiter, Holder-B.Gillikin.",off,Christian Jones,3800,T
2026001,0,2962,FIELD_GOAL,"(4:46) C.Ryland 43 yard field goal is GOOD, Center-C.Kreiter, Holder-B.Gillikin.",off,Hayden Conner,3800,G
2026001,0,2962,FIELD_GOAL,"(4:46) C.Ryland 43 yard field goal is GOOD, Center-C.Kreiter, Holder-B.Gillikin.",off,Rivaldo Fairweather,3800,TE
2026001,0,2962,FIELD_GOAL,"(4:46) C.Ryland 43 yard field goal is GOOD, Center-C.Kreiter, Holder-B.Gillikin.",off,Chase Bisontis,3800,G
2026001,0,2962,FIELD_GOAL,"(4:46) C.Ryland 43 yard field goal is GOOD, Center-C.Kreiter, Holder-B.Gillikin.",off,Jayden Williams,3800,T
2026001,0,2962,FIELD_GOAL,"(4:46) C.Ryland 43 yard field goal is GOOD, Center-C.Kreiter, Holder-B.Gillikin.",off,Jameson Geers,3800,TE
2026001,0,2962,FIELD_GOAL,"(4:46) C.Ryland 43 yard field goal is GOOD, Center-C.Kreiter, Holder-B.Gillikin.",def,Robert Rochell,0750,CB
2026001,0,2962,FIELD_GOAL,"(4:46) C.Ryland 43 yard field goal is GOOD, Center-C.Kreiter, Holder-B.Gillikin.",def,Elijah Garcia,0750,DT
2026001,0,2962,FIELD_GOAL,"(4:46) C.Ryland 43 yard field goal is GOOD, Center-C.Kreiter, Holder-B.Gillikin.",def,Nick Hampton,0750,OLB
2026001,0,2962,FIELD_GOAL,"(4:46) C.Ryland 43 yard field goal is GOOD, Center-C.Kreiter, Holder-B.Gillikin.",def,Thomas Incoom,0750,OLB
2026001,0,2962,FIELD_GOAL,"(4:46) C.Ryland 43 yard field goal is GOOD, Center-C.Kreiter, Holder-B.Gillikin.",def,Tyrek Funderburk,0750,CB
2026001,0,2962,FIELD_GOAL,"(4:46) C.Ryland 43 yard field goal is GOOD, Center-C.Kreiter, Holder-B.Gillikin.",def,Demani Richardson,0750,FS
2026001,0,2962,FIELD_GOAL,"(4:46) C.Ryland 43 yard field goal is GOOD, Center-C.Kreiter, Holder-B.Gillikin.",def,Jared Harrison-Hunte,0750,DT
2026001,0,2962,FIELD_GOAL,"(4:46) C.Ryland 43 yard field goal is GOOD, Center-C.Kreiter, Holder-B.Gillikin.",def,Bam Martin-Scott,0750,ILB
2026001,0,2962,FIELD_GOAL,"(4:46) C.Ryland 43 yard field goal is GOOD, Center-C.Kreiter, Holder-B.Gillikin.",def,Aaron Hall,0750,DT
2026001,0,2962,FIELD_GOAL,"(4:46) C.Ryland 43 yard field goal is GOOD, Center-C.Kreiter, Holder-B.Gillikin.",def,Parker Petersen,0750,DT
2026001,0,2962,FIELD_GOAL,"(4:46) C.Ryland 43 yard field goal is GOOD, Center-C.Kreiter, Holder-B.Gillikin.",def,DeCarlos Nicholson,0750,DB
2026001,0,2982,KICK_OFF,C.Ryland kicks 63 yards from AZ 35 to CAR 2. Ji.Horn to CAR 27 for 25 yards (B.Ojulari).,off,Isaiah Oliver,3800,FS
2026001,0,2982,KICK_OFF,C.Ryland kicks 63 yards from AZ 35 to CAR 2. Ji.Horn to CAR 27 for 25 yards (B.Ojulari).,off,BJ Ojulari,3800,OLB
2026001,0,2982,KICK_OFF,C.Ryland kicks 63 yards from AZ 35 to CAR 2. Ji.Horn to CAR 27 for 25 yards (B.Ojulari).,off,Chad Ryland,3800,K
2026001,0,2982,KICK_OFF,C.Ryland kicks 63 yards from AZ 35 to CAR 2. Ji.Horn to CAR 27 for 25 yards (B.Ojulari).,off,Kei'Trel Clark,3800,CB
2026001,0,2982,KICK_OFF,C.Ryland kicks 63 yards from AZ 35 to CAR 2. Ji.Horn to CAR 27 for 25 yards (B.Ojulari).,off,Eku Leota,3800,OLB
2026001,0,2982,KICK_OFF,C.Ryland kicks 63 yards from AZ 35 to CAR 2. Ji.Horn to CAR 27 for 25 yards (B.Ojulari).,off,Elijah Jones,3800,CB
2026001,0,2982,KICK_OFF,C.Ryland kicks 63 yards from AZ 35 to CAR 2. Ji.Horn to CAR 27 for 25 yards (B.Ojulari).,off,Quinton Newsome,3800,CB
2026001,0,2982,KICK_OFF,C.Ryland kicks 63 yards from AZ 35 to CAR 2. Ji.Horn to CAR 27 for 25 yards (B.Ojulari).,off,Bryson Green,3800,WR
2026001,0,2982,KICK_OFF,C.Ryland kicks 63 yards from AZ 35 to CAR 2. Ji.Horn to CAR 27 for 25 yards (B.Ojulari).,off,Reggie Virgil,3800,WR
2026001,0,2982,KICK_OFF,C.Ryland kicks 63 yards from AZ 35 to CAR 2. Ji.Horn to CAR 27 for 25 yards (B.Ojulari).,off,Karson Sharar,3800,ILB
2026001,0,2982,KICK_OFF,C.Ryland kicks 63 yards from AZ 35 to CAR 2. Ji.Horn to CAR 27 for 25 yards (B.Ojulari).,off,Wydett Williams Jr.,3800,SS
2026001,0,2982,KICK_OFF,C.Ryland kicks 63 yards from AZ 35 to CAR 2. Ji.Horn to CAR 27 for 25 yards (B.Ojulari).,def,Robert Rochell,0750,CB
2026001,0,2982,KICK_OFF,C.Ryland kicks 63 yards from AZ 35 to CAR 2. Ji.Horn to CAR 27 for 25 yards (B.Ojulari).,def,Elijah Cooks,0750,WR
2026001,0,2982,KICK_OFF,C.Ryland kicks 63 yards from AZ 35 to CAR 2. Ji.Horn to CAR 27 for 25 yards (B.Ojulari).,def,Casey Washington,0750,WR
2026001,0,2982,KICK_OFF,C.Ryland kicks 63 yards from AZ 35 to CAR 2. Ji.Horn to CAR 27 for 25 yards (B.Ojulari).,def,Demani Richardson,0750,FS
2026001,0,2982,KICK_OFF,C.Ryland kicks 63 yards from AZ 35 to CAR 2. Ji.Horn to CAR 27 for 25 yards (B.Ojulari).,def,Jimmy Horn Jr.,0750,WR
2026001,0,2982,KICK_OFF,C.Ryland kicks 63 yards from AZ 35 to CAR 2. Ji.Horn to CAR 27 for 25 yards (B.Ojulari).,def,Ja'Seem Reed,0750,WR
2026001,0,2982,KICK_OFF,C.Ryland kicks 63 yards from AZ 35 to CAR 2. Ji.Horn to CAR 27 for 25 yards (B.Ojulari).,def,Caden Prieskorn,0750,TE
2026001,0,2982,KICK_OFF,C.Ryland kicks 63 yards from AZ 35 to CAR 2. Ji.Horn to CAR 27 for 25 yards (B.Ojulari).,def,Roc Taylor,0750,WR
2026001,0,2982,KICK_OFF,C.Ryland kicks 63 yards from AZ 35 to CAR 2. Ji.Horn to CAR 27 for 25 yards (B.Ojulari).,def,Jackson Kuwatch,0750,ILB
2026001,0,2982,KICK_OFF,C.Ryland kicks 63 yards from AZ 35 to CAR 2. Ji.Horn to CAR 27 for 25 yards (B.Ojulari).,def,Isaiah Smith,0750,OLB
2026001,0,2982,KICK_OFF,C.Ryland kicks 63 yards from AZ 35 to CAR 2. Ji.Horn to CAR 27 for 25 yards (B.Ojulari).,def,Chamon Metayer,0750,TE
2026001,0,3012,RUSH,(4:37) A.Tyus up the middle to CAR 30 for 3 yards (A.Keys; K.Sharar).,off,Stone Forsythe,0750,T
2026001,0,3012,RUSH,(4:37) A.Tyus up the middle to CAR 30 for 3 yards (A.Keys; K.Sharar).,off,Ja'Tyre Carter,0750,G
2026001,0,3012,RUSH,(4:37) A.Tyus up the middle to CAR 30 for 3 yards (A.Keys; K.Sharar).,off,Ryan Hayes,0750,T
2026001,0,3012,RUSH,(4:37) A.Tyus up the middle to CAR 30 for 3 yards (A.Keys; K.Sharar).,off,Elijah Cooks,0750,WR
2026001,0,3012,RUSH,(4:37) A.Tyus up the middle to CAR 30 for 3 yards (A.Keys; K.Sharar).,off,Casey Washington,0750,WR
2026001,0,3012,RUSH,(4:37) A.Tyus up the middle to CAR 30 for 3 yards (A.Keys; K.Sharar).,off,Nick Samac,0750,C
2026001,0,3012,RUSH,(4:37) A.Tyus up the middle to CAR 30 for 3 yards (A.Keys; K.Sharar).,off,Caden Prieskorn,0750,TE
2026001,0,3012,RUSH,(4:37) A.Tyus up the middle to CAR 30 for 3 yards (A.Keys; K.Sharar).,off,Anthony Tyus III,0750,RB
2026001,0,3012,RUSH,(4:37) A.Tyus up the middle to CAR 30 for 3 yards (A.Keys; K.Sharar).,off,Isaia Glass,0750,T
2026001,0,3012,RUSH,(4:37) A.Tyus up the middle to CAR 30 for 3 yards (A.Keys; K.Sharar).,off,Haynes King,0750,QB
2026001,0,3012,RUSH,(4:37) A.Tyus up the middle to CAR 30 for 3 yards (A.Keys; K.Sharar).,off,Chamon Metayer,0750,TE
2026001,0,3012,RUSH,(4:37) A.Tyus up the middle to CAR 30 for 3 yards (A.Keys; K.Sharar).,def,Isaiah Oliver,3800,FS
2026001,0,3012,RUSH,(4:37) A.Tyus up the middle to CAR 30 for 3 yards (A.Keys; K.Sharar).,def,Jonah Williams,3800,DE
2026001,0,3012,RUSH,(4:37) A.Tyus up the middle to CAR 30 for 3 yards (A.Keys; K.Sharar).,def,Elliott Brown,3800,OLB
2026001,0,3012,RUSH,(4:37) A.Tyus up the middle to CAR 30 for 3 yards (A.Keys; K.Sharar).,def,Brodric Martin,3800,DT
2026001,0,3012,RUSH,(4:37) A.Tyus up the middle to CAR 30 for 3 yards (A.Keys; K.Sharar).,def,Elijah Jones,3800,CB
2026001,0,3012,RUSH,(4:37) A.Tyus up the middle to CAR 30 for 3 yards (A.Keys; K.Sharar).,def,Austin Keys,3800,ILB
2026001,0,3012,RUSH,(4:37) A.Tyus up the middle to CAR 30 for 3 yards (A.Keys; K.Sharar).,def,Cam Horsley,3800,DT
2026001,0,3012,RUSH,(4:37) A.Tyus up the middle to CAR 30 for 3 yards (A.Keys; K.Sharar).,def,Karson Sharar,3800,ILB
2026001,0,3012,RUSH,(4:37) A.Tyus up the middle to CAR 30 for 3 yards (A.Keys; K.Sharar).,def,Elijah Culp,3800,CB
2026001,0,3012,RUSH,(4:37) A.Tyus up the middle to CAR 30 for 3 yards (A.Keys; K.Sharar).,def,Cam Robertson,3800,OLB
2026001,0,3012,RUSH,(4:37) A.Tyus up the middle to CAR 30 for 3 yards (A.Keys; K.Sharar).,def,Wydett Williams Jr.,3800,SS
2026001,0,3034,RUSH,(4:00) (Shotgun) A.Tyus left guard to CAR 32 for 2 yards (C.Horsley; B.Martin).,off,Stone Forsythe,0750,T
2026001,0,3034,RUSH,(4:00) (Shotgun) A.Tyus left guard to CAR 32 for 2 yards (C.Horsley; B.Martin).,off,Ja'Tyre Carter,0750,G
2026001,0,3034,RUSH,(4:00) (Shotgun) A.Tyus left guard to CAR 32 for 2 yards (C.Horsley; B.Martin).,off,Ryan Hayes,0750,T
2026001,0,3034,RUSH,(4:00) (Shotgun) A.Tyus left guard to CAR 32 for 2 yards (C.Horsley; B.Martin).,off,Elijah Cooks,0750,WR
2026001,0,3034,RUSH,(4:00) (Shotgun) A.Tyus left guard to CAR 32 for 2 yards (C.Horsley; B.Martin).,off,Casey Washington,0750,WR
2026001,0,3034,RUSH,(4:00) (Shotgun) A.Tyus left guard to CAR 32 for 2 yards (C.Horsley; B.Martin).,off,Nick Samac,0750,C
2026001,0,3034,RUSH,(4:00) (Shotgun) A.Tyus left guard to CAR 32 for 2 yards (C.Horsley; B.Martin).,off,Jimmy Horn Jr.,0750,WR
2026001,0,3034,RUSH,(4:00) (Shotgun) A.Tyus left guard to CAR 32 for 2 yards (C.Horsley; B.Martin).,off,Anthony Tyus III,0750,RB
2026001,0,3034,RUSH,(4:00) (Shotgun) A.Tyus left guard to CAR 32 for 2 yards (C.Horsley; B.Martin).,off,Isaia Glass,0750,T
2026001,0,3034,RUSH,(4:00) (Shotgun) A.Tyus left guard to CAR 32 for 2 yards (C.Horsley; B.Martin).,off,Haynes King,0750,QB
2026001,0,3034,RUSH,(4:00) (Shotgun) A.Tyus left guard to CAR 32 for 2 yards (C.Horsley; B.Martin).,off,Chamon Metayer,0750,TE
2026001,0,3034,RUSH,(4:00) (Shotgun) A.Tyus left guard to CAR 32 for 2 yards (C.Horsley; B.Martin).,def,Isaiah Oliver,3800,FS
2026001,0,3034,RUSH,(4:00) (Shotgun) A.Tyus left guard to CAR 32 for 2 yards (C.Horsley; B.Martin).,def,Elliott Brown,3800,OLB
2026001,0,3034,RUSH,(4:00) (Shotgun) A.Tyus left guard to CAR 32 for 2 yards (C.Horsley; B.Martin).,def,Brodric Martin,3800,DT
2026001,0,3034,RUSH,(4:00) (Shotgun) A.Tyus left guard to CAR 32 for 2 yards (C.Horsley; B.Martin).,def,Elijah Jones,3800,CB
2026001,0,3034,RUSH,(4:00) (Shotgun) A.Tyus left guard to CAR 32 for 2 yards (C.Horsley; B.Martin).,def,Quinton Newsome,3800,CB
2026001,0,3034,RUSH,(4:00) (Shotgun) A.Tyus left guard to CAR 32 for 2 yards (C.Horsley; B.Martin).,def,Austin Keys,3800,ILB
2026001,0,3034,RUSH,(4:00) (Shotgun) A.Tyus left guard to CAR 32 for 2 yards (C.Horsley; B.Martin).,def,Cam Horsley,3800,DT
2026001,0,3034,RUSH,(4:00) (Shotgun) A.Tyus left guard to CAR 32 for 2 yards (C.Horsley; B.Martin).,def,Karson Sharar,3800,ILB
2026001,0,3034,RUSH,(4:00) (Shotgun) A.Tyus left guard to CAR 32 for 2 yards (C.Horsley; B.Martin).,def,Elijah Culp,3800,CB
2026001,0,3034,RUSH,(4:00) (Shotgun) A.Tyus left guard to CAR 32 for 2 yards (C.Horsley; B.Martin).,def,Cam Robertson,3800,OLB
2026001,0,3034,RUSH,(4:00) (Shotgun) A.Tyus left guard to CAR 32 for 2 yards (C.Horsley; B.Martin).,def,Wydett Williams Jr.,3800,SS
2026001,0,3056,PENALTY,"(3:14) (Shotgun) H.King scrambles left end to CAR 38 for 6 yards (K.Sharar).
PENALTY on CAR-J.Carter, Offensive Holding, 10 yards, enforced at CAR 32 - No Play.",off,Stone Forsythe,0750,T
2026001,0,3056,PENALTY,"(3:14) (Shotgun) H.King scrambles left end to CAR 38 for 6 yards (K.Sharar).
PENALTY on CAR-J.Carter, Offensive Holding, 10 yards, enforced at CAR 32 - No Play.",off,Ja'Tyre Carter,0750,G
2026001,0,3056,PENALTY,"(3:14) (Shotgun) H.King scrambles left end to CAR 38 for 6 yards (K.Sharar).
PENALTY on CAR-J.Carter, Offensive Holding, 10 yards, enforced at CAR 32 - No Play.",off,Ryan Hayes,0750,T
2026001,0,3056,PENALTY,"(3:14) (Shotgun) H.King scrambles left end to CAR 38 for 6 yards (K.Sharar).
PENALTY on CAR-J.Carter, Offensive Holding, 10 yards, enforced at CAR 32 - No Play.",off,Elijah Cooks,0750,WR
2026001,0,3056,PENALTY,"(3:14) (Shotgun) H.King scrambles left end to CAR 38 for 6 yards (K.Sharar).
PENALTY on CAR-J.Carter, Offensive Holding, 10 yards, enforced at CAR 32 - No Play.",off,Casey Washington,0750,WR
2026001,0,3056,PENALTY,"(3:14) (Shotgun) H.King scrambles left end to CAR 38 for 6 yards (K.Sharar).
PENALTY on CAR-J.Carter, Offensive Holding, 10 yards, enforced at CAR 32 - No Play.",off,Nick Samac,0750,C
2026001,0,3056,PENALTY,"(3:14) (Shotgun) H.King scrambles left end to CAR 38 for 6 yards (K.Sharar).
PENALTY on CAR-J.Carter, Offensive Holding, 10 yards, enforced at CAR 32 - No Play.",off,Jimmy Horn Jr.,0750,WR
2026001,0,3056,PENALTY,"(3:14) (Shotgun) H.King scrambles left end to CAR 38 for 6 yards (K.Sharar).
PENALTY on CAR-J.Carter, Offensive Holding, 10 yards, enforced at CAR 32 - No Play.",off,Anthony Tyus III,0750,RB
2026001,0,3056,PENALTY,"(3:14) (Shotgun) H.King scrambles left end to CAR 38 for 6 yards (K.Sharar).
PENALTY on CAR-J.Carter, Offensive Holding, 10 yards, enforced at CAR 32 - No Play.",off,Isaia Glass,0750,T
2026001,0,3056,PENALTY,"(3:14) (Shotgun) H.King scrambles left end to CAR 38 for 6 yards (K.Sharar).
PENALTY on CAR-J.Carter, Offensive Holding, 10 yards, enforced at CAR 32 - No Play.",off,Haynes King,0750,QB
2026001,0,3056,PENALTY,"(3:14) (Shotgun) H.King scrambles left end to CAR 38 for 6 yards (K.Sharar).
PENALTY on CAR-J.Carter, Offensive Holding, 10 yards, enforced at CAR 32 - No Play.",off,Chamon Metayer,0750,TE
2026001,0,3056,PENALTY,"(3:14) (Shotgun) H.King scrambles left end to CAR 38 for 6 yards (K.Sharar).
PENALTY on CAR-J.Carter, Offensive Holding, 10 yards, enforced at CAR 32 - No Play.",def,Isaiah Oliver,3800,FS
2026001,0,3056,PENALTY,"(3:14) (Shotgun) H.King scrambles left end to CAR 38 for 6 yards (K.Sharar).
PENALTY on CAR-J.Carter, Offensive Holding, 10 yards, enforced at CAR 32 - No Play.",def,Elliott Brown,3800,OLB
2026001,0,3056,PENALTY,"(3:14) (Shotgun) H.King scrambles left end to CAR 38 for 6 yards (K.Sharar).
PENALTY on CAR-J.Carter, Offensive Holding, 10 yards, enforced at CAR 32 - No Play.",def,Brodric Martin,3800,DT
2026001,0,3056,PENALTY,"(3:14) (Shotgun) H.King scrambles left end to CAR 38 for 6 yards (K.Sharar).
PENALTY on CAR-J.Carter, Offensive Holding, 10 yards, enforced at CAR 32 - No Play.",def,Elijah Jones,3800,CB
2026001,0,3056,PENALTY,"(3:14) (Shotgun) H.King scrambles left end to CAR 38 for 6 yards (K.Sharar).
PENALTY on CAR-J.Carter, Offensive Holding, 10 yards, enforced at CAR 32 - No Play.",def,Quinton Newsome,3800,CB
2026001,0,3056,PENALTY,"(3:14) (Shotgun) H.King scrambles left end to CAR 38 for 6 yards (K.Sharar).
PENALTY on CAR-J.Carter, Offensive Holding, 10 yards, enforced at CAR 32 - No Play.",def,Austin Keys,3800,ILB
2026001,0,3056,PENALTY,"(3:14) (Shotgun) H.King scrambles left end to CAR 38 for 6 yards (K.Sharar).
PENALTY on CAR-J.Carter, Offensive Holding, 10 yards, enforced at CAR 32 - No Play.",def,Cam Horsley,3800,DT
2026001,0,3056,PENALTY,"(3:14) (Shotgun) H.King scrambles left end to CAR 38 for 6 yards (K.Sharar).
PENALTY on CAR-J.Carter, Offensive Holding, 10 yards, enforced at CAR 32 - No Play.",def,Karson Sharar,3800,ILB
2026001,0,3056,PENALTY,"(3:14) (Shotgun) H.King scrambles left end to CAR 38 for 6 yards (K.Sharar).
PENALTY on CAR-J.Carter, Offensive Holding, 10 yards, enforced at CAR 32 - No Play.",def,Elijah Culp,3800,CB
2026001,0,3056,PENALTY,"(3:14) (Shotgun) H.King scrambles left end to CAR 38 for 6 yards (K.Sharar).
PENALTY on CAR-J.Carter, Offensive Holding, 10 yards, enforced at CAR 32 - No Play.",def,Cam Robertson,3800,OLB
2026001,0,3056,PENALTY,"(3:14) (Shotgun) H.King scrambles left end to CAR 38 for 6 yards (K.Sharar).
PENALTY on CAR-J.Carter, Offensive Holding, 10 yards, enforced at CAR 32 - No Play.",def,Wydett Williams Jr.,3800,SS
2026001,0,3089,PASS,"(2:57) (Shotgun) H.King pass short right to Ji.Horn pushed ob at CAR 37 for 15 yards (E.Culp).
PENALTY on AZ-E.Culp, Unnecessary Roughness, 15 yards, enforced at CAR 37.",off,Stone Forsythe,0750,T
2026001,0,3089,PASS,"(2:57) (Shotgun) H.King pass short right to Ji.Horn pushed ob at CAR 37 for 15 yards (E.Culp).
PENALTY on AZ-E.Culp, Unnecessary Roughness, 15 yards, enforced at CAR 37.",off,Ja'Tyre Carter,0750,G
2026001,0,3089,PASS,"(2:57) (Shotgun) H.King pass short right to Ji.Horn pushed ob at CAR 37 for 15 yards (E.Culp).
PENALTY on AZ-E.Culp, Unnecessary Roughness, 15 yards, enforced at CAR 37.",off,Ryan Hayes,0750,T
2026001,0,3089,PASS,"(2:57) (Shotgun) H.King pass short right to Ji.Horn pushed ob at CAR 37 for 15 yards (E.Culp).
PENALTY on AZ-E.Culp, Unnecessary Roughness, 15 yards, enforced at CAR 37.",off,Elijah Cooks,0750,WR
2026001,0,3089,PASS,"(2:57) (Shotgun) H.King pass short right to Ji.Horn pushed ob at CAR 37 for 15 yards (E.Culp).
PENALTY on AZ-E.Culp, Unnecessary Roughness, 15 yards, enforced at CAR 37.",off,Casey Washington,0750,WR
2026001,0,3089,PASS,"(2:57) (Shotgun) H.King pass short right to Ji.Horn pushed ob at CAR 37 for 15 yards (E.Culp).
PENALTY on AZ-E.Culp, Unnecessary Roughness, 15 yards, enforced at CAR 37.",off,Nick Samac,0750,C
2026001,0,3089,PASS,"(2:57) (Shotgun) H.King pass short right to Ji.Horn pushed ob at CAR 37 for 15 yards (E.Culp).
PENALTY on AZ-E.Culp, Unnecessary Roughness, 15 yards, enforced at CAR 37.",off,Jimmy Horn Jr.,0750,WR
2026001,0,3089,PASS,"(2:57) (Shotgun) H.King pass short right to Ji.Horn pushed ob at CAR 37 for 15 yards (E.Culp).
PENALTY on AZ-E.Culp, Unnecessary Roughness, 15 yards, enforced at CAR 37.",off,Anthony Tyus III,0750,RB
2026001,0,3089,PASS,"(2:57) (Shotgun) H.King pass short right to Ji.Horn pushed ob at CAR 37 for 15 yards (E.Culp).
PENALTY on AZ-E.Culp, Unnecessary Roughness, 15 yards, enforced at CAR 37.",off,Isaia Glass,0750,T
2026001,0,3089,PASS,"(2:57) (Shotgun) H.King pass short right to Ji.Horn pushed ob at CAR 37 for 15 yards (E.Culp).
PENALTY on AZ-E.Culp, Unnecessary Roughness, 15 yards, enforced at CAR 37.",off,Haynes King,0750,QB
2026001,0,3089,PASS,"(2:57) (Shotgun) H.King pass short right to Ji.Horn pushed ob at CAR 37 for 15 yards (E.Culp).
PENALTY on AZ-E.Culp, Unnecessary Roughness, 15 yards, enforced at CAR 37.",off,Chamon Metayer,0750,TE
2026001,0,3089,PASS,"(2:57) (Shotgun) H.King pass short right to Ji.Horn pushed ob at CAR 37 for 15 yards (E.Culp).
PENALTY on AZ-E.Culp, Unnecessary Roughness, 15 yards, enforced at CAR 37.",def,Isaiah Oliver,3800,FS
2026001,0,3089,PASS,"(2:57) (Shotgun) H.King pass short right to Ji.Horn pushed ob at CAR 37 for 15 yards (E.Culp).
PENALTY on AZ-E.Culp, Unnecessary Roughness, 15 yards, enforced at CAR 37.",def,Elliott Brown,3800,OLB
2026001,0,3089,PASS,"(2:57) (Shotgun) H.King pass short right to Ji.Horn pushed ob at CAR 37 for 15 yards (E.Culp).
PENALTY on AZ-E.Culp, Unnecessary Roughness, 15 yards, enforced at CAR 37.",def,Brodric Martin,3800,DT
2026001,0,3089,PASS,"(2:57) (Shotgun) H.King pass short right to Ji.Horn pushed ob at CAR 37 for 15 yards (E.Culp).
PENALTY on AZ-E.Culp, Unnecessary Roughness, 15 yards, enforced at CAR 37.",def,Elijah Jones,3800,CB
2026001,0,3089,PASS,"(2:57) (Shotgun) H.King pass short right to Ji.Horn pushed ob at CAR 37 for 15 yards (E.Culp).
PENALTY on AZ-E.Culp, Unnecessary Roughness, 15 yards, enforced at CAR 37.",def,Quinton Newsome,3800,CB
2026001,0,3089,PASS,"(2:57) (Shotgun) H.King pass short right to Ji.Horn pushed ob at CAR 37 for 15 yards (E.Culp).
PENALTY on AZ-E.Culp, Unnecessary Roughness, 15 yards, enforced at CAR 37.",def,Austin Keys,3800,ILB
2026001,0,3089,PASS,"(2:57) (Shotgun) H.King pass short right to Ji.Horn pushed ob at CAR 37 for 15 yards (E.Culp).
PENALTY on AZ-E.Culp, Unnecessary Roughness, 15 yards, enforced at CAR 37.",def,Cam Horsley,3800,DT
2026001,0,3089,PASS,"(2:57) (Shotgun) H.King pass short right to Ji.Horn pushed ob at CAR 37 for 15 yards (E.Culp).
PENALTY on AZ-E.Culp, Unnecessary Roughness, 15 yards, enforced at CAR 37.",def,Karson Sharar,3800,ILB
2026001,0,3089,PASS,"(2:57) (Shotgun) H.King pass short right to Ji.Horn pushed ob at CAR 37 for 15 yards (E.Culp).
PENALTY on AZ-E.Culp, Unnecessary Roughness, 15 yards, enforced at CAR 37.",def,Elijah Culp,3800,CB
2026001,0,3089,PASS,"(2:57) (Shotgun) H.King pass short right to Ji.Horn pushed ob at CAR 37 for 15 yards (E.Culp).
PENALTY on AZ-E.Culp, Unnecessary Roughness, 15 yards, enforced at CAR 37.",def,Cam Robertson,3800,OLB
2026001,0,3089,PASS,"(2:57) (Shotgun) H.King pass short right to Ji.Horn pushed ob at CAR 37 for 15 yards (E.Culp).
PENALTY on AZ-E.Culp, Unnecessary Roughness, 15 yards, enforced at CAR 37.",def,Wydett Williams Jr.,3800,SS
2026001,0,3130,RUSH,(2:35) A.Tyus left end pushed ob at AZ 41 for 7 yards (E.Jones).,off,Stone Forsythe,0750,T
2026001,0,3130,RUSH,(2:35) A.Tyus left end pushed ob at AZ 41 for 7 yards (E.Jones).,off,Ja'Tyre Carter,0750,G
2026001,0,3130,RUSH,(2:35) A.Tyus left end pushed ob at AZ 41 for 7 yards (E.Jones).,off,Ryan Hayes,0750,T
2026001,0,3130,RUSH,(2:35) A.Tyus left end pushed ob at AZ 41 for 7 yards (E.Jones).,off,Elijah Cooks,0750,WR
2026001,0,3130,RUSH,(2:35) A.Tyus left end pushed ob at AZ 41 for 7 yards (E.Jones).,off,Casey Washington,0750,WR
2026001,0,3130,RUSH,(2:35) A.Tyus left end pushed ob at AZ 41 for 7 yards (E.Jones).,off,Nick Samac,0750,C
2026001,0,3130,RUSH,(2:35) A.Tyus left end pushed ob at AZ 41 for 7 yards (E.Jones).,off,Caden Prieskorn,0750,TE
2026001,0,3130,RUSH,(2:35) A.Tyus left end pushed ob at AZ 41 for 7 yards (E.Jones).,off,Anthony Tyus III,0750,RB
2026001,0,3130,RUSH,(2:35) A.Tyus left end pushed ob at AZ 41 for 7 yards (E.Jones).,off,Isaia Glass,0750,T
2026001,0,3130,RUSH,(2:35) A.Tyus left end pushed ob at AZ 41 for 7 yards (E.Jones).,off,Haynes King,0750,QB
2026001,0,3130,RUSH,(2:35) A.Tyus left end pushed ob at AZ 41 for 7 yards (E.Jones).,off,Chamon Metayer,0750,TE
2026001,0,3130,RUSH,(2:35) A.Tyus left end pushed ob at AZ 41 for 7 yards (E.Jones).,def,Isaiah Oliver,3800,FS
2026001,0,3130,RUSH,(2:35) A.Tyus left end pushed ob at AZ 41 for 7 yards (E.Jones).,def,Jonah Williams,3800,DE
2026001,0,3130,RUSH,(2:35) A.Tyus left end pushed ob at AZ 41 for 7 yards (E.Jones).,def,BJ Ojulari,3800,OLB
2026001,0,3130,RUSH,(2:35) A.Tyus left end pushed ob at AZ 41 for 7 yards (E.Jones).,def,Brodric Martin,3800,DT
2026001,0,3130,RUSH,(2:35) A.Tyus left end pushed ob at AZ 41 for 7 yards (E.Jones).,def,Eku Leota,3800,OLB
2026001,0,3130,RUSH,(2:35) A.Tyus left end pushed ob at AZ 41 for 7 yards (E.Jones).,def,Elijah Jones,3800,CB
2026001,0,3130,RUSH,(2:35) A.Tyus left end pushed ob at AZ 41 for 7 yards (E.Jones).,def,Austin Keys,3800,ILB
2026001,0,3130,RUSH,(2:35) A.Tyus left end pushed ob at AZ 41 for 7 yards (E.Jones).,def,Karson Sharar,3800,ILB
2026001,0,3130,RUSH,(2:35) A.Tyus left end pushed ob at AZ 41 for 7 yards (E.Jones).,def,Elijah Culp,3800,CB
2026001,0,3130,RUSH,(2:35) A.Tyus left end pushed ob at AZ 41 for 7 yards (E.Jones).,def,Damonic Williams,3800,NT
2026001,0,3130,RUSH,(2:35) A.Tyus left end pushed ob at AZ 41 for 7 yards (E.Jones).,def,Wydett Williams Jr.,3800,SS
2026001,0,3152,PASS,(2:03) H.King pass short left to C.Washington pushed ob at AZ 34 for 7 yards (E.Culp).,off,Stone Forsythe,0750,T
2026001,0,3152,PASS,(2:03) H.King pass short left to C.Washington pushed ob at AZ 34 for 7 yards (E.Culp).,off,Ja'Tyre Carter,0750,G
2026001,0,3152,PASS,(2:03) H.King pass short left to C.Washington pushed ob at AZ 34 for 7 yards (E.Culp).,off,Ryan Hayes,0750,T
2026001,0,3152,PASS,(2:03) H.King pass short left to C.Washington pushed ob at AZ 34 for 7 yards (E.Culp).,off,Elijah Cooks,0750,WR
2026001,0,3152,PASS,(2:03) H.King pass short left to C.Washington pushed ob at AZ 34 for 7 yards (E.Culp).,off,Casey Washington,0750,WR
2026001,0,3152,PASS,(2:03) H.King pass short left to C.Washington pushed ob at AZ 34 for 7 yards (E.Culp).,off,Nick Samac,0750,C
2026001,0,3152,PASS,(2:03) H.King pass short left to C.Washington pushed ob at AZ 34 for 7 yards (E.Culp).,off,Caden Prieskorn,0750,TE
2026001,0,3152,PASS,(2:03) H.King pass short left to C.Washington pushed ob at AZ 34 for 7 yards (E.Culp).,off,Anthony Tyus III,0750,RB
2026001,0,3152,PASS,(2:03) H.King pass short left to C.Washington pushed ob at AZ 34 for 7 yards (E.Culp).,off,Isaia Glass,0750,T
2026001,0,3152,PASS,(2:03) H.King pass short left to C.Washington pushed ob at AZ 34 for 7 yards (E.Culp).,off,Haynes King,0750,QB
2026001,0,3152,PASS,(2:03) H.King pass short left to C.Washington pushed ob at AZ 34 for 7 yards (E.Culp).,off,Chamon Metayer,0750,TE
2026001,0,3152,PASS,(2:03) H.King pass short left to C.Washington pushed ob at AZ 34 for 7 yards (E.Culp).,def,Isaiah Oliver,3800,FS
2026001,0,3152,PASS,(2:03) H.King pass short left to C.Washington pushed ob at AZ 34 for 7 yards (E.Culp).,def,Jonah Williams,3800,DE
2026001,0,3152,PASS,(2:03) H.King pass short left to C.Washington pushed ob at AZ 34 for 7 yards (E.Culp).,def,BJ Ojulari,3800,OLB
2026001,0,3152,PASS,(2:03) H.King pass short left to C.Washington pushed ob at AZ 34 for 7 yards (E.Culp).,def,Brodric Martin,3800,DT
2026001,0,3152,PASS,(2:03) H.King pass short left to C.Washington pushed ob at AZ 34 for 7 yards (E.Culp).,def,Eku Leota,3800,OLB
2026001,0,3152,PASS,(2:03) H.King pass short left to C.Washington pushed ob at AZ 34 for 7 yards (E.Culp).,def,Elijah Jones,3800,CB
2026001,0,3152,PASS,(2:03) H.King pass short left to C.Washington pushed ob at AZ 34 for 7 yards (E.Culp).,def,Austin Keys,3800,ILB
2026001,0,3152,PASS,(2:03) H.King pass short left to C.Washington pushed ob at AZ 34 for 7 yards (E.Culp).,def,Karson Sharar,3800,ILB
2026001,0,3152,PASS,(2:03) H.King pass short left to C.Washington pushed ob at AZ 34 for 7 yards (E.Culp).,def,Elijah Culp,3800,CB
2026001,0,3152,PASS,(2:03) H.King pass short left to C.Washington pushed ob at AZ 34 for 7 yards (E.Culp).,def,Damonic Williams,3800,NT
2026001,0,3152,PASS,(2:03) H.King pass short left to C.Washington pushed ob at AZ 34 for 7 yards (E.Culp).,def,Wydett Williams Jr.,3800,SS
2026001,0,3182,RUSH,(1:36) A.Tyus right end to AZ 33 for 1 yard (K.Sharar; B.Ojulari).,off,Stone Forsythe,0750,T
2026001,0,3182,RUSH,(1:36) A.Tyus right end to AZ 33 for 1 yard (K.Sharar; B.Ojulari).,off,Ja'Tyre Carter,0750,G
2026001,0,3182,RUSH,(1:36) A.Tyus right end to AZ 33 for 1 yard (K.Sharar; B.Ojulari).,off,Ryan Hayes,0750,T
2026001,0,3182,RUSH,(1:36) A.Tyus right end to AZ 33 for 1 yard (K.Sharar; B.Ojulari).,off,Elijah Cooks,0750,WR
2026001,0,3182,RUSH,(1:36) A.Tyus right end to AZ 33 for 1 yard (K.Sharar; B.Ojulari).,off,Casey Washington,0750,WR
2026001,0,3182,RUSH,(1:36) A.Tyus right end to AZ 33 for 1 yard (K.Sharar; B.Ojulari).,off,Nick Samac,0750,C
2026001,0,3182,RUSH,(1:36) A.Tyus right end to AZ 33 for 1 yard (K.Sharar; B.Ojulari).,off,Caden Prieskorn,0750,TE
2026001,0,3182,RUSH,(1:36) A.Tyus right end to AZ 33 for 1 yard (K.Sharar; B.Ojulari).,off,Anthony Tyus III,0750,RB
2026001,0,3182,RUSH,(1:36) A.Tyus right end to AZ 33 for 1 yard (K.Sharar; B.Ojulari).,off,Isaia Glass,0750,T
2026001,0,3182,RUSH,(1:36) A.Tyus right end to AZ 33 for 1 yard (K.Sharar; B.Ojulari).,off,Haynes King,0750,QB
2026001,0,3182,RUSH,(1:36) A.Tyus right end to AZ 33 for 1 yard (K.Sharar; B.Ojulari).,off,Chamon Metayer,0750,TE
2026001,0,3182,RUSH,(1:36) A.Tyus right end to AZ 33 for 1 yard (K.Sharar; B.Ojulari).,def,Isaiah Oliver,3800,FS
2026001,0,3182,RUSH,(1:36) A.Tyus right end to AZ 33 for 1 yard (K.Sharar; B.Ojulari).,def,Jonah Williams,3800,DE
2026001,0,3182,RUSH,(1:36) A.Tyus right end to AZ 33 for 1 yard (K.Sharar; B.Ojulari).,def,BJ Ojulari,3800,OLB
2026001,0,3182,RUSH,(1:36) A.Tyus right end to AZ 33 for 1 yard (K.Sharar; B.Ojulari).,def,Brodric Martin,3800,DT
2026001,0,3182,RUSH,(1:36) A.Tyus right end to AZ 33 for 1 yard (K.Sharar; B.Ojulari).,def,Eku Leota,3800,OLB
2026001,0,3182,RUSH,(1:36) A.Tyus right end to AZ 33 for 1 yard (K.Sharar; B.Ojulari).,def,Elijah Jones,3800,CB
2026001,0,3182,RUSH,(1:36) A.Tyus right end to AZ 33 for 1 yard (K.Sharar; B.Ojulari).,def,Austin Keys,3800,ILB
2026001,0,3182,RUSH,(1:36) A.Tyus right end to AZ 33 for 1 yard (K.Sharar; B.Ojulari).,def,Karson Sharar,3800,ILB
2026001,0,3182,RUSH,(1:36) A.Tyus right end to AZ 33 for 1 yard (K.Sharar; B.Ojulari).,def,Elijah Culp,3800,CB
2026001,0,3182,RUSH,(1:36) A.Tyus right end to AZ 33 for 1 yard (K.Sharar; B.Ojulari).,def,Damonic Williams,3800,NT
2026001,0,3182,RUSH,(1:36) A.Tyus right end to AZ 33 for 1 yard (K.Sharar; B.Ojulari).,def,Wydett Williams Jr.,3800,SS
2026001,0,3204,RUSH,(:55) (Shotgun) A.Tyus up the middle to AZ 33 for no gain (D.Williams; I.Oliver).,off,Stone Forsythe,0750,T
2026001,0,3204,RUSH,(:55) (Shotgun) A.Tyus up the middle to AZ 33 for no gain (D.Williams; I.Oliver).,off,Ja'Tyre Carter,0750,G
2026001,0,3204,RUSH,(:55) (Shotgun) A.Tyus up the middle to AZ 33 for no gain (D.Williams; I.Oliver).,off,Ryan Hayes,0750,T
2026001,0,3204,RUSH,(:55) (Shotgun) A.Tyus up the middle to AZ 33 for no gain (D.Williams; I.Oliver).,off,Elijah Cooks,0750,WR
2026001,0,3204,RUSH,(:55) (Shotgun) A.Tyus up the middle to AZ 33 for no gain (D.Williams; I.Oliver).,off,Casey Washington,0750,WR
2026001,0,3204,RUSH,(:55) (Shotgun) A.Tyus up the middle to AZ 33 for no gain (D.Williams; I.Oliver).,off,Nick Samac,0750,C
2026001,0,3204,RUSH,(:55) (Shotgun) A.Tyus up the middle to AZ 33 for no gain (D.Williams; I.Oliver).,off,Jimmy Horn Jr.,0750,WR
2026001,0,3204,RUSH,(:55) (Shotgun) A.Tyus up the middle to AZ 33 for no gain (D.Williams; I.Oliver).,off,Caden Prieskorn,0750,TE
2026001,0,3204,RUSH,(:55) (Shotgun) A.Tyus up the middle to AZ 33 for no gain (D.Williams; I.Oliver).,off,Anthony Tyus III,0750,RB
2026001,0,3204,RUSH,(:55) (Shotgun) A.Tyus up the middle to AZ 33 for no gain (D.Williams; I.Oliver).,off,Isaia Glass,0750,T
2026001,0,3204,RUSH,(:55) (Shotgun) A.Tyus up the middle to AZ 33 for no gain (D.Williams; I.Oliver).,off,Haynes King,0750,QB
2026001,0,3204,RUSH,(:55) (Shotgun) A.Tyus up the middle to AZ 33 for no gain (D.Williams; I.Oliver).,def,Isaiah Oliver,3800,FS
2026001,0,3204,RUSH,(:55) (Shotgun) A.Tyus up the middle to AZ 33 for no gain (D.Williams; I.Oliver).,def,BJ Ojulari,3800,OLB
2026001,0,3204,RUSH,(:55) (Shotgun) A.Tyus up the middle to AZ 33 for no gain (D.Williams; I.Oliver).,def,Eku Leota,3800,OLB
2026001,0,3204,RUSH,(:55) (Shotgun) A.Tyus up the middle to AZ 33 for no gain (D.Williams; I.Oliver).,def,Elijah Jones,3800,CB
2026001,0,3204,RUSH,(:55) (Shotgun) A.Tyus up the middle to AZ 33 for no gain (D.Williams; I.Oliver).,def,Quinton Newsome,3800,CB
2026001,0,3204,RUSH,(:55) (Shotgun) A.Tyus up the middle to AZ 33 for no gain (D.Williams; I.Oliver).,def,Austin Keys,3800,ILB
2026001,0,3204,RUSH,(:55) (Shotgun) A.Tyus up the middle to AZ 33 for no gain (D.Williams; I.Oliver).,def,Cam Horsley,3800,DT
2026001,0,3204,RUSH,(:55) (Shotgun) A.Tyus up the middle to AZ 33 for no gain (D.Williams; I.Oliver).,def,Karson Sharar,3800,ILB
2026001,0,3204,RUSH,(:55) (Shotgun) A.Tyus up the middle to AZ 33 for no gain (D.Williams; I.Oliver).,def,Elijah Culp,3800,CB
2026001,0,3204,RUSH,(:55) (Shotgun) A.Tyus up the middle to AZ 33 for no gain (D.Williams; I.Oliver).,def,Damonic Williams,3800,NT
2026001,0,3204,RUSH,(:55) (Shotgun) A.Tyus up the middle to AZ 33 for no gain (D.Williams; I.Oliver).,def,Wydett Williams Jr.,3800,SS
2026001,0,3226,PASS,(:13) (Shotgun) H.King pass short right to C.Washington to AZ 26 for 7 yards (E.Culp).,off,Stone Forsythe,0750,T
2026001,0,3226,PASS,(:13) (Shotgun) H.King pass short right to C.Washington to AZ 26 for 7 yards (E.Culp).,off,Ja'Tyre Carter,0750,G
2026001,0,3226,PASS,(:13) (Shotgun) H.King pass short right to C.Washington to AZ 26 for 7 yards (E.Culp).,off,Ryan Hayes,0750,T
2026001,0,3226,PASS,(:13) (Shotgun) H.King pass short right to C.Washington to AZ 26 for 7 yards (E.Culp).,off,Elijah Cooks,0750,WR
2026001,0,3226,PASS,(:13) (Shotgun) H.King pass short right to C.Washington to AZ 26 for 7 yards (E.Culp).,off,Casey Washington,0750,WR
2026001,0,3226,PASS,(:13) (Shotgun) H.King pass short right to C.Washington to AZ 26 for 7 yards (E.Culp).,off,Nick Samac,0750,C
2026001,0,3226,PASS,(:13) (Shotgun) H.King pass short right to C.Washington to AZ 26 for 7 yards (E.Culp).,off,Jimmy Horn Jr.,0750,WR
2026001,0,3226,PASS,(:13) (Shotgun) H.King pass short right to C.Washington to AZ 26 for 7 yards (E.Culp).,off,Caden Prieskorn,0750,TE
2026001,0,3226,PASS,(:13) (Shotgun) H.King pass short right to C.Washington to AZ 26 for 7 yards (E.Culp).,off,Anthony Tyus III,0750,RB
2026001,0,3226,PASS,(:13) (Shotgun) H.King pass short right to C.Washington to AZ 26 for 7 yards (E.Culp).,off,Isaia Glass,0750,T
2026001,0,3226,PASS,(:13) (Shotgun) H.King pass short right to C.Washington to AZ 26 for 7 yards (E.Culp).,off,Haynes King,0750,QB
2026001,0,3226,PASS,(:13) (Shotgun) H.King pass short right to C.Washington to AZ 26 for 7 yards (E.Culp).,def,Isaiah Oliver,3800,FS
2026001,0,3226,PASS,(:13) (Shotgun) H.King pass short right to C.Washington to AZ 26 for 7 yards (E.Culp).,def,BJ Ojulari,3800,OLB
2026001,0,3226,PASS,(:13) (Shotgun) H.King pass short right to C.Washington to AZ 26 for 7 yards (E.Culp).,def,Eku Leota,3800,OLB
2026001,0,3226,PASS,(:13) (Shotgun) H.King pass short right to C.Washington to AZ 26 for 7 yards (E.Culp).,def,Elijah Jones,3800,CB
2026001,0,3226,PASS,(:13) (Shotgun) H.King pass short right to C.Washington to AZ 26 for 7 yards (E.Culp).,def,Quinton Newsome,3800,CB
2026001,0,3226,PASS,(:13) (Shotgun) H.King pass short right to C.Washington to AZ 26 for 7 yards (E.Culp).,def,Austin Keys,3800,ILB
2026001,0,3226,PASS,(:13) (Shotgun) H.King pass short right to C.Washington to AZ 26 for 7 yards (E.Culp).,def,Cam Horsley,3800,DT
2026001,0,3226,PASS,(:13) (Shotgun) H.King pass short right to C.Washington to AZ 26 for 7 yards (E.Culp).,def,Karson Sharar,3800,ILB
2026001,0,3226,PASS,(:13) (Shotgun) H.King pass short right to C.Washington to AZ 26 for 7 yards (E.Culp).,def,Elijah Culp,3800,CB
2026001,0,3226,PASS,(:13) (Shotgun) H.King pass short right to C.Washington to AZ 26 for 7 yards (E.Culp).,def,Damonic Williams,3800,NT
2026001,0,3226,PASS,(:13) (Shotgun) H.King pass short right to C.Washington to AZ 26 for 7 yards (E.Culp).,def,Wydett Williams Jr.,3800,SS
2026001,0,3271,PASS,(15:00) (Shotgun) H.King pass short right to C.Prieskorn pushed ob at AZ 5 for 21 yards (W.Williams; Q.Newsome).,off,Stone Forsythe,0750,T
2026001,0,3271,PASS,(15:00) (Shotgun) H.King pass short right to C.Prieskorn pushed ob at AZ 5 for 21 yards (W.Williams; Q.Newsome).,off,Ja'Tyre Carter,0750,G
2026001,0,3271,PASS,(15:00) (Shotgun) H.King pass short right to C.Prieskorn pushed ob at AZ 5 for 21 yards (W.Williams; Q.Newsome).,off,Ryan Hayes,0750,T
2026001,0,3271,PASS,(15:00) (Shotgun) H.King pass short right to C.Prieskorn pushed ob at AZ 5 for 21 yards (W.Williams; Q.Newsome).,off,Elijah Cooks,0750,WR
2026001,0,3271,PASS,(15:00) (Shotgun) H.King pass short right to C.Prieskorn pushed ob at AZ 5 for 21 yards (W.Williams; Q.Newsome).,off,Casey Washington,0750,WR
2026001,0,3271,PASS,(15:00) (Shotgun) H.King pass short right to C.Prieskorn pushed ob at AZ 5 for 21 yards (W.Williams; Q.Newsome).,off,Nick Samac,0750,C
2026001,0,3271,PASS,(15:00) (Shotgun) H.King pass short right to C.Prieskorn pushed ob at AZ 5 for 21 yards (W.Williams; Q.Newsome).,off,Jimmy Horn Jr.,0750,WR
2026001,0,3271,PASS,(15:00) (Shotgun) H.King pass short right to C.Prieskorn pushed ob at AZ 5 for 21 yards (W.Williams; Q.Newsome).,off,Caden Prieskorn,0750,TE
2026001,0,3271,PASS,(15:00) (Shotgun) H.King pass short right to C.Prieskorn pushed ob at AZ 5 for 21 yards (W.Williams; Q.Newsome).,off,Anthony Tyus III,0750,RB
2026001,0,3271,PASS,(15:00) (Shotgun) H.King pass short right to C.Prieskorn pushed ob at AZ 5 for 21 yards (W.Williams; Q.Newsome).,off,Isaia Glass,0750,T
2026001,0,3271,PASS,(15:00) (Shotgun) H.King pass short right to C.Prieskorn pushed ob at AZ 5 for 21 yards (W.Williams; Q.Newsome).,off,Haynes King,0750,QB
2026001,0,3271,PASS,(15:00) (Shotgun) H.King pass short right to C.Prieskorn pushed ob at AZ 5 for 21 yards (W.Williams; Q.Newsome).,def,Isaiah Oliver,3800,FS
2026001,0,3271,PASS,(15:00) (Shotgun) H.King pass short right to C.Prieskorn pushed ob at AZ 5 for 21 yards (W.Williams; Q.Newsome).,def,Jonah Williams,3800,DE
2026001,0,3271,PASS,(15:00) (Shotgun) H.King pass short right to C.Prieskorn pushed ob at AZ 5 for 21 yards (W.Williams; Q.Newsome).,def,BJ Ojulari,3800,OLB
2026001,0,3271,PASS,(15:00) (Shotgun) H.King pass short right to C.Prieskorn pushed ob at AZ 5 for 21 yards (W.Williams; Q.Newsome).,def,Eku Leota,3800,OLB
2026001,0,3271,PASS,(15:00) (Shotgun) H.King pass short right to C.Prieskorn pushed ob at AZ 5 for 21 yards (W.Williams; Q.Newsome).,def,Elijah Jones,3800,CB
2026001,0,3271,PASS,(15:00) (Shotgun) H.King pass short right to C.Prieskorn pushed ob at AZ 5 for 21 yards (W.Williams; Q.Newsome).,def,Quinton Newsome,3800,CB
2026001,0,3271,PASS,(15:00) (Shotgun) H.King pass short right to C.Prieskorn pushed ob at AZ 5 for 21 yards (W.Williams; Q.Newsome).,def,Austin Keys,3800,ILB
2026001,0,3271,PASS,(15:00) (Shotgun) H.King pass short right to C.Prieskorn pushed ob at AZ 5 for 21 yards (W.Williams; Q.Newsome).,def,Cam Horsley,3800,DT
2026001,0,3271,PASS,(15:00) (Shotgun) H.King pass short right to C.Prieskorn pushed ob at AZ 5 for 21 yards (W.Williams; Q.Newsome).,def,Karson Sharar,3800,ILB
2026001,0,3271,PASS,(15:00) (Shotgun) H.King pass short right to C.Prieskorn pushed ob at AZ 5 for 21 yards (W.Williams; Q.Newsome).,def,Elijah Culp,3800,CB
2026001,0,3271,PASS,(15:00) (Shotgun) H.King pass short right to C.Prieskorn pushed ob at AZ 5 for 21 yards (W.Williams; Q.Newsome).,def,Wydett Williams Jr.,3800,SS
2026001,0,3301,PASS,"(14:25) H.King pass short left to A.Tyus for 5 yards, TOUCHDOWN.",off,Stone Forsythe,0750,T
2026001,0,3301,PASS,"(14:25) H.King pass short left to A.Tyus for 5 yards, TOUCHDOWN.",off,Ja'Tyre Carter,0750,G
2026001,0,3301,PASS,"(14:25) H.King pass short left to A.Tyus for 5 yards, TOUCHDOWN.",off,Ryan Hayes,0750,T
2026001,0,3301,PASS,"(14:25) H.King pass short left to A.Tyus for 5 yards, TOUCHDOWN.",off,Elijah Cooks,0750,WR
2026001,0,3301,PASS,"(14:25) H.King pass short left to A.Tyus for 5 yards, TOUCHDOWN.",off,Casey Washington,0750,WR
2026001,0,3301,PASS,"(14:25) H.King pass short left to A.Tyus for 5 yards, TOUCHDOWN.",off,Nick Samac,0750,C
2026001,0,3301,PASS,"(14:25) H.King pass short left to A.Tyus for 5 yards, TOUCHDOWN.",off,Caden Prieskorn,0750,TE
2026001,0,3301,PASS,"(14:25) H.King pass short left to A.Tyus for 5 yards, TOUCHDOWN.",off,Anthony Tyus III,0750,RB
2026001,0,3301,PASS,"(14:25) H.King pass short left to A.Tyus for 5 yards, TOUCHDOWN.",off,Isaia Glass,0750,T
2026001,0,3301,PASS,"(14:25) H.King pass short left to A.Tyus for 5 yards, TOUCHDOWN.",off,Haynes King,0750,QB
2026001,0,3301,PASS,"(14:25) H.King pass short left to A.Tyus for 5 yards, TOUCHDOWN.",off,Chamon Metayer,0750,TE
2026001,0,3301,PASS,"(14:25) H.King pass short left to A.Tyus for 5 yards, TOUCHDOWN.",def,Isaiah Oliver,3800,FS
2026001,0,3301,PASS,"(14:25) H.King pass short left to A.Tyus for 5 yards, TOUCHDOWN.",def,Jonah Williams,3800,DE
2026001,0,3301,PASS,"(14:25) H.King pass short left to A.Tyus for 5 yards, TOUCHDOWN.",def,BJ Ojulari,3800,OLB
2026001,0,3301,PASS,"(14:25) H.King pass short left to A.Tyus for 5 yards, TOUCHDOWN.",def,Brodric Martin,3800,DT
2026001,0,3301,PASS,"(14:25) H.King pass short left to A.Tyus for 5 yards, TOUCHDOWN.",def,Eku Leota,3800,OLB
2026001,0,3301,PASS,"(14:25) H.King pass short left to A.Tyus for 5 yards, TOUCHDOWN.",def,Elijah Jones,3800,CB
2026001,0,3301,PASS,"(14:25) H.King pass short left to A.Tyus for 5 yards, TOUCHDOWN.",def,Austin Keys,3800,ILB
2026001,0,3301,PASS,"(14:25) H.King pass short left to A.Tyus for 5 yards, TOUCHDOWN.",def,Cam Horsley,3800,DT
2026001,0,3301,PASS,"(14:25) H.King pass short left to A.Tyus for 5 yards, TOUCHDOWN.",def,Karson Sharar,3800,ILB
2026001,0,3301,PASS,"(14:25) H.King pass short left to A.Tyus for 5 yards, TOUCHDOWN.",def,Elijah Culp,3800,CB
2026001,0,3301,PASS,"(14:25) H.King pass short left to A.Tyus for 5 yards, TOUCHDOWN.",def,Wydett Williams Jr.,3800,SS
2026001,0,3327,XP_KICK,"R.Fitzgerald extra point is GOOD, Center-J.Jansen, Holder-S.Martin.",off,J.J. Jansen,0750,LS
2026001,0,3327,XP_KICK,"R.Fitzgerald extra point is GOOD, Center-J.Jansen, Holder-S.Martin.",off,Sam Martin,0750,P
2026001,0,3327,XP_KICK,"R.Fitzgerald extra point is GOOD, Center-J.Jansen, Holder-S.Martin.",off,Stone Forsythe,0750,T
2026001,0,3327,XP_KICK,"R.Fitzgerald extra point is GOOD, Center-J.Jansen, Holder-S.Martin.",off,James Mitchell,0750,TE
2026001,0,3327,XP_KICK,"R.Fitzgerald extra point is GOOD, Center-J.Jansen, Holder-S.Martin.",off,Ja'Tyre Carter,0750,G
2026001,0,3327,XP_KICK,"R.Fitzgerald extra point is GOOD, Center-J.Jansen, Holder-S.Martin.",off,Ryan Hayes,0750,T
2026001,0,3327,XP_KICK,"R.Fitzgerald extra point is GOOD, Center-J.Jansen, Holder-S.Martin.",off,Ryan Fitzgerald,0750,K
2026001,0,3327,XP_KICK,"R.Fitzgerald extra point is GOOD, Center-J.Jansen, Holder-S.Martin.",off,Caden Prieskorn,0750,TE
2026001,0,3327,XP_KICK,"R.Fitzgerald extra point is GOOD, Center-J.Jansen, Holder-S.Martin.",off,Sam Hecht,0750,C
2026001,0,3327,XP_KICK,"R.Fitzgerald extra point is GOOD, Center-J.Jansen, Holder-S.Martin.",off,Albert Reese,0750,T
2026001,0,3327,XP_KICK,"R.Fitzgerald extra point is GOOD, Center-J.Jansen, Holder-S.Martin.",off,Isaia Glass,0750,T
2026001,0,3327,XP_KICK,"R.Fitzgerald extra point is GOOD, Center-J.Jansen, Holder-S.Martin.",def,Isaiah Oliver,3800,FS
2026001,0,3327,XP_KICK,"R.Fitzgerald extra point is GOOD, Center-J.Jansen, Holder-S.Martin.",def,Jonah Williams,3800,DE
2026001,0,3327,XP_KICK,"R.Fitzgerald extra point is GOOD, Center-J.Jansen, Holder-S.Martin.",def,Owen Pappoe,3800,ILB
2026001,0,3327,XP_KICK,"R.Fitzgerald extra point is GOOD, Center-J.Jansen, Holder-S.Martin.",def,Kei'Trel Clark,3800,CB
2026001,0,3327,XP_KICK,"R.Fitzgerald extra point is GOOD, Center-J.Jansen, Holder-S.Martin.",def,Eku Leota,3800,OLB
2026001,0,3327,XP_KICK,"R.Fitzgerald extra point is GOOD, Center-J.Jansen, Holder-S.Martin.",def,Elijah Jones,3800,CB
2026001,0,3327,XP_KICK,"R.Fitzgerald extra point is GOOD, Center-J.Jansen, Holder-S.Martin.",def,Cam Horsley,3800,DT
2026001,0,3327,XP_KICK,"R.Fitzgerald extra point is GOOD, Center-J.Jansen, Holder-S.Martin.",def,Karson Sharar,3800,ILB
2026001,0,3327,XP_KICK,"R.Fitzgerald extra point is GOOD, Center-J.Jansen, Holder-S.Martin.",def,Cam Robertson,3800,OLB
2026001,0,3327,XP_KICK,"R.Fitzgerald extra point is GOOD, Center-J.Jansen, Holder-S.Martin.",def,Damonic Williams,3800,NT
2026001,0,3327,XP_KICK,"R.Fitzgerald extra point is GOOD, Center-J.Jansen, Holder-S.Martin.",def,Wydett Williams Jr.,3800,SS
2026001,0,3342,KICK_OFF,R.Fitzgerald kicks 55 yards from CAR 35 to AZ 10. H.Wallace to AZ 30 for 20 yards (A.Tyus).,off,James Mitchell,0750,TE
2026001,0,3342,KICK_OFF,R.Fitzgerald kicks 55 yards from CAR 35 to AZ 10. H.Wallace to AZ 30 for 20 yards (A.Tyus).,off,Casey Washington,0750,WR
2026001,0,3342,KICK_OFF,R.Fitzgerald kicks 55 yards from CAR 35 to AZ 10. H.Wallace to AZ 30 for 20 yards (A.Tyus).,off,Tyrek Funderburk,0750,CB
2026001,0,3342,KICK_OFF,R.Fitzgerald kicks 55 yards from CAR 35 to AZ 10. H.Wallace to AZ 30 for 20 yards (A.Tyus).,off,Ryan Fitzgerald,0750,K
2026001,0,3342,KICK_OFF,R.Fitzgerald kicks 55 yards from CAR 35 to AZ 10. H.Wallace to AZ 30 for 20 yards (A.Tyus).,off,Anthony Tyus III,0750,RB
2026001,0,3342,KICK_OFF,R.Fitzgerald kicks 55 yards from CAR 35 to AZ 10. H.Wallace to AZ 30 for 20 yards (A.Tyus).,off,Roc Taylor,0750,WR
2026001,0,3342,KICK_OFF,R.Fitzgerald kicks 55 yards from CAR 35 to AZ 10. H.Wallace to AZ 30 for 20 yards (A.Tyus).,off,Miles Davis,0750,RB
2026001,0,3342,KICK_OFF,R.Fitzgerald kicks 55 yards from CAR 35 to AZ 10. H.Wallace to AZ 30 for 20 yards (A.Tyus).,off,Devonta Smith,0750,CB
2026001,0,3342,KICK_OFF,R.Fitzgerald kicks 55 yards from CAR 35 to AZ 10. H.Wallace to AZ 30 for 20 yards (A.Tyus).,off,Isaiah Smith,0750,OLB
2026001,0,3342,KICK_OFF,R.Fitzgerald kicks 55 yards from CAR 35 to AZ 10. H.Wallace to AZ 30 for 20 yards (A.Tyus).,off,Chamon Metayer,0750,TE
2026001,0,3342,KICK_OFF,R.Fitzgerald kicks 55 yards from CAR 35 to AZ 10. H.Wallace to AZ 30 for 20 yards (A.Tyus).,off,DeCarlos Nicholson,0750,DB
2026001,0,3342,KICK_OFF,R.Fitzgerald kicks 55 yards from CAR 35 to AZ 10. H.Wallace to AZ 30 for 20 yards (A.Tyus).,def,Isaiah Oliver,3800,FS
2026001,0,3342,KICK_OFF,R.Fitzgerald kicks 55 yards from CAR 35 to AZ 10. H.Wallace to AZ 30 for 20 yards (A.Tyus).,def,Evan Hull,3800,RB
2026001,0,3342,KICK_OFF,R.Fitzgerald kicks 55 yards from CAR 35 to AZ 10. H.Wallace to AZ 30 for 20 yards (A.Tyus).,def,Eku Leota,3800,OLB
2026001,0,3342,KICK_OFF,R.Fitzgerald kicks 55 yards from CAR 35 to AZ 10. H.Wallace to AZ 30 for 20 yards (A.Tyus).,def,Kalen King,3800,CB
2026001,0,3342,KICK_OFF,R.Fitzgerald kicks 55 yards from CAR 35 to AZ 10. H.Wallace to AZ 30 for 20 yards (A.Tyus).,def,Rivaldo Fairweather,3800,TE
2026001,0,3342,KICK_OFF,R.Fitzgerald kicks 55 yards from CAR 35 to AZ 10. H.Wallace to AZ 30 for 20 yards (A.Tyus).,def,Bryson Green,3800,WR
2026001,0,3342,KICK_OFF,R.Fitzgerald kicks 55 yards from CAR 35 to AZ 10. H.Wallace to AZ 30 for 20 yards (A.Tyus).,def,Corey Kiner,3800,RB
2026001,0,3342,KICK_OFF,R.Fitzgerald kicks 55 yards from CAR 35 to AZ 10. H.Wallace to AZ 30 for 20 yards (A.Tyus).,def,Karson Sharar,3800,ILB
2026001,0,3342,KICK_OFF,R.Fitzgerald kicks 55 yards from CAR 35 to AZ 10. H.Wallace to AZ 30 for 20 yards (A.Tyus).,def,Jameson Geers,3800,TE
2026001,0,3342,KICK_OFF,R.Fitzgerald kicks 55 yards from CAR 35 to AZ 10. H.Wallace to AZ 30 for 20 yards (A.Tyus).,def,Harrison Wallace III,3800,WR
2026001,0,3342,KICK_OFF,R.Fitzgerald kicks 55 yards from CAR 35 to AZ 10. H.Wallace to AZ 30 for 20 yards (A.Tyus).,def,Wydett Williams Jr.,3800,SS
2026001,0,3372,RUSH,(14:14) E.Hull up the middle to AZ 34 for 4 yards (J.Kuwatch).,off,Matt Pryor,3800,T
2026001,0,3372,RUSH,(14:14) E.Hull up the middle to AZ 34 for 4 yards (J.Kuwatch).,off,Olisaemeka Udoh,3800,T
2026001,0,3372,RUSH,(14:14) E.Hull up the middle to AZ 34 for 4 yards (J.Kuwatch).,off,Evan Hull,3800,RB
2026001,0,3372,RUSH,(14:14) E.Hull up the middle to AZ 34 for 4 yards (J.Kuwatch).,off,Demontrey Jacobs,3800,T
2026001,0,3372,RUSH,(14:14) E.Hull up the middle to AZ 34 for 4 yards (J.Kuwatch).,off,Xavier Weaver,3800,WR
2026001,0,3372,RUSH,(14:14) E.Hull up the middle to AZ 34 for 4 yards (J.Kuwatch).,off,Kedon Slovis,3800,QB
2026001,0,3372,RUSH,(14:14) E.Hull up the middle to AZ 34 for 4 yards (J.Kuwatch).,off,Valentin Senn,3800,T
2026001,0,3372,RUSH,(14:14) E.Hull up the middle to AZ 34 for 4 yards (J.Kuwatch).,off,Reggie Virgil,3800,WR
2026001,0,3372,RUSH,(14:14) E.Hull up the middle to AZ 34 for 4 yards (J.Kuwatch).,off,Ka'ena Decambra,3800,C
2026001,0,3372,RUSH,(14:14) E.Hull up the middle to AZ 34 for 4 yards (J.Kuwatch).,off,Jameson Geers,3800,TE
2026001,0,3372,RUSH,(14:14) E.Hull up the middle to AZ 34 for 4 yards (J.Kuwatch).,off,Harrison Wallace III,3800,WR
2026001,0,3372,RUSH,(14:14) E.Hull up the middle to AZ 34 for 4 yards (J.Kuwatch).,def,Isaiah Simmons,0750,MLB
2026001,0,3372,RUSH,(14:14) E.Hull up the middle to AZ 34 for 4 yards (J.Kuwatch).,def,Elijah Garcia,0750,DT
2026001,0,3372,RUSH,(14:14) E.Hull up the middle to AZ 34 for 4 yards (J.Kuwatch).,def,Nick Hampton,0750,OLB
2026001,0,3372,RUSH,(14:14) E.Hull up the middle to AZ 34 for 4 yards (J.Kuwatch).,def,Thomas Incoom,0750,OLB
2026001,0,3372,RUSH,(14:14) E.Hull up the middle to AZ 34 for 4 yards (J.Kuwatch).,def,Tyrek Funderburk,0750,CB
2026001,0,3372,RUSH,(14:14) E.Hull up the middle to AZ 34 for 4 yards (J.Kuwatch).,def,Demani Richardson,0750,FS
2026001,0,3372,RUSH,(14:14) E.Hull up the middle to AZ 34 for 4 yards (J.Kuwatch).,def,Maema Njongmeta,0750,ILB
2026001,0,3372,RUSH,(14:14) E.Hull up the middle to AZ 34 for 4 yards (J.Kuwatch).,def,Jackson Kuwatch,0750,ILB
2026001,0,3372,RUSH,(14:14) E.Hull up the middle to AZ 34 for 4 yards (J.Kuwatch).,def,Aaron Hall,0750,DT
2026001,0,3372,RUSH,(14:14) E.Hull up the middle to AZ 34 for 4 yards (J.Kuwatch).,def,Cam Miller,0750,CB
2026001,0,3372,RUSH,(14:14) E.Hull up the middle to AZ 34 for 4 yards (J.Kuwatch).,def,Devonta Smith,0750,CB
2026001,0,3394,PASS,(13:42) K.Slovis pass deep left to H.Wallace to CAR 39 for 27 yards (D.Richardson).,off,Matt Pryor,3800,T
2026001,0,3394,PASS,(13:42) K.Slovis pass deep left to H.Wallace to CAR 39 for 27 yards (D.Richardson).,off,Olisaemeka Udoh,3800,T
2026001,0,3394,PASS,(13:42) K.Slovis pass deep left to H.Wallace to CAR 39 for 27 yards (D.Richardson).,off,Evan Hull,3800,RB
2026001,0,3394,PASS,(13:42) K.Slovis pass deep left to H.Wallace to CAR 39 for 27 yards (D.Richardson).,off,Demontrey Jacobs,3800,T
2026001,0,3394,PASS,(13:42) K.Slovis pass deep left to H.Wallace to CAR 39 for 27 yards (D.Richardson).,off,Xavier Weaver,3800,WR
2026001,0,3394,PASS,(13:42) K.Slovis pass deep left to H.Wallace to CAR 39 for 27 yards (D.Richardson).,off,Kedon Slovis,3800,QB
2026001,0,3394,PASS,(13:42) K.Slovis pass deep left to H.Wallace to CAR 39 for 27 yards (D.Richardson).,off,Valentin Senn,3800,T
2026001,0,3394,PASS,(13:42) K.Slovis pass deep left to H.Wallace to CAR 39 for 27 yards (D.Richardson).,off,Reggie Virgil,3800,WR
2026001,0,3394,PASS,(13:42) K.Slovis pass deep left to H.Wallace to CAR 39 for 27 yards (D.Richardson).,off,Ka'ena Decambra,3800,C
2026001,0,3394,PASS,(13:42) K.Slovis pass deep left to H.Wallace to CAR 39 for 27 yards (D.Richardson).,off,Jameson Geers,3800,TE
2026001,0,3394,PASS,(13:42) K.Slovis pass deep left to H.Wallace to CAR 39 for 27 yards (D.Richardson).,off,Harrison Wallace III,3800,WR
2026001,0,3394,PASS,(13:42) K.Slovis pass deep left to H.Wallace to CAR 39 for 27 yards (D.Richardson).,def,Isaiah Simmons,0750,MLB
2026001,0,3394,PASS,(13:42) K.Slovis pass deep left to H.Wallace to CAR 39 for 27 yards (D.Richardson).,def,Elijah Garcia,0750,DT
2026001,0,3394,PASS,(13:42) K.Slovis pass deep left to H.Wallace to CAR 39 for 27 yards (D.Richardson).,def,Nick Hampton,0750,OLB
2026001,0,3394,PASS,(13:42) K.Slovis pass deep left to H.Wallace to CAR 39 for 27 yards (D.Richardson).,def,Thomas Incoom,0750,OLB
2026001,0,3394,PASS,(13:42) K.Slovis pass deep left to H.Wallace to CAR 39 for 27 yards (D.Richardson).,def,Tyrek Funderburk,0750,CB
2026001,0,3394,PASS,(13:42) K.Slovis pass deep left to H.Wallace to CAR 39 for 27 yards (D.Richardson).,def,Demani Richardson,0750,FS
2026001,0,3394,PASS,(13:42) K.Slovis pass deep left to H.Wallace to CAR 39 for 27 yards (D.Richardson).,def,Maema Njongmeta,0750,ILB
2026001,0,3394,PASS,(13:42) K.Slovis pass deep left to H.Wallace to CAR 39 for 27 yards (D.Richardson).,def,Jackson Kuwatch,0750,ILB
2026001,0,3394,PASS,(13:42) K.Slovis pass deep left to H.Wallace to CAR 39 for 27 yards (D.Richardson).,def,Aaron Hall,0750,DT
2026001,0,3394,PASS,(13:42) K.Slovis pass deep left to H.Wallace to CAR 39 for 27 yards (D.Richardson).,def,Cam Miller,0750,CB
2026001,0,3394,PASS,(13:42) K.Slovis pass deep left to H.Wallace to CAR 39 for 27 yards (D.Richardson).,def,Devonta Smith,0750,CB
2026001,0,3419,RUSH,"(13:07) E.Hull up the middle to CAR 30 for 9 yards (C.Miller, I.Simmons).",off,Matt Pryor,3800,T
2026001,0,3419,RUSH,"(13:07) E.Hull up the middle to CAR 30 for 9 yards (C.Miller, I.Simmons).",off,Olisaemeka Udoh,3800,T
2026001,0,3419,RUSH,"(13:07) E.Hull up the middle to CAR 30 for 9 yards (C.Miller, I.Simmons).",off,Evan Hull,3800,RB
2026001,0,3419,RUSH,"(13:07) E.Hull up the middle to CAR 30 for 9 yards (C.Miller, I.Simmons).",off,Demontrey Jacobs,3800,T
2026001,0,3419,RUSH,"(13:07) E.Hull up the middle to CAR 30 for 9 yards (C.Miller, I.Simmons).",off,Xavier Weaver,3800,WR
2026001,0,3419,RUSH,"(13:07) E.Hull up the middle to CAR 30 for 9 yards (C.Miller, I.Simmons).",off,Kedon Slovis,3800,QB
2026001,0,3419,RUSH,"(13:07) E.Hull up the middle to CAR 30 for 9 yards (C.Miller, I.Simmons).",off,Valentin Senn,3800,T
2026001,0,3419,RUSH,"(13:07) E.Hull up the middle to CAR 30 for 9 yards (C.Miller, I.Simmons).",off,Reggie Virgil,3800,WR
2026001,0,3419,RUSH,"(13:07) E.Hull up the middle to CAR 30 for 9 yards (C.Miller, I.Simmons).",off,Ka'ena Decambra,3800,C
2026001,0,3419,RUSH,"(13:07) E.Hull up the middle to CAR 30 for 9 yards (C.Miller, I.Simmons).",off,Jameson Geers,3800,TE
2026001,0,3419,RUSH,"(13:07) E.Hull up the middle to CAR 30 for 9 yards (C.Miller, I.Simmons).",off,Harrison Wallace III,3800,WR
2026001,0,3419,RUSH,"(13:07) E.Hull up the middle to CAR 30 for 9 yards (C.Miller, I.Simmons).",def,Isaiah Simmons,0750,MLB
2026001,0,3419,RUSH,"(13:07) E.Hull up the middle to CAR 30 for 9 yards (C.Miller, I.Simmons).",def,Elijah Garcia,0750,DT
2026001,0,3419,RUSH,"(13:07) E.Hull up the middle to CAR 30 for 9 yards (C.Miller, I.Simmons).",def,Nick Hampton,0750,OLB
2026001,0,3419,RUSH,"(13:07) E.Hull up the middle to CAR 30 for 9 yards (C.Miller, I.Simmons).",def,Thomas Incoom,0750,OLB
2026001,0,3419,RUSH,"(13:07) E.Hull up the middle to CAR 30 for 9 yards (C.Miller, I.Simmons).",def,Tyrek Funderburk,0750,CB
2026001,0,3419,RUSH,"(13:07) E.Hull up the middle to CAR 30 for 9 yards (C.Miller, I.Simmons).",def,Demani Richardson,0750,FS
2026001,0,3419,RUSH,"(13:07) E.Hull up the middle to CAR 30 for 9 yards (C.Miller, I.Simmons).",def,Maema Njongmeta,0750,ILB
2026001,0,3419,RUSH,"(13:07) E.Hull up the middle to CAR 30 for 9 yards (C.Miller, I.Simmons).",def,Jackson Kuwatch,0750,ILB
2026001,0,3419,RUSH,"(13:07) E.Hull up the middle to CAR 30 for 9 yards (C.Miller, I.Simmons).",def,Aaron Hall,0750,DT
2026001,0,3419,RUSH,"(13:07) E.Hull up the middle to CAR 30 for 9 yards (C.Miller, I.Simmons).",def,Cam Miller,0750,CB
2026001,0,3419,RUSH,"(13:07) E.Hull up the middle to CAR 30 for 9 yards (C.Miller, I.Simmons).",def,Devonta Smith,0750,CB
2026001,0,3441,RUSH,(12:26) E.Hull left guard to CAR 25 for 5 yards (J.Kuwatch; E.Garcia).,off,Matt Pryor,3800,T
2026001,0,3441,RUSH,(12:26) E.Hull left guard to CAR 25 for 5 yards (J.Kuwatch; E.Garcia).,off,Olisaemeka Udoh,3800,T
2026001,0,3441,RUSH,(12:26) E.Hull left guard to CAR 25 for 5 yards (J.Kuwatch; E.Garcia).,off,Evan Hull,3800,RB
2026001,0,3441,RUSH,(12:26) E.Hull left guard to CAR 25 for 5 yards (J.Kuwatch; E.Garcia).,off,Demontrey Jacobs,3800,T
2026001,0,3441,RUSH,(12:26) E.Hull left guard to CAR 25 for 5 yards (J.Kuwatch; E.Garcia).,off,Xavier Weaver,3800,WR
2026001,0,3441,RUSH,(12:26) E.Hull left guard to CAR 25 for 5 yards (J.Kuwatch; E.Garcia).,off,Kedon Slovis,3800,QB
2026001,0,3441,RUSH,(12:26) E.Hull left guard to CAR 25 for 5 yards (J.Kuwatch; E.Garcia).,off,Valentin Senn,3800,T
2026001,0,3441,RUSH,(12:26) E.Hull left guard to CAR 25 for 5 yards (J.Kuwatch; E.Garcia).,off,Reggie Virgil,3800,WR
2026001,0,3441,RUSH,(12:26) E.Hull left guard to CAR 25 for 5 yards (J.Kuwatch; E.Garcia).,off,Ka'ena Decambra,3800,C
2026001,0,3441,RUSH,(12:26) E.Hull left guard to CAR 25 for 5 yards (J.Kuwatch; E.Garcia).,off,Jameson Geers,3800,TE
2026001,0,3441,RUSH,(12:26) E.Hull left guard to CAR 25 for 5 yards (J.Kuwatch; E.Garcia).,off,Harrison Wallace III,3800,WR
2026001,0,3441,RUSH,(12:26) E.Hull left guard to CAR 25 for 5 yards (J.Kuwatch; E.Garcia).,def,Isaiah Simmons,0750,MLB
2026001,0,3441,RUSH,(12:26) E.Hull left guard to CAR 25 for 5 yards (J.Kuwatch; E.Garcia).,def,Elijah Garcia,0750,DT
2026001,0,3441,RUSH,(12:26) E.Hull left guard to CAR 25 for 5 yards (J.Kuwatch; E.Garcia).,def,Nick Hampton,0750,OLB
2026001,0,3441,RUSH,(12:26) E.Hull left guard to CAR 25 for 5 yards (J.Kuwatch; E.Garcia).,def,Thomas Incoom,0750,OLB
2026001,0,3441,RUSH,(12:26) E.Hull left guard to CAR 25 for 5 yards (J.Kuwatch; E.Garcia).,def,Tyrek Funderburk,0750,CB
2026001,0,3441,RUSH,(12:26) E.Hull left guard to CAR 25 for 5 yards (J.Kuwatch; E.Garcia).,def,Demani Richardson,0750,FS
2026001,0,3441,RUSH,(12:26) E.Hull left guard to CAR 25 for 5 yards (J.Kuwatch; E.Garcia).,def,Maema Njongmeta,0750,ILB
2026001,0,3441,RUSH,(12:26) E.Hull left guard to CAR 25 for 5 yards (J.Kuwatch; E.Garcia).,def,Jackson Kuwatch,0750,ILB
2026001,0,3441,RUSH,(12:26) E.Hull left guard to CAR 25 for 5 yards (J.Kuwatch; E.Garcia).,def,Aaron Hall,0750,DT
2026001,0,3441,RUSH,(12:26) E.Hull left guard to CAR 25 for 5 yards (J.Kuwatch; E.Garcia).,def,Cam Miller,0750,CB
2026001,0,3441,RUSH,(12:26) E.Hull left guard to CAR 25 for 5 yards (J.Kuwatch; E.Garcia).,def,Devonta Smith,0750,CB
2026001,0,3463,RUSH,(11:47) E.Hull left tackle to CAR 25 for no gain (T.Incoom).,off,Matt Pryor,3800,T
2026001,0,3463,RUSH,(11:47) E.Hull left tackle to CAR 25 for no gain (T.Incoom).,off,Olisaemeka Udoh,3800,T
2026001,0,3463,RUSH,(11:47) E.Hull left tackle to CAR 25 for no gain (T.Incoom).,off,Evan Hull,3800,RB
2026001,0,3463,RUSH,(11:47) E.Hull left tackle to CAR 25 for no gain (T.Incoom).,off,Demontrey Jacobs,3800,T
2026001,0,3463,RUSH,(11:47) E.Hull left tackle to CAR 25 for no gain (T.Incoom).,off,Xavier Weaver,3800,WR
2026001,0,3463,RUSH,(11:47) E.Hull left tackle to CAR 25 for no gain (T.Incoom).,off,Kedon Slovis,3800,QB
2026001,0,3463,RUSH,(11:47) E.Hull left tackle to CAR 25 for no gain (T.Incoom).,off,Rivaldo Fairweather,3800,TE
2026001,0,3463,RUSH,(11:47) E.Hull left tackle to CAR 25 for no gain (T.Incoom).,off,Valentin Senn,3800,T
2026001,0,3463,RUSH,(11:47) E.Hull left tackle to CAR 25 for no gain (T.Incoom).,off,Reggie Virgil,3800,WR
2026001,0,3463,RUSH,(11:47) E.Hull left tackle to CAR 25 for no gain (T.Incoom).,off,Ka'ena Decambra,3800,C
2026001,0,3463,RUSH,(11:47) E.Hull left tackle to CAR 25 for no gain (T.Incoom).,off,Harrison Wallace III,3800,WR
2026001,0,3463,RUSH,(11:47) E.Hull left tackle to CAR 25 for no gain (T.Incoom).,def,Isaiah Simmons,0750,MLB
2026001,0,3463,RUSH,(11:47) E.Hull left tackle to CAR 25 for no gain (T.Incoom).,def,Nick Hampton,0750,OLB
2026001,0,3463,RUSH,(11:47) E.Hull left tackle to CAR 25 for no gain (T.Incoom).,def,Thomas Incoom,0750,OLB
2026001,0,3463,RUSH,(11:47) E.Hull left tackle to CAR 25 for no gain (T.Incoom).,def,Tyrek Funderburk,0750,CB
2026001,0,3463,RUSH,(11:47) E.Hull left tackle to CAR 25 for no gain (T.Incoom).,def,Demani Richardson,0750,FS
2026001,0,3463,RUSH,(11:47) E.Hull left tackle to CAR 25 for no gain (T.Incoom).,def,Maema Njongmeta,0750,ILB
2026001,0,3463,RUSH,(11:47) E.Hull left tackle to CAR 25 for no gain (T.Incoom).,def,Kyon Barrs,0750,DT
2026001,0,3463,RUSH,(11:47) E.Hull left tackle to CAR 25 for no gain (T.Incoom).,def,Jackson Kuwatch,0750,ILB
2026001,0,3463,RUSH,(11:47) E.Hull left tackle to CAR 25 for no gain (T.Incoom).,def,Cam Miller,0750,CB
2026001,0,3463,RUSH,(11:47) E.Hull left tackle to CAR 25 for no gain (T.Incoom).,def,Devonta Smith,0750,CB
2026001,0,3463,RUSH,(11:47) E.Hull left tackle to CAR 25 for no gain (T.Incoom).,def,Tywone Malone,0750,DT
2026001,0,3485,PASS,(11:11) (Shotgun) K.Slovis pass short middle to R.Fairweather to CAR 17 for 8 yards (D.Smith).,off,Matt Pryor,3800,T
2026001,0,3485,PASS,(11:11) (Shotgun) K.Slovis pass short middle to R.Fairweather to CAR 17 for 8 yards (D.Smith).,off,Olisaemeka Udoh,3800,T
2026001,0,3485,PASS,(11:11) (Shotgun) K.Slovis pass short middle to R.Fairweather to CAR 17 for 8 yards (D.Smith).,off,Demontrey Jacobs,3800,T
2026001,0,3485,PASS,(11:11) (Shotgun) K.Slovis pass short middle to R.Fairweather to CAR 17 for 8 yards (D.Smith).,off,Xavier Weaver,3800,WR
2026001,0,3485,PASS,(11:11) (Shotgun) K.Slovis pass short middle to R.Fairweather to CAR 17 for 8 yards (D.Smith).,off,Kedon Slovis,3800,QB
2026001,0,3485,PASS,(11:11) (Shotgun) K.Slovis pass short middle to R.Fairweather to CAR 17 for 8 yards (D.Smith).,off,Rivaldo Fairweather,3800,TE
2026001,0,3485,PASS,(11:11) (Shotgun) K.Slovis pass short middle to R.Fairweather to CAR 17 for 8 yards (D.Smith).,off,Valentin Senn,3800,T
2026001,0,3485,PASS,(11:11) (Shotgun) K.Slovis pass short middle to R.Fairweather to CAR 17 for 8 yards (D.Smith).,off,Corey Kiner,3800,RB
2026001,0,3485,PASS,(11:11) (Shotgun) K.Slovis pass short middle to R.Fairweather to CAR 17 for 8 yards (D.Smith).,off,Reggie Virgil,3800,WR
2026001,0,3485,PASS,(11:11) (Shotgun) K.Slovis pass short middle to R.Fairweather to CAR 17 for 8 yards (D.Smith).,off,Ka'ena Decambra,3800,C
2026001,0,3485,PASS,(11:11) (Shotgun) K.Slovis pass short middle to R.Fairweather to CAR 17 for 8 yards (D.Smith).,off,Harrison Wallace III,3800,WR
2026001,0,3485,PASS,(11:11) (Shotgun) K.Slovis pass short middle to R.Fairweather to CAR 17 for 8 yards (D.Smith).,def,Isaiah Simmons,0750,MLB
2026001,0,3485,PASS,(11:11) (Shotgun) K.Slovis pass short middle to R.Fairweather to CAR 17 for 8 yards (D.Smith).,def,Nick Hampton,0750,OLB
2026001,0,3485,PASS,(11:11) (Shotgun) K.Slovis pass short middle to R.Fairweather to CAR 17 for 8 yards (D.Smith).,def,Thomas Incoom,0750,OLB
2026001,0,3485,PASS,(11:11) (Shotgun) K.Slovis pass short middle to R.Fairweather to CAR 17 for 8 yards (D.Smith).,def,Tyrek Funderburk,0750,CB
2026001,0,3485,PASS,(11:11) (Shotgun) K.Slovis pass short middle to R.Fairweather to CAR 17 for 8 yards (D.Smith).,def,Demani Richardson,0750,FS
2026001,0,3485,PASS,(11:11) (Shotgun) K.Slovis pass short middle to R.Fairweather to CAR 17 for 8 yards (D.Smith).,def,Maema Njongmeta,0750,ILB
2026001,0,3485,PASS,(11:11) (Shotgun) K.Slovis pass short middle to R.Fairweather to CAR 17 for 8 yards (D.Smith).,def,Kyon Barrs,0750,DT
2026001,0,3485,PASS,(11:11) (Shotgun) K.Slovis pass short middle to R.Fairweather to CAR 17 for 8 yards (D.Smith).,def,Jackson Kuwatch,0750,ILB
2026001,0,3485,PASS,(11:11) (Shotgun) K.Slovis pass short middle to R.Fairweather to CAR 17 for 8 yards (D.Smith).,def,Cam Miller,0750,CB
2026001,0,3485,PASS,(11:11) (Shotgun) K.Slovis pass short middle to R.Fairweather to CAR 17 for 8 yards (D.Smith).,def,Devonta Smith,0750,CB
2026001,0,3485,PASS,(11:11) (Shotgun) K.Slovis pass short middle to R.Fairweather to CAR 17 for 8 yards (D.Smith).,def,Tywone Malone,0750,DT
2026001,0,3510,PASS,(10:28) K.Slovis pass incomplete short right to X.Weaver.,off,Matt Pryor,3800,T
2026001,0,3510,PASS,(10:28) K.Slovis pass incomplete short right to X.Weaver.,off,Olisaemeka Udoh,3800,T
2026001,0,3510,PASS,(10:28) K.Slovis pass incomplete short right to X.Weaver.,off,Demontrey Jacobs,3800,T
2026001,0,3510,PASS,(10:28) K.Slovis pass incomplete short right to X.Weaver.,off,Xavier Weaver,3800,WR
2026001,0,3510,PASS,(10:28) K.Slovis pass incomplete short right to X.Weaver.,off,Kedon Slovis,3800,QB
2026001,0,3510,PASS,(10:28) K.Slovis pass incomplete short right to X.Weaver.,off,Rivaldo Fairweather,3800,TE
2026001,0,3510,PASS,(10:28) K.Slovis pass incomplete short right to X.Weaver.,off,Valentin Senn,3800,T
2026001,0,3510,PASS,(10:28) K.Slovis pass incomplete short right to X.Weaver.,off,Corey Kiner,3800,RB
2026001,0,3510,PASS,(10:28) K.Slovis pass incomplete short right to X.Weaver.,off,Reggie Virgil,3800,WR
2026001,0,3510,PASS,(10:28) K.Slovis pass incomplete short right to X.Weaver.,off,Ka'ena Decambra,3800,C
2026001,0,3510,PASS,(10:28) K.Slovis pass incomplete short right to X.Weaver.,off,Harrison Wallace III,3800,WR
2026001,0,3510,PASS,(10:28) K.Slovis pass incomplete short right to X.Weaver.,def,Isaiah Simmons,0750,MLB
2026001,0,3510,PASS,(10:28) K.Slovis pass incomplete short right to X.Weaver.,def,Nick Hampton,0750,OLB
2026001,0,3510,PASS,(10:28) K.Slovis pass incomplete short right to X.Weaver.,def,Thomas Incoom,0750,OLB
2026001,0,3510,PASS,(10:28) K.Slovis pass incomplete short right to X.Weaver.,def,Tyrek Funderburk,0750,CB
2026001,0,3510,PASS,(10:28) K.Slovis pass incomplete short right to X.Weaver.,def,Demani Richardson,0750,FS
2026001,0,3510,PASS,(10:28) K.Slovis pass incomplete short right to X.Weaver.,def,Maema Njongmeta,0750,ILB
2026001,0,3510,PASS,(10:28) K.Slovis pass incomplete short right to X.Weaver.,def,Kyon Barrs,0750,DT
2026001,0,3510,PASS,(10:28) K.Slovis pass incomplete short right to X.Weaver.,def,Jackson Kuwatch,0750,ILB
2026001,0,3510,PASS,(10:28) K.Slovis pass incomplete short right to X.Weaver.,def,Cam Miller,0750,CB
2026001,0,3510,PASS,(10:28) K.Slovis pass incomplete short right to X.Weaver.,def,Devonta Smith,0750,CB
2026001,0,3510,PASS,(10:28) K.Slovis pass incomplete short right to X.Weaver.,def,Tywone Malone,0750,DT
2026001,0,3538,FIELD_GOAL,"(10:23) C.Ryland 35 yard field goal is GOOD, Center-C.Kreiter, Holder-B.Gillikin.",off,Casey Kreiter,3800,LS
2026001,0,3538,FIELD_GOAL,"(10:23) C.Ryland 35 yard field goal is GOOD, Center-C.Kreiter, Holder-B.Gillikin.",off,Olisaemeka Udoh,3800,T
2026001,0,3538,FIELD_GOAL,"(10:23) C.Ryland 35 yard field goal is GOOD, Center-C.Kreiter, Holder-B.Gillikin.",off,Blake Gillikin,3800,P
2026001,0,3538,FIELD_GOAL,"(10:23) C.Ryland 35 yard field goal is GOOD, Center-C.Kreiter, Holder-B.Gillikin.",off,Chad Ryland,3800,K
2026001,0,3538,FIELD_GOAL,"(10:23) C.Ryland 35 yard field goal is GOOD, Center-C.Kreiter, Holder-B.Gillikin.",off,Demontrey Jacobs,3800,T
2026001,0,3538,FIELD_GOAL,"(10:23) C.Ryland 35 yard field goal is GOOD, Center-C.Kreiter, Holder-B.Gillikin.",off,Christian Jones,3800,T
2026001,0,3538,FIELD_GOAL,"(10:23) C.Ryland 35 yard field goal is GOOD, Center-C.Kreiter, Holder-B.Gillikin.",off,Hayden Conner,3800,G
2026001,0,3538,FIELD_GOAL,"(10:23) C.Ryland 35 yard field goal is GOOD, Center-C.Kreiter, Holder-B.Gillikin.",off,Rivaldo Fairweather,3800,TE
2026001,0,3538,FIELD_GOAL,"(10:23) C.Ryland 35 yard field goal is GOOD, Center-C.Kreiter, Holder-B.Gillikin.",off,Chase Bisontis,3800,G
2026001,0,3538,FIELD_GOAL,"(10:23) C.Ryland 35 yard field goal is GOOD, Center-C.Kreiter, Holder-B.Gillikin.",off,Jayden Williams,3800,T
2026001,0,3538,FIELD_GOAL,"(10:23) C.Ryland 35 yard field goal is GOOD, Center-C.Kreiter, Holder-B.Gillikin.",off,Jameson Geers,3800,TE
2026001,0,3538,FIELD_GOAL,"(10:23) C.Ryland 35 yard field goal is GOOD, Center-C.Kreiter, Holder-B.Gillikin.",def,Elijah Garcia,0750,DT
2026001,0,3538,FIELD_GOAL,"(10:23) C.Ryland 35 yard field goal is GOOD, Center-C.Kreiter, Holder-B.Gillikin.",def,Nick Hampton,0750,OLB
2026001,0,3538,FIELD_GOAL,"(10:23) C.Ryland 35 yard field goal is GOOD, Center-C.Kreiter, Holder-B.Gillikin.",def,Thomas Incoom,0750,OLB
2026001,0,3538,FIELD_GOAL,"(10:23) C.Ryland 35 yard field goal is GOOD, Center-C.Kreiter, Holder-B.Gillikin.",def,Tyrek Funderburk,0750,CB
2026001,0,3538,FIELD_GOAL,"(10:23) C.Ryland 35 yard field goal is GOOD, Center-C.Kreiter, Holder-B.Gillikin.",def,Demani Richardson,0750,FS
2026001,0,3538,FIELD_GOAL,"(10:23) C.Ryland 35 yard field goal is GOOD, Center-C.Kreiter, Holder-B.Gillikin.",def,Kyon Barrs,0750,DT
2026001,0,3538,FIELD_GOAL,"(10:23) C.Ryland 35 yard field goal is GOOD, Center-C.Kreiter, Holder-B.Gillikin.",def,Bam Martin-Scott,0750,ILB
2026001,0,3538,FIELD_GOAL,"(10:23) C.Ryland 35 yard field goal is GOOD, Center-C.Kreiter, Holder-B.Gillikin.",def,Aaron Hall,0750,DT
2026001,0,3538,FIELD_GOAL,"(10:23) C.Ryland 35 yard field goal is GOOD, Center-C.Kreiter, Holder-B.Gillikin.",def,Parker Petersen,0750,DT
2026001,0,3538,FIELD_GOAL,"(10:23) C.Ryland 35 yard field goal is GOOD, Center-C.Kreiter, Holder-B.Gillikin.",def,Devonta Smith,0750,CB
2026001,0,3538,FIELD_GOAL,"(10:23) C.Ryland 35 yard field goal is GOOD, Center-C.Kreiter, Holder-B.Gillikin.",def,DeCarlos Nicholson,0750,DB
2026001,0,3558,KICK_OFF,C.Ryland kicks 61 yards from AZ 35 to CAR 4. J.Reed to CAR 30 for 26 yards (R.Virgil).,off,Isaiah Oliver,3800,FS
2026001,0,3558,KICK_OFF,C.Ryland kicks 61 yards from AZ 35 to CAR 4. J.Reed to CAR 30 for 26 yards (R.Virgil).,off,BJ Ojulari,3800,OLB
2026001,0,3558,KICK_OFF,C.Ryland kicks 61 yards from AZ 35 to CAR 4. J.Reed to CAR 30 for 26 yards (R.Virgil).,off,Chad Ryland,3800,K
2026001,0,3558,KICK_OFF,C.Ryland kicks 61 yards from AZ 35 to CAR 4. J.Reed to CAR 30 for 26 yards (R.Virgil).,off,Kei'Trel Clark,3800,CB
2026001,0,3558,KICK_OFF,C.Ryland kicks 61 yards from AZ 35 to CAR 4. J.Reed to CAR 30 for 26 yards (R.Virgil).,off,Eku Leota,3800,OLB
2026001,0,3558,KICK_OFF,C.Ryland kicks 61 yards from AZ 35 to CAR 4. J.Reed to CAR 30 for 26 yards (R.Virgil).,off,Elijah Jones,3800,CB
2026001,0,3558,KICK_OFF,C.Ryland kicks 61 yards from AZ 35 to CAR 4. J.Reed to CAR 30 for 26 yards (R.Virgil).,off,Quinton Newsome,3800,CB
2026001,0,3558,KICK_OFF,C.Ryland kicks 61 yards from AZ 35 to CAR 4. J.Reed to CAR 30 for 26 yards (R.Virgil).,off,Bryson Green,3800,WR
2026001,0,3558,KICK_OFF,C.Ryland kicks 61 yards from AZ 35 to CAR 4. J.Reed to CAR 30 for 26 yards (R.Virgil).,off,Reggie Virgil,3800,WR
2026001,0,3558,KICK_OFF,C.Ryland kicks 61 yards from AZ 35 to CAR 4. J.Reed to CAR 30 for 26 yards (R.Virgil).,off,Karson Sharar,3800,ILB
2026001,0,3558,KICK_OFF,C.Ryland kicks 61 yards from AZ 35 to CAR 4. J.Reed to CAR 30 for 26 yards (R.Virgil).,off,Wydett Williams Jr.,3800,SS
2026001,0,3558,KICK_OFF,C.Ryland kicks 61 yards from AZ 35 to CAR 4. J.Reed to CAR 30 for 26 yards (R.Virgil).,def,Robert Rochell,0750,CB
2026001,0,3558,KICK_OFF,C.Ryland kicks 61 yards from AZ 35 to CAR 4. J.Reed to CAR 30 for 26 yards (R.Virgil).,def,Elijah Cooks,0750,WR
2026001,0,3558,KICK_OFF,C.Ryland kicks 61 yards from AZ 35 to CAR 4. J.Reed to CAR 30 for 26 yards (R.Virgil).,def,Casey Washington,0750,WR
2026001,0,3558,KICK_OFF,C.Ryland kicks 61 yards from AZ 35 to CAR 4. J.Reed to CAR 30 for 26 yards (R.Virgil).,def,Demani Richardson,0750,FS
2026001,0,3558,KICK_OFF,C.Ryland kicks 61 yards from AZ 35 to CAR 4. J.Reed to CAR 30 for 26 yards (R.Virgil).,def,Jimmy Horn Jr.,0750,WR
2026001,0,3558,KICK_OFF,C.Ryland kicks 61 yards from AZ 35 to CAR 4. J.Reed to CAR 30 for 26 yards (R.Virgil).,def,Mapalo Mwansa,0750,DE
2026001,0,3558,KICK_OFF,C.Ryland kicks 61 yards from AZ 35 to CAR 4. J.Reed to CAR 30 for 26 yards (R.Virgil).,def,Ja'Seem Reed,0750,WR
2026001,0,3558,KICK_OFF,C.Ryland kicks 61 yards from AZ 35 to CAR 4. J.Reed to CAR 30 for 26 yards (R.Virgil).,def,Caden Prieskorn,0750,TE
2026001,0,3558,KICK_OFF,C.Ryland kicks 61 yards from AZ 35 to CAR 4. J.Reed to CAR 30 for 26 yards (R.Virgil).,def,Roc Taylor,0750,WR
2026001,0,3558,KICK_OFF,C.Ryland kicks 61 yards from AZ 35 to CAR 4. J.Reed to CAR 30 for 26 yards (R.Virgil).,def,Isaiah Smith,0750,OLB
2026001,0,3558,KICK_OFF,C.Ryland kicks 61 yards from AZ 35 to CAR 4. J.Reed to CAR 30 for 26 yards (R.Virgil).,def,Chamon Metayer,0750,TE
2026001,0,3588,RUSH,(10:13) M.Davis right tackle to CAR 35 for 5 yards (C.Horsley; A.Keys).,off,Stone Forsythe,0750,T
2026001,0,3588,RUSH,(10:13) M.Davis right tackle to CAR 35 for 5 yards (C.Horsley; A.Keys).,off,Ja'Tyre Carter,0750,G
2026001,0,3588,RUSH,(10:13) M.Davis right tackle to CAR 35 for 5 yards (C.Horsley; A.Keys).,off,Ryan Hayes,0750,T
2026001,0,3588,RUSH,(10:13) M.Davis right tackle to CAR 35 for 5 yards (C.Horsley; A.Keys).,off,Elijah Cooks,0750,WR
2026001,0,3588,RUSH,(10:13) M.Davis right tackle to CAR 35 for 5 yards (C.Horsley; A.Keys).,off,Casey Washington,0750,WR
2026001,0,3588,RUSH,(10:13) M.Davis right tackle to CAR 35 for 5 yards (C.Horsley; A.Keys).,off,Nick Samac,0750,C
2026001,0,3588,RUSH,(10:13) M.Davis right tackle to CAR 35 for 5 yards (C.Horsley; A.Keys).,off,Jimmy Horn Jr.,0750,WR
2026001,0,3588,RUSH,(10:13) M.Davis right tackle to CAR 35 for 5 yards (C.Horsley; A.Keys).,off,Miles Davis,0750,RB
2026001,0,3588,RUSH,(10:13) M.Davis right tackle to CAR 35 for 5 yards (C.Horsley; A.Keys).,off,Isaia Glass,0750,T
2026001,0,3588,RUSH,(10:13) M.Davis right tackle to CAR 35 for 5 yards (C.Horsley; A.Keys).,off,Haynes King,0750,QB
2026001,0,3588,RUSH,(10:13) M.Davis right tackle to CAR 35 for 5 yards (C.Horsley; A.Keys).,off,Chamon Metayer,0750,TE
2026001,0,3588,RUSH,(10:13) M.Davis right tackle to CAR 35 for 5 yards (C.Horsley; A.Keys).,def,Isaiah Oliver,3800,FS
2026001,0,3588,RUSH,(10:13) M.Davis right tackle to CAR 35 for 5 yards (C.Horsley; A.Keys).,def,Elliott Brown,3800,OLB
2026001,0,3588,RUSH,(10:13) M.Davis right tackle to CAR 35 for 5 yards (C.Horsley; A.Keys).,def,Elijah Jones,3800,CB
2026001,0,3588,RUSH,(10:13) M.Davis right tackle to CAR 35 for 5 yards (C.Horsley; A.Keys).,def,Quinton Newsome,3800,CB
2026001,0,3588,RUSH,(10:13) M.Davis right tackle to CAR 35 for 5 yards (C.Horsley; A.Keys).,def,Austin Keys,3800,ILB
2026001,0,3588,RUSH,(10:13) M.Davis right tackle to CAR 35 for 5 yards (C.Horsley; A.Keys).,def,Cam Horsley,3800,DT
2026001,0,3588,RUSH,(10:13) M.Davis right tackle to CAR 35 for 5 yards (C.Horsley; A.Keys).,def,Karson Sharar,3800,ILB
2026001,0,3588,RUSH,(10:13) M.Davis right tackle to CAR 35 for 5 yards (C.Horsley; A.Keys).,def,Elijah Culp,3800,CB
2026001,0,3588,RUSH,(10:13) M.Davis right tackle to CAR 35 for 5 yards (C.Horsley; A.Keys).,def,Cam Robertson,3800,OLB
2026001,0,3588,RUSH,(10:13) M.Davis right tackle to CAR 35 for 5 yards (C.Horsley; A.Keys).,def,Damonic Williams,3800,NT
2026001,0,3588,RUSH,(10:13) M.Davis right tackle to CAR 35 for 5 yards (C.Horsley; A.Keys).,def,Wydett Williams Jr.,3800,SS
2026001,0,3617,RUSH,(9:42) M.Davis left guard to CAR 39 for 4 yards (C.Robertson; C.Horsley).,off,Stone Forsythe,0750,T
2026001,0,3617,RUSH,(9:42) M.Davis left guard to CAR 39 for 4 yards (C.Robertson; C.Horsley).,off,Ja'Tyre Carter,0750,G
2026001,0,3617,RUSH,(9:42) M.Davis left guard to CAR 39 for 4 yards (C.Robertson; C.Horsley).,off,Ryan Hayes,0750,T
2026001,0,3617,RUSH,(9:42) M.Davis left guard to CAR 39 for 4 yards (C.Robertson; C.Horsley).,off,Elijah Cooks,0750,WR
2026001,0,3617,RUSH,(9:42) M.Davis left guard to CAR 39 for 4 yards (C.Robertson; C.Horsley).,off,Casey Washington,0750,WR
2026001,0,3617,RUSH,(9:42) M.Davis left guard to CAR 39 for 4 yards (C.Robertson; C.Horsley).,off,Nick Samac,0750,C
2026001,0,3617,RUSH,(9:42) M.Davis left guard to CAR 39 for 4 yards (C.Robertson; C.Horsley).,off,Jimmy Horn Jr.,0750,WR
2026001,0,3617,RUSH,(9:42) M.Davis left guard to CAR 39 for 4 yards (C.Robertson; C.Horsley).,off,Miles Davis,0750,RB
2026001,0,3617,RUSH,(9:42) M.Davis left guard to CAR 39 for 4 yards (C.Robertson; C.Horsley).,off,Isaia Glass,0750,T
2026001,0,3617,RUSH,(9:42) M.Davis left guard to CAR 39 for 4 yards (C.Robertson; C.Horsley).,off,Haynes King,0750,QB
2026001,0,3617,RUSH,(9:42) M.Davis left guard to CAR 39 for 4 yards (C.Robertson; C.Horsley).,off,Chamon Metayer,0750,TE
2026001,0,3617,RUSH,(9:42) M.Davis left guard to CAR 39 for 4 yards (C.Robertson; C.Horsley).,def,Isaiah Oliver,3800,FS
2026001,0,3617,RUSH,(9:42) M.Davis left guard to CAR 39 for 4 yards (C.Robertson; C.Horsley).,def,Elliott Brown,3800,OLB
2026001,0,3617,RUSH,(9:42) M.Davis left guard to CAR 39 for 4 yards (C.Robertson; C.Horsley).,def,Elijah Jones,3800,CB
2026001,0,3617,RUSH,(9:42) M.Davis left guard to CAR 39 for 4 yards (C.Robertson; C.Horsley).,def,Quinton Newsome,3800,CB
2026001,0,3617,RUSH,(9:42) M.Davis left guard to CAR 39 for 4 yards (C.Robertson; C.Horsley).,def,Austin Keys,3800,ILB
2026001,0,3617,RUSH,(9:42) M.Davis left guard to CAR 39 for 4 yards (C.Robertson; C.Horsley).,def,Cam Horsley,3800,DT
2026001,0,3617,RUSH,(9:42) M.Davis left guard to CAR 39 for 4 yards (C.Robertson; C.Horsley).,def,Karson Sharar,3800,ILB
2026001,0,3617,RUSH,(9:42) M.Davis left guard to CAR 39 for 4 yards (C.Robertson; C.Horsley).,def,Elijah Culp,3800,CB
2026001,0,3617,RUSH,(9:42) M.Davis left guard to CAR 39 for 4 yards (C.Robertson; C.Horsley).,def,Cam Robertson,3800,OLB
2026001,0,3617,RUSH,(9:42) M.Davis left guard to CAR 39 for 4 yards (C.Robertson; C.Horsley).,def,Damonic Williams,3800,NT
2026001,0,3617,RUSH,(9:42) M.Davis left guard to CAR 39 for 4 yards (C.Robertson; C.Horsley).,def,Wydett Williams Jr.,3800,SS
2026001,0,3639,RUSH,(9:07) M.Davis right guard to AZ 25 for 36 yards (E.Jones).,off,Stone Forsythe,0750,T
2026001,0,3639,RUSH,(9:07) M.Davis right guard to AZ 25 for 36 yards (E.Jones).,off,Ja'Tyre Carter,0750,G
2026001,0,3639,RUSH,(9:07) M.Davis right guard to AZ 25 for 36 yards (E.Jones).,off,Ryan Hayes,0750,T
2026001,0,3639,RUSH,(9:07) M.Davis right guard to AZ 25 for 36 yards (E.Jones).,off,Elijah Cooks,0750,WR
2026001,0,3639,RUSH,(9:07) M.Davis right guard to AZ 25 for 36 yards (E.Jones).,off,Casey Washington,0750,WR
2026001,0,3639,RUSH,(9:07) M.Davis right guard to AZ 25 for 36 yards (E.Jones).,off,Nick Samac,0750,C
2026001,0,3639,RUSH,(9:07) M.Davis right guard to AZ 25 for 36 yards (E.Jones).,off,Caden Prieskorn,0750,TE
2026001,0,3639,RUSH,(9:07) M.Davis right guard to AZ 25 for 36 yards (E.Jones).,off,Miles Davis,0750,RB
2026001,0,3639,RUSH,(9:07) M.Davis right guard to AZ 25 for 36 yards (E.Jones).,off,Isaia Glass,0750,T
2026001,0,3639,RUSH,(9:07) M.Davis right guard to AZ 25 for 36 yards (E.Jones).,off,Haynes King,0750,QB
2026001,0,3639,RUSH,(9:07) M.Davis right guard to AZ 25 for 36 yards (E.Jones).,off,Chamon Metayer,0750,TE
2026001,0,3639,RUSH,(9:07) M.Davis right guard to AZ 25 for 36 yards (E.Jones).,def,Isaiah Oliver,3800,FS
2026001,0,3639,RUSH,(9:07) M.Davis right guard to AZ 25 for 36 yards (E.Jones).,def,Jonah Williams,3800,DE
2026001,0,3639,RUSH,(9:07) M.Davis right guard to AZ 25 for 36 yards (E.Jones).,def,Elliott Brown,3800,OLB
2026001,0,3639,RUSH,(9:07) M.Davis right guard to AZ 25 for 36 yards (E.Jones).,def,Elijah Jones,3800,CB
2026001,0,3639,RUSH,(9:07) M.Davis right guard to AZ 25 for 36 yards (E.Jones).,def,Austin Keys,3800,ILB
2026001,0,3639,RUSH,(9:07) M.Davis right guard to AZ 25 for 36 yards (E.Jones).,def,Cam Horsley,3800,DT
2026001,0,3639,RUSH,(9:07) M.Davis right guard to AZ 25 for 36 yards (E.Jones).,def,Karson Sharar,3800,ILB
2026001,0,3639,RUSH,(9:07) M.Davis right guard to AZ 25 for 36 yards (E.Jones).,def,Elijah Culp,3800,CB
2026001,0,3639,RUSH,(9:07) M.Davis right guard to AZ 25 for 36 yards (E.Jones).,def,Cam Robertson,3800,OLB
2026001,0,3639,RUSH,(9:07) M.Davis right guard to AZ 25 for 36 yards (E.Jones).,def,Damonic Williams,3800,NT
2026001,0,3639,RUSH,(9:07) M.Davis right guard to AZ 25 for 36 yards (E.Jones).,def,Wydett Williams Jr.,3800,SS
2026001,0,3661,PASS,(8:24) H.King pass short right to M.Davis to AZ 20 for 5 yards (E.Culp).,off,Stone Forsythe,0750,T
2026001,0,3661,PASS,(8:24) H.King pass short right to M.Davis to AZ 20 for 5 yards (E.Culp).,off,Ja'Tyre Carter,0750,G
2026001,0,3661,PASS,(8:24) H.King pass short right to M.Davis to AZ 20 for 5 yards (E.Culp).,off,Ryan Hayes,0750,T
2026001,0,3661,PASS,(8:24) H.King pass short right to M.Davis to AZ 20 for 5 yards (E.Culp).,off,Elijah Cooks,0750,WR
2026001,0,3661,PASS,(8:24) H.King pass short right to M.Davis to AZ 20 for 5 yards (E.Culp).,off,Nick Samac,0750,C
2026001,0,3661,PASS,(8:24) H.King pass short right to M.Davis to AZ 20 for 5 yards (E.Culp).,off,Jimmy Horn Jr.,0750,WR
2026001,0,3661,PASS,(8:24) H.King pass short right to M.Davis to AZ 20 for 5 yards (E.Culp).,off,Roc Taylor,0750,WR
2026001,0,3661,PASS,(8:24) H.King pass short right to M.Davis to AZ 20 for 5 yards (E.Culp).,off,Miles Davis,0750,RB
2026001,0,3661,PASS,(8:24) H.King pass short right to M.Davis to AZ 20 for 5 yards (E.Culp).,off,Isaia Glass,0750,T
2026001,0,3661,PASS,(8:24) H.King pass short right to M.Davis to AZ 20 for 5 yards (E.Culp).,off,Haynes King,0750,QB
2026001,0,3661,PASS,(8:24) H.King pass short right to M.Davis to AZ 20 for 5 yards (E.Culp).,off,Chamon Metayer,0750,TE
2026001,0,3661,PASS,(8:24) H.King pass short right to M.Davis to AZ 20 for 5 yards (E.Culp).,def,Isaiah Oliver,3800,FS
2026001,0,3661,PASS,(8:24) H.King pass short right to M.Davis to AZ 20 for 5 yards (E.Culp).,def,Elliott Brown,3800,OLB
2026001,0,3661,PASS,(8:24) H.King pass short right to M.Davis to AZ 20 for 5 yards (E.Culp).,def,Elijah Jones,3800,CB
2026001,0,3661,PASS,(8:24) H.King pass short right to M.Davis to AZ 20 for 5 yards (E.Culp).,def,Quinton Newsome,3800,CB
2026001,0,3661,PASS,(8:24) H.King pass short right to M.Davis to AZ 20 for 5 yards (E.Culp).,def,Austin Keys,3800,ILB
2026001,0,3661,PASS,(8:24) H.King pass short right to M.Davis to AZ 20 for 5 yards (E.Culp).,def,Cam Horsley,3800,DT
2026001,0,3661,PASS,(8:24) H.King pass short right to M.Davis to AZ 20 for 5 yards (E.Culp).,def,Karson Sharar,3800,ILB
2026001,0,3661,PASS,(8:24) H.King pass short right to M.Davis to AZ 20 for 5 yards (E.Culp).,def,Elijah Culp,3800,CB
2026001,0,3661,PASS,(8:24) H.King pass short right to M.Davis to AZ 20 for 5 yards (E.Culp).,def,Cam Robertson,3800,OLB
2026001,0,3661,PASS,(8:24) H.King pass short right to M.Davis to AZ 20 for 5 yards (E.Culp).,def,Damonic Williams,3800,NT
2026001,0,3661,PASS,(8:24) H.King pass short right to M.Davis to AZ 20 for 5 yards (E.Culp).,def,Wydett Williams Jr.,3800,SS
2026001,0,3686,RUSH,(7:42) (Shotgun) A.Tyus left tackle to AZ 19 for 1 yard (K.Sharar; D.Williams).,off,Stone Forsythe,0750,T
2026001,0,3686,RUSH,(7:42) (Shotgun) A.Tyus left tackle to AZ 19 for 1 yard (K.Sharar; D.Williams).,off,Ja'Tyre Carter,0750,G
2026001,0,3686,RUSH,(7:42) (Shotgun) A.Tyus left tackle to AZ 19 for 1 yard (K.Sharar; D.Williams).,off,Ryan Hayes,0750,T
2026001,0,3686,RUSH,(7:42) (Shotgun) A.Tyus left tackle to AZ 19 for 1 yard (K.Sharar; D.Williams).,off,Elijah Cooks,0750,WR
2026001,0,3686,RUSH,(7:42) (Shotgun) A.Tyus left tackle to AZ 19 for 1 yard (K.Sharar; D.Williams).,off,Nick Samac,0750,C
2026001,0,3686,RUSH,(7:42) (Shotgun) A.Tyus left tackle to AZ 19 for 1 yard (K.Sharar; D.Williams).,off,Jimmy Horn Jr.,0750,WR
2026001,0,3686,RUSH,(7:42) (Shotgun) A.Tyus left tackle to AZ 19 for 1 yard (K.Sharar; D.Williams).,off,Caden Prieskorn,0750,TE
2026001,0,3686,RUSH,(7:42) (Shotgun) A.Tyus left tackle to AZ 19 for 1 yard (K.Sharar; D.Williams).,off,Anthony Tyus III,0750,RB
2026001,0,3686,RUSH,(7:42) (Shotgun) A.Tyus left tackle to AZ 19 for 1 yard (K.Sharar; D.Williams).,off,Roc Taylor,0750,WR
2026001,0,3686,RUSH,(7:42) (Shotgun) A.Tyus left tackle to AZ 19 for 1 yard (K.Sharar; D.Williams).,off,Isaia Glass,0750,T
2026001,0,3686,RUSH,(7:42) (Shotgun) A.Tyus left tackle to AZ 19 for 1 yard (K.Sharar; D.Williams).,off,Haynes King,0750,QB
2026001,0,3686,RUSH,(7:42) (Shotgun) A.Tyus left tackle to AZ 19 for 1 yard (K.Sharar; D.Williams).,def,Isaiah Oliver,3800,FS
2026001,0,3686,RUSH,(7:42) (Shotgun) A.Tyus left tackle to AZ 19 for 1 yard (K.Sharar; D.Williams).,def,BJ Ojulari,3800,OLB
2026001,0,3686,RUSH,(7:42) (Shotgun) A.Tyus left tackle to AZ 19 for 1 yard (K.Sharar; D.Williams).,def,Brodric Martin,3800,DT
2026001,0,3686,RUSH,(7:42) (Shotgun) A.Tyus left tackle to AZ 19 for 1 yard (K.Sharar; D.Williams).,def,Eku Leota,3800,OLB
2026001,0,3686,RUSH,(7:42) (Shotgun) A.Tyus left tackle to AZ 19 for 1 yard (K.Sharar; D.Williams).,def,Elijah Jones,3800,CB
2026001,0,3686,RUSH,(7:42) (Shotgun) A.Tyus left tackle to AZ 19 for 1 yard (K.Sharar; D.Williams).,def,Quinton Newsome,3800,CB
2026001,0,3686,RUSH,(7:42) (Shotgun) A.Tyus left tackle to AZ 19 for 1 yard (K.Sharar; D.Williams).,def,Austin Keys,3800,ILB
2026001,0,3686,RUSH,(7:42) (Shotgun) A.Tyus left tackle to AZ 19 for 1 yard (K.Sharar; D.Williams).,def,Karson Sharar,3800,ILB
2026001,0,3686,RUSH,(7:42) (Shotgun) A.Tyus left tackle to AZ 19 for 1 yard (K.Sharar; D.Williams).,def,Elijah Culp,3800,CB
2026001,0,3686,RUSH,(7:42) (Shotgun) A.Tyus left tackle to AZ 19 for 1 yard (K.Sharar; D.Williams).,def,Damonic Williams,3800,NT
2026001,0,3686,RUSH,(7:42) (Shotgun) A.Tyus left tackle to AZ 19 for 1 yard (K.Sharar; D.Williams).,def,Wydett Williams Jr.,3800,SS
2026001,0,3708,PASS,(7:00) (Shotgun) H.King pass incomplete short left to Ji.Horn.,off,Stone Forsythe,0750,T
2026001,0,3708,PASS,(7:00) (Shotgun) H.King pass incomplete short left to Ji.Horn.,off,Ja'Tyre Carter,0750,G
2026001,0,3708,PASS,(7:00) (Shotgun) H.King pass incomplete short left to Ji.Horn.,off,Ryan Hayes,0750,T
2026001,0,3708,PASS,(7:00) (Shotgun) H.King pass incomplete short left to Ji.Horn.,off,Elijah Cooks,0750,WR
2026001,0,3708,PASS,(7:00) (Shotgun) H.King pass incomplete short left to Ji.Horn.,off,Nick Samac,0750,C
2026001,0,3708,PASS,(7:00) (Shotgun) H.King pass incomplete short left to Ji.Horn.,off,Jimmy Horn Jr.,0750,WR
2026001,0,3708,PASS,(7:00) (Shotgun) H.King pass incomplete short left to Ji.Horn.,off,Caden Prieskorn,0750,TE
2026001,0,3708,PASS,(7:00) (Shotgun) H.King pass incomplete short left to Ji.Horn.,off,Anthony Tyus III,0750,RB
2026001,0,3708,PASS,(7:00) (Shotgun) H.King pass incomplete short left to Ji.Horn.,off,Roc Taylor,0750,WR
2026001,0,3708,PASS,(7:00) (Shotgun) H.King pass incomplete short left to Ji.Horn.,off,Isaia Glass,0750,T
2026001,0,3708,PASS,(7:00) (Shotgun) H.King pass incomplete short left to Ji.Horn.,off,Haynes King,0750,QB
2026001,0,3708,PASS,(7:00) (Shotgun) H.King pass incomplete short left to Ji.Horn.,def,Isaiah Oliver,3800,FS
2026001,0,3708,PASS,(7:00) (Shotgun) H.King pass incomplete short left to Ji.Horn.,def,BJ Ojulari,3800,OLB
2026001,0,3708,PASS,(7:00) (Shotgun) H.King pass incomplete short left to Ji.Horn.,def,Brodric Martin,3800,DT
2026001,0,3708,PASS,(7:00) (Shotgun) H.King pass incomplete short left to Ji.Horn.,def,Eku Leota,3800,OLB
2026001,0,3708,PASS,(7:00) (Shotgun) H.King pass incomplete short left to Ji.Horn.,def,Elijah Jones,3800,CB
2026001,0,3708,PASS,(7:00) (Shotgun) H.King pass incomplete short left to Ji.Horn.,def,Quinton Newsome,3800,CB
2026001,0,3708,PASS,(7:00) (Shotgun) H.King pass incomplete short left to Ji.Horn.,def,Austin Keys,3800,ILB
2026001,0,3708,PASS,(7:00) (Shotgun) H.King pass incomplete short left to Ji.Horn.,def,Karson Sharar,3800,ILB
2026001,0,3708,PASS,(7:00) (Shotgun) H.King pass incomplete short left to Ji.Horn.,def,Elijah Culp,3800,CB
2026001,0,3708,PASS,(7:00) (Shotgun) H.King pass incomplete short left to Ji.Horn.,def,Damonic Williams,3800,NT
2026001,0,3708,PASS,(7:00) (Shotgun) H.King pass incomplete short left to Ji.Horn.,def,Wydett Williams Jr.,3800,SS
2026001,0,3731,FIELD_GOAL,"(6:57) R.Fitzgerald 37 yard field goal is GOOD, Center-J.Jansen, Holder-S.Martin.",off,J.J. Jansen,0750,LS
2026001,0,3731,FIELD_GOAL,"(6:57) R.Fitzgerald 37 yard field goal is GOOD, Center-J.Jansen, Holder-S.Martin.",off,Sam Martin,0750,P
2026001,0,3731,FIELD_GOAL,"(6:57) R.Fitzgerald 37 yard field goal is GOOD, Center-J.Jansen, Holder-S.Martin.",off,Stone Forsythe,0750,T
2026001,0,3731,FIELD_GOAL,"(6:57) R.Fitzgerald 37 yard field goal is GOOD, Center-J.Jansen, Holder-S.Martin.",off,James Mitchell,0750,TE
2026001,0,3731,FIELD_GOAL,"(6:57) R.Fitzgerald 37 yard field goal is GOOD, Center-J.Jansen, Holder-S.Martin.",off,Ja'Tyre Carter,0750,G
2026001,0,3731,FIELD_GOAL,"(6:57) R.Fitzgerald 37 yard field goal is GOOD, Center-J.Jansen, Holder-S.Martin.",off,Ryan Hayes,0750,T
2026001,0,3731,FIELD_GOAL,"(6:57) R.Fitzgerald 37 yard field goal is GOOD, Center-J.Jansen, Holder-S.Martin.",off,Ryan Fitzgerald,0750,K
2026001,0,3731,FIELD_GOAL,"(6:57) R.Fitzgerald 37 yard field goal is GOOD, Center-J.Jansen, Holder-S.Martin.",off,Caden Prieskorn,0750,TE
2026001,0,3731,FIELD_GOAL,"(6:57) R.Fitzgerald 37 yard field goal is GOOD, Center-J.Jansen, Holder-S.Martin.",off,Sam Hecht,0750,C
2026001,0,3731,FIELD_GOAL,"(6:57) R.Fitzgerald 37 yard field goal is GOOD, Center-J.Jansen, Holder-S.Martin.",off,Albert Reese,0750,T
2026001,0,3731,FIELD_GOAL,"(6:57) R.Fitzgerald 37 yard field goal is GOOD, Center-J.Jansen, Holder-S.Martin.",off,Isaia Glass,0750,T
2026001,0,3731,FIELD_GOAL,"(6:57) R.Fitzgerald 37 yard field goal is GOOD, Center-J.Jansen, Holder-S.Martin.",def,Isaiah Oliver,3800,FS
2026001,0,3731,FIELD_GOAL,"(6:57) R.Fitzgerald 37 yard field goal is GOOD, Center-J.Jansen, Holder-S.Martin.",def,Jonah Williams,3800,DE
2026001,0,3731,FIELD_GOAL,"(6:57) R.Fitzgerald 37 yard field goal is GOOD, Center-J.Jansen, Holder-S.Martin.",def,Owen Pappoe,3800,ILB
2026001,0,3731,FIELD_GOAL,"(6:57) R.Fitzgerald 37 yard field goal is GOOD, Center-J.Jansen, Holder-S.Martin.",def,Kei'Trel Clark,3800,CB
2026001,0,3731,FIELD_GOAL,"(6:57) R.Fitzgerald 37 yard field goal is GOOD, Center-J.Jansen, Holder-S.Martin.",def,Eku Leota,3800,OLB
2026001,0,3731,FIELD_GOAL,"(6:57) R.Fitzgerald 37 yard field goal is GOOD, Center-J.Jansen, Holder-S.Martin.",def,Elijah Jones,3800,CB
2026001,0,3731,FIELD_GOAL,"(6:57) R.Fitzgerald 37 yard field goal is GOOD, Center-J.Jansen, Holder-S.Martin.",def,Cam Horsley,3800,DT
2026001,0,3731,FIELD_GOAL,"(6:57) R.Fitzgerald 37 yard field goal is GOOD, Center-J.Jansen, Holder-S.Martin.",def,Karson Sharar,3800,ILB
2026001,0,3731,FIELD_GOAL,"(6:57) R.Fitzgerald 37 yard field goal is GOOD, Center-J.Jansen, Holder-S.Martin.",def,Cam Robertson,3800,OLB
2026001,0,3731,FIELD_GOAL,"(6:57) R.Fitzgerald 37 yard field goal is GOOD, Center-J.Jansen, Holder-S.Martin.",def,Damonic Williams,3800,NT
2026001,0,3731,FIELD_GOAL,"(6:57) R.Fitzgerald 37 yard field goal is GOOD, Center-J.Jansen, Holder-S.Martin.",def,Wydett Williams Jr.,3800,SS
2026001,0,3751,KICK_OFF,R.Fitzgerald kicks 56 yards from CAR 35 to AZ 9. H.Wallace to AZ 38 for 29 yards (C.Washington).,off,Elijah Cooks,0750,WR
2026001,0,3751,KICK_OFF,R.Fitzgerald kicks 56 yards from CAR 35 to AZ 9. H.Wallace to AZ 38 for 29 yards (C.Washington).,off,Casey Washington,0750,WR
2026001,0,3751,KICK_OFF,R.Fitzgerald kicks 56 yards from CAR 35 to AZ 9. H.Wallace to AZ 38 for 29 yards (C.Washington).,off,Tyrek Funderburk,0750,CB
2026001,0,3751,KICK_OFF,R.Fitzgerald kicks 56 yards from CAR 35 to AZ 9. H.Wallace to AZ 38 for 29 yards (C.Washington).,off,Ryan Fitzgerald,0750,K
2026001,0,3751,KICK_OFF,R.Fitzgerald kicks 56 yards from CAR 35 to AZ 9. H.Wallace to AZ 38 for 29 yards (C.Washington).,off,Caden Prieskorn,0750,TE
2026001,0,3751,KICK_OFF,R.Fitzgerald kicks 56 yards from CAR 35 to AZ 9. H.Wallace to AZ 38 for 29 yards (C.Washington).,off,Roc Taylor,0750,WR
2026001,0,3751,KICK_OFF,R.Fitzgerald kicks 56 yards from CAR 35 to AZ 9. H.Wallace to AZ 38 for 29 yards (C.Washington).,off,Miles Davis,0750,RB
2026001,0,3751,KICK_OFF,R.Fitzgerald kicks 56 yards from CAR 35 to AZ 9. H.Wallace to AZ 38 for 29 yards (C.Washington).,off,Cam Miller,0750,CB
2026001,0,3751,KICK_OFF,R.Fitzgerald kicks 56 yards from CAR 35 to AZ 9. H.Wallace to AZ 38 for 29 yards (C.Washington).,off,Devonta Smith,0750,CB
2026001,0,3751,KICK_OFF,R.Fitzgerald kicks 56 yards from CAR 35 to AZ 9. H.Wallace to AZ 38 for 29 yards (C.Washington).,off,Isaiah Smith,0750,OLB
2026001,0,3751,KICK_OFF,R.Fitzgerald kicks 56 yards from CAR 35 to AZ 9. H.Wallace to AZ 38 for 29 yards (C.Washington).,off,DeCarlos Nicholson,0750,DB
2026001,0,3751,KICK_OFF,R.Fitzgerald kicks 56 yards from CAR 35 to AZ 9. H.Wallace to AZ 38 for 29 yards (C.Washington).,def,Isaiah Oliver,3800,FS
2026001,0,3751,KICK_OFF,R.Fitzgerald kicks 56 yards from CAR 35 to AZ 9. H.Wallace to AZ 38 for 29 yards (C.Washington).,def,Evan Hull,3800,RB
2026001,0,3751,KICK_OFF,R.Fitzgerald kicks 56 yards from CAR 35 to AZ 9. H.Wallace to AZ 38 for 29 yards (C.Washington).,def,Eku Leota,3800,OLB
2026001,0,3751,KICK_OFF,R.Fitzgerald kicks 56 yards from CAR 35 to AZ 9. H.Wallace to AZ 38 for 29 yards (C.Washington).,def,Kalen King,3800,CB
2026001,0,3751,KICK_OFF,R.Fitzgerald kicks 56 yards from CAR 35 to AZ 9. H.Wallace to AZ 38 for 29 yards (C.Washington).,def,Rivaldo Fairweather,3800,TE
2026001,0,3751,KICK_OFF,R.Fitzgerald kicks 56 yards from CAR 35 to AZ 9. H.Wallace to AZ 38 for 29 yards (C.Washington).,def,Bryson Green,3800,WR
2026001,0,3751,KICK_OFF,R.Fitzgerald kicks 56 yards from CAR 35 to AZ 9. H.Wallace to AZ 38 for 29 yards (C.Washington).,def,Reggie Virgil,3800,WR
2026001,0,3751,KICK_OFF,R.Fitzgerald kicks 56 yards from CAR 35 to AZ 9. H.Wallace to AZ 38 for 29 yards (C.Washington).,def,Karson Sharar,3800,ILB
2026001,0,3751,KICK_OFF,R.Fitzgerald kicks 56 yards from CAR 35 to AZ 9. H.Wallace to AZ 38 for 29 yards (C.Washington).,def,Jameson Geers,3800,TE
2026001,0,3751,KICK_OFF,R.Fitzgerald kicks 56 yards from CAR 35 to AZ 9. H.Wallace to AZ 38 for 29 yards (C.Washington).,def,Harrison Wallace III,3800,WR
2026001,0,3751,KICK_OFF,R.Fitzgerald kicks 56 yards from CAR 35 to AZ 9. H.Wallace to AZ 38 for 29 yards (C.Washington).,def,Wydett Williams Jr.,3800,SS
2026001,0,3781,PASS,"(6:48) K.Slovis pass deep middle to R.Virgil to CAR 45 for 17 yards (T.Funderburk).
Carolina challenged the pass completion ruling, and the play was Upheld. The ruling on the field stands. (Timeout #1.)",off,Matt Pryor,3800,T
2026001,0,3781,PASS,"(6:48) K.Slovis pass deep middle to R.Virgil to CAR 45 for 17 yards (T.Funderburk).
Carolina challenged the pass completion ruling, and the play was Upheld. The ruling on the field stands. (Timeout #1.)",off,Olisaemeka Udoh,3800,T
2026001,0,3781,PASS,"(6:48) K.Slovis pass deep middle to R.Virgil to CAR 45 for 17 yards (T.Funderburk).
Carolina challenged the pass completion ruling, and the play was Upheld. The ruling on the field stands. (Timeout #1.)",off,Christian Jones,3800,T
2026001,0,3781,PASS,"(6:48) K.Slovis pass deep middle to R.Virgil to CAR 45 for 17 yards (T.Funderburk).
Carolina challenged the pass completion ruling, and the play was Upheld. The ruling on the field stands. (Timeout #1.)",off,Kedon Slovis,3800,QB
2026001,0,3781,PASS,"(6:48) K.Slovis pass deep middle to R.Virgil to CAR 45 for 17 yards (T.Funderburk).
Carolina challenged the pass completion ruling, and the play was Upheld. The ruling on the field stands. (Timeout #1.)",off,Rivaldo Fairweather,3800,TE
2026001,0,3781,PASS,"(6:48) K.Slovis pass deep middle to R.Virgil to CAR 45 for 17 yards (T.Funderburk).
Carolina challenged the pass completion ruling, and the play was Upheld. The ruling on the field stands. (Timeout #1.)",off,Valentin Senn,3800,T
2026001,0,3781,PASS,"(6:48) K.Slovis pass deep middle to R.Virgil to CAR 45 for 17 yards (T.Funderburk).
Carolina challenged the pass completion ruling, and the play was Upheld. The ruling on the field stands. (Timeout #1.)",off,Bryson Green,3800,WR
2026001,0,3781,PASS,"(6:48) K.Slovis pass deep middle to R.Virgil to CAR 45 for 17 yards (T.Funderburk).
Carolina challenged the pass completion ruling, and the play was Upheld. The ruling on the field stands. (Timeout #1.)",off,Corey Kiner,3800,RB
2026001,0,3781,PASS,"(6:48) K.Slovis pass deep middle to R.Virgil to CAR 45 for 17 yards (T.Funderburk).
Carolina challenged the pass completion ruling, and the play was Upheld. The ruling on the field stands. (Timeout #1.)",off,Reggie Virgil,3800,WR
2026001,0,3781,PASS,"(6:48) K.Slovis pass deep middle to R.Virgil to CAR 45 for 17 yards (T.Funderburk).
Carolina challenged the pass completion ruling, and the play was Upheld. The ruling on the field stands. (Timeout #1.)",off,Ka'ena Decambra,3800,C
2026001,0,3781,PASS,"(6:48) K.Slovis pass deep middle to R.Virgil to CAR 45 for 17 yards (T.Funderburk).
Carolina challenged the pass completion ruling, and the play was Upheld. The ruling on the field stands. (Timeout #1.)",off,Jameson Geers,3800,TE
2026001,0,3781,PASS,"(6:48) K.Slovis pass deep middle to R.Virgil to CAR 45 for 17 yards (T.Funderburk).
Carolina challenged the pass completion ruling, and the play was Upheld. The ruling on the field stands. (Timeout #1.)",def,Isaiah Simmons,0750,MLB
2026001,0,3781,PASS,"(6:48) K.Slovis pass deep middle to R.Virgil to CAR 45 for 17 yards (T.Funderburk).
Carolina challenged the pass completion ruling, and the play was Upheld. The ruling on the field stands. (Timeout #1.)",def,Cam Gill,0750,OLB
2026001,0,3781,PASS,"(6:48) K.Slovis pass deep middle to R.Virgil to CAR 45 for 17 yards (T.Funderburk).
Carolina challenged the pass completion ruling, and the play was Upheld. The ruling on the field stands. (Timeout #1.)",def,Tyrek Funderburk,0750,CB
2026001,0,3781,PASS,"(6:48) K.Slovis pass deep middle to R.Virgil to CAR 45 for 17 yards (T.Funderburk).
Carolina challenged the pass completion ruling, and the play was Upheld. The ruling on the field stands. (Timeout #1.)",def,Demani Richardson,0750,FS
2026001,0,3781,PASS,"(6:48) K.Slovis pass deep middle to R.Virgil to CAR 45 for 17 yards (T.Funderburk).
Carolina challenged the pass completion ruling, and the play was Upheld. The ruling on the field stands. (Timeout #1.)",def,Maema Njongmeta,0750,ILB
2026001,0,3781,PASS,"(6:48) K.Slovis pass deep middle to R.Virgil to CAR 45 for 17 yards (T.Funderburk).
Carolina challenged the pass completion ruling, and the play was Upheld. The ruling on the field stands. (Timeout #1.)",def,Kyon Barrs,0750,DT
2026001,0,3781,PASS,"(6:48) K.Slovis pass deep middle to R.Virgil to CAR 45 for 17 yards (T.Funderburk).
Carolina challenged the pass completion ruling, and the play was Upheld. The ruling on the field stands. (Timeout #1.)",def,Mapalo Mwansa,0750,DE
2026001,0,3781,PASS,"(6:48) K.Slovis pass deep middle to R.Virgil to CAR 45 for 17 yards (T.Funderburk).
Carolina challenged the pass completion ruling, and the play was Upheld. The ruling on the field stands. (Timeout #1.)",def,Parker Petersen,0750,DT
2026001,0,3781,PASS,"(6:48) K.Slovis pass deep middle to R.Virgil to CAR 45 for 17 yards (T.Funderburk).
Carolina challenged the pass completion ruling, and the play was Upheld. The ruling on the field stands. (Timeout #1.)",def,Isaiah Smith,0750,OLB
2026001,0,3781,PASS,"(6:48) K.Slovis pass deep middle to R.Virgil to CAR 45 for 17 yards (T.Funderburk).
Carolina challenged the pass completion ruling, and the play was Upheld. The ruling on the field stands. (Timeout #1.)",def,DeCarlos Nicholson,0750,DB
2026001,0,3781,PASS,"(6:48) K.Slovis pass deep middle to R.Virgil to CAR 45 for 17 yards (T.Funderburk).
Carolina challenged the pass completion ruling, and the play was Upheld. The ruling on the field stands. (Timeout #1.)",def,Tywone Malone,0750,DT
2026001,0,3806,RUSH,(6:14) C.Kiner right tackle to CAR 32 for 13 yards (T.Funderburk).,off,Matt Pryor,3800,T
2026001,0,3806,RUSH,(6:14) C.Kiner right tackle to CAR 32 for 13 yards (T.Funderburk).,off,Olisaemeka Udoh,3800,T
2026001,0,3806,RUSH,(6:14) C.Kiner right tackle to CAR 32 for 13 yards (T.Funderburk).,off,Christian Jones,3800,T
2026001,0,3806,RUSH,(6:14) C.Kiner right tackle to CAR 32 for 13 yards (T.Funderburk).,off,Kedon Slovis,3800,QB
2026001,0,3806,RUSH,(6:14) C.Kiner right tackle to CAR 32 for 13 yards (T.Funderburk).,off,Rivaldo Fairweather,3800,TE
2026001,0,3806,RUSH,(6:14) C.Kiner right tackle to CAR 32 for 13 yards (T.Funderburk).,off,Valentin Senn,3800,T
2026001,0,3806,RUSH,(6:14) C.Kiner right tackle to CAR 32 for 13 yards (T.Funderburk).,off,Bryson Green,3800,WR
2026001,0,3806,RUSH,(6:14) C.Kiner right tackle to CAR 32 for 13 yards (T.Funderburk).,off,Corey Kiner,3800,RB
2026001,0,3806,RUSH,(6:14) C.Kiner right tackle to CAR 32 for 13 yards (T.Funderburk).,off,Reggie Virgil,3800,WR
2026001,0,3806,RUSH,(6:14) C.Kiner right tackle to CAR 32 for 13 yards (T.Funderburk).,off,Ka'ena Decambra,3800,C
2026001,0,3806,RUSH,(6:14) C.Kiner right tackle to CAR 32 for 13 yards (T.Funderburk).,off,Harrison Wallace III,3800,WR
2026001,0,3806,RUSH,(6:14) C.Kiner right tackle to CAR 32 for 13 yards (T.Funderburk).,def,Isaiah Simmons,0750,MLB
2026001,0,3806,RUSH,(6:14) C.Kiner right tackle to CAR 32 for 13 yards (T.Funderburk).,def,Cam Gill,0750,OLB
2026001,0,3806,RUSH,(6:14) C.Kiner right tackle to CAR 32 for 13 yards (T.Funderburk).,def,Tyrek Funderburk,0750,CB
2026001,0,3806,RUSH,(6:14) C.Kiner right tackle to CAR 32 for 13 yards (T.Funderburk).,def,Demani Richardson,0750,FS
2026001,0,3806,RUSH,(6:14) C.Kiner right tackle to CAR 32 for 13 yards (T.Funderburk).,def,Maema Njongmeta,0750,ILB
2026001,0,3806,RUSH,(6:14) C.Kiner right tackle to CAR 32 for 13 yards (T.Funderburk).,def,Kyon Barrs,0750,DT
2026001,0,3806,RUSH,(6:14) C.Kiner right tackle to CAR 32 for 13 yards (T.Funderburk).,def,Mapalo Mwansa,0750,DE
2026001,0,3806,RUSH,(6:14) C.Kiner right tackle to CAR 32 for 13 yards (T.Funderburk).,def,Parker Petersen,0750,DT
2026001,0,3806,RUSH,(6:14) C.Kiner right tackle to CAR 32 for 13 yards (T.Funderburk).,def,Devonta Smith,0750,CB
2026001,0,3806,RUSH,(6:14) C.Kiner right tackle to CAR 32 for 13 yards (T.Funderburk).,def,Isaiah Smith,0750,OLB
2026001,0,3806,RUSH,(6:14) C.Kiner right tackle to CAR 32 for 13 yards (T.Funderburk).,def,DeCarlos Nicholson,0750,DB
2026001,0,3868,RUSH,(5:39) C.Kiner left tackle to CAR 31 for 1 yard (P.Petersen).,off,Matt Pryor,3800,T
2026001,0,3868,RUSH,(5:39) C.Kiner left tackle to CAR 31 for 1 yard (P.Petersen).,off,Olisaemeka Udoh,3800,T
2026001,0,3868,RUSH,(5:39) C.Kiner left tackle to CAR 31 for 1 yard (P.Petersen).,off,Christian Jones,3800,T
2026001,0,3868,RUSH,(5:39) C.Kiner left tackle to CAR 31 for 1 yard (P.Petersen).,off,Kedon Slovis,3800,QB
2026001,0,3868,RUSH,(5:39) C.Kiner left tackle to CAR 31 for 1 yard (P.Petersen).,off,Rivaldo Fairweather,3800,TE
2026001,0,3868,RUSH,(5:39) C.Kiner left tackle to CAR 31 for 1 yard (P.Petersen).,off,Valentin Senn,3800,T
2026001,0,3868,RUSH,(5:39) C.Kiner left tackle to CAR 31 for 1 yard (P.Petersen).,off,Bryson Green,3800,WR
2026001,0,3868,RUSH,(5:39) C.Kiner left tackle to CAR 31 for 1 yard (P.Petersen).,off,Corey Kiner,3800,RB
2026001,0,3868,RUSH,(5:39) C.Kiner left tackle to CAR 31 for 1 yard (P.Petersen).,off,Reggie Virgil,3800,WR
2026001,0,3868,RUSH,(5:39) C.Kiner left tackle to CAR 31 for 1 yard (P.Petersen).,off,Ka'ena Decambra,3800,C
2026001,0,3868,RUSH,(5:39) C.Kiner left tackle to CAR 31 for 1 yard (P.Petersen).,off,Harrison Wallace III,3800,WR
2026001,0,3868,RUSH,(5:39) C.Kiner left tackle to CAR 31 for 1 yard (P.Petersen).,def,Isaiah Simmons,0750,MLB
2026001,0,3868,RUSH,(5:39) C.Kiner left tackle to CAR 31 for 1 yard (P.Petersen).,def,Cam Gill,0750,OLB
2026001,0,3868,RUSH,(5:39) C.Kiner left tackle to CAR 31 for 1 yard (P.Petersen).,def,Tyrek Funderburk,0750,CB
2026001,0,3868,RUSH,(5:39) C.Kiner left tackle to CAR 31 for 1 yard (P.Petersen).,def,Demani Richardson,0750,FS
2026001,0,3868,RUSH,(5:39) C.Kiner left tackle to CAR 31 for 1 yard (P.Petersen).,def,Maema Njongmeta,0750,ILB
2026001,0,3868,RUSH,(5:39) C.Kiner left tackle to CAR 31 for 1 yard (P.Petersen).,def,Kyon Barrs,0750,DT
2026001,0,3868,RUSH,(5:39) C.Kiner left tackle to CAR 31 for 1 yard (P.Petersen).,def,Mapalo Mwansa,0750,DE
2026001,0,3868,RUSH,(5:39) C.Kiner left tackle to CAR 31 for 1 yard (P.Petersen).,def,Parker Petersen,0750,DT
2026001,0,3868,RUSH,(5:39) C.Kiner left tackle to CAR 31 for 1 yard (P.Petersen).,def,Devonta Smith,0750,CB
2026001,0,3868,RUSH,(5:39) C.Kiner left tackle to CAR 31 for 1 yard (P.Petersen).,def,Isaiah Smith,0750,OLB
2026001,0,3868,RUSH,(5:39) C.Kiner left tackle to CAR 31 for 1 yard (P.Petersen).,def,DeCarlos Nicholson,0750,DB
2026001,0,3890,PASS,"(5:16) (No Huddle, Shotgun) K.Slovis pass short middle to C.Kiner to CAR 30 for 1 yard (M.Njongmeta).",off,Matt Pryor,3800,T
2026001,0,3890,PASS,"(5:16) (No Huddle, Shotgun) K.Slovis pass short middle to C.Kiner to CAR 30 for 1 yard (M.Njongmeta).",off,Olisaemeka Udoh,3800,T
2026001,0,3890,PASS,"(5:16) (No Huddle, Shotgun) K.Slovis pass short middle to C.Kiner to CAR 30 for 1 yard (M.Njongmeta).",off,Christian Jones,3800,T
2026001,0,3890,PASS,"(5:16) (No Huddle, Shotgun) K.Slovis pass short middle to C.Kiner to CAR 30 for 1 yard (M.Njongmeta).",off,Kedon Slovis,3800,QB
2026001,0,3890,PASS,"(5:16) (No Huddle, Shotgun) K.Slovis pass short middle to C.Kiner to CAR 30 for 1 yard (M.Njongmeta).",off,Rivaldo Fairweather,3800,TE
2026001,0,3890,PASS,"(5:16) (No Huddle, Shotgun) K.Slovis pass short middle to C.Kiner to CAR 30 for 1 yard (M.Njongmeta).",off,Valentin Senn,3800,T
2026001,0,3890,PASS,"(5:16) (No Huddle, Shotgun) K.Slovis pass short middle to C.Kiner to CAR 30 for 1 yard (M.Njongmeta).",off,Bryson Green,3800,WR
2026001,0,3890,PASS,"(5:16) (No Huddle, Shotgun) K.Slovis pass short middle to C.Kiner to CAR 30 for 1 yard (M.Njongmeta).",off,Corey Kiner,3800,RB
2026001,0,3890,PASS,"(5:16) (No Huddle, Shotgun) K.Slovis pass short middle to C.Kiner to CAR 30 for 1 yard (M.Njongmeta).",off,Reggie Virgil,3800,WR
2026001,0,3890,PASS,"(5:16) (No Huddle, Shotgun) K.Slovis pass short middle to C.Kiner to CAR 30 for 1 yard (M.Njongmeta).",off,Ka'ena Decambra,3800,C
2026001,0,3890,PASS,"(5:16) (No Huddle, Shotgun) K.Slovis pass short middle to C.Kiner to CAR 30 for 1 yard (M.Njongmeta).",off,Harrison Wallace III,3800,WR
2026001,0,3890,PASS,"(5:16) (No Huddle, Shotgun) K.Slovis pass short middle to C.Kiner to CAR 30 for 1 yard (M.Njongmeta).",def,Isaiah Simmons,0750,MLB
2026001,0,3890,PASS,"(5:16) (No Huddle, Shotgun) K.Slovis pass short middle to C.Kiner to CAR 30 for 1 yard (M.Njongmeta).",def,Cam Gill,0750,OLB
2026001,0,3890,PASS,"(5:16) (No Huddle, Shotgun) K.Slovis pass short middle to C.Kiner to CAR 30 for 1 yard (M.Njongmeta).",def,Tyrek Funderburk,0750,CB
2026001,0,3890,PASS,"(5:16) (No Huddle, Shotgun) K.Slovis pass short middle to C.Kiner to CAR 30 for 1 yard (M.Njongmeta).",def,Demani Richardson,0750,FS
2026001,0,3890,PASS,"(5:16) (No Huddle, Shotgun) K.Slovis pass short middle to C.Kiner to CAR 30 for 1 yard (M.Njongmeta).",def,Maema Njongmeta,0750,ILB
2026001,0,3890,PASS,"(5:16) (No Huddle, Shotgun) K.Slovis pass short middle to C.Kiner to CAR 30 for 1 yard (M.Njongmeta).",def,Kyon Barrs,0750,DT
2026001,0,3890,PASS,"(5:16) (No Huddle, Shotgun) K.Slovis pass short middle to C.Kiner to CAR 30 for 1 yard (M.Njongmeta).",def,Mapalo Mwansa,0750,DE
2026001,0,3890,PASS,"(5:16) (No Huddle, Shotgun) K.Slovis pass short middle to C.Kiner to CAR 30 for 1 yard (M.Njongmeta).",def,Parker Petersen,0750,DT
2026001,0,3890,PASS,"(5:16) (No Huddle, Shotgun) K.Slovis pass short middle to C.Kiner to CAR 30 for 1 yard (M.Njongmeta).",def,Devonta Smith,0750,CB
2026001,0,3890,PASS,"(5:16) (No Huddle, Shotgun) K.Slovis pass short middle to C.Kiner to CAR 30 for 1 yard (M.Njongmeta).",def,Isaiah Smith,0750,OLB
2026001,0,3890,PASS,"(5:16) (No Huddle, Shotgun) K.Slovis pass short middle to C.Kiner to CAR 30 for 1 yard (M.Njongmeta).",def,DeCarlos Nicholson,0750,DB
2026001,0,3915,PASS,(4:34) (Shotgun) K.Slovis pass short right to R.Virgil to CAR 14 for 16 yards (M.Mwansa).,off,Matt Pryor,3800,T
2026001,0,3915,PASS,(4:34) (Shotgun) K.Slovis pass short right to R.Virgil to CAR 14 for 16 yards (M.Mwansa).,off,Olisaemeka Udoh,3800,T
2026001,0,3915,PASS,(4:34) (Shotgun) K.Slovis pass short right to R.Virgil to CAR 14 for 16 yards (M.Mwansa).,off,Christian Jones,3800,T
2026001,0,3915,PASS,(4:34) (Shotgun) K.Slovis pass short right to R.Virgil to CAR 14 for 16 yards (M.Mwansa).,off,Kedon Slovis,3800,QB
2026001,0,3915,PASS,(4:34) (Shotgun) K.Slovis pass short right to R.Virgil to CAR 14 for 16 yards (M.Mwansa).,off,Rivaldo Fairweather,3800,TE
2026001,0,3915,PASS,(4:34) (Shotgun) K.Slovis pass short right to R.Virgil to CAR 14 for 16 yards (M.Mwansa).,off,Valentin Senn,3800,T
2026001,0,3915,PASS,(4:34) (Shotgun) K.Slovis pass short right to R.Virgil to CAR 14 for 16 yards (M.Mwansa).,off,Bryson Green,3800,WR
2026001,0,3915,PASS,(4:34) (Shotgun) K.Slovis pass short right to R.Virgil to CAR 14 for 16 yards (M.Mwansa).,off,Corey Kiner,3800,RB
2026001,0,3915,PASS,(4:34) (Shotgun) K.Slovis pass short right to R.Virgil to CAR 14 for 16 yards (M.Mwansa).,off,Reggie Virgil,3800,WR
2026001,0,3915,PASS,(4:34) (Shotgun) K.Slovis pass short right to R.Virgil to CAR 14 for 16 yards (M.Mwansa).,off,Ka'ena Decambra,3800,C
2026001,0,3915,PASS,(4:34) (Shotgun) K.Slovis pass short right to R.Virgil to CAR 14 for 16 yards (M.Mwansa).,off,Harrison Wallace III,3800,WR
2026001,0,3915,PASS,(4:34) (Shotgun) K.Slovis pass short right to R.Virgil to CAR 14 for 16 yards (M.Mwansa).,def,Isaiah Simmons,0750,MLB
2026001,0,3915,PASS,(4:34) (Shotgun) K.Slovis pass short right to R.Virgil to CAR 14 for 16 yards (M.Mwansa).,def,Cam Gill,0750,OLB
2026001,0,3915,PASS,(4:34) (Shotgun) K.Slovis pass short right to R.Virgil to CAR 14 for 16 yards (M.Mwansa).,def,Tyrek Funderburk,0750,CB
2026001,0,3915,PASS,(4:34) (Shotgun) K.Slovis pass short right to R.Virgil to CAR 14 for 16 yards (M.Mwansa).,def,Demani Richardson,0750,FS
2026001,0,3915,PASS,(4:34) (Shotgun) K.Slovis pass short right to R.Virgil to CAR 14 for 16 yards (M.Mwansa).,def,Maema Njongmeta,0750,ILB
2026001,0,3915,PASS,(4:34) (Shotgun) K.Slovis pass short right to R.Virgil to CAR 14 for 16 yards (M.Mwansa).,def,Kyon Barrs,0750,DT
2026001,0,3915,PASS,(4:34) (Shotgun) K.Slovis pass short right to R.Virgil to CAR 14 for 16 yards (M.Mwansa).,def,Mapalo Mwansa,0750,DE
2026001,0,3915,PASS,(4:34) (Shotgun) K.Slovis pass short right to R.Virgil to CAR 14 for 16 yards (M.Mwansa).,def,Parker Petersen,0750,DT
2026001,0,3915,PASS,(4:34) (Shotgun) K.Slovis pass short right to R.Virgil to CAR 14 for 16 yards (M.Mwansa).,def,Devonta Smith,0750,CB
2026001,0,3915,PASS,(4:34) (Shotgun) K.Slovis pass short right to R.Virgil to CAR 14 for 16 yards (M.Mwansa).,def,Isaiah Smith,0750,OLB
2026001,0,3915,PASS,(4:34) (Shotgun) K.Slovis pass short right to R.Virgil to CAR 14 for 16 yards (M.Mwansa).,def,DeCarlos Nicholson,0750,DB
2026001,0,3940,RUSH,(4:01) C.Kiner up the middle to CAR 12 for 2 yards (K.Barrs; C.Gill).,off,Matt Pryor,3800,T
2026001,0,3940,RUSH,(4:01) C.Kiner up the middle to CAR 12 for 2 yards (K.Barrs; C.Gill).,off,Olisaemeka Udoh,3800,T
2026001,0,3940,RUSH,(4:01) C.Kiner up the middle to CAR 12 for 2 yards (K.Barrs; C.Gill).,off,Christian Jones,3800,T
2026001,0,3940,RUSH,(4:01) C.Kiner up the middle to CAR 12 for 2 yards (K.Barrs; C.Gill).,off,Kedon Slovis,3800,QB
2026001,0,3940,RUSH,(4:01) C.Kiner up the middle to CAR 12 for 2 yards (K.Barrs; C.Gill).,off,Valentin Senn,3800,T
2026001,0,3940,RUSH,(4:01) C.Kiner up the middle to CAR 12 for 2 yards (K.Barrs; C.Gill).,off,Bryson Green,3800,WR
2026001,0,3940,RUSH,(4:01) C.Kiner up the middle to CAR 12 for 2 yards (K.Barrs; C.Gill).,off,Corey Kiner,3800,RB
2026001,0,3940,RUSH,(4:01) C.Kiner up the middle to CAR 12 for 2 yards (K.Barrs; C.Gill).,off,Reggie Virgil,3800,WR
2026001,0,3940,RUSH,(4:01) C.Kiner up the middle to CAR 12 for 2 yards (K.Barrs; C.Gill).,off,Ka'ena Decambra,3800,C
2026001,0,3940,RUSH,(4:01) C.Kiner up the middle to CAR 12 for 2 yards (K.Barrs; C.Gill).,off,Jameson Geers,3800,TE
2026001,0,3940,RUSH,(4:01) C.Kiner up the middle to CAR 12 for 2 yards (K.Barrs; C.Gill).,off,Harrison Wallace III,3800,WR
2026001,0,3940,RUSH,(4:01) C.Kiner up the middle to CAR 12 for 2 yards (K.Barrs; C.Gill).,def,Isaiah Simmons,0750,MLB
2026001,0,3940,RUSH,(4:01) C.Kiner up the middle to CAR 12 for 2 yards (K.Barrs; C.Gill).,def,Cam Gill,0750,OLB
2026001,0,3940,RUSH,(4:01) C.Kiner up the middle to CAR 12 for 2 yards (K.Barrs; C.Gill).,def,Tyrek Funderburk,0750,CB
2026001,0,3940,RUSH,(4:01) C.Kiner up the middle to CAR 12 for 2 yards (K.Barrs; C.Gill).,def,Demani Richardson,0750,FS
2026001,0,3940,RUSH,(4:01) C.Kiner up the middle to CAR 12 for 2 yards (K.Barrs; C.Gill).,def,Maema Njongmeta,0750,ILB
2026001,0,3940,RUSH,(4:01) C.Kiner up the middle to CAR 12 for 2 yards (K.Barrs; C.Gill).,def,Kyon Barrs,0750,DT
2026001,0,3940,RUSH,(4:01) C.Kiner up the middle to CAR 12 for 2 yards (K.Barrs; C.Gill).,def,Mapalo Mwansa,0750,DE
2026001,0,3940,RUSH,(4:01) C.Kiner up the middle to CAR 12 for 2 yards (K.Barrs; C.Gill).,def,Parker Petersen,0750,DT
2026001,0,3940,RUSH,(4:01) C.Kiner up the middle to CAR 12 for 2 yards (K.Barrs; C.Gill).,def,Devonta Smith,0750,CB
2026001,0,3940,RUSH,(4:01) C.Kiner up the middle to CAR 12 for 2 yards (K.Barrs; C.Gill).,def,Isaiah Smith,0750,OLB
2026001,0,3940,RUSH,(4:01) C.Kiner up the middle to CAR 12 for 2 yards (K.Barrs; C.Gill).,def,DeCarlos Nicholson,0750,DB
2026001,0,3962,PASS,(3:27) K.Slovis pass short right to H.Wallace pushed ob at CAR 5 for 7 yards (D.Smith).,off,Matt Pryor,3800,T
2026001,0,3962,PASS,(3:27) K.Slovis pass short right to H.Wallace pushed ob at CAR 5 for 7 yards (D.Smith).,off,Olisaemeka Udoh,3800,T
2026001,0,3962,PASS,(3:27) K.Slovis pass short right to H.Wallace pushed ob at CAR 5 for 7 yards (D.Smith).,off,Evan Hull,3800,RB
2026001,0,3962,PASS,(3:27) K.Slovis pass short right to H.Wallace pushed ob at CAR 5 for 7 yards (D.Smith).,off,Christian Jones,3800,T
2026001,0,3962,PASS,(3:27) K.Slovis pass short right to H.Wallace pushed ob at CAR 5 for 7 yards (D.Smith).,off,Kedon Slovis,3800,QB
2026001,0,3962,PASS,(3:27) K.Slovis pass short right to H.Wallace pushed ob at CAR 5 for 7 yards (D.Smith).,off,Valentin Senn,3800,T
2026001,0,3962,PASS,(3:27) K.Slovis pass short right to H.Wallace pushed ob at CAR 5 for 7 yards (D.Smith).,off,Bryson Green,3800,WR
2026001,0,3962,PASS,(3:27) K.Slovis pass short right to H.Wallace pushed ob at CAR 5 for 7 yards (D.Smith).,off,Reggie Virgil,3800,WR
2026001,0,3962,PASS,(3:27) K.Slovis pass short right to H.Wallace pushed ob at CAR 5 for 7 yards (D.Smith).,off,Ka'ena Decambra,3800,C
2026001,0,3962,PASS,(3:27) K.Slovis pass short right to H.Wallace pushed ob at CAR 5 for 7 yards (D.Smith).,off,Jameson Geers,3800,TE
2026001,0,3962,PASS,(3:27) K.Slovis pass short right to H.Wallace pushed ob at CAR 5 for 7 yards (D.Smith).,off,Harrison Wallace III,3800,WR
2026001,0,3962,PASS,(3:27) K.Slovis pass short right to H.Wallace pushed ob at CAR 5 for 7 yards (D.Smith).,def,Isaiah Simmons,0750,MLB
2026001,0,3962,PASS,(3:27) K.Slovis pass short right to H.Wallace pushed ob at CAR 5 for 7 yards (D.Smith).,def,Cam Gill,0750,OLB
2026001,0,3962,PASS,(3:27) K.Slovis pass short right to H.Wallace pushed ob at CAR 5 for 7 yards (D.Smith).,def,Tyrek Funderburk,0750,CB
2026001,0,3962,PASS,(3:27) K.Slovis pass short right to H.Wallace pushed ob at CAR 5 for 7 yards (D.Smith).,def,Demani Richardson,0750,FS
2026001,0,3962,PASS,(3:27) K.Slovis pass short right to H.Wallace pushed ob at CAR 5 for 7 yards (D.Smith).,def,Maema Njongmeta,0750,ILB
2026001,0,3962,PASS,(3:27) K.Slovis pass short right to H.Wallace pushed ob at CAR 5 for 7 yards (D.Smith).,def,Kyon Barrs,0750,DT
2026001,0,3962,PASS,(3:27) K.Slovis pass short right to H.Wallace pushed ob at CAR 5 for 7 yards (D.Smith).,def,Mapalo Mwansa,0750,DE
2026001,0,3962,PASS,(3:27) K.Slovis pass short right to H.Wallace pushed ob at CAR 5 for 7 yards (D.Smith).,def,Devonta Smith,0750,CB
2026001,0,3962,PASS,(3:27) K.Slovis pass short right to H.Wallace pushed ob at CAR 5 for 7 yards (D.Smith).,def,Isaiah Smith,0750,OLB
2026001,0,3962,PASS,(3:27) K.Slovis pass short right to H.Wallace pushed ob at CAR 5 for 7 yards (D.Smith).,def,DeCarlos Nicholson,0750,DB
2026001,0,3962,PASS,(3:27) K.Slovis pass short right to H.Wallace pushed ob at CAR 5 for 7 yards (D.Smith).,def,Tywone Malone,0750,DT
2026001,0,3992,RUSH,(3:21) E.Hull up the middle to CAR 3 for 2 yards (C.Gill).,off,Matt Pryor,3800,T
2026001,0,3992,RUSH,(3:21) E.Hull up the middle to CAR 3 for 2 yards (C.Gill).,off,Olisaemeka Udoh,3800,T
2026001,0,3992,RUSH,(3:21) E.Hull up the middle to CAR 3 for 2 yards (C.Gill).,off,Evan Hull,3800,RB
2026001,0,3992,RUSH,(3:21) E.Hull up the middle to CAR 3 for 2 yards (C.Gill).,off,Christian Jones,3800,T
2026001,0,3992,RUSH,(3:21) E.Hull up the middle to CAR 3 for 2 yards (C.Gill).,off,Kedon Slovis,3800,QB
2026001,0,3992,RUSH,(3:21) E.Hull up the middle to CAR 3 for 2 yards (C.Gill).,off,Rivaldo Fairweather,3800,TE
2026001,0,3992,RUSH,(3:21) E.Hull up the middle to CAR 3 for 2 yards (C.Gill).,off,Valentin Senn,3800,T
2026001,0,3992,RUSH,(3:21) E.Hull up the middle to CAR 3 for 2 yards (C.Gill).,off,Bryson Green,3800,WR
2026001,0,3992,RUSH,(3:21) E.Hull up the middle to CAR 3 for 2 yards (C.Gill).,off,Reggie Virgil,3800,WR
2026001,0,3992,RUSH,(3:21) E.Hull up the middle to CAR 3 for 2 yards (C.Gill).,off,Ka'ena Decambra,3800,C
2026001,0,3992,RUSH,(3:21) E.Hull up the middle to CAR 3 for 2 yards (C.Gill).,off,Harrison Wallace III,3800,WR
2026001,0,3992,RUSH,(3:21) E.Hull up the middle to CAR 3 for 2 yards (C.Gill).,def,Isaiah Simmons,0750,MLB
2026001,0,3992,RUSH,(3:21) E.Hull up the middle to CAR 3 for 2 yards (C.Gill).,def,Cam Gill,0750,OLB
2026001,0,3992,RUSH,(3:21) E.Hull up the middle to CAR 3 for 2 yards (C.Gill).,def,Tyrek Funderburk,0750,CB
2026001,0,3992,RUSH,(3:21) E.Hull up the middle to CAR 3 for 2 yards (C.Gill).,def,Demani Richardson,0750,FS
2026001,0,3992,RUSH,(3:21) E.Hull up the middle to CAR 3 for 2 yards (C.Gill).,def,Maema Njongmeta,0750,ILB
2026001,0,3992,RUSH,(3:21) E.Hull up the middle to CAR 3 for 2 yards (C.Gill).,def,Kyon Barrs,0750,DT
2026001,0,3992,RUSH,(3:21) E.Hull up the middle to CAR 3 for 2 yards (C.Gill).,def,Mapalo Mwansa,0750,DE
2026001,0,3992,RUSH,(3:21) E.Hull up the middle to CAR 3 for 2 yards (C.Gill).,def,Devonta Smith,0750,CB
2026001,0,3992,RUSH,(3:21) E.Hull up the middle to CAR 3 for 2 yards (C.Gill).,def,Isaiah Smith,0750,OLB
2026001,0,3992,RUSH,(3:21) E.Hull up the middle to CAR 3 for 2 yards (C.Gill).,def,DeCarlos Nicholson,0750,DB
2026001,0,3992,RUSH,(3:21) E.Hull up the middle to CAR 3 for 2 yards (C.Gill).,def,Tywone Malone,0750,DT
2026001,0,4014,RUSH,(2:38) C.Kiner up the middle to CAR 1 for 2 yards (M.Mwansa; D.Smith).,off,Matt Pryor,3800,T
2026001,0,4014,RUSH,(2:38) C.Kiner up the middle to CAR 1 for 2 yards (M.Mwansa; D.Smith).,off,Olisaemeka Udoh,3800,T
2026001,0,4014,RUSH,(2:38) C.Kiner up the middle to CAR 1 for 2 yards (M.Mwansa; D.Smith).,off,Christian Jones,3800,T
2026001,0,4014,RUSH,(2:38) C.Kiner up the middle to CAR 1 for 2 yards (M.Mwansa; D.Smith).,off,Kedon Slovis,3800,QB
2026001,0,4014,RUSH,(2:38) C.Kiner up the middle to CAR 1 for 2 yards (M.Mwansa; D.Smith).,off,Valentin Senn,3800,T
2026001,0,4014,RUSH,(2:38) C.Kiner up the middle to CAR 1 for 2 yards (M.Mwansa; D.Smith).,off,Bryson Green,3800,WR
2026001,0,4014,RUSH,(2:38) C.Kiner up the middle to CAR 1 for 2 yards (M.Mwansa; D.Smith).,off,Corey Kiner,3800,RB
2026001,0,4014,RUSH,(2:38) C.Kiner up the middle to CAR 1 for 2 yards (M.Mwansa; D.Smith).,off,Reggie Virgil,3800,WR
2026001,0,4014,RUSH,(2:38) C.Kiner up the middle to CAR 1 for 2 yards (M.Mwansa; D.Smith).,off,Ka'ena Decambra,3800,C
2026001,0,4014,RUSH,(2:38) C.Kiner up the middle to CAR 1 for 2 yards (M.Mwansa; D.Smith).,off,Jameson Geers,3800,TE
2026001,0,4014,RUSH,(2:38) C.Kiner up the middle to CAR 1 for 2 yards (M.Mwansa; D.Smith).,off,Harrison Wallace III,3800,WR
2026001,0,4014,RUSH,(2:38) C.Kiner up the middle to CAR 1 for 2 yards (M.Mwansa; D.Smith).,def,Isaiah Simmons,0750,MLB
2026001,0,4014,RUSH,(2:38) C.Kiner up the middle to CAR 1 for 2 yards (M.Mwansa; D.Smith).,def,Cam Gill,0750,OLB
2026001,0,4014,RUSH,(2:38) C.Kiner up the middle to CAR 1 for 2 yards (M.Mwansa; D.Smith).,def,Tyrek Funderburk,0750,CB
2026001,0,4014,RUSH,(2:38) C.Kiner up the middle to CAR 1 for 2 yards (M.Mwansa; D.Smith).,def,Demani Richardson,0750,FS
2026001,0,4014,RUSH,(2:38) C.Kiner up the middle to CAR 1 for 2 yards (M.Mwansa; D.Smith).,def,Maema Njongmeta,0750,ILB
2026001,0,4014,RUSH,(2:38) C.Kiner up the middle to CAR 1 for 2 yards (M.Mwansa; D.Smith).,def,Mapalo Mwansa,0750,DE
2026001,0,4014,RUSH,(2:38) C.Kiner up the middle to CAR 1 for 2 yards (M.Mwansa; D.Smith).,def,Parker Petersen,0750,DT
2026001,0,4014,RUSH,(2:38) C.Kiner up the middle to CAR 1 for 2 yards (M.Mwansa; D.Smith).,def,Devonta Smith,0750,CB
2026001,0,4014,RUSH,(2:38) C.Kiner up the middle to CAR 1 for 2 yards (M.Mwansa; D.Smith).,def,Isaiah Smith,0750,OLB
2026001,0,4014,RUSH,(2:38) C.Kiner up the middle to CAR 1 for 2 yards (M.Mwansa; D.Smith).,def,DeCarlos Nicholson,0750,DB
2026001,0,4014,RUSH,(2:38) C.Kiner up the middle to CAR 1 for 2 yards (M.Mwansa; D.Smith).,def,Tywone Malone,0750,DT
2026001,0,4043,PASS,"(2:00) K.Slovis pass incomplete short right to B.Green.
The Replay Official reviewed the incomplete pass ruling, and the play was REVERSED.
K.Slovis pass short right to B.Green for 1 yard, TOUCHDOWN.",off,Matt Pryor,3800,T
2026001,0,4043,PASS,"(2:00) K.Slovis pass incomplete short right to B.Green.
The Replay Official reviewed the incomplete pass ruling, and the play was REVERSED.
K.Slovis pass short right to B.Green for 1 yard, TOUCHDOWN.",off,Olisaemeka Udoh,3800,T
2026001,0,4043,PASS,"(2:00) K.Slovis pass incomplete short right to B.Green.
The Replay Official reviewed the incomplete pass ruling, and the play was REVERSED.
K.Slovis pass short right to B.Green for 1 yard, TOUCHDOWN.",off,Christian Jones,3800,T
2026001,0,4043,PASS,"(2:00) K.Slovis pass incomplete short right to B.Green.
The Replay Official reviewed the incomplete pass ruling, and the play was REVERSED.
K.Slovis pass short right to B.Green for 1 yard, TOUCHDOWN.",off,Kedon Slovis,3800,QB
2026001,0,4043,PASS,"(2:00) K.Slovis pass incomplete short right to B.Green.
The Replay Official reviewed the incomplete pass ruling, and the play was REVERSED.
K.Slovis pass short right to B.Green for 1 yard, TOUCHDOWN.",off,Rivaldo Fairweather,3800,TE
2026001,0,4043,PASS,"(2:00) K.Slovis pass incomplete short right to B.Green.
The Replay Official reviewed the incomplete pass ruling, and the play was REVERSED.
K.Slovis pass short right to B.Green for 1 yard, TOUCHDOWN.",off,Valentin Senn,3800,T
2026001,0,4043,PASS,"(2:00) K.Slovis pass incomplete short right to B.Green.
The Replay Official reviewed the incomplete pass ruling, and the play was REVERSED.
K.Slovis pass short right to B.Green for 1 yard, TOUCHDOWN.",off,Bryson Green,3800,WR
2026001,0,4043,PASS,"(2:00) K.Slovis pass incomplete short right to B.Green.
The Replay Official reviewed the incomplete pass ruling, and the play was REVERSED.
K.Slovis pass short right to B.Green for 1 yard, TOUCHDOWN.",off,Corey Kiner,3800,RB
2026001,0,4043,PASS,"(2:00) K.Slovis pass incomplete short right to B.Green.
The Replay Official reviewed the incomplete pass ruling, and the play was REVERSED.
K.Slovis pass short right to B.Green for 1 yard, TOUCHDOWN.",off,Reggie Virgil,3800,WR
2026001,0,4043,PASS,"(2:00) K.Slovis pass incomplete short right to B.Green.
The Replay Official reviewed the incomplete pass ruling, and the play was REVERSED.
K.Slovis pass short right to B.Green for 1 yard, TOUCHDOWN.",off,Ka'ena Decambra,3800,C
2026001,0,4043,PASS,"(2:00) K.Slovis pass incomplete short right to B.Green.
The Replay Official reviewed the incomplete pass ruling, and the play was REVERSED.
K.Slovis pass short right to B.Green for 1 yard, TOUCHDOWN.",off,Harrison Wallace III,3800,WR
2026001,0,4043,PASS,"(2:00) K.Slovis pass incomplete short right to B.Green.
The Replay Official reviewed the incomplete pass ruling, and the play was REVERSED.
K.Slovis pass short right to B.Green for 1 yard, TOUCHDOWN.",def,Isaiah Simmons,0750,MLB
2026001,0,4043,PASS,"(2:00) K.Slovis pass incomplete short right to B.Green.
The Replay Official reviewed the incomplete pass ruling, and the play was REVERSED.
K.Slovis pass short right to B.Green for 1 yard, TOUCHDOWN.",def,Cam Gill,0750,OLB
2026001,0,4043,PASS,"(2:00) K.Slovis pass incomplete short right to B.Green.
The Replay Official reviewed the incomplete pass ruling, and the play was REVERSED.
K.Slovis pass short right to B.Green for 1 yard, TOUCHDOWN.",def,Tyrek Funderburk,0750,CB
2026001,0,4043,PASS,"(2:00) K.Slovis pass incomplete short right to B.Green.
The Replay Official reviewed the incomplete pass ruling, and the play was REVERSED.
K.Slovis pass short right to B.Green for 1 yard, TOUCHDOWN.",def,Demani Richardson,0750,FS
2026001,0,4043,PASS,"(2:00) K.Slovis pass incomplete short right to B.Green.
The Replay Official reviewed the incomplete pass ruling, and the play was REVERSED.
K.Slovis pass short right to B.Green for 1 yard, TOUCHDOWN.",def,Maema Njongmeta,0750,ILB
2026001,0,4043,PASS,"(2:00) K.Slovis pass incomplete short right to B.Green.
The Replay Official reviewed the incomplete pass ruling, and the play was REVERSED.
K.Slovis pass short right to B.Green for 1 yard, TOUCHDOWN.",def,Mapalo Mwansa,0750,DE
2026001,0,4043,PASS,"(2:00) K.Slovis pass incomplete short right to B.Green.
The Replay Official reviewed the incomplete pass ruling, and the play was REVERSED.
K.Slovis pass short right to B.Green for 1 yard, TOUCHDOWN.",def,Parker Petersen,0750,DT
2026001,0,4043,PASS,"(2:00) K.Slovis pass incomplete short right to B.Green.
The Replay Official reviewed the incomplete pass ruling, and the play was REVERSED.
K.Slovis pass short right to B.Green for 1 yard, TOUCHDOWN.",def,Devonta Smith,0750,CB
2026001,0,4043,PASS,"(2:00) K.Slovis pass incomplete short right to B.Green.
The Replay Official reviewed the incomplete pass ruling, and the play was REVERSED.
K.Slovis pass short right to B.Green for 1 yard, TOUCHDOWN.",def,Isaiah Smith,0750,OLB
2026001,0,4043,PASS,"(2:00) K.Slovis pass incomplete short right to B.Green.
The Replay Official reviewed the incomplete pass ruling, and the play was REVERSED.
K.Slovis pass short right to B.Green for 1 yard, TOUCHDOWN.",def,DeCarlos Nicholson,0750,DB
2026001,0,4043,PASS,"(2:00) K.Slovis pass incomplete short right to B.Green.
The Replay Official reviewed the incomplete pass ruling, and the play was REVERSED.
K.Slovis pass short right to B.Green for 1 yard, TOUCHDOWN.",def,Tywone Malone,0750,DT
2026001,0,4073,XP_KICK,"C.Ryland extra point is GOOD, Center-C.Kreiter, Holder-B.Gillikin.",off,Casey Kreiter,3800,LS
2026001,0,4073,XP_KICK,"C.Ryland extra point is GOOD, Center-C.Kreiter, Holder-B.Gillikin.",off,Olisaemeka Udoh,3800,T
2026001,0,4073,XP_KICK,"C.Ryland extra point is GOOD, Center-C.Kreiter, Holder-B.Gillikin.",off,Blake Gillikin,3800,P
2026001,0,4073,XP_KICK,"C.Ryland extra point is GOOD, Center-C.Kreiter, Holder-B.Gillikin.",off,Chad Ryland,3800,K
2026001,0,4073,XP_KICK,"C.Ryland extra point is GOOD, Center-C.Kreiter, Holder-B.Gillikin.",off,Demontrey Jacobs,3800,T
2026001,0,4073,XP_KICK,"C.Ryland extra point is GOOD, Center-C.Kreiter, Holder-B.Gillikin.",off,Christian Jones,3800,T
2026001,0,4073,XP_KICK,"C.Ryland extra point is GOOD, Center-C.Kreiter, Holder-B.Gillikin.",off,Hayden Conner,3800,G
2026001,0,4073,XP_KICK,"C.Ryland extra point is GOOD, Center-C.Kreiter, Holder-B.Gillikin.",off,Rivaldo Fairweather,3800,TE
2026001,0,4073,XP_KICK,"C.Ryland extra point is GOOD, Center-C.Kreiter, Holder-B.Gillikin.",off,Chase Bisontis,3800,G
2026001,0,4073,XP_KICK,"C.Ryland extra point is GOOD, Center-C.Kreiter, Holder-B.Gillikin.",off,Jayden Williams,3800,T
2026001,0,4073,XP_KICK,"C.Ryland extra point is GOOD, Center-C.Kreiter, Holder-B.Gillikin.",off,Jameson Geers,3800,TE
2026001,0,4073,XP_KICK,"C.Ryland extra point is GOOD, Center-C.Kreiter, Holder-B.Gillikin.",def,Elijah Garcia,0750,DT
2026001,0,4073,XP_KICK,"C.Ryland extra point is GOOD, Center-C.Kreiter, Holder-B.Gillikin.",def,Nick Hampton,0750,OLB
2026001,0,4073,XP_KICK,"C.Ryland extra point is GOOD, Center-C.Kreiter, Holder-B.Gillikin.",def,Tyrek Funderburk,0750,CB
2026001,0,4073,XP_KICK,"C.Ryland extra point is GOOD, Center-C.Kreiter, Holder-B.Gillikin.",def,Demani Richardson,0750,FS
2026001,0,4073,XP_KICK,"C.Ryland extra point is GOOD, Center-C.Kreiter, Holder-B.Gillikin.",def,Kyon Barrs,0750,DT
2026001,0,4073,XP_KICK,"C.Ryland extra point is GOOD, Center-C.Kreiter, Holder-B.Gillikin.",def,Jackson Kuwatch,0750,ILB
2026001,0,4073,XP_KICK,"C.Ryland extra point is GOOD, Center-C.Kreiter, Holder-B.Gillikin.",def,Aaron Hall,0750,DT
2026001,0,4073,XP_KICK,"C.Ryland extra point is GOOD, Center-C.Kreiter, Holder-B.Gillikin.",def,Parker Petersen,0750,DT
2026001,0,4073,XP_KICK,"C.Ryland extra point is GOOD, Center-C.Kreiter, Holder-B.Gillikin.",def,Devonta Smith,0750,CB
2026001,0,4073,XP_KICK,"C.Ryland extra point is GOOD, Center-C.Kreiter, Holder-B.Gillikin.",def,Isaiah Smith,0750,OLB
2026001,0,4073,XP_KICK,"C.Ryland extra point is GOOD, Center-C.Kreiter, Holder-B.Gillikin.",def,DeCarlos Nicholson,0750,DB
2026001,0,4135,KICK_OFF,"C.Ryland kicks 65 yards from AZ 35 to end zone, Touchback to the CAR 35.",off,Isaiah Oliver,3800,FS
2026001,0,4135,KICK_OFF,"C.Ryland kicks 65 yards from AZ 35 to end zone, Touchback to the CAR 35.",off,BJ Ojulari,3800,OLB
2026001,0,4135,KICK_OFF,"C.Ryland kicks 65 yards from AZ 35 to end zone, Touchback to the CAR 35.",off,Chad Ryland,3800,K
2026001,0,4135,KICK_OFF,"C.Ryland kicks 65 yards from AZ 35 to end zone, Touchback to the CAR 35.",off,Kei'Trel Clark,3800,CB
2026001,0,4135,KICK_OFF,"C.Ryland kicks 65 yards from AZ 35 to end zone, Touchback to the CAR 35.",off,Eku Leota,3800,OLB
2026001,0,4135,KICK_OFF,"C.Ryland kicks 65 yards from AZ 35 to end zone, Touchback to the CAR 35.",off,Elijah Jones,3800,CB
2026001,0,4135,KICK_OFF,"C.Ryland kicks 65 yards from AZ 35 to end zone, Touchback to the CAR 35.",off,Quinton Newsome,3800,CB
2026001,0,4135,KICK_OFF,"C.Ryland kicks 65 yards from AZ 35 to end zone, Touchback to the CAR 35.",off,Bryson Green,3800,WR
2026001,0,4135,KICK_OFF,"C.Ryland kicks 65 yards from AZ 35 to end zone, Touchback to the CAR 35.",off,Reggie Virgil,3800,WR
2026001,0,4135,KICK_OFF,"C.Ryland kicks 65 yards from AZ 35 to end zone, Touchback to the CAR 35.",off,Karson Sharar,3800,ILB
2026001,0,4135,KICK_OFF,"C.Ryland kicks 65 yards from AZ 35 to end zone, Touchback to the CAR 35.",off,Wydett Williams Jr.,3800,SS
2026001,0,4135,KICK_OFF,"C.Ryland kicks 65 yards from AZ 35 to end zone, Touchback to the CAR 35.",def,Robert Rochell,0750,CB
2026001,0,4135,KICK_OFF,"C.Ryland kicks 65 yards from AZ 35 to end zone, Touchback to the CAR 35.",def,Elijah Cooks,0750,WR
2026001,0,4135,KICK_OFF,"C.Ryland kicks 65 yards from AZ 35 to end zone, Touchback to the CAR 35.",def,Casey Washington,0750,WR
2026001,0,4135,KICK_OFF,"C.Ryland kicks 65 yards from AZ 35 to end zone, Touchback to the CAR 35.",def,Demani Richardson,0750,FS
2026001,0,4135,KICK_OFF,"C.Ryland kicks 65 yards from AZ 35 to end zone, Touchback to the CAR 35.",def,Jimmy Horn Jr.,0750,WR
2026001,0,4135,KICK_OFF,"C.Ryland kicks 65 yards from AZ 35 to end zone, Touchback to the CAR 35.",def,Mapalo Mwansa,0750,DE
2026001,0,4135,KICK_OFF,"C.Ryland kicks 65 yards from AZ 35 to end zone, Touchback to the CAR 35.",def,Ja'Seem Reed,0750,WR
2026001,0,4135,KICK_OFF,"C.Ryland kicks 65 yards from AZ 35 to end zone, Touchback to the CAR 35.",def,Caden Prieskorn,0750,TE
2026001,0,4135,KICK_OFF,"C.Ryland kicks 65 yards from AZ 35 to end zone, Touchback to the CAR 35.",def,Roc Taylor,0750,WR
2026001,0,4135,KICK_OFF,"C.Ryland kicks 65 yards from AZ 35 to end zone, Touchback to the CAR 35.",def,Isaiah Smith,0750,OLB
2026001,0,4135,KICK_OFF,"C.Ryland kicks 65 yards from AZ 35 to end zone, Touchback to the CAR 35.",def,Chamon Metayer,0750,TE
2026001,0,4152,PASS,(1:55) (Shotgun) H.King pass incomplete short right to E.Cooks.,off,Ja'Tyre Carter,0750,G
2026001,0,4152,PASS,(1:55) (Shotgun) H.King pass incomplete short right to E.Cooks.,off,Ryan Hayes,0750,T
2026001,0,4152,PASS,(1:55) (Shotgun) H.King pass incomplete short right to E.Cooks.,off,Elijah Cooks,0750,WR
2026001,0,4152,PASS,(1:55) (Shotgun) H.King pass incomplete short right to E.Cooks.,off,Casey Washington,0750,WR
2026001,0,4152,PASS,(1:55) (Shotgun) H.King pass incomplete short right to E.Cooks.,off,Nick Samac,0750,C
2026001,0,4152,PASS,(1:55) (Shotgun) H.King pass incomplete short right to E.Cooks.,off,Jimmy Horn Jr.,0750,WR
2026001,0,4152,PASS,(1:55) (Shotgun) H.King pass incomplete short right to E.Cooks.,off,Caden Prieskorn,0750,TE
2026001,0,4152,PASS,(1:55) (Shotgun) H.King pass incomplete short right to E.Cooks.,off,Albert Reese,0750,T
2026001,0,4152,PASS,(1:55) (Shotgun) H.King pass incomplete short right to E.Cooks.,off,Miles Davis,0750,RB
2026001,0,4152,PASS,(1:55) (Shotgun) H.King pass incomplete short right to E.Cooks.,off,Isaia Glass,0750,T
2026001,0,4152,PASS,(1:55) (Shotgun) H.King pass incomplete short right to E.Cooks.,off,Haynes King,0750,QB
2026001,0,4152,PASS,(1:55) (Shotgun) H.King pass incomplete short right to E.Cooks.,def,Isaiah Oliver,3800,FS
2026001,0,4152,PASS,(1:55) (Shotgun) H.King pass incomplete short right to E.Cooks.,def,Jonah Williams,3800,DE
2026001,0,4152,PASS,(1:55) (Shotgun) H.King pass incomplete short right to E.Cooks.,def,Elliott Brown,3800,OLB
2026001,0,4152,PASS,(1:55) (Shotgun) H.King pass incomplete short right to E.Cooks.,def,Elijah Jones,3800,CB
2026001,0,4152,PASS,(1:55) (Shotgun) H.King pass incomplete short right to E.Cooks.,def,Quinton Newsome,3800,CB
2026001,0,4152,PASS,(1:55) (Shotgun) H.King pass incomplete short right to E.Cooks.,def,Austin Keys,3800,ILB
2026001,0,4152,PASS,(1:55) (Shotgun) H.King pass incomplete short right to E.Cooks.,def,Karson Sharar,3800,ILB
2026001,0,4152,PASS,(1:55) (Shotgun) H.King pass incomplete short right to E.Cooks.,def,Elijah Culp,3800,CB
2026001,0,4152,PASS,(1:55) (Shotgun) H.King pass incomplete short right to E.Cooks.,def,Cam Robertson,3800,OLB
2026001,0,4152,PASS,(1:55) (Shotgun) H.King pass incomplete short right to E.Cooks.,def,Damonic Williams,3800,NT
2026001,0,4152,PASS,(1:55) (Shotgun) H.King pass incomplete short right to E.Cooks.,def,Wydett Williams Jr.,3800,SS
2026001,0,4175,PASS,(1:50) (Shotgun) H.King pass incomplete deep right to C.Washington.,off,Ja'Tyre Carter,0750,G
2026001,0,4175,PASS,(1:50) (Shotgun) H.King pass incomplete deep right to C.Washington.,off,Ryan Hayes,0750,T
2026001,0,4175,PASS,(1:50) (Shotgun) H.King pass incomplete deep right to C.Washington.,off,Elijah Cooks,0750,WR
2026001,0,4175,PASS,(1:50) (Shotgun) H.King pass incomplete deep right to C.Washington.,off,Casey Washington,0750,WR
2026001,0,4175,PASS,(1:50) (Shotgun) H.King pass incomplete deep right to C.Washington.,off,Nick Samac,0750,C
2026001,0,4175,PASS,(1:50) (Shotgun) H.King pass incomplete deep right to C.Washington.,off,Jimmy Horn Jr.,0750,WR
2026001,0,4175,PASS,(1:50) (Shotgun) H.King pass incomplete deep right to C.Washington.,off,Caden Prieskorn,0750,TE
2026001,0,4175,PASS,(1:50) (Shotgun) H.King pass incomplete deep right to C.Washington.,off,Albert Reese,0750,T
2026001,0,4175,PASS,(1:50) (Shotgun) H.King pass incomplete deep right to C.Washington.,off,Miles Davis,0750,RB
2026001,0,4175,PASS,(1:50) (Shotgun) H.King pass incomplete deep right to C.Washington.,off,Isaia Glass,0750,T
2026001,0,4175,PASS,(1:50) (Shotgun) H.King pass incomplete deep right to C.Washington.,off,Haynes King,0750,QB
2026001,0,4175,PASS,(1:50) (Shotgun) H.King pass incomplete deep right to C.Washington.,def,Isaiah Oliver,3800,FS
2026001,0,4175,PASS,(1:50) (Shotgun) H.King pass incomplete deep right to C.Washington.,def,Jonah Williams,3800,DE
2026001,0,4175,PASS,(1:50) (Shotgun) H.King pass incomplete deep right to C.Washington.,def,Elliott Brown,3800,OLB
2026001,0,4175,PASS,(1:50) (Shotgun) H.King pass incomplete deep right to C.Washington.,def,Elijah Jones,3800,CB
2026001,0,4175,PASS,(1:50) (Shotgun) H.King pass incomplete deep right to C.Washington.,def,Quinton Newsome,3800,CB
2026001,0,4175,PASS,(1:50) (Shotgun) H.King pass incomplete deep right to C.Washington.,def,Austin Keys,3800,ILB
2026001,0,4175,PASS,(1:50) (Shotgun) H.King pass incomplete deep right to C.Washington.,def,Karson Sharar,3800,ILB
2026001,0,4175,PASS,(1:50) (Shotgun) H.King pass incomplete deep right to C.Washington.,def,Elijah Culp,3800,CB
2026001,0,4175,PASS,(1:50) (Shotgun) H.King pass incomplete deep right to C.Washington.,def,Cam Robertson,3800,OLB
2026001,0,4175,PASS,(1:50) (Shotgun) H.King pass incomplete deep right to C.Washington.,def,Damonic Williams,3800,NT
2026001,0,4175,PASS,(1:50) (Shotgun) H.King pass incomplete deep right to C.Washington.,def,Wydett Williams Jr.,3800,SS
2026001,0,4198,PASS,(1:45) (Shotgun) H.King pass short right to C.Washington to CAR 45 for 10 yards (I.Oliver).,off,Ja'Tyre Carter,0750,G
2026001,0,4198,PASS,(1:45) (Shotgun) H.King pass short right to C.Washington to CAR 45 for 10 yards (I.Oliver).,off,Ryan Hayes,0750,T
2026001,0,4198,PASS,(1:45) (Shotgun) H.King pass short right to C.Washington to CAR 45 for 10 yards (I.Oliver).,off,Elijah Cooks,0750,WR
2026001,0,4198,PASS,(1:45) (Shotgun) H.King pass short right to C.Washington to CAR 45 for 10 yards (I.Oliver).,off,Casey Washington,0750,WR
2026001,0,4198,PASS,(1:45) (Shotgun) H.King pass short right to C.Washington to CAR 45 for 10 yards (I.Oliver).,off,Nick Samac,0750,C
2026001,0,4198,PASS,(1:45) (Shotgun) H.King pass short right to C.Washington to CAR 45 for 10 yards (I.Oliver).,off,Jimmy Horn Jr.,0750,WR
2026001,0,4198,PASS,(1:45) (Shotgun) H.King pass short right to C.Washington to CAR 45 for 10 yards (I.Oliver).,off,Caden Prieskorn,0750,TE
2026001,0,4198,PASS,(1:45) (Shotgun) H.King pass short right to C.Washington to CAR 45 for 10 yards (I.Oliver).,off,Albert Reese,0750,T
2026001,0,4198,PASS,(1:45) (Shotgun) H.King pass short right to C.Washington to CAR 45 for 10 yards (I.Oliver).,off,Miles Davis,0750,RB
2026001,0,4198,PASS,(1:45) (Shotgun) H.King pass short right to C.Washington to CAR 45 for 10 yards (I.Oliver).,off,Isaia Glass,0750,T
2026001,0,4198,PASS,(1:45) (Shotgun) H.King pass short right to C.Washington to CAR 45 for 10 yards (I.Oliver).,off,Haynes King,0750,QB
2026001,0,4198,PASS,(1:45) (Shotgun) H.King pass short right to C.Washington to CAR 45 for 10 yards (I.Oliver).,def,Isaiah Oliver,3800,FS
2026001,0,4198,PASS,(1:45) (Shotgun) H.King pass short right to C.Washington to CAR 45 for 10 yards (I.Oliver).,def,Jonah Williams,3800,DE
2026001,0,4198,PASS,(1:45) (Shotgun) H.King pass short right to C.Washington to CAR 45 for 10 yards (I.Oliver).,def,Elliott Brown,3800,OLB
2026001,0,4198,PASS,(1:45) (Shotgun) H.King pass short right to C.Washington to CAR 45 for 10 yards (I.Oliver).,def,Elijah Jones,3800,CB
2026001,0,4198,PASS,(1:45) (Shotgun) H.King pass short right to C.Washington to CAR 45 for 10 yards (I.Oliver).,def,Quinton Newsome,3800,CB
2026001,0,4198,PASS,(1:45) (Shotgun) H.King pass short right to C.Washington to CAR 45 for 10 yards (I.Oliver).,def,Austin Keys,3800,ILB
2026001,0,4198,PASS,(1:45) (Shotgun) H.King pass short right to C.Washington to CAR 45 for 10 yards (I.Oliver).,def,Karson Sharar,3800,ILB
2026001,0,4198,PASS,(1:45) (Shotgun) H.King pass short right to C.Washington to CAR 45 for 10 yards (I.Oliver).,def,Elijah Culp,3800,CB
2026001,0,4198,PASS,(1:45) (Shotgun) H.King pass short right to C.Washington to CAR 45 for 10 yards (I.Oliver).,def,Cam Robertson,3800,OLB
2026001,0,4198,PASS,(1:45) (Shotgun) H.King pass short right to C.Washington to CAR 45 for 10 yards (I.Oliver).,def,Damonic Williams,3800,NT
2026001,0,4198,PASS,(1:45) (Shotgun) H.King pass short right to C.Washington to CAR 45 for 10 yards (I.Oliver).,def,Wydett Williams Jr.,3800,SS
2026001,0,4223,PASS,"(1:25) (No Huddle, Shotgun) H.King pass short right to M.Davis to AZ 47 for 8 yards (A.Keys).",off,Ja'Tyre Carter,0750,G
2026001,0,4223,PASS,"(1:25) (No Huddle, Shotgun) H.King pass short right to M.Davis to AZ 47 for 8 yards (A.Keys).",off,Ryan Hayes,0750,T
2026001,0,4223,PASS,"(1:25) (No Huddle, Shotgun) H.King pass short right to M.Davis to AZ 47 for 8 yards (A.Keys).",off,Elijah Cooks,0750,WR
2026001,0,4223,PASS,"(1:25) (No Huddle, Shotgun) H.King pass short right to M.Davis to AZ 47 for 8 yards (A.Keys).",off,Casey Washington,0750,WR
2026001,0,4223,PASS,"(1:25) (No Huddle, Shotgun) H.King pass short right to M.Davis to AZ 47 for 8 yards (A.Keys).",off,Nick Samac,0750,C
2026001,0,4223,PASS,"(1:25) (No Huddle, Shotgun) H.King pass short right to M.Davis to AZ 47 for 8 yards (A.Keys).",off,Jimmy Horn Jr.,0750,WR
2026001,0,4223,PASS,"(1:25) (No Huddle, Shotgun) H.King pass short right to M.Davis to AZ 47 for 8 yards (A.Keys).",off,Caden Prieskorn,0750,TE
2026001,0,4223,PASS,"(1:25) (No Huddle, Shotgun) H.King pass short right to M.Davis to AZ 47 for 8 yards (A.Keys).",off,Albert Reese,0750,T
2026001,0,4223,PASS,"(1:25) (No Huddle, Shotgun) H.King pass short right to M.Davis to AZ 47 for 8 yards (A.Keys).",off,Miles Davis,0750,RB
2026001,0,4223,PASS,"(1:25) (No Huddle, Shotgun) H.King pass short right to M.Davis to AZ 47 for 8 yards (A.Keys).",off,Isaia Glass,0750,T
2026001,0,4223,PASS,"(1:25) (No Huddle, Shotgun) H.King pass short right to M.Davis to AZ 47 for 8 yards (A.Keys).",off,Haynes King,0750,QB
2026001,0,4223,PASS,"(1:25) (No Huddle, Shotgun) H.King pass short right to M.Davis to AZ 47 for 8 yards (A.Keys).",def,Isaiah Oliver,3800,FS
2026001,0,4223,PASS,"(1:25) (No Huddle, Shotgun) H.King pass short right to M.Davis to AZ 47 for 8 yards (A.Keys).",def,Jonah Williams,3800,DE
2026001,0,4223,PASS,"(1:25) (No Huddle, Shotgun) H.King pass short right to M.Davis to AZ 47 for 8 yards (A.Keys).",def,Elliott Brown,3800,OLB
2026001,0,4223,PASS,"(1:25) (No Huddle, Shotgun) H.King pass short right to M.Davis to AZ 47 for 8 yards (A.Keys).",def,Elijah Jones,3800,CB
2026001,0,4223,PASS,"(1:25) (No Huddle, Shotgun) H.King pass short right to M.Davis to AZ 47 for 8 yards (A.Keys).",def,Quinton Newsome,3800,CB
2026001,0,4223,PASS,"(1:25) (No Huddle, Shotgun) H.King pass short right to M.Davis to AZ 47 for 8 yards (A.Keys).",def,Austin Keys,3800,ILB
2026001,0,4223,PASS,"(1:25) (No Huddle, Shotgun) H.King pass short right to M.Davis to AZ 47 for 8 yards (A.Keys).",def,Karson Sharar,3800,ILB
2026001,0,4223,PASS,"(1:25) (No Huddle, Shotgun) H.King pass short right to M.Davis to AZ 47 for 8 yards (A.Keys).",def,Elijah Culp,3800,CB
2026001,0,4223,PASS,"(1:25) (No Huddle, Shotgun) H.King pass short right to M.Davis to AZ 47 for 8 yards (A.Keys).",def,Cam Robertson,3800,OLB
2026001,0,4223,PASS,"(1:25) (No Huddle, Shotgun) H.King pass short right to M.Davis to AZ 47 for 8 yards (A.Keys).",def,Damonic Williams,3800,NT
2026001,0,4223,PASS,"(1:25) (No Huddle, Shotgun) H.King pass short right to M.Davis to AZ 47 for 8 yards (A.Keys).",def,Wydett Williams Jr.,3800,SS
2026001,0,4248,RUSH,"(:57) (No Huddle, Shotgun) M.Davis up the middle to AZ 39 for 8 yards (A.Keys).",off,Ja'Tyre Carter,0750,G
2026001,0,4248,RUSH,"(:57) (No Huddle, Shotgun) M.Davis up the middle to AZ 39 for 8 yards (A.Keys).",off,Ryan Hayes,0750,T
2026001,0,4248,RUSH,"(:57) (No Huddle, Shotgun) M.Davis up the middle to AZ 39 for 8 yards (A.Keys).",off,Elijah Cooks,0750,WR
2026001,0,4248,RUSH,"(:57) (No Huddle, Shotgun) M.Davis up the middle to AZ 39 for 8 yards (A.Keys).",off,Casey Washington,0750,WR
2026001,0,4248,RUSH,"(:57) (No Huddle, Shotgun) M.Davis up the middle to AZ 39 for 8 yards (A.Keys).",off,Nick Samac,0750,C
2026001,0,4248,RUSH,"(:57) (No Huddle, Shotgun) M.Davis up the middle to AZ 39 for 8 yards (A.Keys).",off,Jimmy Horn Jr.,0750,WR
2026001,0,4248,RUSH,"(:57) (No Huddle, Shotgun) M.Davis up the middle to AZ 39 for 8 yards (A.Keys).",off,Caden Prieskorn,0750,TE
2026001,0,4248,RUSH,"(:57) (No Huddle, Shotgun) M.Davis up the middle to AZ 39 for 8 yards (A.Keys).",off,Albert Reese,0750,T
2026001,0,4248,RUSH,"(:57) (No Huddle, Shotgun) M.Davis up the middle to AZ 39 for 8 yards (A.Keys).",off,Miles Davis,0750,RB
2026001,0,4248,RUSH,"(:57) (No Huddle, Shotgun) M.Davis up the middle to AZ 39 for 8 yards (A.Keys).",off,Isaia Glass,0750,T
2026001,0,4248,RUSH,"(:57) (No Huddle, Shotgun) M.Davis up the middle to AZ 39 for 8 yards (A.Keys).",off,Haynes King,0750,QB
2026001,0,4248,RUSH,"(:57) (No Huddle, Shotgun) M.Davis up the middle to AZ 39 for 8 yards (A.Keys).",def,Isaiah Oliver,3800,FS
2026001,0,4248,RUSH,"(:57) (No Huddle, Shotgun) M.Davis up the middle to AZ 39 for 8 yards (A.Keys).",def,Jonah Williams,3800,DE
2026001,0,4248,RUSH,"(:57) (No Huddle, Shotgun) M.Davis up the middle to AZ 39 for 8 yards (A.Keys).",def,Elliott Brown,3800,OLB
2026001,0,4248,RUSH,"(:57) (No Huddle, Shotgun) M.Davis up the middle to AZ 39 for 8 yards (A.Keys).",def,Elijah Jones,3800,CB
2026001,0,4248,RUSH,"(:57) (No Huddle, Shotgun) M.Davis up the middle to AZ 39 for 8 yards (A.Keys).",def,Quinton Newsome,3800,CB
2026001,0,4248,RUSH,"(:57) (No Huddle, Shotgun) M.Davis up the middle to AZ 39 for 8 yards (A.Keys).",def,Austin Keys,3800,ILB
2026001,0,4248,RUSH,"(:57) (No Huddle, Shotgun) M.Davis up the middle to AZ 39 for 8 yards (A.Keys).",def,Karson Sharar,3800,ILB
2026001,0,4248,RUSH,"(:57) (No Huddle, Shotgun) M.Davis up the middle to AZ 39 for 8 yards (A.Keys).",def,Elijah Culp,3800,CB
2026001,0,4248,RUSH,"(:57) (No Huddle, Shotgun) M.Davis up the middle to AZ 39 for 8 yards (A.Keys).",def,Cam Robertson,3800,OLB
2026001,0,4248,RUSH,"(:57) (No Huddle, Shotgun) M.Davis up the middle to AZ 39 for 8 yards (A.Keys).",def,Damonic Williams,3800,NT
2026001,0,4248,RUSH,"(:57) (No Huddle, Shotgun) M.Davis up the middle to AZ 39 for 8 yards (A.Keys).",def,Wydett Williams Jr.,3800,SS
2026001,0,4270,PASS,(:52) (Shotgun) H.King pass short left to M.Davis to AZ 43 for -4 yards (A.Keys).,off,Ja'Tyre Carter,0750,G
2026001,0,4270,PASS,(:52) (Shotgun) H.King pass short left to M.Davis to AZ 43 for -4 yards (A.Keys).,off,Ryan Hayes,0750,T
2026001,0,4270,PASS,(:52) (Shotgun) H.King pass short left to M.Davis to AZ 43 for -4 yards (A.Keys).,off,Elijah Cooks,0750,WR
2026001,0,4270,PASS,(:52) (Shotgun) H.King pass short left to M.Davis to AZ 43 for -4 yards (A.Keys).,off,Casey Washington,0750,WR
2026001,0,4270,PASS,(:52) (Shotgun) H.King pass short left to M.Davis to AZ 43 for -4 yards (A.Keys).,off,Nick Samac,0750,C
2026001,0,4270,PASS,(:52) (Shotgun) H.King pass short left to M.Davis to AZ 43 for -4 yards (A.Keys).,off,Jimmy Horn Jr.,0750,WR
2026001,0,4270,PASS,(:52) (Shotgun) H.King pass short left to M.Davis to AZ 43 for -4 yards (A.Keys).,off,Albert Reese,0750,T
2026001,0,4270,PASS,(:52) (Shotgun) H.King pass short left to M.Davis to AZ 43 for -4 yards (A.Keys).,off,Miles Davis,0750,RB
2026001,0,4270,PASS,(:52) (Shotgun) H.King pass short left to M.Davis to AZ 43 for -4 yards (A.Keys).,off,Isaia Glass,0750,T
2026001,0,4270,PASS,(:52) (Shotgun) H.King pass short left to M.Davis to AZ 43 for -4 yards (A.Keys).,off,Haynes King,0750,QB
2026001,0,4270,PASS,(:52) (Shotgun) H.King pass short left to M.Davis to AZ 43 for -4 yards (A.Keys).,off,Chamon Metayer,0750,TE
2026001,0,4270,PASS,(:52) (Shotgun) H.King pass short left to M.Davis to AZ 43 for -4 yards (A.Keys).,def,Isaiah Oliver,3800,FS
2026001,0,4270,PASS,(:52) (Shotgun) H.King pass short left to M.Davis to AZ 43 for -4 yards (A.Keys).,def,Elliott Brown,3800,OLB
2026001,0,4270,PASS,(:52) (Shotgun) H.King pass short left to M.Davis to AZ 43 for -4 yards (A.Keys).,def,Brodric Martin,3800,DT
2026001,0,4270,PASS,(:52) (Shotgun) H.King pass short left to M.Davis to AZ 43 for -4 yards (A.Keys).,def,Elijah Jones,3800,CB
2026001,0,4270,PASS,(:52) (Shotgun) H.King pass short left to M.Davis to AZ 43 for -4 yards (A.Keys).,def,Quinton Newsome,3800,CB
2026001,0,4270,PASS,(:52) (Shotgun) H.King pass short left to M.Davis to AZ 43 for -4 yards (A.Keys).,def,Austin Keys,3800,ILB
2026001,0,4270,PASS,(:52) (Shotgun) H.King pass short left to M.Davis to AZ 43 for -4 yards (A.Keys).,def,Cam Horsley,3800,DT
2026001,0,4270,PASS,(:52) (Shotgun) H.King pass short left to M.Davis to AZ 43 for -4 yards (A.Keys).,def,Karson Sharar,3800,ILB
2026001,0,4270,PASS,(:52) (Shotgun) H.King pass short left to M.Davis to AZ 43 for -4 yards (A.Keys).,def,Elijah Culp,3800,CB
2026001,0,4270,PASS,(:52) (Shotgun) H.King pass short left to M.Davis to AZ 43 for -4 yards (A.Keys).,def,Cam Robertson,3800,OLB
2026001,0,4270,PASS,(:52) (Shotgun) H.King pass short left to M.Davis to AZ 43 for -4 yards (A.Keys).,def,Wydett Williams Jr.,3800,SS
2026001,0,4302,PASS,(:44) (Shotgun) H.King pass incomplete deep left to C.Washington.,off,Ja'Tyre Carter,0750,G
2026001,0,4302,PASS,(:44) (Shotgun) H.King pass incomplete deep left to C.Washington.,off,Ryan Hayes,0750,T
2026001,0,4302,PASS,(:44) (Shotgun) H.King pass incomplete deep left to C.Washington.,off,Elijah Cooks,0750,WR
2026001,0,4302,PASS,(:44) (Shotgun) H.King pass incomplete deep left to C.Washington.,off,Casey Washington,0750,WR
2026001,0,4302,PASS,(:44) (Shotgun) H.King pass incomplete deep left to C.Washington.,off,Nick Samac,0750,C
2026001,0,4302,PASS,(:44) (Shotgun) H.King pass incomplete deep left to C.Washington.,off,Jimmy Horn Jr.,0750,WR
2026001,0,4302,PASS,(:44) (Shotgun) H.King pass incomplete deep left to C.Washington.,off,Albert Reese,0750,T
2026001,0,4302,PASS,(:44) (Shotgun) H.King pass incomplete deep left to C.Washington.,off,Miles Davis,0750,RB
2026001,0,4302,PASS,(:44) (Shotgun) H.King pass incomplete deep left to C.Washington.,off,Isaia Glass,0750,T
2026001,0,4302,PASS,(:44) (Shotgun) H.King pass incomplete deep left to C.Washington.,off,Haynes King,0750,QB
2026001,0,4302,PASS,(:44) (Shotgun) H.King pass incomplete deep left to C.Washington.,off,Chamon Metayer,0750,TE
2026001,0,4302,PASS,(:44) (Shotgun) H.King pass incomplete deep left to C.Washington.,def,Isaiah Oliver,3800,FS
2026001,0,4302,PASS,(:44) (Shotgun) H.King pass incomplete deep left to C.Washington.,def,Elliott Brown,3800,OLB
2026001,0,4302,PASS,(:44) (Shotgun) H.King pass incomplete deep left to C.Washington.,def,Brodric Martin,3800,DT
2026001,0,4302,PASS,(:44) (Shotgun) H.King pass incomplete deep left to C.Washington.,def,Elijah Jones,3800,CB
2026001,0,4302,PASS,(:44) (Shotgun) H.King pass incomplete deep left to C.Washington.,def,Quinton Newsome,3800,CB
2026001,0,4302,PASS,(:44) (Shotgun) H.King pass incomplete deep left to C.Washington.,def,Austin Keys,3800,ILB
2026001,0,4302,PASS,(:44) (Shotgun) H.King pass incomplete deep left to C.Washington.,def,Cam Horsley,3800,DT
2026001,0,4302,PASS,(:44) (Shotgun) H.King pass incomplete deep left to C.Washington.,def,Karson Sharar,3800,ILB
2026001,0,4302,PASS,(:44) (Shotgun) H.King pass incomplete deep left to C.Washington.,def,Elijah Culp,3800,CB
2026001,0,4302,PASS,(:44) (Shotgun) H.King pass incomplete deep left to C.Washington.,def,Cam Robertson,3800,OLB
2026001,0,4302,PASS,(:44) (Shotgun) H.King pass incomplete deep left to C.Washington.,def,Wydett Williams Jr.,3800,SS
2026001,0,4332,RUSH,(:39) (Shotgun) H.King scrambles left end pushed ob at AZ 17 for 26 yards (A.Keys).,off,Ja'Tyre Carter,0750,G
2026001,0,4332,RUSH,(:39) (Shotgun) H.King scrambles left end pushed ob at AZ 17 for 26 yards (A.Keys).,off,Ryan Hayes,0750,T
2026001,0,4332,RUSH,(:39) (Shotgun) H.King scrambles left end pushed ob at AZ 17 for 26 yards (A.Keys).,off,Casey Washington,0750,WR
2026001,0,4332,RUSH,(:39) (Shotgun) H.King scrambles left end pushed ob at AZ 17 for 26 yards (A.Keys).,off,Nick Samac,0750,C
2026001,0,4332,RUSH,(:39) (Shotgun) H.King scrambles left end pushed ob at AZ 17 for 26 yards (A.Keys).,off,Jimmy Horn Jr.,0750,WR
2026001,0,4332,RUSH,(:39) (Shotgun) H.King scrambles left end pushed ob at AZ 17 for 26 yards (A.Keys).,off,Malick Meiga,0750,WR
2026001,0,4332,RUSH,(:39) (Shotgun) H.King scrambles left end pushed ob at AZ 17 for 26 yards (A.Keys).,off,Albert Reese,0750,T
2026001,0,4332,RUSH,(:39) (Shotgun) H.King scrambles left end pushed ob at AZ 17 for 26 yards (A.Keys).,off,Miles Davis,0750,RB
2026001,0,4332,RUSH,(:39) (Shotgun) H.King scrambles left end pushed ob at AZ 17 for 26 yards (A.Keys).,off,Isaia Glass,0750,T
2026001,0,4332,RUSH,(:39) (Shotgun) H.King scrambles left end pushed ob at AZ 17 for 26 yards (A.Keys).,off,Haynes King,0750,QB
2026001,0,4332,RUSH,(:39) (Shotgun) H.King scrambles left end pushed ob at AZ 17 for 26 yards (A.Keys).,off,Chamon Metayer,0750,TE
2026001,0,4332,RUSH,(:39) (Shotgun) H.King scrambles left end pushed ob at AZ 17 for 26 yards (A.Keys).,def,Isaiah Oliver,3800,FS
2026001,0,4332,RUSH,(:39) (Shotgun) H.King scrambles left end pushed ob at AZ 17 for 26 yards (A.Keys).,def,Jonah Williams,3800,DE
2026001,0,4332,RUSH,(:39) (Shotgun) H.King scrambles left end pushed ob at AZ 17 for 26 yards (A.Keys).,def,BJ Ojulari,3800,OLB
2026001,0,4332,RUSH,(:39) (Shotgun) H.King scrambles left end pushed ob at AZ 17 for 26 yards (A.Keys).,def,Eku Leota,3800,OLB
2026001,0,4332,RUSH,(:39) (Shotgun) H.King scrambles left end pushed ob at AZ 17 for 26 yards (A.Keys).,def,Elijah Jones,3800,CB
2026001,0,4332,RUSH,(:39) (Shotgun) H.King scrambles left end pushed ob at AZ 17 for 26 yards (A.Keys).,def,Quinton Newsome,3800,CB
2026001,0,4332,RUSH,(:39) (Shotgun) H.King scrambles left end pushed ob at AZ 17 for 26 yards (A.Keys).,def,Austin Keys,3800,ILB
2026001,0,4332,RUSH,(:39) (Shotgun) H.King scrambles left end pushed ob at AZ 17 for 26 yards (A.Keys).,def,Karson Sharar,3800,ILB
2026001,0,4332,RUSH,(:39) (Shotgun) H.King scrambles left end pushed ob at AZ 17 for 26 yards (A.Keys).,def,Elijah Culp,3800,CB
2026001,0,4332,RUSH,(:39) (Shotgun) H.King scrambles left end pushed ob at AZ 17 for 26 yards (A.Keys).,def,Damonic Williams,3800,NT
2026001,0,4332,RUSH,(:39) (Shotgun) H.King scrambles left end pushed ob at AZ 17 for 26 yards (A.Keys).,def,Wydett Williams Jr.,3800,SS
2026001,0,4359,PASS,(:28) (Shotgun) H.King pass incomplete deep left to Ji.Horn.,off,Ja'Tyre Carter,0750,G
2026001,0,4359,PASS,(:28) (Shotgun) H.King pass incomplete deep left to Ji.Horn.,off,Ryan Hayes,0750,T
2026001,0,4359,PASS,(:28) (Shotgun) H.King pass incomplete deep left to Ji.Horn.,off,Elijah Cooks,0750,WR
2026001,0,4359,PASS,(:28) (Shotgun) H.King pass incomplete deep left to Ji.Horn.,off,Casey Washington,0750,WR
2026001,0,4359,PASS,(:28) (Shotgun) H.King pass incomplete deep left to Ji.Horn.,off,Nick Samac,0750,C
2026001,0,4359,PASS,(:28) (Shotgun) H.King pass incomplete deep left to Ji.Horn.,off,Jimmy Horn Jr.,0750,WR
2026001,0,4359,PASS,(:28) (Shotgun) H.King pass incomplete deep left to Ji.Horn.,off,Caden Prieskorn,0750,TE
2026001,0,4359,PASS,(:28) (Shotgun) H.King pass incomplete deep left to Ji.Horn.,off,Albert Reese,0750,T
2026001,0,4359,PASS,(:28) (Shotgun) H.King pass incomplete deep left to Ji.Horn.,off,Miles Davis,0750,RB
2026001,0,4359,PASS,(:28) (Shotgun) H.King pass incomplete deep left to Ji.Horn.,off,Isaia Glass,0750,T
2026001,0,4359,PASS,(:28) (Shotgun) H.King pass incomplete deep left to Ji.Horn.,off,Haynes King,0750,QB
2026001,0,4359,PASS,(:28) (Shotgun) H.King pass incomplete deep left to Ji.Horn.,def,Isaiah Oliver,3800,FS
2026001,0,4359,PASS,(:28) (Shotgun) H.King pass incomplete deep left to Ji.Horn.,def,Jonah Williams,3800,DE
2026001,0,4359,PASS,(:28) (Shotgun) H.King pass incomplete deep left to Ji.Horn.,def,BJ Ojulari,3800,OLB
2026001,0,4359,PASS,(:28) (Shotgun) H.King pass incomplete deep left to Ji.Horn.,def,Eku Leota,3800,OLB
2026001,0,4359,PASS,(:28) (Shotgun) H.King pass incomplete deep left to Ji.Horn.,def,Elijah Jones,3800,CB
2026001,0,4359,PASS,(:28) (Shotgun) H.King pass incomplete deep left to Ji.Horn.,def,Quinton Newsome,3800,CB
2026001,0,4359,PASS,(:28) (Shotgun) H.King pass incomplete deep left to Ji.Horn.,def,Austin Keys,3800,ILB
2026001,0,4359,PASS,(:28) (Shotgun) H.King pass incomplete deep left to Ji.Horn.,def,Karson Sharar,3800,ILB
2026001,0,4359,PASS,(:28) (Shotgun) H.King pass incomplete deep left to Ji.Horn.,def,Elijah Culp,3800,CB
2026001,0,4359,PASS,(:28) (Shotgun) H.King pass incomplete deep left to Ji.Horn.,def,Damonic Williams,3800,NT
2026001,0,4359,PASS,(:28) (Shotgun) H.King pass incomplete deep left to Ji.Horn.,def,Wydett Williams Jr.,3800,SS
2026001,0,4382,PASS,(:23) (Shotgun) H.King pass short right to Ji.Horn to AZ 5 for 12 yards (W.Williams).,off,Ja'Tyre Carter,0750,G
2026001,0,4382,PASS,(:23) (Shotgun) H.King pass short right to Ji.Horn to AZ 5 for 12 yards (W.Williams).,off,Ryan Hayes,0750,T
2026001,0,4382,PASS,(:23) (Shotgun) H.King pass short right to Ji.Horn to AZ 5 for 12 yards (W.Williams).,off,Elijah Cooks,0750,WR
2026001,0,4382,PASS,(:23) (Shotgun) H.King pass short right to Ji.Horn to AZ 5 for 12 yards (W.Williams).,off,Casey Washington,0750,WR
2026001,0,4382,PASS,(:23) (Shotgun) H.King pass short right to Ji.Horn to AZ 5 for 12 yards (W.Williams).,off,Nick Samac,0750,C
2026001,0,4382,PASS,(:23) (Shotgun) H.King pass short right to Ji.Horn to AZ 5 for 12 yards (W.Williams).,off,Jimmy Horn Jr.,0750,WR
2026001,0,4382,PASS,(:23) (Shotgun) H.King pass short right to Ji.Horn to AZ 5 for 12 yards (W.Williams).,off,Caden Prieskorn,0750,TE
2026001,0,4382,PASS,(:23) (Shotgun) H.King pass short right to Ji.Horn to AZ 5 for 12 yards (W.Williams).,off,Albert Reese,0750,T
2026001,0,4382,PASS,(:23) (Shotgun) H.King pass short right to Ji.Horn to AZ 5 for 12 yards (W.Williams).,off,Miles Davis,0750,RB
2026001,0,4382,PASS,(:23) (Shotgun) H.King pass short right to Ji.Horn to AZ 5 for 12 yards (W.Williams).,off,Isaia Glass,0750,T
2026001,0,4382,PASS,(:23) (Shotgun) H.King pass short right to Ji.Horn to AZ 5 for 12 yards (W.Williams).,off,Haynes King,0750,QB
2026001,0,4382,PASS,(:23) (Shotgun) H.King pass short right to Ji.Horn to AZ 5 for 12 yards (W.Williams).,def,Isaiah Oliver,3800,FS
2026001,0,4382,PASS,(:23) (Shotgun) H.King pass short right to Ji.Horn to AZ 5 for 12 yards (W.Williams).,def,Jonah Williams,3800,DE
2026001,0,4382,PASS,(:23) (Shotgun) H.King pass short right to Ji.Horn to AZ 5 for 12 yards (W.Williams).,def,BJ Ojulari,3800,OLB
2026001,0,4382,PASS,(:23) (Shotgun) H.King pass short right to Ji.Horn to AZ 5 for 12 yards (W.Williams).,def,Eku Leota,3800,OLB
2026001,0,4382,PASS,(:23) (Shotgun) H.King pass short right to Ji.Horn to AZ 5 for 12 yards (W.Williams).,def,Elijah Jones,3800,CB
2026001,0,4382,PASS,(:23) (Shotgun) H.King pass short right to Ji.Horn to AZ 5 for 12 yards (W.Williams).,def,Quinton Newsome,3800,CB
2026001,0,4382,PASS,(:23) (Shotgun) H.King pass short right to Ji.Horn to AZ 5 for 12 yards (W.Williams).,def,Austin Keys,3800,ILB
2026001,0,4382,PASS,(:23) (Shotgun) H.King pass short right to Ji.Horn to AZ 5 for 12 yards (W.Williams).,def,Karson Sharar,3800,ILB
2026001,0,4382,PASS,(:23) (Shotgun) H.King pass short right to Ji.Horn to AZ 5 for 12 yards (W.Williams).,def,Elijah Culp,3800,CB
2026001,0,4382,PASS,(:23) (Shotgun) H.King pass short right to Ji.Horn to AZ 5 for 12 yards (W.Williams).,def,Damonic Williams,3800,NT
2026001,0,4382,PASS,(:23) (Shotgun) H.King pass short right to Ji.Horn to AZ 5 for 12 yards (W.Williams).,def,Wydett Williams Jr.,3800,SS
2026001,0,4407,PASS,(:07) (No Huddle) H.King spiked the ball to stop the clock.,off,Ja'Tyre Carter,0750,G
2026001,0,4407,PASS,(:07) (No Huddle) H.King spiked the ball to stop the clock.,off,Ryan Hayes,0750,T
2026001,0,4407,PASS,(:07) (No Huddle) H.King spiked the ball to stop the clock.,off,Elijah Cooks,0750,WR
2026001,0,4407,PASS,(:07) (No Huddle) H.King spiked the ball to stop the clock.,off,Casey Washington,0750,WR
2026001,0,4407,PASS,(:07) (No Huddle) H.King spiked the ball to stop the clock.,off,Nick Samac,0750,C
2026001,0,4407,PASS,(:07) (No Huddle) H.King spiked the ball to stop the clock.,off,Jimmy Horn Jr.,0750,WR
2026001,0,4407,PASS,(:07) (No Huddle) H.King spiked the ball to stop the clock.,off,Caden Prieskorn,0750,TE
2026001,0,4407,PASS,(:07) (No Huddle) H.King spiked the ball to stop the clock.,off,Albert Reese,0750,T
2026001,0,4407,PASS,(:07) (No Huddle) H.King spiked the ball to stop the clock.,off,Miles Davis,0750,RB
2026001,0,4407,PASS,(:07) (No Huddle) H.King spiked the ball to stop the clock.,off,Isaia Glass,0750,T
2026001,0,4407,PASS,(:07) (No Huddle) H.King spiked the ball to stop the clock.,off,Haynes King,0750,QB
2026001,0,4407,PASS,(:07) (No Huddle) H.King spiked the ball to stop the clock.,def,Isaiah Oliver,3800,FS
2026001,0,4407,PASS,(:07) (No Huddle) H.King spiked the ball to stop the clock.,def,Jonah Williams,3800,DE
2026001,0,4407,PASS,(:07) (No Huddle) H.King spiked the ball to stop the clock.,def,BJ Ojulari,3800,OLB
2026001,0,4407,PASS,(:07) (No Huddle) H.King spiked the ball to stop the clock.,def,Eku Leota,3800,OLB
2026001,0,4407,PASS,(:07) (No Huddle) H.King spiked the ball to stop the clock.,def,Elijah Jones,3800,CB
2026001,0,4407,PASS,(:07) (No Huddle) H.King spiked the ball to stop the clock.,def,Quinton Newsome,3800,CB
2026001,0,4407,PASS,(:07) (No Huddle) H.King spiked the ball to stop the clock.,def,Austin Keys,3800,ILB
2026001,0,4407,PASS,(:07) (No Huddle) H.King spiked the ball to stop the clock.,def,Karson Sharar,3800,ILB
2026001,0,4407,PASS,(:07) (No Huddle) H.King spiked the ball to stop the clock.,def,Elijah Culp,3800,CB
2026001,0,4407,PASS,(:07) (No Huddle) H.King spiked the ball to stop the clock.,def,Damonic Williams,3800,NT
2026001,0,4407,PASS,(:07) (No Huddle) H.King spiked the ball to stop the clock.,def,Wydett Williams Jr.,3800,SS
2026001,0,4442,PASS,(:06) (Shotgun) H.King pass incomplete short right to E.Cooks.,off,Ja'Tyre Carter,0750,G
2026001,0,4442,PASS,(:06) (Shotgun) H.King pass incomplete short right to E.Cooks.,off,Ryan Hayes,0750,T
2026001,0,4442,PASS,(:06) (Shotgun) H.King pass incomplete short right to E.Cooks.,off,Elijah Cooks,0750,WR
2026001,0,4442,PASS,(:06) (Shotgun) H.King pass incomplete short right to E.Cooks.,off,Nick Samac,0750,C
2026001,0,4442,PASS,(:06) (Shotgun) H.King pass incomplete short right to E.Cooks.,off,Jimmy Horn Jr.,0750,WR
2026001,0,4442,PASS,(:06) (Shotgun) H.King pass incomplete short right to E.Cooks.,off,Caden Prieskorn,0750,TE
2026001,0,4442,PASS,(:06) (Shotgun) H.King pass incomplete short right to E.Cooks.,off,Roc Taylor,0750,WR
2026001,0,4442,PASS,(:06) (Shotgun) H.King pass incomplete short right to E.Cooks.,off,Albert Reese,0750,T
2026001,0,4442,PASS,(:06) (Shotgun) H.King pass incomplete short right to E.Cooks.,off,Miles Davis,0750,RB
2026001,0,4442,PASS,(:06) (Shotgun) H.King pass incomplete short right to E.Cooks.,off,Isaia Glass,0750,T
2026001,0,4442,PASS,(:06) (Shotgun) H.King pass incomplete short right to E.Cooks.,off,Haynes King,0750,QB
2026001,0,4442,PASS,(:06) (Shotgun) H.King pass incomplete short right to E.Cooks.,def,Isaiah Oliver,3800,FS
2026001,0,4442,PASS,(:06) (Shotgun) H.King pass incomplete short right to E.Cooks.,def,BJ Ojulari,3800,OLB
2026001,0,4442,PASS,(:06) (Shotgun) H.King pass incomplete short right to E.Cooks.,def,Brodric Martin,3800,DT
2026001,0,4442,PASS,(:06) (Shotgun) H.King pass incomplete short right to E.Cooks.,def,Elijah Jones,3800,CB
2026001,0,4442,PASS,(:06) (Shotgun) H.King pass incomplete short right to E.Cooks.,def,Quinton Newsome,3800,CB
2026001,0,4442,PASS,(:06) (Shotgun) H.King pass incomplete short right to E.Cooks.,def,Austin Keys,3800,ILB
2026001,0,4442,PASS,(:06) (Shotgun) H.King pass incomplete short right to E.Cooks.,def,Cam Horsley,3800,DT
2026001,0,4442,PASS,(:06) (Shotgun) H.King pass incomplete short right to E.Cooks.,def,Karson Sharar,3800,ILB
2026001,0,4442,PASS,(:06) (Shotgun) H.King pass incomplete short right to E.Cooks.,def,Elijah Culp,3800,CB
2026001,0,4442,PASS,(:06) (Shotgun) H.King pass incomplete short right to E.Cooks.,def,Cam Robertson,3800,OLB
2026001,0,4442,PASS,(:06) (Shotgun) H.King pass incomplete short right to E.Cooks.,def,Wydett Williams Jr.,3800,SS
2026001,0,4465,RUSH,"(:02) (Shotgun) H.King scrambles up the middle for 5 yards, TOUCHDOWN.",off,Ja'Tyre Carter,0750,G
2026001,0,4465,RUSH,"(:02) (Shotgun) H.King scrambles up the middle for 5 yards, TOUCHDOWN.",off,Ryan Hayes,0750,T
2026001,0,4465,RUSH,"(:02) (Shotgun) H.King scrambles up the middle for 5 yards, TOUCHDOWN.",off,Elijah Cooks,0750,WR
2026001,0,4465,RUSH,"(:02) (Shotgun) H.King scrambles up the middle for 5 yards, TOUCHDOWN.",off,Casey Washington,0750,WR
2026001,0,4465,RUSH,"(:02) (Shotgun) H.King scrambles up the middle for 5 yards, TOUCHDOWN.",off,Nick Samac,0750,C
2026001,0,4465,RUSH,"(:02) (Shotgun) H.King scrambles up the middle for 5 yards, TOUCHDOWN.",off,Jimmy Horn Jr.,0750,WR
2026001,0,4465,RUSH,"(:02) (Shotgun) H.King scrambles up the middle for 5 yards, TOUCHDOWN.",off,Caden Prieskorn,0750,TE
2026001,0,4465,RUSH,"(:02) (Shotgun) H.King scrambles up the middle for 5 yards, TOUCHDOWN.",off,Albert Reese,0750,T
2026001,0,4465,RUSH,"(:02) (Shotgun) H.King scrambles up the middle for 5 yards, TOUCHDOWN.",off,Miles Davis,0750,RB
2026001,0,4465,RUSH,"(:02) (Shotgun) H.King scrambles up the middle for 5 yards, TOUCHDOWN.",off,Isaia Glass,0750,T
2026001,0,4465,RUSH,"(:02) (Shotgun) H.King scrambles up the middle for 5 yards, TOUCHDOWN.",off,Haynes King,0750,QB
2026001,0,4465,RUSH,"(:02) (Shotgun) H.King scrambles up the middle for 5 yards, TOUCHDOWN.",def,Isaiah Oliver,3800,FS
2026001,0,4465,RUSH,"(:02) (Shotgun) H.King scrambles up the middle for 5 yards, TOUCHDOWN.",def,BJ Ojulari,3800,OLB
2026001,0,4465,RUSH,"(:02) (Shotgun) H.King scrambles up the middle for 5 yards, TOUCHDOWN.",def,Brodric Martin,3800,DT
2026001,0,4465,RUSH,"(:02) (Shotgun) H.King scrambles up the middle for 5 yards, TOUCHDOWN.",def,Elijah Jones,3800,CB
2026001,0,4465,RUSH,"(:02) (Shotgun) H.King scrambles up the middle for 5 yards, TOUCHDOWN.",def,Quinton Newsome,3800,CB
2026001,0,4465,RUSH,"(:02) (Shotgun) H.King scrambles up the middle for 5 yards, TOUCHDOWN.",def,Austin Keys,3800,ILB
2026001,0,4465,RUSH,"(:02) (Shotgun) H.King scrambles up the middle for 5 yards, TOUCHDOWN.",def,Cam Horsley,3800,DT
2026001,0,4465,RUSH,"(:02) (Shotgun) H.King scrambles up the middle for 5 yards, TOUCHDOWN.",def,Karson Sharar,3800,ILB
2026001,0,4465,RUSH,"(:02) (Shotgun) H.King scrambles up the middle for 5 yards, TOUCHDOWN.",def,Elijah Culp,3800,CB
2026001,0,4465,RUSH,"(:02) (Shotgun) H.King scrambles up the middle for 5 yards, TOUCHDOWN.",def,Cam Robertson,3800,OLB
2026001,0,4465,RUSH,"(:02) (Shotgun) H.King scrambles up the middle for 5 yards, TOUCHDOWN.",def,Wydett Williams Jr.,3800,SS
