gameId,week,nflPlayId,nflPlayType,nflPlayDescription,nflPlayUrl
2026001,0,1,GAME_START,GAME,https://pro.nfl.com/api/plays/summaryPlay?gameId=c66cf251-5f68-11f1-b1d0-bb70a4640075&playId=1
2026001,0,40,KICK_OFF,C.Ryland kicks 67 yards from AZ 35 to CAR -2. A.Tyus to CAR 25 for 27 yards (I.Oliver).,https://pro.nfl.com/api/plays/summaryPlay?gameId=c66cf251-5f68-11f1-b1d0-bb70a4640075&playId=40
2026001,0,63,PASS,(14:54) (Shotgun) K.Pickett pass short left to J.Sanders to CAR 31 for 6 yards (D.Taylor-Demerson).,https://pro.nfl.com/api/plays/summaryPlay?gameId=c66cf251-5f68-11f1-b1d0-bb70a4640075&playId=63
2026001,0,88,PASS,(14:14) (Shotgun) K.Pickett pass short right to J.Sanders to CAR 33 for 2 yards (K.King).,https://pro.nfl.com/api/plays/summaryPlay?gameId=c66cf251-5f68-11f1-b1d0-bb70a4640075&playId=88
2026001,0,113,SACK,(13:35) (Shotgun) K.Pickett sacked at CAR 28 for -5 yards (A.Billings).,https://pro.nfl.com/api/plays/summaryPlay?gameId=c66cf251-5f68-11f1-b1d0-bb70a4640075&playId=113
2026001,0,133,PUNT,"(12:57) S.Martin punts 56 yards to AZ 16, Center-J.Jansen. X.Weaver to AZ 23 for 7 yards (R.Rochell). FUMBLES (R.Rochell), and recovers at AZ 23.",https://pro.nfl.com/api/plays/summaryPlay?gameId=c66cf251-5f68-11f1-b1d0-bb70a4640075&playId=133
2026001,0,159,PASS,(12:45) (Shotgun) C.Beck pass short left to K.Yeboah to AZ 27 for 4 yards (T.Wallace; Z.Wheatley).,https://pro.nfl.com/api/plays/summaryPlay?gameId=c66cf251-5f68-11f1-b1d0-bb70a4640075&playId=159
2026001,0,184,RUSH,(12:14) Z.Knight right tackle to AZ 30 for 3 yards (W.Lee).,https://pro.nfl.com/api/plays/summaryPlay?gameId=c66cf251-5f68-11f1-b1d0-bb70a4640075&playId=184
2026001,0,206,RUSH,(11:40) (Shotgun) C.Beck scrambles up the middle to AZ 34 for 4 yards (T.Wallace; C.Cherelus).,https://pro.nfl.com/api/plays/summaryPlay?gameId=c66cf251-5f68-11f1-b1d0-bb70a4640075&playId=206
2026001,0,228,RUSH,(11:07) Z.Knight left guard to AZ 37 for 3 yards (L.Ransom; T.Wallace).,https://pro.nfl.com/api/plays/summaryPlay?gameId=c66cf251-5f68-11f1-b1d0-bb70a4640075&playId=228
2026001,0,250,PASS,(10:38) C.Beck pass short middle to R.Fairweather to AZ 42 for 5 yards (C.Cherelus).,https://pro.nfl.com/api/plays/summaryPlay?gameId=c66cf251-5f68-11f1-b1d0-bb70a4640075&playId=250
2026001,0,275,PASS,(10:04) (Shotgun) C.Beck pass incomplete short right to J.Brooks (W.Lee).,https://pro.nfl.com/api/plays/summaryPlay?gameId=c66cf251-5f68-11f1-b1d0-bb70a4640075&playId=275
2026001,0,298,PUNT,"(10:01) B.Gillikin punts 55 yards to CAR 3, Center-C.Kreiter, out of bounds.",https://pro.nfl.com/api/plays/summaryPlay?gameId=c66cf251-5f68-11f1-b1d0-bb70a4640075&playId=298
2026001,0,329,TIMEOUT,Timeout at 09:51.,https://pro.nfl.com/api/plays/summaryPlay?gameId=c66cf251-5f68-11f1-b1d0-bb70a4640075&playId=329
2026001,0,317,RUSH,(9:51) T.Etienne right tackle to CAR 1 for -2 yards (A.Billings). AZ-Z.Carter was injured during the play.,https://pro.nfl.com/api/plays/summaryPlay?gameId=c66cf251-5f68-11f1-b1d0-bb70a4640075&playId=317
2026001,0,363,PASS,(9:13) (Shotgun) K.Pickett pass incomplete short middle to D.Moore (A.Keys).,https://pro.nfl.com/api/plays/summaryPlay?gameId=c66cf251-5f68-11f1-b1d0-bb70a4640075&playId=363
2026001,0,386,PENALTY,"(9:09) (No Huddle, Shotgun) PENALTY on CAR-A.Reese, False Start, 0 yards, enforced at CAR 1 - No Play.",https://pro.nfl.com/api/plays/summaryPlay?gameId=c66cf251-5f68-11f1-b1d0-bb70a4640075&playId=386
2026001,0,410,PENALTY,"(9:09) (Shotgun) K.Pickett pass incomplete deep right to B.Tremayne [A.Billings].
PENALTY on AZ-K.Clark, Defensive Pass Interference, 31 yards, enforced at CAR 1 - No Play.",https://pro.nfl.com/api/plays/summaryPlay?gameId=c66cf251-5f68-11f1-b1d0-bb70a4640075&playId=410
2026001,0,444,RUSH,(9:03) (Shotgun) T.Etienne right guard to CAR 34 for 2 yards (A.Keys; A.Billings).,https://pro.nfl.com/api/plays/summaryPlay?gameId=c66cf251-5f68-11f1-b1d0-bb70a4640075&playId=444
2026001,0,466,PASS,"(8:31) (Shotgun) K.Pickett pass short right to T.Etienne pushed ob at CAR 33 for -1 yards (K.Crawford).
Penalty on CAR-A.Reese, Offensive Holding, declined.",https://pro.nfl.com/api/plays/summaryPlay?gameId=c66cf251-5f68-11f1-b1d0-bb70a4640075&playId=466
2026001,0,507,PASS,(8:07) (Shotgun) K.Pickett pass short right to J.Sanders to CAR 38 for 5 yards (K.Clark).,https://pro.nfl.com/api/plays/summaryPlay?gameId=c66cf251-5f68-11f1-b1d0-bb70a4640075&playId=507
2026001,0,532,PUNT,"(7:25) S.Martin punts 58 yards to AZ 4, impetus ends at AZ 1, Center-J.Jansen, downed by CAR-J.Reed.",https://pro.nfl.com/api/plays/summaryPlay?gameId=c66cf251-5f68-11f1-b1d0-bb70a4640075&playId=532
2026001,0,573,TIMEOUT,Timeout at 07:12.,https://pro.nfl.com/api/plays/summaryPlay?gameId=c66cf251-5f68-11f1-b1d0-bb70a4640075&playId=573
2026001,0,561,PENALTY,"(7:12) PENALTY on AZ-K.Yeboah, False Start, 2 yards, enforced at AZ 4 - No Play.",https://pro.nfl.com/api/plays/summaryPlay?gameId=c66cf251-5f68-11f1-b1d0-bb70a4640075&playId=561
2026001,0,593,RUSH,(7:12) Z.Knight right tackle to AZ 4 for 2 yards (L.Ransom; C.Cherelus).,https://pro.nfl.com/api/plays/summaryPlay?gameId=c66cf251-5f68-11f1-b1d0-bb70a4640075&playId=593
2026001,0,615,RUSH,(6:35) (Shotgun) Z.Knight up the middle to AZ 7 for 3 yards (C.Jackson).,https://pro.nfl.com/api/plays/summaryPlay?gameId=c66cf251-5f68-11f1-b1d0-bb70a4640075&playId=615
2026001,0,637,PASS,(6:00) (Shotgun) C.Beck pass deep right to J.Brooks to AZ 42 for 35 yards (Z.Wheatley).,https://pro.nfl.com/api/plays/summaryPlay?gameId=c66cf251-5f68-11f1-b1d0-bb70a4640075&playId=637
2026001,0,662,PASS,(5:23) C.Beck pass short left to X.Weaver pushed ob at AZ 45 for 3 yards (A.Evans).,https://pro.nfl.com/api/plays/summaryPlay?gameId=c66cf251-5f68-11f1-b1d0-bb70a4640075&playId=662
2026001,0,692,RUSH,(4:57) Z.Knight left guard to CAR 44 for 11 yards (Z.Wheatley; W.Lee).,https://pro.nfl.com/api/plays/summaryPlay?gameId=c66cf251-5f68-11f1-b1d0-bb70a4640075&playId=692
2026001,0,714,PASS,(4:19) C.Beck pass short right to J.Geers to CAR 40 for 4 yards (W.Lee).,https://pro.nfl.com/api/plays/summaryPlay?gameId=c66cf251-5f68-11f1-b1d0-bb70a4640075&playId=714
2026001,0,739,PASS,(3:41) C.Beck pass short middle to J.Brooks to CAR 25 for 15 yards (A.Evans).,https://pro.nfl.com/api/plays/summaryPlay?gameId=c66cf251-5f68-11f1-b1d0-bb70a4640075&playId=739
2026001,0,764,RUSH,(3:04) Z.Knight left tackle to CAR 22 for 3 yards (Z.Wheatley; L.Hunter).,https://pro.nfl.com/api/plays/summaryPlay?gameId=c66cf251-5f68-11f1-b1d0-bb70a4640075&playId=764
2026001,0,786,PASS,(2:23) (Shotgun) C.Beck pass short right to R.Fairweather to CAR 16 for 6 yards (L.Ransom; W.Lee).,https://pro.nfl.com/api/plays/summaryPlay?gameId=c66cf251-5f68-11f1-b1d0-bb70a4640075&playId=786
2026001,0,811,RUSH,(1:45) Z.Knight left tackle to CAR 13 for 3 yards (C.Smith-Wade; A.Evans).,https://pro.nfl.com/api/plays/summaryPlay?gameId=c66cf251-5f68-11f1-b1d0-bb70a4640075&playId=811
2026001,0,833,RUSH,(1:05) C.Kiner right tackle to CAR 9 for 4 yards (C.Jackson).,https://pro.nfl.com/api/plays/summaryPlay?gameId=c66cf251-5f68-11f1-b1d0-bb70a4640075&playId=833
2026001,0,855,PASS,(:29) (Shotgun) C.Beck pass short middle to C.Kiner to CAR 1 for 8 yards (C.Cherelus).,https://pro.nfl.com/api/plays/summaryPlay?gameId=c66cf251-5f68-11f1-b1d0-bb70a4640075&playId=855
2026001,0,880,END_QUARTER,END QUARTER 1,https://pro.nfl.com/api/plays/summaryPlay?gameId=c66cf251-5f68-11f1-b1d0-bb70a4640075&playId=880
2026001,0,900,RUSH,"(15:00) C.Kiner left tackle for 1 yard, TOUCHDOWN.",https://pro.nfl.com/api/plays/summaryPlay?gameId=c66cf251-5f68-11f1-b1d0-bb70a4640075&playId=900
2026001,0,923,XP_KICK,"C.Ryland extra point is GOOD, Center-C.Kreiter, Holder-B.Gillikin.",https://pro.nfl.com/api/plays/summaryPlay?gameId=c66cf251-5f68-11f1-b1d0-bb70a4640075&playId=923
2026001,0,938,KICK_OFF,C.Ryland kicks 68 yards from AZ 35 to CAR -3. J.Metchie to CAR 33 for 36 yards (K.Sharar).,https://pro.nfl.com/api/plays/summaryPlay?gameId=c66cf251-5f68-11f1-b1d0-bb70a4640075&playId=938
2026001,0,961,RUSH,(14:49) T.Etienne left guard to CAR 38 for 5 yards (B.Ojulari).,https://pro.nfl.com/api/plays/summaryPlay?gameId=c66cf251-5f68-11f1-b1d0-bb70a4640075&playId=961
2026001,0,983,RUSH,(14:17) (Shotgun) T.Etienne left tackle to CAR 45 for 7 yards (E.Leota; W.Williams).,https://pro.nfl.com/api/plays/summaryPlay?gameId=c66cf251-5f68-11f1-b1d0-bb70a4640075&playId=983
2026001,0,1005,PASS,(13:41) K.Pickett pass short left to J.Metchie to AZ 36 for 19 yards (I.Oliver).,https://pro.nfl.com/api/plays/summaryPlay?gameId=c66cf251-5f68-11f1-b1d0-bb70a4640075&playId=1005
2026001,0,1030,PASS,"(13:07) (No Huddle, Shotgun) K.Pickett pass short left to D.Moore to AZ 31 for 5 yards (A.Keys).",https://pro.nfl.com/api/plays/summaryPlay?gameId=c66cf251-5f68-11f1-b1d0-bb70a4640075&playId=1030
2026001,0,1055,PASS,(12:32) (Shotgun) K.Pickett pass incomplete deep left to J.Metchie (E.Culp).,https://pro.nfl.com/api/plays/summaryPlay?gameId=c66cf251-5f68-11f1-b1d0-bb70a4640075&playId=1055
2026001,0,1090,PASS,(12:25) (Shotgun) K.Pickett pass short right to J.Mitchell pushed ob at AZ 23 for 8 yards (W.Williams).,https://pro.nfl.com/api/plays/summaryPlay?gameId=c66cf251-5f68-11f1-b1d0-bb70a4640075&playId=1090
2026001,0,1120,PASS,(11:56) K.Pickett pass incomplete deep right to J.Mitchell (A.Keys).,https://pro.nfl.com/api/plays/summaryPlay?gameId=c66cf251-5f68-11f1-b1d0-bb70a4640075&playId=1120
2026001,0,1143,PASS,(11:49) (Shotgun) K.Pickett pass short right to A.Dillon to AZ 5 for 18 yards (A.Keys; I.Oliver).,https://pro.nfl.com/api/plays/summaryPlay?gameId=c66cf251-5f68-11f1-b1d0-bb70a4640075&playId=1143
2026001,0,1168,RUSH,"(11:24) (No Huddle, Shotgun) A.Dillon up the middle to AZ 1 for 4 yards (A.Billings; W.Williams).",https://pro.nfl.com/api/plays/summaryPlay?gameId=c66cf251-5f68-11f1-b1d0-bb70a4640075&playId=1168
2026001,0,1190,RUSH,"(10:59) (No Huddle) A.Dillon up the middle for 1 yard, TOUCHDOWN.",https://pro.nfl.com/api/plays/summaryPlay?gameId=c66cf251-5f68-11f1-b1d0-bb70a4640075&playId=1190
2026001,0,1213,XP_KICK,"R.Fitzgerald extra point is GOOD, Center-J.Jansen, Holder-S.Martin.",https://pro.nfl.com/api/plays/summaryPlay?gameId=c66cf251-5f68-11f1-b1d0-bb70a4640075&playId=1213
2026001,0,1238,TIMEOUT,Timeout at 10:56.,https://pro.nfl.com/api/plays/summaryPlay?gameId=c66cf251-5f68-11f1-b1d0-bb70a4640075&playId=1238
2026001,0,1228,KICK_OFF,"R.Fitzgerald kicks 42 yards from CAR 35 to AZ 23, short of landing zone.
PENALTY on CAR-R.Fitzgerald, Kickoff Short of Landing Zone, placed at AZ 40.",https://pro.nfl.com/api/plays/summaryPlay?gameId=c66cf251-5f68-11f1-b1d0-bb70a4640075&playId=1228
2026001,0,1273,PASS,"(10:56) C.Beck pass deep left to J.Brooks to CAR 11 for 49 yards (L.Ransom).
Penalty on CAR-A.Evans, Illegal Contact, declined.",https://pro.nfl.com/api/plays/summaryPlay?gameId=c66cf251-5f68-11f1-b1d0-bb70a4640075&playId=1273
2026001,0,1309,RUSH,(10:23) Z.Knight left tackle to CAR 5 for 6 yards (Z.Wheatley).,https://pro.nfl.com/api/plays/summaryPlay?gameId=c66cf251-5f68-11f1-b1d0-bb70a4640075&playId=1309
2026001,0,1331,PASS,(9:46) C.Beck pass incomplete short right.,https://pro.nfl.com/api/plays/summaryPlay?gameId=c66cf251-5f68-11f1-b1d0-bb70a4640075&playId=1331
2026001,0,1366,TIMEOUT,Timeout #1 by AZ at 09:42.,https://pro.nfl.com/api/plays/summaryPlay?gameId=c66cf251-5f68-11f1-b1d0-bb70a4640075&playId=1366
2026001,0,1354,PASS,"(9:42) (Shotgun) C.Beck pass short right to S.Fehoko for 5 yards, TOUCHDOWN.",https://pro.nfl.com/api/plays/summaryPlay?gameId=c66cf251-5f68-11f1-b1d0-bb70a4640075&playId=1354
2026001,0,1387,XP_KICK,"C.Ryland extra point is GOOD, Center-C.Kreiter, Holder-B.Gillikin.",https://pro.nfl.com/api/plays/summaryPlay?gameId=c66cf251-5f68-11f1-b1d0-bb70a4640075&playId=1387
2026001,0,1402,KICK_OFF,"C.Ryland kicks 65 yards from AZ 35 to end zone, Touchback to the CAR 35.",https://pro.nfl.com/api/plays/summaryPlay?gameId=c66cf251-5f68-11f1-b1d0-bb70a4640075&playId=1402
2026001,0,1419,RUSH,(9:38) A.Dillon right guard to CAR 48 for 13 yards (I.Oliver; W.Williams).,https://pro.nfl.com/api/plays/summaryPlay?gameId=c66cf251-5f68-11f1-b1d0-bb70a4640075&playId=1419
2026001,0,1441,PASS,(9:05) H.King pass incomplete short left to J.Reed.,https://pro.nfl.com/api/plays/summaryPlay?gameId=c66cf251-5f68-11f1-b1d0-bb70a4640075&playId=1441
2026001,0,1464,PASS,(8:59) (Shotgun) H.King pass short middle to M.Meiga to AZ 39 for 13 yards (K.Clark).,https://pro.nfl.com/api/plays/summaryPlay?gameId=c66cf251-5f68-11f1-b1d0-bb70a4640075&playId=1464
2026001,0,1489,PASS,"(8:32) (No Huddle, Shotgun) H.King pass short right to F.Franks to AZ 35 for 4 yards (O.Pappoe).",https://pro.nfl.com/api/plays/summaryPlay?gameId=c66cf251-5f68-11f1-b1d0-bb70a4640075&playId=1489
2026001,0,1514,PASS,(7:54) (Shotgun) H.King pass incomplete deep left to M.Meiga.,https://pro.nfl.com/api/plays/summaryPlay?gameId=c66cf251-5f68-11f1-b1d0-bb70a4640075&playId=1514
2026001,0,1537,PASS,(7:48) (Shotgun) H.King pass short left to J.Metchie to AZ 27 for 8 yards (K.King).,https://pro.nfl.com/api/plays/summaryPlay?gameId=c66cf251-5f68-11f1-b1d0-bb70a4640075&playId=1537
2026001,0,1562,PASS,(7:13) (Shotgun) H.King pass incomplete short middle to E.Cooks (E.Culp).,https://pro.nfl.com/api/plays/summaryPlay?gameId=c66cf251-5f68-11f1-b1d0-bb70a4640075&playId=1562
2026001,0,1585,RUSH,(7:09) (Shotgun) H.King scrambles right end to AZ 19 for 8 yards (K.Clark).,https://pro.nfl.com/api/plays/summaryPlay?gameId=c66cf251-5f68-11f1-b1d0-bb70a4640075&playId=1585
2026001,0,1607,PASS,(6:31) (Shotgun) H.King pass short right to F.Franks ran ob at AZ 15 for 4 yards (I.Oliver).,https://pro.nfl.com/api/plays/summaryPlay?gameId=c66cf251-5f68-11f1-b1d0-bb70a4640075&playId=1607
2026001,0,1637,PASS,"(6:00) H.King pass short left to J.Reed for 15 yards, TOUCHDOWN.",https://pro.nfl.com/api/plays/summaryPlay?gameId=c66cf251-5f68-11f1-b1d0-bb70a4640075&playId=1637
2026001,0,1663,XP_KICK,"R.Fitzgerald extra point is GOOD, Center-J.Jansen, Holder-S.Martin.",https://pro.nfl.com/api/plays/summaryPlay?gameId=c66cf251-5f68-11f1-b1d0-bb70a4640075&playId=1663
2026001,0,1688,TIMEOUT,Timeout at 05:54.,https://pro.nfl.com/api/plays/summaryPlay?gameId=c66cf251-5f68-11f1-b1d0-bb70a4640075&playId=1688
2026001,0,1678,KICK_OFF,R.Fitzgerald kicks 58 yards from CAR 35 to AZ 7. X.Weaver to AZ 32 for 25 yards (C.Gill; R.Rochell).,https://pro.nfl.com/api/plays/summaryPlay?gameId=c66cf251-5f68-11f1-b1d0-bb70a4640075&playId=1678
2026001,0,1708,PENALTY,"(5:49) (Shotgun) PENALTY on AZ-J.Fryar, False Start, 5 yards, enforced at AZ 32 - No Play.",https://pro.nfl.com/api/plays/summaryPlay?gameId=c66cf251-5f68-11f1-b1d0-bb70a4640075&playId=1708
2026001,0,1732,PASS,(5:49) (Shotgun) C.Beck pass incomplete short left to X.Weaver.,https://pro.nfl.com/api/plays/summaryPlay?gameId=c66cf251-5f68-11f1-b1d0-bb70a4640075&playId=1732
2026001,0,1755,PASS,(5:46) (Shotgun) C.Beck pass short right to R.Virgil to AZ 41 for 14 yards (C.Thornton).,https://pro.nfl.com/api/plays/summaryPlay?gameId=c66cf251-5f68-11f1-b1d0-bb70a4640075&playId=1755
2026001,0,1785,PENALTY,"(5:02) (Shotgun) C.Beck pass incomplete deep left to R.Virgil (C.Smith-Wade) [T.Incoom].
PENALTY on CAR-C.Thornton, Defensive Holding, 5 yards, enforced at AZ 41 - No Play.
Penalty on CAR-C.Smith-Wade, Illegal Contact, declined.",https://pro.nfl.com/api/plays/summaryPlay?gameId=c66cf251-5f68-11f1-b1d0-bb70a4640075&playId=1785
2026001,0,1819,RUSH,(4:56) Z.Knight right tackle to CAR 49 for 5 yards (J.Kuwatch; N.Hampton).,https://pro.nfl.com/api/plays/summaryPlay?gameId=c66cf251-5f68-11f1-b1d0-bb70a4640075&playId=1819
2026001,0,1841,RUSH,"(4:14) Z.Knight right guard to CAR 34 for 15 yards (Z.Wheatley; C.Smith-Wade). FUMBLES (Z.Wheatley), and recovers at CAR 34.",https://pro.nfl.com/api/plays/summaryPlay?gameId=c66cf251-5f68-11f1-b1d0-bb70a4640075&playId=1841
2026001,0,1879,RUSH,(3:25) C.Kiner right guard to CAR 29 for 5 yards (E.Garcia; C.Gill).,https://pro.nfl.com/api/plays/summaryPlay?gameId=c66cf251-5f68-11f1-b1d0-bb70a4640075&playId=1879
2026001,0,1901,RUSH,(2:48) C.Kiner right tackle to CAR 21 for 8 yards (Z.Wheatley; C.Gill).,https://pro.nfl.com/api/plays/summaryPlay?gameId=c66cf251-5f68-11f1-b1d0-bb70a4640075&playId=1901
2026001,0,1923,RUSH,(2:05) C.Kiner left end to CAR 17 for 4 yards (J.Kuwatch; A.Evans).,https://pro.nfl.com/api/plays/summaryPlay?gameId=c66cf251-5f68-11f1-b1d0-bb70a4640075&playId=1923
2026001,0,1957,TIMEOUT,Two-Minute Warning,https://pro.nfl.com/api/plays/summaryPlay?gameId=c66cf251-5f68-11f1-b1d0-bb70a4640075&playId=1957
2026001,0,1945,RUSH,(2:00) Z.Knight right tackle to CAR 15 for 2 yards (B.Martin-Scott; A.Evans).,https://pro.nfl.com/api/plays/summaryPlay?gameId=c66cf251-5f68-11f1-b1d0-bb70a4640075&playId=1945
2026001,0,1986,TIMEOUT,Timeout #1 by CAR at 01:55.,https://pro.nfl.com/api/plays/summaryPlay?gameId=c66cf251-5f68-11f1-b1d0-bb70a4640075&playId=1986
2026001,0,1974,SACK,(1:55) (Shotgun) C.Beck sacked at CAR 17 for -2 yards (J.Harrison-Hunte).,https://pro.nfl.com/api/plays/summaryPlay?gameId=c66cf251-5f68-11f1-b1d0-bb70a4640075&playId=1974
2026001,0,2013,TIMEOUT,Timeout #2 by CAR at 01:50.,https://pro.nfl.com/api/plays/summaryPlay?gameId=c66cf251-5f68-11f1-b1d0-bb70a4640075&playId=2013
2026001,0,2001,FIELD_GOAL,"(1:50) C.Ryland 35 yard field goal is GOOD, Center-C.Kreiter, Holder-B.Gillikin.",https://pro.nfl.com/api/plays/summaryPlay?gameId=c66cf251-5f68-11f1-b1d0-bb70a4640075&playId=2001
2026001,0,2038,TIMEOUT,Timeout at 01:46.,https://pro.nfl.com/api/plays/summaryPlay?gameId=c66cf251-5f68-11f1-b1d0-bb70a4640075&playId=2038
2026001,0,2028,KICK_OFF,"C.Ryland kicks 65 yards from AZ 35 to end zone, Touchback to the CAR 35.",https://pro.nfl.com/api/plays/summaryPlay?gameId=c66cf251-5f68-11f1-b1d0-bb70a4640075&playId=2028
2026001,0,2057,PASS,(1:46) (Shotgun) H.King pass incomplete short right to J.Metchie.,https://pro.nfl.com/api/plays/summaryPlay?gameId=c66cf251-5f68-11f1-b1d0-bb70a4640075&playId=2057
2026001,0,2080,PASS,"(1:42) (No Huddle, Shotgun) H.King pass short middle to J.Reed to 50 for 15 yards (W.Williams; I.Oliver).",https://pro.nfl.com/api/plays/summaryPlay?gameId=c66cf251-5f68-11f1-b1d0-bb70a4640075&playId=2080
2026001,0,2105,PASS,"(1:24) (No Huddle, Shotgun) H.King pass short right to J.Metchie ran ob at AZ 39 for 11 yards.",https://pro.nfl.com/api/plays/summaryPlay?gameId=c66cf251-5f68-11f1-b1d0-bb70a4640075&playId=2105
2026001,0,2130,PASS,"(1:17) (No Huddle, Shotgun) H.King pass short right to J.Mitchell to AZ 38 for 1 yard (A.Keys).",https://pro.nfl.com/api/plays/summaryPlay?gameId=c66cf251-5f68-11f1-b1d0-bb70a4640075&playId=2130
2026001,0,2155,PASS,"(:57) (No Huddle, Shotgun) H.King pass short right to J.Mitchell pushed ob at AZ 32 for 6 yards (A.Keys).",https://pro.nfl.com/api/plays/summaryPlay?gameId=c66cf251-5f68-11f1-b1d0-bb70a4640075&playId=2155
2026001,0,2185,PASS,(:53) (Shotgun) H.King pass short right to Ji.Horn to AZ 15 for 17 yards (B.Martin).,https://pro.nfl.com/api/plays/summaryPlay?gameId=c66cf251-5f68-11f1-b1d0-bb70a4640075&playId=2185
2026001,0,2210,PASS,"(:27) (No Huddle, Shotgun) H.King pass incomplete short right to J.Metchie.",https://pro.nfl.com/api/plays/summaryPlay?gameId=c66cf251-5f68-11f1-b1d0-bb70a4640075&playId=2210
2026001,0,2233,PASS,(:23) (Shotgun) H.King pass incomplete short right to Ji.Horn.,https://pro.nfl.com/api/plays/summaryPlay?gameId=c66cf251-5f68-11f1-b1d0-bb70a4640075&playId=2233
2026001,0,2256,PASS,"(:18) (Shotgun) H.King pass short right to Ji.Horn to AZ 15 for no gain (E.Jones) [E.Leota].
Penalty on CAR, Illegal Shift, declined.",https://pro.nfl.com/api/plays/summaryPlay?gameId=c66cf251-5f68-11f1-b1d0-bb70a4640075&playId=2256
2026001,0,2292,FIELD_GOAL,"(:12) R.Fitzgerald 33 yard field goal is GOOD, Center-J.Jansen, Holder-S.Martin.",https://pro.nfl.com/api/plays/summaryPlay?gameId=c66cf251-5f68-11f1-b1d0-bb70a4640075&playId=2292
2026001,0,2312,KICK_OFF,"R.Fitzgerald kicks 65 yards from CAR 35 to end zone, Touchback to the AZ 35.",https://pro.nfl.com/api/plays/summaryPlay?gameId=c66cf251-5f68-11f1-b1d0-bb70a4640075&playId=2312
2026001,0,2329,RUSH,(:08) C.Beck kneels to AZ 34 for -1 yards.,https://pro.nfl.com/api/plays/summaryPlay?gameId=c66cf251-5f68-11f1-b1d0-bb70a4640075&playId=2329
2026001,0,2351,END_QUARTER,END QUARTER 2,https://pro.nfl.com/api/plays/summaryPlay?gameId=c66cf251-5f68-11f1-b1d0-bb70a4640075&playId=2351
2026001,0,2371,KICK_OFF,"R.Fitzgerald kicks 65 yards from CAR 35 to landing zone to end zone, Touchback to the AZ 20.",https://pro.nfl.com/api/plays/summaryPlay?gameId=c66cf251-5f68-11f1-b1d0-bb70a4640075&playId=2371
2026001,0,2393,PASS,(15:00) C.Beck pass short right to X.Weaver ran ob at AZ 29 for 9 yards (R.Rochell).,https://pro.nfl.com/api/plays/summaryPlay?gameId=c66cf251-5f68-11f1-b1d0-bb70a4640075&playId=2393
2026001,0,2423,RUSH,(14:34) Z.Knight right guard to AZ 33 for 4 yards (T.Incoom).,https://pro.nfl.com/api/plays/summaryPlay?gameId=c66cf251-5f68-11f1-b1d0-bb70a4640075&playId=2423
2026001,0,2445,PENALTY,"(13:54) PENALTY on CAR-T.Malone, Encroachment, 5 yards, enforced at AZ 33 - No Play.",https://pro.nfl.com/api/plays/summaryPlay?gameId=c66cf251-5f68-11f1-b1d0-bb70a4640075&playId=2445
2026001,0,2469,PASS,(13:40) C.Beck pass short right to J.Geers pushed ob at CAR 46 for 16 yards (C.Thornton).,https://pro.nfl.com/api/plays/summaryPlay?gameId=c66cf251-5f68-11f1-b1d0-bb70a4640075&playId=2469
2026001,0,2499,PENALTY,"(13:10) PENALTY on AZ-C.Kiner, False Start, 5 yards, enforced at CAR 46 - No Play.",https://pro.nfl.com/api/plays/summaryPlay?gameId=c66cf251-5f68-11f1-b1d0-bb70a4640075&playId=2499
2026001,0,2523,RUSH,(12:54) C.Kiner left end to CAR 46 for 5 yards (T.Incoom; J.Kuwatch).,https://pro.nfl.com/api/plays/summaryPlay?gameId=c66cf251-5f68-11f1-b1d0-bb70a4640075&playId=2523
2026001,0,2545,PENALTY,"(12:12) C.Beck pass short right to C.Kiner to CAR 41 for 5 yards (B.Martin-Scott; J.Kuwatch).
PENALTY on AZ-Ja.Williams, Offensive Holding, 10 yards, enforced at CAR 46 - No Play.",https://pro.nfl.com/api/plays/summaryPlay?gameId=c66cf251-5f68-11f1-b1d0-bb70a4640075&playId=2545
2026001,0,2586,PASS,(11:48) (Shotgun) C.Beck pass short left to R.Virgil to CAR 47 for 9 yards (C.Thornton).,https://pro.nfl.com/api/plays/summaryPlay?gameId=c66cf251-5f68-11f1-b1d0-bb70a4640075&playId=2586
2026001,0,2616,PASS,(11:06) (Shotgun) C.Beck pass short right to K.Yeboah to CAR 41 for 6 yards (D.Smith).,https://pro.nfl.com/api/plays/summaryPlay?gameId=c66cf251-5f68-11f1-b1d0-bb70a4640075&playId=2616
2026001,0,2641,PASS,(10:23) (Shotgun) C.Beck pass incomplete deep left to R.Virgil (I.Simmons).,https://pro.nfl.com/api/plays/summaryPlay?gameId=c66cf251-5f68-11f1-b1d0-bb70a4640075&playId=2641
2026001,0,2688,TIMEOUT,Timeout at 10:15.,https://pro.nfl.com/api/plays/summaryPlay?gameId=c66cf251-5f68-11f1-b1d0-bb70a4640075&playId=2688
2026001,0,2676,RUSH,(10:15) A.Tyus left end to CAR 40 for -1 yards (E.Culp).,https://pro.nfl.com/api/plays/summaryPlay?gameId=c66cf251-5f68-11f1-b1d0-bb70a4640075&playId=2676
2026001,0,2705,RUSH,"(9:41) (Shotgun) A.Tyus up the middle to CAR 46 for 6 yards (Q.Newsome). FUMBLES (Q.Newsome), RECOVERED by AZ-I.Oliver at CAR 48.",https://pro.nfl.com/api/plays/summaryPlay?gameId=c66cf251-5f68-11f1-b1d0-bb70a4640075&playId=2705
2026001,0,2748,RUSH,(9:34) C.Kiner left end to CAR 49 for -1 yards (E.Garcia).,https://pro.nfl.com/api/plays/summaryPlay?gameId=c66cf251-5f68-11f1-b1d0-bb70a4640075&playId=2748
2026001,0,2770,PASS,(9:01) (Shotgun) K.Slovis pass short left to R.Virgil to CAR 39 for 10 yards (R.Rochell).,https://pro.nfl.com/api/plays/summaryPlay?gameId=c66cf251-5f68-11f1-b1d0-bb70a4640075&playId=2770
2026001,0,2795,RUSH,(8:28) C.Kiner right guard to CAR 36 for 3 yards (I.Smith).,https://pro.nfl.com/api/plays/summaryPlay?gameId=c66cf251-5f68-11f1-b1d0-bb70a4640075&playId=2795
2026001,0,2817,RUSH,(7:59) C.Kiner left end to CAR 31 for 5 yards (B.Martin-Scott).,https://pro.nfl.com/api/plays/summaryPlay?gameId=c66cf251-5f68-11f1-b1d0-bb70a4640075&playId=2817
2026001,0,2839,PASS,(7:27) K.Slovis pass short right to X.Weaver to CAR 12 for 19 yards (B.Martin-Scott; D.Richardson).,https://pro.nfl.com/api/plays/summaryPlay?gameId=c66cf251-5f68-11f1-b1d0-bb70a4640075&playId=2839
2026001,0,2864,RUSH,(6:50) E.Hull right tackle to CAR 9 for 3 yards (B.Martin-Scott; I.Simmons).,https://pro.nfl.com/api/plays/summaryPlay?gameId=c66cf251-5f68-11f1-b1d0-bb70a4640075&playId=2864
2026001,0,2886,PENALTY,"(6:16) (Shotgun) K.Slovis pass incomplete short right to R.Fairweather (I.Simmons).
PENALTY on AZ-M.Pryor, Offensive Holding, 10 yards, enforced at CAR 9 - No Play.",https://pro.nfl.com/api/plays/summaryPlay?gameId=c66cf251-5f68-11f1-b1d0-bb70a4640075&playId=2886
2026001,0,2920,SACK,(6:08) (Shotgun) K.Slovis sacked at CAR 29 for -10 yards (N.Hampton).,https://pro.nfl.com/api/plays/summaryPlay?gameId=c66cf251-5f68-11f1-b1d0-bb70a4640075&playId=2920
2026001,0,2940,RUSH,(5:26) (Shotgun) C.Kiner up the middle to CAR 24 for 5 yards (I.Simmons; Z.Wheatley).,https://pro.nfl.com/api/plays/summaryPlay?gameId=c66cf251-5f68-11f1-b1d0-bb70a4640075&playId=2940
2026001,0,2962,FIELD_GOAL,"(4:46) C.Ryland 43 yard field goal is GOOD, Center-C.Kreiter, Holder-B.Gillikin.",https://pro.nfl.com/api/plays/summaryPlay?gameId=c66cf251-5f68-11f1-b1d0-bb70a4640075&playId=2962
2026001,0,2992,TIMEOUT,Timeout at 04:42.,https://pro.nfl.com/api/plays/summaryPlay?gameId=c66cf251-5f68-11f1-b1d0-bb70a4640075&playId=2992
2026001,0,2982,KICK_OFF,C.Ryland kicks 63 yards from AZ 35 to CAR 2. Ji.Horn to CAR 27 for 25 yards (B.Ojulari).,https://pro.nfl.com/api/plays/summaryPlay?gameId=c66cf251-5f68-11f1-b1d0-bb70a4640075&playId=2982
2026001,0,3012,RUSH,(4:37) A.Tyus up the middle to CAR 30 for 3 yards (A.Keys; K.Sharar).,https://pro.nfl.com/api/plays/summaryPlay?gameId=c66cf251-5f68-11f1-b1d0-bb70a4640075&playId=3012
2026001,0,3034,RUSH,(4:00) (Shotgun) A.Tyus left guard to CAR 32 for 2 yards (C.Horsley; B.Martin).,https://pro.nfl.com/api/plays/summaryPlay?gameId=c66cf251-5f68-11f1-b1d0-bb70a4640075&playId=3034
2026001,0,3056,PENALTY,"(3:14) (Shotgun) H.King scrambles left end to CAR 38 for 6 yards (K.Sharar).
PENALTY on CAR-J.Carter, Offensive Holding, 10 yards, enforced at CAR 32 - No Play.",https://pro.nfl.com/api/plays/summaryPlay?gameId=c66cf251-5f68-11f1-b1d0-bb70a4640075&playId=3056
2026001,0,3089,PASS,"(2:57) (Shotgun) H.King pass short right to Ji.Horn pushed ob at CAR 37 for 15 yards (E.Culp).
PENALTY on AZ-E.Culp, Unnecessary Roughness, 15 yards, enforced at CAR 37.",https://pro.nfl.com/api/plays/summaryPlay?gameId=c66cf251-5f68-11f1-b1d0-bb70a4640075&playId=3089
2026001,0,3130,RUSH,(2:35) A.Tyus left end pushed ob at AZ 41 for 7 yards (E.Jones).,https://pro.nfl.com/api/plays/summaryPlay?gameId=c66cf251-5f68-11f1-b1d0-bb70a4640075&playId=3130
2026001,0,3152,PASS,(2:03) H.King pass short left to C.Washington pushed ob at AZ 34 for 7 yards (E.Culp).,https://pro.nfl.com/api/plays/summaryPlay?gameId=c66cf251-5f68-11f1-b1d0-bb70a4640075&playId=3152
2026001,0,3182,RUSH,(1:36) A.Tyus right end to AZ 33 for 1 yard (K.Sharar; B.Ojulari).,https://pro.nfl.com/api/plays/summaryPlay?gameId=c66cf251-5f68-11f1-b1d0-bb70a4640075&playId=3182
2026001,0,3204,RUSH,(:55) (Shotgun) A.Tyus up the middle to AZ 33 for no gain (D.Williams; I.Oliver).,https://pro.nfl.com/api/plays/summaryPlay?gameId=c66cf251-5f68-11f1-b1d0-bb70a4640075&playId=3204
2026001,0,3226,PASS,(:13) (Shotgun) H.King pass short right to C.Washington to AZ 26 for 7 yards (E.Culp).,https://pro.nfl.com/api/plays/summaryPlay?gameId=c66cf251-5f68-11f1-b1d0-bb70a4640075&playId=3226
2026001,0,3251,END_QUARTER,END QUARTER 3,https://pro.nfl.com/api/plays/summaryPlay?gameId=c66cf251-5f68-11f1-b1d0-bb70a4640075&playId=3251
2026001,0,3271,PASS,(15:00) (Shotgun) H.King pass short right to C.Prieskorn pushed ob at AZ 5 for 21 yards (W.Williams; Q.Newsome).,https://pro.nfl.com/api/plays/summaryPlay?gameId=c66cf251-5f68-11f1-b1d0-bb70a4640075&playId=3271
2026001,0,3301,PASS,"(14:25) H.King pass short left to A.Tyus for 5 yards, TOUCHDOWN.",https://pro.nfl.com/api/plays/summaryPlay?gameId=c66cf251-5f68-11f1-b1d0-bb70a4640075&playId=3301
2026001,0,3327,XP_KICK,"R.Fitzgerald extra point is GOOD, Center-J.Jansen, Holder-S.Martin.",https://pro.nfl.com/api/plays/summaryPlay?gameId=c66cf251-5f68-11f1-b1d0-bb70a4640075&playId=3327
2026001,0,3352,TIMEOUT,Timeout at 14:20.,https://pro.nfl.com/api/plays/summaryPlay?gameId=c66cf251-5f68-11f1-b1d0-bb70a4640075&playId=3352
2026001,0,3342,KICK_OFF,R.Fitzgerald kicks 55 yards from CAR 35 to AZ 10. H.Wallace to AZ 30 for 20 yards (A.Tyus).,https://pro.nfl.com/api/plays/summaryPlay?gameId=c66cf251-5f68-11f1-b1d0-bb70a4640075&playId=3342
2026001,0,3372,RUSH,(14:14) E.Hull up the middle to AZ 34 for 4 yards (J.Kuwatch).,https://pro.nfl.com/api/plays/summaryPlay?gameId=c66cf251-5f68-11f1-b1d0-bb70a4640075&playId=3372
2026001,0,3394,PASS,(13:42) K.Slovis pass deep left to H.Wallace to CAR 39 for 27 yards (D.Richardson).,https://pro.nfl.com/api/plays/summaryPlay?gameId=c66cf251-5f68-11f1-b1d0-bb70a4640075&playId=3394
2026001,0,3419,RUSH,"(13:07) E.Hull up the middle to CAR 30 for 9 yards (C.Miller, I.Simmons).",https://pro.nfl.com/api/plays/summaryPlay?gameId=c66cf251-5f68-11f1-b1d0-bb70a4640075&playId=3419
2026001,0,3441,RUSH,(12:26) E.Hull left guard to CAR 25 for 5 yards (J.Kuwatch; E.Garcia).,https://pro.nfl.com/api/plays/summaryPlay?gameId=c66cf251-5f68-11f1-b1d0-bb70a4640075&playId=3441
2026001,0,3463,RUSH,(11:47) E.Hull left tackle to CAR 25 for no gain (T.Incoom).,https://pro.nfl.com/api/plays/summaryPlay?gameId=c66cf251-5f68-11f1-b1d0-bb70a4640075&playId=3463
2026001,0,3485,PASS,(11:11) (Shotgun) K.Slovis pass short middle to R.Fairweather to CAR 17 for 8 yards (D.Smith).,https://pro.nfl.com/api/plays/summaryPlay?gameId=c66cf251-5f68-11f1-b1d0-bb70a4640075&playId=3485
2026001,0,3510,PASS,(10:28) K.Slovis pass incomplete short right to X.Weaver.,https://pro.nfl.com/api/plays/summaryPlay?gameId=c66cf251-5f68-11f1-b1d0-bb70a4640075&playId=3510
2026001,0,3538,FIELD_GOAL,"(10:23) C.Ryland 35 yard field goal is GOOD, Center-C.Kreiter, Holder-B.Gillikin.",https://pro.nfl.com/api/plays/summaryPlay?gameId=c66cf251-5f68-11f1-b1d0-bb70a4640075&playId=3538
2026001,0,3568,TIMEOUT,Timeout at 10:19.,https://pro.nfl.com/api/plays/summaryPlay?gameId=c66cf251-5f68-11f1-b1d0-bb70a4640075&playId=3568
2026001,0,3558,KICK_OFF,C.Ryland kicks 61 yards from AZ 35 to CAR 4. J.Reed to CAR 30 for 26 yards (R.Virgil).,https://pro.nfl.com/api/plays/summaryPlay?gameId=c66cf251-5f68-11f1-b1d0-bb70a4640075&playId=3558
2026001,0,3600,TIMEOUT,Timeout at 10:13.,https://pro.nfl.com/api/plays/summaryPlay?gameId=c66cf251-5f68-11f1-b1d0-bb70a4640075&playId=3600
2026001,0,3588,RUSH,(10:13) M.Davis right tackle to CAR 35 for 5 yards (C.Horsley; A.Keys).,https://pro.nfl.com/api/plays/summaryPlay?gameId=c66cf251-5f68-11f1-b1d0-bb70a4640075&playId=3588
2026001,0,3617,RUSH,(9:42) M.Davis left guard to CAR 39 for 4 yards (C.Robertson; C.Horsley).,https://pro.nfl.com/api/plays/summaryPlay?gameId=c66cf251-5f68-11f1-b1d0-bb70a4640075&playId=3617
2026001,0,3639,RUSH,(9:07) M.Davis right guard to AZ 25 for 36 yards (E.Jones).,https://pro.nfl.com/api/plays/summaryPlay?gameId=c66cf251-5f68-11f1-b1d0-bb70a4640075&playId=3639
2026001,0,3661,PASS,(8:24) H.King pass short right to M.Davis to AZ 20 for 5 yards (E.Culp).,https://pro.nfl.com/api/plays/summaryPlay?gameId=c66cf251-5f68-11f1-b1d0-bb70a4640075&playId=3661
2026001,0,3686,RUSH,(7:42) (Shotgun) A.Tyus left tackle to AZ 19 for 1 yard (K.Sharar; D.Williams).,https://pro.nfl.com/api/plays/summaryPlay?gameId=c66cf251-5f68-11f1-b1d0-bb70a4640075&playId=3686
2026001,0,3708,PASS,(7:00) (Shotgun) H.King pass incomplete short left to Ji.Horn.,https://pro.nfl.com/api/plays/summaryPlay?gameId=c66cf251-5f68-11f1-b1d0-bb70a4640075&playId=3708
2026001,0,3731,FIELD_GOAL,"(6:57) R.Fitzgerald 37 yard field goal is GOOD, Center-J.Jansen, Holder-S.Martin.",https://pro.nfl.com/api/plays/summaryPlay?gameId=c66cf251-5f68-11f1-b1d0-bb70a4640075&playId=3731
2026001,0,3761,TIMEOUT,Timeout at 06:53.,https://pro.nfl.com/api/plays/summaryPlay?gameId=c66cf251-5f68-11f1-b1d0-bb70a4640075&playId=3761
2026001,0,3751,KICK_OFF,R.Fitzgerald kicks 56 yards from CAR 35 to AZ 9. H.Wallace to AZ 38 for 29 yards (C.Washington).,https://pro.nfl.com/api/plays/summaryPlay?gameId=c66cf251-5f68-11f1-b1d0-bb70a4640075&playId=3751
2026001,0,3781,PASS,"(6:48) K.Slovis pass deep middle to R.Virgil to CAR 45 for 17 yards (T.Funderburk).
Carolina challenged the pass completion ruling, and the play was Upheld. The ruling on the field stands. (Timeout #1.)",https://pro.nfl.com/api/plays/summaryPlay?gameId=c66cf251-5f68-11f1-b1d0-bb70a4640075&playId=3781
2026001,0,3806,RUSH,(6:14) C.Kiner right tackle to CAR 32 for 13 yards (T.Funderburk).,https://pro.nfl.com/api/plays/summaryPlay?gameId=c66cf251-5f68-11f1-b1d0-bb70a4640075&playId=3806
2026001,0,3868,RUSH,(5:39) C.Kiner left tackle to CAR 31 for 1 yard (P.Petersen).,https://pro.nfl.com/api/plays/summaryPlay?gameId=c66cf251-5f68-11f1-b1d0-bb70a4640075&playId=3868
2026001,0,3890,PASS,"(5:16) (No Huddle, Shotgun) K.Slovis pass short middle to C.Kiner to CAR 30 for 1 yard (M.Njongmeta).",https://pro.nfl.com/api/plays/summaryPlay?gameId=c66cf251-5f68-11f1-b1d0-bb70a4640075&playId=3890
2026001,0,3915,PASS,(4:34) (Shotgun) K.Slovis pass short right to R.Virgil to CAR 14 for 16 yards (M.Mwansa).,https://pro.nfl.com/api/plays/summaryPlay?gameId=c66cf251-5f68-11f1-b1d0-bb70a4640075&playId=3915
2026001,0,3940,RUSH,(4:01) C.Kiner up the middle to CAR 12 for 2 yards (K.Barrs; C.Gill).,https://pro.nfl.com/api/plays/summaryPlay?gameId=c66cf251-5f68-11f1-b1d0-bb70a4640075&playId=3940
2026001,0,3962,PASS,(3:27) K.Slovis pass short right to H.Wallace pushed ob at CAR 5 for 7 yards (D.Smith).,https://pro.nfl.com/api/plays/summaryPlay?gameId=c66cf251-5f68-11f1-b1d0-bb70a4640075&playId=3962
2026001,0,3992,RUSH,(3:21) E.Hull up the middle to CAR 3 for 2 yards (C.Gill).,https://pro.nfl.com/api/plays/summaryPlay?gameId=c66cf251-5f68-11f1-b1d0-bb70a4640075&playId=3992
2026001,0,4026,TIMEOUT,Timeout #1 by AZ at 02:38.,https://pro.nfl.com/api/plays/summaryPlay?gameId=c66cf251-5f68-11f1-b1d0-bb70a4640075&playId=4026
2026001,0,4014,RUSH,(2:38) C.Kiner up the middle to CAR 1 for 2 yards (M.Mwansa; D.Smith).,https://pro.nfl.com/api/plays/summaryPlay?gameId=c66cf251-5f68-11f1-b1d0-bb70a4640075&playId=4014
2026001,0,4055,TIMEOUT,Two-Minute Warning,https://pro.nfl.com/api/plays/summaryPlay?gameId=c66cf251-5f68-11f1-b1d0-bb70a4640075&playId=4055
2026001,0,4043,PASS,"(2:00) K.Slovis pass incomplete short right to B.Green.
The Replay Official reviewed the incomplete pass ruling, and the play was REVERSED.
K.Slovis pass short right to B.Green for 1 yard, TOUCHDOWN.",https://pro.nfl.com/api/plays/summaryPlay?gameId=c66cf251-5f68-11f1-b1d0-bb70a4640075&playId=4043
2026001,0,4073,XP_KICK,"C.Ryland extra point is GOOD, Center-C.Kreiter, Holder-B.Gillikin.",https://pro.nfl.com/api/plays/summaryPlay?gameId=c66cf251-5f68-11f1-b1d0-bb70a4640075&playId=4073
2026001,0,4135,KICK_OFF,"C.Ryland kicks 65 yards from AZ 35 to end zone, Touchback to the CAR 35.",https://pro.nfl.com/api/plays/summaryPlay?gameId=c66cf251-5f68-11f1-b1d0-bb70a4640075&playId=4135
2026001,0,4152,PASS,(1:55) (Shotgun) H.King pass incomplete short right to E.Cooks.,https://pro.nfl.com/api/plays/summaryPlay?gameId=c66cf251-5f68-11f1-b1d0-bb70a4640075&playId=4152
2026001,0,4175,PASS,(1:50) (Shotgun) H.King pass incomplete deep right to C.Washington.,https://pro.nfl.com/api/plays/summaryPlay?gameId=c66cf251-5f68-11f1-b1d0-bb70a4640075&playId=4175
2026001,0,4198,PASS,(1:45) (Shotgun) H.King pass short right to C.Washington to CAR 45 for 10 yards (I.Oliver).,https://pro.nfl.com/api/plays/summaryPlay?gameId=c66cf251-5f68-11f1-b1d0-bb70a4640075&playId=4198
2026001,0,4223,PASS,"(1:25) (No Huddle, Shotgun) H.King pass short right to M.Davis to AZ 47 for 8 yards (A.Keys).",https://pro.nfl.com/api/plays/summaryPlay?gameId=c66cf251-5f68-11f1-b1d0-bb70a4640075&playId=4223
2026001,0,4248,RUSH,"(:57) (No Huddle, Shotgun) M.Davis up the middle to AZ 39 for 8 yards (A.Keys).",https://pro.nfl.com/api/plays/summaryPlay?gameId=c66cf251-5f68-11f1-b1d0-bb70a4640075&playId=4248
2026001,0,4282,TIMEOUT,Timeout #2 by CAR at 00:52.,https://pro.nfl.com/api/plays/summaryPlay?gameId=c66cf251-5f68-11f1-b1d0-bb70a4640075&playId=4282
2026001,0,4270,PASS,(:52) (Shotgun) H.King pass short left to M.Davis to AZ 43 for -4 yards (A.Keys).,https://pro.nfl.com/api/plays/summaryPlay?gameId=c66cf251-5f68-11f1-b1d0-bb70a4640075&playId=4270
2026001,0,4314,TIMEOUT,Timeout #3 by CAR at 00:44.,https://pro.nfl.com/api/plays/summaryPlay?gameId=c66cf251-5f68-11f1-b1d0-bb70a4640075&playId=4314
2026001,0,4302,PASS,(:44) (Shotgun) H.King pass incomplete deep left to C.Washington.,https://pro.nfl.com/api/plays/summaryPlay?gameId=c66cf251-5f68-11f1-b1d0-bb70a4640075&playId=4302
2026001,0,4332,RUSH,(:39) (Shotgun) H.King scrambles left end pushed ob at AZ 17 for 26 yards (A.Keys).,https://pro.nfl.com/api/plays/summaryPlay?gameId=c66cf251-5f68-11f1-b1d0-bb70a4640075&playId=4332
2026001,0,4359,PASS,(:28) (Shotgun) H.King pass incomplete deep left to Ji.Horn.,https://pro.nfl.com/api/plays/summaryPlay?gameId=c66cf251-5f68-11f1-b1d0-bb70a4640075&playId=4359
2026001,0,4382,PASS,(:23) (Shotgun) H.King pass short right to Ji.Horn to AZ 5 for 12 yards (W.Williams).,https://pro.nfl.com/api/plays/summaryPlay?gameId=c66cf251-5f68-11f1-b1d0-bb70a4640075&playId=4382
2026001,0,4407,PASS,(:07) (No Huddle) H.King spiked the ball to stop the clock.,https://pro.nfl.com/api/plays/summaryPlay?gameId=c66cf251-5f68-11f1-b1d0-bb70a4640075&playId=4407
2026001,0,4442,PASS,(:06) (Shotgun) H.King pass incomplete short right to E.Cooks.,https://pro.nfl.com/api/plays/summaryPlay?gameId=c66cf251-5f68-11f1-b1d0-bb70a4640075&playId=4442
2026001,0,4465,RUSH,"(:02) (Shotgun) H.King scrambles up the middle for 5 yards, TOUCHDOWN.",https://pro.nfl.com/api/plays/summaryPlay?gameId=c66cf251-5f68-11f1-b1d0-bb70a4640075&playId=4465
2026001,0,4488,END_GAME,END GAME,https://pro.nfl.com/api/plays/summaryPlay?gameId=c66cf251-5f68-11f1-b1d0-bb70a4640075&playId=4488
2026002,1,1,GAME_START,GAME,https://pro.nfl.com/api/plays/summaryPlay?gameId=c66dfc69-5f68-11f1-b1d0-bb70a4640075&playId=1
2026002,1,41,KICK_OFF,"C.Boswell kicks 65 yards from PIT 35 to end zone, Touchback to the GB 35.",https://pro.nfl.com/api/plays/summaryPlay?gameId=c66dfc69-5f68-11f1-b1d0-bb70a4640075&playId=41
2026002,1,58,RUSH,(15:00) M.Lloyd left guard to GB 40 for 5 yards (A.Highsmith).,https://pro.nfl.com/api/plays/summaryPlay?gameId=c66dfc69-5f68-11f1-b1d0-bb70a4640075&playId=58
2026002,1,80,PASS,(14:30) (Shotgun) J.Love pass incomplete short right to C.Watson.,https://pro.nfl.com/api/plays/summaryPlay?gameId=c66dfc69-5f68-11f1-b1d0-bb70a4640075&playId=80
2026002,1,103,PASS,(14:27) (Shotgun) J.Love pass short middle to J.Reed to PIT 41 for 19 yards (D.Slaughter).,https://pro.nfl.com/api/plays/summaryPlay?gameId=c66dfc69-5f68-11f1-b1d0-bb70a4640075&playId=103
2026002,1,128,RUSH,(13:52) M.Lloyd up the middle to PIT 39 for 2 yards (Y.Black; D.Harmon).,https://pro.nfl.com/api/plays/summaryPlay?gameId=c66dfc69-5f68-11f1-b1d0-bb70a4640075&playId=128
2026002,1,150,PASS,(13:10) (Shotgun) J.Love pass short left to J.Whyle to PIT 36 for 3 yards (R.Spears-Jennings).,https://pro.nfl.com/api/plays/summaryPlay?gameId=c66dfc69-5f68-11f1-b1d0-bb70a4640075&playId=150
2026002,1,175,PASS,(12:34) (Shotgun) J.Love pass short right to M.Lloyd to PIT 40 for -4 yards (D.Slaughter).,https://pro.nfl.com/api/plays/summaryPlay?gameId=c66dfc69-5f68-11f1-b1d0-bb70a4640075&playId=175
2026002,1,200,FIELD_GOAL,"(11:47) T.Smack 58 yard field goal is GOOD, NULLIFIED by Penalty, Center-C.Adomitis, Holder-D.Whelan.
PENALTY on PIT-D.Lowry, Unnecessary Roughness, 15 yards, enforced at PIT 40 - No Play.",https://pro.nfl.com/api/plays/summaryPlay?gameId=c66dfc69-5f68-11f1-b1d0-bb70a4640075&playId=200
2026002,1,231,RUSH,(11:43) M.Lloyd left tackle to PIT 23 for 2 yards (A.Highsmith; R.Jenkins).,https://pro.nfl.com/api/plays/summaryPlay?gameId=c66dfc69-5f68-11f1-b1d0-bb70a4640075&playId=231
2026002,1,253,RUSH,(10:59) (Shotgun) M.Lloyd left guard to PIT 19 for 4 yards (R.Jenkins; J.Sawyer).,https://pro.nfl.com/api/plays/summaryPlay?gameId=c66dfc69-5f68-11f1-b1d0-bb70a4640075&playId=253
2026002,1,275,PASS,(10:17) (Shotgun) J.Love pass incomplete deep right to J.Reed (A.Samuel).,https://pro.nfl.com/api/plays/summaryPlay?gameId=c66dfc69-5f68-11f1-b1d0-bb70a4640075&playId=275
2026002,1,298,FIELD_GOAL,"(10:12) T.Smack 37 yard field goal is GOOD, Center-C.Adomitis, Holder-D.Whelan.",https://pro.nfl.com/api/plays/summaryPlay?gameId=c66dfc69-5f68-11f1-b1d0-bb70a4640075&playId=298
2026002,1,328,TIMEOUT,Timeout at 10:09.,https://pro.nfl.com/api/plays/summaryPlay?gameId=c66dfc69-5f68-11f1-b1d0-bb70a4640075&playId=328
2026002,1,318,KICK_OFF,"T.Smack kicks 62 yards from GB 35 to PIT 3. K.Wetjen pushed ob at PIT 28 for 25 yards (B.Cisse).
PENALTY on PIT-C.Holcomb, Offensive Holding, 10 yards, enforced at PIT 28.
Penalty on PIT-C.Bruener, Offensive Holding, declined.",https://pro.nfl.com/api/plays/summaryPlay?gameId=c66dfc69-5f68-11f1-b1d0-bb70a4640075&playId=318
2026002,1,375,RUSH,(10:02) T.Homer left end to PIT 22 for 4 yards (L.Van Ness).,https://pro.nfl.com/api/plays/summaryPlay?gameId=c66dfc69-5f68-11f1-b1d0-bb70a4640075&playId=375
2026002,1,397,SACK,(9:28) (Shotgun) M.Rudolph sacked at PIT 14 for -8 yards (Z.Franklin).,https://pro.nfl.com/api/plays/summaryPlay?gameId=c66dfc69-5f68-11f1-b1d0-bb70a4640075&playId=397
2026002,1,417,PASS,(8:43) (Shotgun) M.Rudolph pass short left to G.Bernard to PIT 21 for 7 yards (X.McKinney).,https://pro.nfl.com/api/plays/summaryPlay?gameId=c66dfc69-5f68-11f1-b1d0-bb70a4640075&playId=417
2026002,1,442,PUNT,"(8:07) C.Johnston punts 51 yards to GB 28, Center-C.Kuntz, out of bounds.
PENALTY on PIT-B.Skowronek, Unnecessary Roughness, 15 yards, enforced at GB 28.",https://pro.nfl.com/api/plays/summaryPlay?gameId=c66dfc69-5f68-11f1-b1d0-bb70a4640075&playId=442
2026002,1,484,TIMEOUT,Timeout at 07:59.,https://pro.nfl.com/api/plays/summaryPlay?gameId=c66dfc69-5f68-11f1-b1d0-bb70a4640075&playId=484
2026002,1,472,PASS,(7:59) (Shotgun) T.Taylor pass incomplete short left.,https://pro.nfl.com/api/plays/summaryPlay?gameId=c66dfc69-5f68-11f1-b1d0-bb70a4640075&playId=472
2026002,1,502,PASS,(7:53) (Shotgun) T.Taylor pass incomplete deep right to S.Williams.,https://pro.nfl.com/api/plays/summaryPlay?gameId=c66dfc69-5f68-11f1-b1d0-bb70a4640075&playId=502
2026002,1,525,PASS,(7:49) (Shotgun) T.Taylor pass short right to B.Melton to 50 for 7 yards (P.Wilson).,https://pro.nfl.com/api/plays/summaryPlay?gameId=c66dfc69-5f68-11f1-b1d0-bb70a4640075&playId=525
2026002,1,550,PUNT,"(7:10) D.Whelan punts 41 yards to PIT 9, Center-C.Adomitis. K.Wetjen to PIT 15 for 6 yards (N.Niemann; C.Adomitis).",https://pro.nfl.com/api/plays/summaryPlay?gameId=c66dfc69-5f68-11f1-b1d0-bb70a4640075&playId=550
2026002,1,588,TIMEOUT,Timeout at 06:59.,https://pro.nfl.com/api/plays/summaryPlay?gameId=c66dfc69-5f68-11f1-b1d0-bb70a4640075&playId=588
2026002,1,576,SACK,(6:59) (Shotgun) M.Rudolph sacked at PIT 6 for -9 yards (B.Cox).,https://pro.nfl.com/api/plays/summaryPlay?gameId=c66dfc69-5f68-11f1-b1d0-bb70a4640075&playId=576
2026002,1,603,PASS,(6:15) (Shotgun) M.Rudolph pass short middle to G.Bernard to PIT 19 for 13 yards (M.Kenion).,https://pro.nfl.com/api/plays/summaryPlay?gameId=c66dfc69-5f68-11f1-b1d0-bb70a4640075&playId=603
2026002,1,629,PASS,(5:37) (Shotgun) M.Rudolph pass deep left to B.Skowronek to PIT 38 for 19 yards (M.Kenion).,https://pro.nfl.com/api/plays/summaryPlay?gameId=c66dfc69-5f68-11f1-b1d0-bb70a4640075&playId=629
2026002,1,654,RUSH,(5:01) T.Homer left guard to PIT 40 for 2 yards (A.Campbell).,https://pro.nfl.com/api/plays/summaryPlay?gameId=c66dfc69-5f68-11f1-b1d0-bb70a4640075&playId=654
2026002,1,676,PASS,(4:27) (Shotgun) M.Rudolph pass short right to G.Bernard to GB 35 for 25 yards (M.Kenion).,https://pro.nfl.com/api/plays/summaryPlay?gameId=c66dfc69-5f68-11f1-b1d0-bb70a4640075&playId=676
2026002,1,701,PENALTY,"(3:47) PENALTY on PIT-T.Fautanu, False Start, 5 yards, enforced at GB 35 - No Play.",https://pro.nfl.com/api/plays/summaryPlay?gameId=c66dfc69-5f68-11f1-b1d0-bb70a4640075&playId=701
2026002,1,725,RUSH,(3:38) (Shotgun) L.Nichols up the middle to GB 29 for 11 yards (M.Kenion).,https://pro.nfl.com/api/plays/summaryPlay?gameId=c66dfc69-5f68-11f1-b1d0-bb70a4640075&playId=725
2026002,1,747,RUSH,(3:06) L.Nichols right guard to GB 27 for 2 yards (C.McClellan).,https://pro.nfl.com/api/plays/summaryPlay?gameId=c66dfc69-5f68-11f1-b1d0-bb70a4640075&playId=747
2026002,1,769,PASS,"(2:43) (No Huddle, Shotgun) M.Rudolph pass short left to B.Smith ran ob at GB 23 for 4 yards.",https://pro.nfl.com/api/plays/summaryPlay?gameId=c66dfc69-5f68-11f1-b1d0-bb70a4640075&playId=769
2026002,1,804,PASS,(2:10) (Shotgun) M.Rudolph pass short left to T.Homer to GB 21 for 2 yards (M.Perry).,https://pro.nfl.com/api/plays/summaryPlay?gameId=c66dfc69-5f68-11f1-b1d0-bb70a4640075&playId=804
2026002,1,829,PASS,(1:30) (Shotgun) M.Rudolph pass short right to R.Wilson pushed ob at GB 14 for 7 yards (K.Nixon).,https://pro.nfl.com/api/plays/summaryPlay?gameId=c66dfc69-5f68-11f1-b1d0-bb70a4640075&playId=829
2026002,1,859,PASS,(1:00) M.Rudolph pass short right to T.Homer pushed ob at GB 6 for 8 yards (M.Perry).,https://pro.nfl.com/api/plays/summaryPlay?gameId=c66dfc69-5f68-11f1-b1d0-bb70a4640075&playId=859
2026002,1,889,RUSH,"(:23) L.Nichols left end for 6 yards, TOUCHDOWN NULLIFIED by Penalty.
PENALTY on PIT-T.Fautanu, Offensive Holding, 10 yards, enforced at GB 5.",https://pro.nfl.com/api/plays/summaryPlay?gameId=c66dfc69-5f68-11f1-b1d0-bb70a4640075&playId=889
2026002,1,935,TIMEOUT,Timeout #1 by PIT at 00:17.,https://pro.nfl.com/api/plays/summaryPlay?gameId=c66dfc69-5f68-11f1-b1d0-bb70a4640075&playId=935
2026002,1,923,PASS,(:17) M.Rudolph pass short left to G.Bernard to GB 9 for 6 yards (B.Cisse).,https://pro.nfl.com/api/plays/summaryPlay?gameId=c66dfc69-5f68-11f1-b1d0-bb70a4640075&playId=923
2026002,1,955,END_QUARTER,END QUARTER 1,https://pro.nfl.com/api/plays/summaryPlay?gameId=c66dfc69-5f68-11f1-b1d0-bb70a4640075&playId=955
2026002,1,975,RUSH,(15:00) L.Nichols left end to GB 3 for 6 yards (B.Cisse).,https://pro.nfl.com/api/plays/summaryPlay?gameId=c66dfc69-5f68-11f1-b1d0-bb70a4640075&playId=975
2026002,1,997,PASS,(14:20) (Shotgun) M.Rudolph pass incomplete short middle to G.Bernard (M.Kenion) [T.Hopper].,https://pro.nfl.com/api/plays/summaryPlay?gameId=c66dfc69-5f68-11f1-b1d0-bb70a4640075&playId=997
2026002,1,1032,PASS,(14:08) (Shotgun) M.Rudolph pass short left to P.Freiermuth to GB 1 for 2 yards (M.Perry).,https://pro.nfl.com/api/plays/summaryPlay?gameId=c66dfc69-5f68-11f1-b1d0-bb70a4640075&playId=1032
2026002,1,1069,TIMEOUT,Timeout at 14:02.,https://pro.nfl.com/api/plays/summaryPlay?gameId=c66dfc69-5f68-11f1-b1d0-bb70a4640075&playId=1069
2026002,1,1057,RUSH,(14:02) (Shotgun) P.Strong right tackle to GB 10 for 9 yards (Ja.Davis; D.Jamison). PIT-D.Jamison was injured during the play.,https://pro.nfl.com/api/plays/summaryPlay?gameId=c66dfc69-5f68-11f1-b1d0-bb70a4640075&playId=1057
2026002,1,1089,RUSH,(13:38) P.Strong up the middle to GB 14 for 4 yards (J.Sawyer).,https://pro.nfl.com/api/plays/summaryPlay?gameId=c66dfc69-5f68-11f1-b1d0-bb70a4640075&playId=1089
2026002,1,1111,PASS,(13:04) T.Taylor pass short left to S.Williams to GB 15 for 1 yard (Ja.Davis).,https://pro.nfl.com/api/plays/summaryPlay?gameId=c66dfc69-5f68-11f1-b1d0-bb70a4640075&playId=1111
2026002,1,1136,PASS,(12:28) (Shotgun) T.Taylor pass short left to S.Williams to GB 22 for 7 yards (C.Bruener). ** Injury Update: PIT-D.Jamison has returned to the game.,https://pro.nfl.com/api/plays/summaryPlay?gameId=c66dfc69-5f68-11f1-b1d0-bb70a4640075&playId=1136
2026002,1,1161,RUSH,"(11:49) (Shotgun) T.Taylor scrambles right tackle to GB 26 for 4 yards (C.Holcomb).
PENALTY on PIT-C.Holcomb, Unnecessary Roughness, 15 yards, enforced at GB 26.",https://pro.nfl.com/api/plays/summaryPlay?gameId=c66dfc69-5f68-11f1-b1d0-bb70a4640075&playId=1161
2026002,1,1197,RUSH,"(11:32) P.Strong left end to GB 37 for -4 yards (R.Spears-Jennings).
PENALTY on PIT-D.Slaughter, Unnecessary Roughness, 15 yards, enforced at GB 37.",https://pro.nfl.com/api/plays/summaryPlay?gameId=c66dfc69-5f68-11f1-b1d0-bb70a4640075&playId=1197
2026002,1,1230,PENALTY,"(11:09) T.Taylor pass incomplete deep middle to B.Melton.
PENALTY on GB, Illegal Formation, 5 yards, enforced at PIT 48 - No Play.",https://pro.nfl.com/api/plays/summaryPlay?gameId=c66dfc69-5f68-11f1-b1d0-bb70a4640075&playId=1230
2026002,1,1264,PASS,(11:02) (Shotgun) T.Taylor pass incomplete short right to S.Moore (D.Slaughter).,https://pro.nfl.com/api/plays/summaryPlay?gameId=c66dfc69-5f68-11f1-b1d0-bb70a4640075&playId=1264
2026002,1,1299,PASS,(10:59) (Shotgun) T.Taylor pass short left to I.Neyor pushed ob at PIT 47 for 6 yards (C.Bruener; D.Everette).,https://pro.nfl.com/api/plays/summaryPlay?gameId=c66dfc69-5f68-11f1-b1d0-bb70a4640075&playId=1299
2026002,1,1329,PASS,(10:28) (Shotgun) T.Taylor pass incomplete short middle to S.Moore (C.Holcomb).,https://pro.nfl.com/api/plays/summaryPlay?gameId=c66dfc69-5f68-11f1-b1d0-bb70a4640075&playId=1329
2026002,1,1352,PUNT,"(10:23) D.Whelan punts 47 yards to end zone, Center-C.Adomitis, Touchback.",https://pro.nfl.com/api/plays/summaryPlay?gameId=c66dfc69-5f68-11f1-b1d0-bb70a4640075&playId=1352
2026002,1,1382,TIMEOUT,Timeout at 10:14.,https://pro.nfl.com/api/plays/summaryPlay?gameId=c66dfc69-5f68-11f1-b1d0-bb70a4640075&playId=1382
2026002,1,1370,RUSH,(10:14) (Shotgun) T.Homer up the middle to PIT 23 for 3 yards (I.McDuffie).,https://pro.nfl.com/api/plays/summaryPlay?gameId=c66dfc69-5f68-11f1-b1d0-bb70a4640075&playId=1370
2026002,1,1399,PASS,(9:38) W.Howard pass short right to B.Smith to PIT 32 for 9 yards (B.St-Juste).,https://pro.nfl.com/api/plays/summaryPlay?gameId=c66dfc69-5f68-11f1-b1d0-bb70a4640075&playId=1399
2026002,1,1424,PASS,"(9:16) (No Huddle, Shotgun) W.Howard pass incomplete short right.",https://pro.nfl.com/api/plays/summaryPlay?gameId=c66dfc69-5f68-11f1-b1d0-bb70a4640075&playId=1424
2026002,1,1447,RUSH,"(9:09) (Shotgun) T.Homer up the middle to PIT 31 for -1 yards (W.Brinson, A.Campbell).",https://pro.nfl.com/api/plays/summaryPlay?gameId=c66dfc69-5f68-11f1-b1d0-bb70a4640075&playId=1447
2026002,1,1469,SACK,(8:28) (Shotgun) W.Howard sacked at PIT 29 for -2 yards (K.Oladapo).,https://pro.nfl.com/api/plays/summaryPlay?gameId=c66dfc69-5f68-11f1-b1d0-bb70a4640075&playId=1469
2026002,1,1489,PUNT,"(7:58) C.Johnston punts 44 yards to GB 27, Center-C.Kuntz. S.Moore to GB 41 for 14 yards (D.Everette).",https://pro.nfl.com/api/plays/summaryPlay?gameId=c66dfc69-5f68-11f1-b1d0-bb70a4640075&playId=1489
2026002,1,1527,TIMEOUT,Timeout at 07:45.,https://pro.nfl.com/api/plays/summaryPlay?gameId=c66dfc69-5f68-11f1-b1d0-bb70a4640075&playId=1527
2026002,1,1515,RUSH,(7:45) J.Nixon right guard to GB 39 for -2 yards (D.Boykin).,https://pro.nfl.com/api/plays/summaryPlay?gameId=c66dfc69-5f68-11f1-b1d0-bb70a4640075&playId=1515
2026002,1,1544,PASS,(7:14) (Shotgun) K.McCord pass short middle to S.Moore to 50 for 11 yards (D.Boykin).,https://pro.nfl.com/api/plays/summaryPlay?gameId=c66dfc69-5f68-11f1-b1d0-bb70a4640075&playId=1544
2026002,1,1569,RUSH,(6:41) K.McCord up the middle to PIT 48 for 2 yards (C.Bruener).,https://pro.nfl.com/api/plays/summaryPlay?gameId=c66dfc69-5f68-11f1-b1d0-bb70a4640075&playId=1569
2026002,1,1591,RUSH,(6:01) S.Moore left end to PIT 42 for 6 yards (D.Everette; J.Welschof).,https://pro.nfl.com/api/plays/summaryPlay?gameId=c66dfc69-5f68-11f1-b1d0-bb70a4640075&playId=1591
2026002,1,1613,PASS,"(5:20) (Shotgun) K.McCord pass incomplete deep right to S.Williams (D.Boykin, E.Otomewo).",https://pro.nfl.com/api/plays/summaryPlay?gameId=c66dfc69-5f68-11f1-b1d0-bb70a4640075&playId=1613
2026002,1,1636,RUSH,(5:14) (Shotgun) K.McCord scrambles left end pushed ob at PIT 37 for 5 yards (J.Sawyer).,https://pro.nfl.com/api/plays/summaryPlay?gameId=c66dfc69-5f68-11f1-b1d0-bb70a4640075&playId=1636
2026002,1,1663,RUSH,(4:43) J.Nixon right end to PIT 38 for -1 yards (C.Holcomb).,https://pro.nfl.com/api/plays/summaryPlay?gameId=c66dfc69-5f68-11f1-b1d0-bb70a4640075&playId=1663
2026002,1,1695,RUSH,(4:08) J.Nixon right guard to PIT 37 for 1 yard (G.Rubio).,https://pro.nfl.com/api/plays/summaryPlay?gameId=c66dfc69-5f68-11f1-b1d0-bb70a4640075&playId=1695
2026002,1,1717,SACK,(3:28) (Shotgun) K.McCord sacked at PIT 43 for -6 yards (sack split by Ja.Davis and J.Sawyer).,https://pro.nfl.com/api/plays/summaryPlay?gameId=c66dfc69-5f68-11f1-b1d0-bb70a4640075&playId=1717
2026002,1,1737,PUNT,"(2:49) D.Whelan punts 43 yards to end zone, Center-C.Adomitis, Touchback.",https://pro.nfl.com/api/plays/summaryPlay?gameId=c66dfc69-5f68-11f1-b1d0-bb70a4640075&playId=1737
2026002,1,1767,TIMEOUT,Timeout at 02:39.,https://pro.nfl.com/api/plays/summaryPlay?gameId=c66dfc69-5f68-11f1-b1d0-bb70a4640075&playId=1767
2026002,1,1755,RUSH,(2:39) L.Nichols up the middle to PIT 24 for 4 yards (N.Niemann).,https://pro.nfl.com/api/plays/summaryPlay?gameId=c66dfc69-5f68-11f1-b1d0-bb70a4640075&playId=1755
2026002,1,1784,RUSH,(2:03) (Shotgun) L.Nichols left guard to PIT 29 for 5 yards (M.Perry; C.Oliver).,https://pro.nfl.com/api/plays/summaryPlay?gameId=c66dfc69-5f68-11f1-b1d0-bb70a4640075&playId=1784
2026002,1,1818,TIMEOUT,Two-Minute Warning,https://pro.nfl.com/api/plays/summaryPlay?gameId=c66dfc69-5f68-11f1-b1d0-bb70a4640075&playId=1818
2026002,1,1806,RUSH,"(1:57) (Shotgun) L.Nichols left tackle to PIT 30 for 1 yard (C.Oliver; N.Kelly).
The Replay Official reviewed the first down ruling, and the play was REVERSED.
(Shotgun) L.Nichols left tackle to PIT 29 for no gain (C.Oliver; N.Kelly).",https://pro.nfl.com/api/plays/summaryPlay?gameId=c66dfc69-5f68-11f1-b1d0-bb70a4640075&playId=1806
2026002,1,1835,PASS,(1:48) W.Howard pass deep left to B.Skowronek to PIT 46 for 17 yards (M.Kenion).,https://pro.nfl.com/api/plays/summaryPlay?gameId=c66dfc69-5f68-11f1-b1d0-bb70a4640075&playId=1835
2026002,1,1887,PASS,"(1:27) (No Huddle, Shotgun) W.Howard pass short left to R.Tonyan to GB 38 for 16 yards (M.Perry). GB-M.Perry was injured during the play.",https://pro.nfl.com/api/plays/summaryPlay?gameId=c66dfc69-5f68-11f1-b1d0-bb70a4640075&playId=1887
2026002,1,1927,TIMEOUT,Timeout #1 by GB at 01:13.,https://pro.nfl.com/api/plays/summaryPlay?gameId=c66dfc69-5f68-11f1-b1d0-bb70a4640075&playId=1927
2026002,1,1915,PASS,(1:13) (Shotgun) W.Howard pass short left to R.Tonyan to GB 23 for 15 yards (T.Hopper).,https://pro.nfl.com/api/plays/summaryPlay?gameId=c66dfc69-5f68-11f1-b1d0-bb70a4640075&playId=1915
2026002,1,1947,PASS,"(:53) (No Huddle, Shotgun) W.Howard pass deep middle to R.Tonyan for 23 yards, TOUCHDOWN.
The Replay Official reviewed the runner broke the plane ruling, and the play was REVERSED.
(No Huddle, Shotgun) W.Howard pass deep middle to R.Tonyan to GB 1 for 22 yards (M.Kenion).",https://pro.nfl.com/api/plays/summaryPlay?gameId=c66dfc69-5f68-11f1-b1d0-bb70a4640075&playId=1947
2026002,1,2017,TIMEOUT,Timeout #2 by GB at 00:49.  10-second runoff avoided.,https://pro.nfl.com/api/plays/summaryPlay?gameId=c66dfc69-5f68-11f1-b1d0-bb70a4640075&playId=2017
2026002,1,2003,RUSH,"(:49) L.Nichols up the middle for 1 yard, TOUCHDOWN.",https://pro.nfl.com/api/plays/summaryPlay?gameId=c66dfc69-5f68-11f1-b1d0-bb70a4640075&playId=2003
2026002,1,2035,XP_KICK,"C.Boswell extra point is GOOD, Center-C.Kuntz, Holder-C.Johnston.",https://pro.nfl.com/api/plays/summaryPlay?gameId=c66dfc69-5f68-11f1-b1d0-bb70a4640075&playId=2035
2026002,1,2050,KICK_OFF,C.Boswell kicks 65 yards from PIT 35 to GB 0. S.Williams to GB 25 for 25 yards (C.Bruener).,https://pro.nfl.com/api/plays/summaryPlay?gameId=c66dfc69-5f68-11f1-b1d0-bb70a4640075&playId=2050
2026002,1,2073,PASS,(:38) (Shotgun) K.McCord pass short middle to S.Williams to GB 35 for 10 yards (R.Spears-Jennings).,https://pro.nfl.com/api/plays/summaryPlay?gameId=c66dfc69-5f68-11f1-b1d0-bb70a4640075&playId=2073
2026002,1,2098,PASS,"(:23) (No Huddle, Shotgun) K.McCord pass short left to I.Neyor ran ob at GB 47 for 12 yards.",https://pro.nfl.com/api/plays/summaryPlay?gameId=c66dfc69-5f68-11f1-b1d0-bb70a4640075&playId=2098
2026002,1,2128,PASS,(:18) (Shotgun) K.McCord pass short right to I.Neyor pushed ob at PIT 48 for 5 yards (D.Jamison).,https://pro.nfl.com/api/plays/summaryPlay?gameId=c66dfc69-5f68-11f1-b1d0-bb70a4640075&playId=2128
2026002,1,2170,TIMEOUT,Timeout #3 by GB at 00:12.,https://pro.nfl.com/api/plays/summaryPlay?gameId=c66dfc69-5f68-11f1-b1d0-bb70a4640075&playId=2170
2026002,1,2158,PASS,(:12) (Shotgun) K.McCord pass short middle to W.Sheppard to PIT 40 for 8 yards (S.Castro).,https://pro.nfl.com/api/plays/summaryPlay?gameId=c66dfc69-5f68-11f1-b1d0-bb70a4640075&playId=2158
2026002,1,2190,PASS,(:02) (No Huddle) K.McCord spiked the ball to stop the clock.,https://pro.nfl.com/api/plays/summaryPlay?gameId=c66dfc69-5f68-11f1-b1d0-bb70a4640075&playId=2190
2026002,1,2218,FIELD_GOAL,"(:01) T.Smack 58 yard field goal is GOOD, Center-C.Adomitis, Holder-D.Whelan.",https://pro.nfl.com/api/plays/summaryPlay?gameId=c66dfc69-5f68-11f1-b1d0-bb70a4640075&playId=2218
2026002,1,2238,END_QUARTER,END QUARTER 2,https://pro.nfl.com/api/plays/summaryPlay?gameId=c66dfc69-5f68-11f1-b1d0-bb70a4640075&playId=2238
2026002,1,2256,KICK_OFF,"T.Smack kicks 59 yards from GB 35 to PIT 6. K.Wetjen to PIT 23 for 17 yards (J.Sturdivant).
PENALTY on PIT-J.Bell, Offensive Holding, 10 yards, enforced at PIT 23.",https://pro.nfl.com/api/plays/summaryPlay?gameId=c66dfc69-5f68-11f1-b1d0-bb70a4640075&playId=2256
2026002,1,2298,PASS,(14:52) W.Howard pass short left to L.Nichols to PIT 12 for -1 yards (T.Hopper). ** Injury Update: GB-M.Perry has returned to the game.,https://pro.nfl.com/api/plays/summaryPlay?gameId=c66dfc69-5f68-11f1-b1d0-bb70a4640075&playId=2298
2026002,1,2323,RUSH,(14:13) (Shotgun) L.Nichols left guard to PIT 19 for 7 yards (N.Niemann; N.Kelly).,https://pro.nfl.com/api/plays/summaryPlay?gameId=c66dfc69-5f68-11f1-b1d0-bb70a4640075&playId=2323
2026002,1,2345,PASS,(13:30) (Shotgun) W.Howard pass short middle to R.Tonyan to PIT 27 for 8 yards (T.Hopper).,https://pro.nfl.com/api/plays/summaryPlay?gameId=c66dfc69-5f68-11f1-b1d0-bb70a4640075&playId=2345
2026002,1,2373,RUSH,(12:50) L.Nichols left tackle to PIT 26 for -1 yards (J.Ford).,https://pro.nfl.com/api/plays/summaryPlay?gameId=c66dfc69-5f68-11f1-b1d0-bb70a4640075&playId=2373
2026002,1,2395,RUSH,(12:08) (Shotgun) W.Howard scrambles up the middle to PIT 28 for 2 yards (N.Niemann; T.Hopper).,https://pro.nfl.com/api/plays/summaryPlay?gameId=c66dfc69-5f68-11f1-b1d0-bb70a4640075&playId=2395
2026002,1,2417,PASS,(11:30) (Shotgun) W.Howard pass incomplete short middle to L.Wentz.,https://pro.nfl.com/api/plays/summaryPlay?gameId=c66dfc69-5f68-11f1-b1d0-bb70a4640075&playId=2417
2026002,1,2440,PUNT,"(11:24) (Punt formation) PENALTY on GB, Defensive Too Many Men on Field, 5 yards, enforced at PIT 28 - No Play.",https://pro.nfl.com/api/plays/summaryPlay?gameId=c66dfc69-5f68-11f1-b1d0-bb70a4640075&playId=2440
2026002,1,2468,PUNT,"(11:24) C.Johnston punts 52 yards to GB 15, Center-C.Kuntz. W.Sheppard to GB 23 for 8 yards (J.Windmon).
PENALTY on GB-K.Oladapo, Illegal Block Above the Waist, 7 yards, enforced at GB 14.",https://pro.nfl.com/api/plays/summaryPlay?gameId=c66dfc69-5f68-11f1-b1d0-bb70a4640075&playId=2468
2026002,1,2517,TIMEOUT,Timeout at 11:12.,https://pro.nfl.com/api/plays/summaryPlay?gameId=c66dfc69-5f68-11f1-b1d0-bb70a4640075&playId=2517
2026002,1,2505,PASS,(11:12) (Shotgun) K.McCord pass short right to D.Dabney to GB 11 for 4 yards (D.Slaughter).,https://pro.nfl.com/api/plays/summaryPlay?gameId=c66dfc69-5f68-11f1-b1d0-bb70a4640075&playId=2505
2026002,1,2542,RUSH,(10:36) D.Martinez up the middle to GB 16 for 5 yards (S.Castro; E.Otomewo).,https://pro.nfl.com/api/plays/summaryPlay?gameId=c66dfc69-5f68-11f1-b1d0-bb70a4640075&playId=2542
2026002,1,2564,RUSH,(9:59) (Shotgun) D.Martinez up the middle to GB 18 for 2 yards (G.Rubio; E.Otomewo).,https://pro.nfl.com/api/plays/summaryPlay?gameId=c66dfc69-5f68-11f1-b1d0-bb70a4640075&playId=2564
2026002,1,2586,RUSH,(9:20) (Shotgun) D.Martinez left tackle to GB 22 for 4 yards (D.Everette; D.Boykin).,https://pro.nfl.com/api/plays/summaryPlay?gameId=c66dfc69-5f68-11f1-b1d0-bb70a4640075&playId=2586
2026002,1,2608,PASS,(8:49) K.McCord pass short left to M.Swinson pushed ob at GB 31 for 9 yards (C.Bruener).,https://pro.nfl.com/api/plays/summaryPlay?gameId=c66dfc69-5f68-11f1-b1d0-bb70a4640075&playId=2608
2026002,1,2638,PASS,(8:18) K.McCord pass incomplete deep middle to J.Sturdivant.,https://pro.nfl.com/api/plays/summaryPlay?gameId=c66dfc69-5f68-11f1-b1d0-bb70a4640075&playId=2638
2026002,1,2661,PASS,"(8:09) (Shotgun) K.McCord pass short left to I.Neyor to GB 42 for 11 yards (D.Everette).
PENALTY on PIT-A.Goodlow, Roughing the Passer, 15 yards, enforced at GB 42.",https://pro.nfl.com/api/plays/summaryPlay?gameId=c66dfc69-5f68-11f1-b1d0-bb70a4640075&playId=2661
2026002,1,2697,RUSH,(7:46) J.Nixon up the middle to PIT 40 for 3 yards (D.Jamison; G.Rubio). GB-D.Kinnard was injured during the play.,https://pro.nfl.com/api/plays/summaryPlay?gameId=c66dfc69-5f68-11f1-b1d0-bb70a4640075&playId=2697
2026002,1,2734,TIMEOUT,Timeout at 07:32.,https://pro.nfl.com/api/plays/summaryPlay?gameId=c66dfc69-5f68-11f1-b1d0-bb70a4640075&playId=2734
2026002,1,2722,RUSH,(7:22) D.Martinez up the middle to PIT 39 for 1 yard (G.Rubio; S.Castro).,https://pro.nfl.com/api/plays/summaryPlay?gameId=c66dfc69-5f68-11f1-b1d0-bb70a4640075&playId=2722
2026002,1,2751,PASS,(6:38) (Shotgun) K.McCord pass short middle to J.Sturdivant to PIT 25 for 14 yards (G.Rubio; C.Bruener).,https://pro.nfl.com/api/plays/summaryPlay?gameId=c66dfc69-5f68-11f1-b1d0-bb70a4640075&playId=2751
2026002,1,2776,RUSH,(5:58) D.Martinez left guard to PIT 24 for 1 yard (A.Goodlow).,https://pro.nfl.com/api/plays/summaryPlay?gameId=c66dfc69-5f68-11f1-b1d0-bb70a4640075&playId=2776
2026002,1,2798,RUSH,(5:21) (Shotgun) D.Martinez up the middle to PIT 20 for 4 yards (K.Baugh).,https://pro.nfl.com/api/plays/summaryPlay?gameId=c66dfc69-5f68-11f1-b1d0-bb70a4640075&playId=2798
2026002,1,2820,PASS,(4:38) (Shotgun) K.McCord pass incomplete short left to M.Swinson.,https://pro.nfl.com/api/plays/summaryPlay?gameId=c66dfc69-5f68-11f1-b1d0-bb70a4640075&playId=2820
2026002,1,2843,FIELD_GOAL,"(4:32) T.Smack 38 yard field goal is GOOD, Center-C.Adomitis, Holder-D.Whelan.",https://pro.nfl.com/api/plays/summaryPlay?gameId=c66dfc69-5f68-11f1-b1d0-bb70a4640075&playId=2843
2026002,1,2873,TIMEOUT,Timeout at 04:28.,https://pro.nfl.com/api/plays/summaryPlay?gameId=c66dfc69-5f68-11f1-b1d0-bb70a4640075&playId=2873
2026002,1,2863,KICK_OFF,T.Smack kicks 64 yards from GB 35 to PIT 1. K.Wetjen to PIT 20 for 19 yards (M.Castles; S.Bartholomew).,https://pro.nfl.com/api/plays/summaryPlay?gameId=c66dfc69-5f68-11f1-b1d0-bb70a4640075&playId=2863
2026002,1,2893,RUSH,(4:21) K.Johnson up the middle to PIT 22 for 2 yards (T.Quinn; K.Welch).,https://pro.nfl.com/api/plays/summaryPlay?gameId=c66dfc69-5f68-11f1-b1d0-bb70a4640075&playId=2893
2026002,1,2915,RUSH,(3:38) K.Johnson right tackle to PIT 23 for 1 yard (K.Welch).,https://pro.nfl.com/api/plays/summaryPlay?gameId=c66dfc69-5f68-11f1-b1d0-bb70a4640075&playId=2915
2026002,1,2942,PASS,(2:59) (Shotgun) D.Allar pass short middle to K.Wetjen to GB 3 for 74 yards (S.Bartholomew; B.St-Juste). GB-A.Campbell was injured during the play.,https://pro.nfl.com/api/plays/summaryPlay?gameId=c66dfc69-5f68-11f1-b1d0-bb70a4640075&playId=2942
2026002,1,2982,TIMEOUT,Timeout at 02:38.,https://pro.nfl.com/api/plays/summaryPlay?gameId=c66dfc69-5f68-11f1-b1d0-bb70a4640075&playId=2982
2026002,1,2970,PASS,(2:34) D.Allar pass incomplete short right to R.Nowakowski.,https://pro.nfl.com/api/plays/summaryPlay?gameId=c66dfc69-5f68-11f1-b1d0-bb70a4640075&playId=2970
2026002,1,3002,RUSH,"(2:29) (Shotgun) D.Allar right end for 3 yards, TOUCHDOWN.",https://pro.nfl.com/api/plays/summaryPlay?gameId=c66dfc69-5f68-11f1-b1d0-bb70a4640075&playId=3002
2026002,1,3025,XP_KICK,"L.Marjan extra point is GOOD, Center-C.Kuntz, Holder-C.Johnston.",https://pro.nfl.com/api/plays/summaryPlay?gameId=c66dfc69-5f68-11f1-b1d0-bb70a4640075&playId=3025
2026002,1,3040,KICK_OFF,L.Marjan kicks 60 yards from PIT 35 to GB 5. J.Sturdivant pushed ob at GB 30 for 25 yards (D.Boykin).,https://pro.nfl.com/api/plays/summaryPlay?gameId=c66dfc69-5f68-11f1-b1d0-bb70a4640075&playId=3040
2026002,1,3068,PASS,(2:19) K.McCord pass short right to M.Swinson pushed ob at GB 34 for 4 yards (Ja.Davis).,https://pro.nfl.com/api/plays/summaryPlay?gameId=c66dfc69-5f68-11f1-b1d0-bb70a4640075&playId=3068
2026002,1,3098,PASS,(1:48) (Shotgun) K.McCord pass short right to J.Sturdivant to GB 42 for 8 yards (Ja.Davis).,https://pro.nfl.com/api/plays/summaryPlay?gameId=c66dfc69-5f68-11f1-b1d0-bb70a4640075&playId=3098
2026002,1,3133,RUSH,(1:11) K.McCord scrambles left end pushed ob at GB 45 for 3 yards (J.Welschof).,https://pro.nfl.com/api/plays/summaryPlay?gameId=c66dfc69-5f68-11f1-b1d0-bb70a4640075&playId=3133
2026002,1,3165,SACK,(:30) K.McCord sacked at GB 33 for -12 yards (I.Mukuamu).,https://pro.nfl.com/api/plays/summaryPlay?gameId=c66dfc69-5f68-11f1-b1d0-bb70a4640075&playId=3165
2026002,1,3185,END_QUARTER,END QUARTER 3,https://pro.nfl.com/api/plays/summaryPlay?gameId=c66dfc69-5f68-11f1-b1d0-bb70a4640075&playId=3185
2026002,1,3205,PASS,(15:00) (Shotgun) K.McCord pass short middle to J.Nixon to GB 39 for 6 yards (M.Harrison).,https://pro.nfl.com/api/plays/summaryPlay?gameId=c66dfc69-5f68-11f1-b1d0-bb70a4640075&playId=3205
2026002,1,3230,PUNT,"(14:22) D.Whelan punts 43 yards to PIT 18, Center-C.Adomitis. K.Wetjen to PIT 22 for 4 yards (C.Oliver).
PENALTY on PIT-I.Mukuamu, Illegal Blindside Block, 11 yards, enforced at PIT 22.",https://pro.nfl.com/api/plays/summaryPlay?gameId=c66dfc69-5f68-11f1-b1d0-bb70a4640075&playId=3230
2026002,1,3267,PASS,(14:12) (Shotgun) D.Allar pass short right to M.Hurleman to PIT 29 for 18 yards (J.Simpson).,https://pro.nfl.com/api/plays/summaryPlay?gameId=c66dfc69-5f68-11f1-b1d0-bb70a4640075&playId=3267
2026002,1,3292,PENALTY,"(13:25) D.Allar pass incomplete short left to L.Wentz.
PENALTY on GB-M.Devonshire, Defensive Pass Interference, 11 yards, enforced at PIT 29 - No Play.",https://pro.nfl.com/api/plays/summaryPlay?gameId=c66dfc69-5f68-11f1-b1d0-bb70a4640075&playId=3292
2026002,1,3326,RUSH,(13:19) E.Heidenreich left tackle to PIT 42 for 2 yards (N.Stackhouse).,https://pro.nfl.com/api/plays/summaryPlay?gameId=c66dfc69-5f68-11f1-b1d0-bb70a4640075&playId=3326
2026002,1,3348,PASS,(12:39) (Shotgun) D.Allar pass short left to L.Wentz to GB 49 for 9 yards (M.Devonshire).,https://pro.nfl.com/api/plays/summaryPlay?gameId=c66dfc69-5f68-11f1-b1d0-bb70a4640075&playId=3348
2026002,1,3373,PASS,(12:03) (Shotgun) D.Allar pass short middle to M.Hurleman to GB 28 for 21 yards (T.Dean).,https://pro.nfl.com/api/plays/summaryPlay?gameId=c66dfc69-5f68-11f1-b1d0-bb70a4640075&playId=3373
2026002,1,3398,PASS,(11:18) (Shotgun) D.Allar pass incomplete deep right to M.Hurleman.,https://pro.nfl.com/api/plays/summaryPlay?gameId=c66dfc69-5f68-11f1-b1d0-bb70a4640075&playId=3398
2026002,1,3421,PASS,(11:14) (Shotgun) D.Allar pass short right to L.McRee to GB 23 for 5 yards (S.Bartholomew).,https://pro.nfl.com/api/plays/summaryPlay?gameId=c66dfc69-5f68-11f1-b1d0-bb70a4640075&playId=3421
2026002,1,3446,PASS,(10:35) (Shotgun) D.Allar pass short right to M.Hurleman to GB 16 for 7 yards (T.Dean).,https://pro.nfl.com/api/plays/summaryPlay?gameId=c66dfc69-5f68-11f1-b1d0-bb70a4640075&playId=3446
2026002,1,3471,PASS,"(10:13) (No Huddle, Shotgun) D.Allar pass short right to L.McRee ran ob at GB 12 for 4 yards.",https://pro.nfl.com/api/plays/summaryPlay?gameId=c66dfc69-5f68-11f1-b1d0-bb70a4640075&playId=3471
2026002,1,3501,RUSH,(9:43) E.Heidenreich up the middle to GB 9 for 3 yards (J.Ford; K.Welch).,https://pro.nfl.com/api/plays/summaryPlay?gameId=c66dfc69-5f68-11f1-b1d0-bb70a4640075&playId=3501
2026002,1,3523,PENALTY,"(9:02) (Shotgun) D.Allar pass incomplete short left to K.Wetjen.
PENALTY on GB-S.Bartholomew, Defensive Holding, 4 yards, enforced at GB 9 - No Play.",https://pro.nfl.com/api/plays/summaryPlay?gameId=c66dfc69-5f68-11f1-b1d0-bb70a4640075&playId=3523
2026002,1,3546,PASS,"(8:55) (Shotgun) D.Allar pass short left to K.Wetjen for 5 yards, TOUCHDOWN.",https://pro.nfl.com/api/plays/summaryPlay?gameId=c66dfc69-5f68-11f1-b1d0-bb70a4640075&playId=3546
2026002,1,3584,XP_KICK,"L.Marjan extra point is GOOD, Center-C.Kuntz, Holder-C.Johnston.",https://pro.nfl.com/api/plays/summaryPlay?gameId=c66dfc69-5f68-11f1-b1d0-bb70a4640075&playId=3584
2026002,1,3609,TIMEOUT,Timeout at 08:51.,https://pro.nfl.com/api/plays/summaryPlay?gameId=c66dfc69-5f68-11f1-b1d0-bb70a4640075&playId=3609
2026002,1,3599,KICK_OFF,"L.Marjan kicks 61 yards from PIT 35 to GB 4. J.Nixon to GB 31 for 27 yards (M.Harrison).
PENALTY on GB-I.Neyor, Offensive Holding, 10 yards, enforced at GB 31.",https://pro.nfl.com/api/plays/summaryPlay?gameId=c66dfc69-5f68-11f1-b1d0-bb70a4640075&playId=3599
2026002,1,3640,RUSH,(8:43) (Shotgun) D.Martinez up the middle to GB 22 for 1 yard (G.Rubio; Ja.Davis).,https://pro.nfl.com/api/plays/summaryPlay?gameId=c66dfc69-5f68-11f1-b1d0-bb70a4640075&playId=3640
2026002,1,3662,SACK,(8:00) K.Drones sacked at GB 7 for -15 yards (Ja.Davis).,https://pro.nfl.com/api/plays/summaryPlay?gameId=c66dfc69-5f68-11f1-b1d0-bb70a4640075&playId=3662
2026002,1,3682,RUSH,(7:13) (Shotgun) D.Martinez up the middle to GB 9 for 2 yards (M.Harrison).,https://pro.nfl.com/api/plays/summaryPlay?gameId=c66dfc69-5f68-11f1-b1d0-bb70a4640075&playId=3682
2026002,1,3704,PUNT,"(6:32) D.Whelan punts 51 yards to PIT 40, Center-C.Adomitis. M.Hurleman to PIT 40 for no gain (S.Bartholomew; J.Sturdivant).",https://pro.nfl.com/api/plays/summaryPlay?gameId=c66dfc69-5f68-11f1-b1d0-bb70a4640075&playId=3704
2026002,1,3742,TIMEOUT,Timeout at 06:19.,https://pro.nfl.com/api/plays/summaryPlay?gameId=c66dfc69-5f68-11f1-b1d0-bb70a4640075&playId=3742
2026002,1,3730,RUSH,"(6:19) E.Heidenreich left tackle to PIT 41 for 1 yard (J.Crumedy).
PENALTY on GB-N.Stackhouse, Defensive Holding, 5 yards, enforced at PIT 41.",https://pro.nfl.com/api/plays/summaryPlay?gameId=c66dfc69-5f68-11f1-b1d0-bb70a4640075&playId=3730
2026002,1,3770,RUSH,(5:52) E.Heidenreich left tackle to PIT 49 for 3 yards (T.Quinn).,https://pro.nfl.com/api/plays/summaryPlay?gameId=c66dfc69-5f68-11f1-b1d0-bb70a4640075&playId=3770
2026002,1,3792,PASS,(5:17) D.Allar pass short right to Jo.Davis to GB 45 for 6 yards (M.Devonshire).,https://pro.nfl.com/api/plays/summaryPlay?gameId=c66dfc69-5f68-11f1-b1d0-bb70a4640075&playId=3792
2026002,1,3817,RUSH,(4:42) (Shotgun) E.Heidenreich up the middle to GB 44 for 1 yard (N.Kelly).,https://pro.nfl.com/api/plays/summaryPlay?gameId=c66dfc69-5f68-11f1-b1d0-bb70a4640075&playId=3817
2026002,1,3839,PASS,(4:02) (Shotgun) D.Allar pass incomplete short left to J.Keeney-James (J.Simpson).,https://pro.nfl.com/api/plays/summaryPlay?gameId=c66dfc69-5f68-11f1-b1d0-bb70a4640075&playId=3839
2026002,1,3862,RUSH,(3:59) E.Heidenreich left guard to GB 42 for 2 yards (J.Crumedy; C.Oliver).,https://pro.nfl.com/api/plays/summaryPlay?gameId=c66dfc69-5f68-11f1-b1d0-bb70a4640075&playId=3862
2026002,1,3884,RUSH,(3:10) (Shotgun) E.Heidenreich up the middle to GB 38 for 4 yards (C.Oliver; K.Welch).,https://pro.nfl.com/api/plays/summaryPlay?gameId=c66dfc69-5f68-11f1-b1d0-bb70a4640075&playId=3884
2026002,1,3906,PENALTY,"(2:26) (Shotgun) D.Allar pass incomplete deep left to M.Hurleman.
PENALTY on GB-J.Simpson, Defensive Pass Interference, 24 yards, enforced at GB 38 - No Play.",https://pro.nfl.com/api/plays/summaryPlay?gameId=c66dfc69-5f68-11f1-b1d0-bb70a4640075&playId=3906
2026002,1,3940,RUSH,(2:20) E.Heidenreich right end to GB 12 for 2 yards (A.Mosby).,https://pro.nfl.com/api/plays/summaryPlay?gameId=c66dfc69-5f68-11f1-b1d0-bb70a4640075&playId=3940
2026002,1,3974,TIMEOUT,Two-Minute Warning,https://pro.nfl.com/api/plays/summaryPlay?gameId=c66dfc69-5f68-11f1-b1d0-bb70a4640075&playId=3974
2026002,1,3962,RUSH,(2:00) (Shotgun) E.Heidenreich left guard to GB 9 for 3 yards (J.Crumedy; T.Dean).,https://pro.nfl.com/api/plays/summaryPlay?gameId=c66dfc69-5f68-11f1-b1d0-bb70a4640075&playId=3962
2026002,1,4003,TIMEOUT,Timeout #1 by GB at 01:55.,https://pro.nfl.com/api/plays/summaryPlay?gameId=c66dfc69-5f68-11f1-b1d0-bb70a4640075&playId=4003
2026002,1,3991,PENALTY,"(1:55) (Shotgun) D.Allar pass incomplete short middle to Jo.Davis (M.Devonshire).
PENALTY on GB-T.Dean, Defensive Holding, 5 yards, enforced at GB 9 - No Play.",https://pro.nfl.com/api/plays/summaryPlay?gameId=c66dfc69-5f68-11f1-b1d0-bb70a4640075&playId=3991
2026002,1,4032,PASS,"(1:51) D.Allar pass short left to R.Nowakowski for 4 yards, TOUCHDOWN.",https://pro.nfl.com/api/plays/summaryPlay?gameId=c66dfc69-5f68-11f1-b1d0-bb70a4640075&playId=4032
2026002,1,4058,XP_KICK,"L.Marjan extra point is GOOD, Center-C.Kuntz, Holder-C.Johnston.",https://pro.nfl.com/api/plays/summaryPlay?gameId=c66dfc69-5f68-11f1-b1d0-bb70a4640075&playId=4058
2026002,1,4083,TIMEOUT,Timeout at 01:46.,https://pro.nfl.com/api/plays/summaryPlay?gameId=c66dfc69-5f68-11f1-b1d0-bb70a4640075&playId=4083
2026002,1,4073,KICK_OFF,"L.Marjan kicks 65 yards from PIT 35 to end zone, Touchback to the GB 35.",https://pro.nfl.com/api/plays/summaryPlay?gameId=c66dfc69-5f68-11f1-b1d0-bb70a4640075&playId=4073
2026002,1,4097,SACK,(1:46) (Shotgun) K.Drones sacked at GB 31 for -4 yards (J.Welschof).,https://pro.nfl.com/api/plays/summaryPlay?gameId=c66dfc69-5f68-11f1-b1d0-bb70a4640075&playId=4097
2026002,1,4117,PASS,"(1:24) (No Huddle, Shotgun) K.Drones pass incomplete short left to K.Johnson.",https://pro.nfl.com/api/plays/summaryPlay?gameId=c66dfc69-5f68-11f1-b1d0-bb70a4640075&playId=4117
2026002,1,4140,SACK,(1:20) (Shotgun) K.Drones sacked at GB 24 for -7 yards (sack split by K.Baugh and Ja.Davis).,https://pro.nfl.com/api/plays/summaryPlay?gameId=c66dfc69-5f68-11f1-b1d0-bb70a4640075&playId=4140
2026002,1,4160,PUNT,"(:41) D.Whelan punts 49 yards to PIT 27, Center-C.Adomitis. M.Hurleman to PIT 36 for 9 yards (S.Bartholomew; M.Perry).
PENALTY on PIT-I.Mukuamu, Unnecessary Roughness, 13 yards, enforced at PIT 27.",https://pro.nfl.com/api/plays/summaryPlay?gameId=c66dfc69-5f68-11f1-b1d0-bb70a4640075&playId=4160
2026002,1,4197,RUSH,(:30) D.Allar kneels to PIT 13 for -1 yards.,https://pro.nfl.com/api/plays/summaryPlay?gameId=c66dfc69-5f68-11f1-b1d0-bb70a4640075&playId=4197
2026002,1,4219,END_GAME,END GAME,https://pro.nfl.com/api/plays/summaryPlay?gameId=c66dfc69-5f68-11f1-b1d0-bb70a4640075&playId=4219
2026003,1,1,GAME_START,GAME,https://pro.nfl.com/api/plays/summaryPlay?gameId=c66df6a7-5f68-11f1-b1d0-bb70a4640075&playId=1
2026003,1,41,KICK_OFF,E.McPherson kicks 64 yards from CIN 35 to DET 1. R.Blackshear to DET 29 for 28 yards (O.Burks; J.Newton).,https://pro.nfl.com/api/plays/summaryPlay?gameId=c66df6a7-5f68-11f1-b1d0-bb70a4640075&playId=41
2026003,1,64,PASS,(14:53) L.Altmyer pass short left to T.Conklin to DET 29 for no gain (K.Dugger).,https://pro.nfl.com/api/plays/summaryPlay?gameId=c66df6a7-5f68-11f1-b1d0-bb70a4640075&playId=64
2026003,1,89,RUSH,(14:21) J.Saylors up the middle to DET 36 for 7 yards (B.Mafe; J.Battle).,https://pro.nfl.com/api/plays/summaryPlay?gameId=c66df6a7-5f68-11f1-b1d0-bb70a4640075&playId=89
2026003,1,111,PASS,(13:43) (Shotgun) L.Altmyer pass short left to J.Saylors pushed ob at DET 44 for 8 yards (D.Knight).,https://pro.nfl.com/api/plays/summaryPlay?gameId=c66df6a7-5f68-11f1-b1d0-bb70a4640075&playId=111
2026003,1,141,PASS,"(13:16) L.Altmyer pass deep right to C.Wilson to CIN 33 for 23 yards (J.Battle).
Penalty on CIN-K.Jenkins, Defensive Offside, declined.",https://pro.nfl.com/api/plays/summaryPlay?gameId=c66df6a7-5f68-11f1-b1d0-bb70a4640075&playId=141
2026003,1,177,PASS,(12:51) (Shotgun) L.Altmyer pass short right intended for I.TeSlaa INTERCEPTED by J.Battle at CIN 25. J.Battle to CIN 26 for 1 yard (I.TeSlaa).,https://pro.nfl.com/api/plays/summaryPlay?gameId=c66df6a7-5f68-11f1-b1d0-bb70a4640075&playId=177
2026003,1,216,TIMEOUT,Timeout at 12:44.,https://pro.nfl.com/api/plays/summaryPlay?gameId=c66df6a7-5f68-11f1-b1d0-bb70a4640075&playId=216
2026003,1,204,RUSH,(12:44) C.Brown up the middle to CIN 31 for 5 yards (D.White).,https://pro.nfl.com/api/plays/summaryPlay?gameId=c66df6a7-5f68-11f1-b1d0-bb70a4640075&playId=204
2026003,1,233,PASS,(12:07) J.Burrow pass deep middle to J.Chase to CIN 47 for 16 yards (E.Rakestraw).,https://pro.nfl.com/api/plays/summaryPlay?gameId=c66df6a7-5f68-11f1-b1d0-bb70a4640075&playId=233
2026003,1,258,RUSH,(11:25) C.Brown left guard to DET 49 for 4 yards (D.White).,https://pro.nfl.com/api/plays/summaryPlay?gameId=c66df6a7-5f68-11f1-b1d0-bb70a4640075&playId=258
2026003,1,280,SACK,(10:43) J.Burrow sacked at CIN 42 for -9 yards (A.Hassanein).,https://pro.nfl.com/api/plays/summaryPlay?gameId=c66df6a7-5f68-11f1-b1d0-bb70a4640075&playId=280
2026003,1,300,PASS,(10:03) (Shotgun) J.Burrow pass short right to S.Perine to CIN 47 for 5 yards (A.Hassanein; T.Nowaske).,https://pro.nfl.com/api/plays/summaryPlay?gameId=c66df6a7-5f68-11f1-b1d0-bb70a4640075&playId=300
2026003,1,325,PUNT,"(9:30) R.Rehkow punts 49 yards to DET 4, Center-W.Wagner. G.Dortch to DET 12 for 8 yards (J.Giles-Harris; K.Dugger).",https://pro.nfl.com/api/plays/summaryPlay?gameId=c66df6a7-5f68-11f1-b1d0-bb70a4640075&playId=325
2026003,1,363,TIMEOUT,Timeout at 09:20.,https://pro.nfl.com/api/plays/summaryPlay?gameId=c66df6a7-5f68-11f1-b1d0-bb70a4640075&playId=363
2026003,1,351,RUSH,(9:20) J.Saylors up the middle to DET 14 for 2 yards (K.Jenkins; B.Mafe).,https://pro.nfl.com/api/plays/summaryPlay?gameId=c66df6a7-5f68-11f1-b1d0-bb70a4640075&playId=351
2026003,1,380,PENALTY,"(8:48) L.Altmyer pass short right to J.Saylors to DET 22 for 8 yards (B.Mafe).
PENALTY on DET-C.Mahogany, Ineligible Downfield Pass, 5 yards, enforced at DET 14 - No Play.",https://pro.nfl.com/api/plays/summaryPlay?gameId=c66df6a7-5f68-11f1-b1d0-bb70a4640075&playId=380
2026003,1,416,PASS,(8:25) (Shotgun) L.Altmyer pass incomplete short middle to G.Dortch (T.Slaton).,https://pro.nfl.com/api/plays/summaryPlay?gameId=c66df6a7-5f68-11f1-b1d0-bb70a4640075&playId=416
2026003,1,439,PASS,(8:20) (Shotgun) L.Altmyer pass incomplete deep right to I.TeSlaa.,https://pro.nfl.com/api/plays/summaryPlay?gameId=c66df6a7-5f68-11f1-b1d0-bb70a4640075&playId=439
2026003,1,462,PUNT,"(8:16) J.Fox punts 51 yards to CIN 40, Center-H.Hatten. C.Jones to CIN 40 for no gain (T.Reeder).
PENALTY on CIN-J.Newton, Offensive Holding, 10 yards, enforced at CIN 40.",https://pro.nfl.com/api/plays/summaryPlay?gameId=c66df6a7-5f68-11f1-b1d0-bb70a4640075&playId=462
2026003,1,511,TIMEOUT,Timeout at 08:05.,https://pro.nfl.com/api/plays/summaryPlay?gameId=c66df6a7-5f68-11f1-b1d0-bb70a4640075&playId=511
2026003,1,499,RUSH,(8:05) (Shotgun) C.Brown left tackle to CIN 35 for 5 yards (A.Lucas).,https://pro.nfl.com/api/plays/summaryPlay?gameId=c66df6a7-5f68-11f1-b1d0-bb70a4640075&playId=499
2026003,1,528,RUSH,(7:34) (Shotgun) C.Brown up the middle to CIN 38 for 3 yards (E.Rakestraw; C.Izien).,https://pro.nfl.com/api/plays/summaryPlay?gameId=c66df6a7-5f68-11f1-b1d0-bb70a4640075&playId=528
2026003,1,550,PASS,(6:56) (Shotgun) J.Burrow pass short right to D.Sample to CIN 40 for 2 yards (E.Rakestraw; T.Nowaske).,https://pro.nfl.com/api/plays/summaryPlay?gameId=c66df6a7-5f68-11f1-b1d0-bb70a4640075&playId=550
2026003,1,575,PASS,(6:20) J.Burrow pass short right to A.Iosivas pushed ob at CIN 49 for 9 yards (T.Harper).,https://pro.nfl.com/api/plays/summaryPlay?gameId=c66df6a7-5f68-11f1-b1d0-bb70a4640075&playId=575
2026003,1,605,RUSH,(5:45) S.Perine up the middle to DET 44 for 7 yards (C.Clark; N.Whiteside).,https://pro.nfl.com/api/plays/summaryPlay?gameId=c66df6a7-5f68-11f1-b1d0-bb70a4640075&playId=605
2026003,1,627,PASS,(5:06) (Shotgun) J.Burrow pass short right to S.Perine to DET 37 for 7 yards (E.Rakestraw; C.Izien).,https://pro.nfl.com/api/plays/summaryPlay?gameId=c66df6a7-5f68-11f1-b1d0-bb70a4640075&playId=627
2026003,1,652,RUSH,(4:29) C.Brown up the middle to DET 38 for -1 yards (T.Nowaske).,https://pro.nfl.com/api/plays/summaryPlay?gameId=c66df6a7-5f68-11f1-b1d0-bb70a4640075&playId=652
2026003,1,674,PASS,(3:52) (Shotgun) J.Burrow pass incomplete deep left to M.Gesicki [E.O'Neill].,https://pro.nfl.com/api/plays/summaryPlay?gameId=c66df6a7-5f68-11f1-b1d0-bb70a4640075&playId=674
2026003,1,697,FIELD_GOAL,"(3:45) E.McPherson 56 yard field goal is GOOD, Center-W.Wagner, Holder-R.Rehkow.",https://pro.nfl.com/api/plays/summaryPlay?gameId=c66df6a7-5f68-11f1-b1d0-bb70a4640075&playId=697
2026003,1,727,TIMEOUT,Timeout at 03:42.,https://pro.nfl.com/api/plays/summaryPlay?gameId=c66df6a7-5f68-11f1-b1d0-bb70a4640075&playId=727
2026003,1,717,KICK_OFF,E.McPherson kicks 60 yards from CIN 35 to DET 5. R.Blackshear to DET 31 for 26 yards (O.Burks; J.Giles-Harris). DET-A.Hassanein was injured during the play.,https://pro.nfl.com/api/plays/summaryPlay?gameId=c66df6a7-5f68-11f1-b1d0-bb70a4640075&playId=717
2026003,1,750,PASS,(3:35) L.Altmyer pass short right to J.Saylors pushed ob at DET 47 for 16 yards (D.Ivey).,https://pro.nfl.com/api/plays/summaryPlay?gameId=c66df6a7-5f68-11f1-b1d0-bb70a4640075&playId=750
2026003,1,784,PASS,(3:06) L.Altmyer pass short right to J.Meeks pushed ob at CIN 36 for 17 yards (P.Jules).,https://pro.nfl.com/api/plays/summaryPlay?gameId=c66df6a7-5f68-11f1-b1d0-bb70a4640075&playId=784
2026003,1,814,RUSH,(2:37) J.Saylors left tackle to CIN 34 for 2 yards (C.Johnson; M.Jackson).,https://pro.nfl.com/api/plays/summaryPlay?gameId=c66df6a7-5f68-11f1-b1d0-bb70a4640075&playId=814
2026003,1,836,PASS,(2:01) (Shotgun) L.Altmyer pass short middle to T.Conklin to CIN 29 for 5 yards (S.Bozeman; O.Burks).,https://pro.nfl.com/api/plays/summaryPlay?gameId=c66df6a7-5f68-11f1-b1d0-bb70a4640075&playId=836
2026003,1,861,RUSH,(1:23) (Shotgun) K.Robichaux up the middle to CIN 29 for no gain (O.Burks).,https://pro.nfl.com/api/plays/summaryPlay?gameId=c66df6a7-5f68-11f1-b1d0-bb70a4640075&playId=861
2026003,1,883,PASS,(:47) (Shotgun) L.Altmyer pass incomplete short left to I.TeSlaa (D.Ivey).,https://pro.nfl.com/api/plays/summaryPlay?gameId=c66df6a7-5f68-11f1-b1d0-bb70a4640075&playId=883
2026003,1,906,PASS,(:44) (Shotgun) J.Flacco pass incomplete short right to C.Young (E.Rakestraw).,https://pro.nfl.com/api/plays/summaryPlay?gameId=c66df6a7-5f68-11f1-b1d0-bb70a4640075&playId=906
2026003,1,929,RUSH,"(:40) (Shotgun) J.Flacco FUMBLES (Aborted) at CIN 25, and recovers at CIN 24. ** Injury Update: DET-A.Hassanein has returned to the game.",https://pro.nfl.com/api/plays/summaryPlay?gameId=c66df6a7-5f68-11f1-b1d0-bb70a4640075&playId=929
2026003,1,956,END_QUARTER,END QUARTER 1,https://pro.nfl.com/api/plays/summaryPlay?gameId=c66df6a7-5f68-11f1-b1d0-bb70a4640075&playId=956
2026003,1,976,PASS,(15:00) (Shotgun) J.Flacco pass deep left to C.Young to CIN 44 for 20 yards (T.Harper).,https://pro.nfl.com/api/plays/summaryPlay?gameId=c66df6a7-5f68-11f1-b1d0-bb70a4640075&playId=976
2026003,1,1004,PASS,"(14:19) J.Flacco pass incomplete deep left.
PENALTY on CIN-J.Flacco, Intentional Grounding, 10 yards, enforced at CIN 44.",https://pro.nfl.com/api/plays/summaryPlay?gameId=c66df6a7-5f68-11f1-b1d0-bb70a4640075&playId=1004
2026003,1,1038,PASS,(14:13) (Shotgun) J.Flacco pass short left to A.Iosivas ran ob at CIN 45 for 11 yards.,https://pro.nfl.com/api/plays/summaryPlay?gameId=c66df6a7-5f68-11f1-b1d0-bb70a4640075&playId=1038
2026003,1,1070,PASS,(13:45) (Shotgun) J.Flacco pass short left to C.Young ran ob at DET 47 for 8 yards.,https://pro.nfl.com/api/plays/summaryPlay?gameId=c66df6a7-5f68-11f1-b1d0-bb70a4640075&playId=1070
2026003,1,1100,RUSH,(13:14) T.Brooks up the middle to DET 45 for 2 yards (C.Smith).,https://pro.nfl.com/api/plays/summaryPlay?gameId=c66df6a7-5f68-11f1-b1d0-bb70a4640075&playId=1100
2026003,1,1122,RUSH,(12:40) (Shotgun) T.Brooks up the middle to DET 40 for 5 yards (T.Nowaske; D.White).,https://pro.nfl.com/api/plays/summaryPlay?gameId=c66df6a7-5f68-11f1-b1d0-bb70a4640075&playId=1122
2026003,1,1144,PASS,(12:03) J.Flacco pass short right to T.Brooks to DET 32 for 8 yards (E.Rakestraw). DET-E.Rakestraw was injured during the play.,https://pro.nfl.com/api/plays/summaryPlay?gameId=c66df6a7-5f68-11f1-b1d0-bb70a4640075&playId=1144
2026003,1,1184,TIMEOUT,Timeout at 11:51.,https://pro.nfl.com/api/plays/summaryPlay?gameId=c66df6a7-5f68-11f1-b1d0-bb70a4640075&playId=1184
2026003,1,1172,RUSH,(11:38) (Shotgun) K.Milton up the middle to DET 25 for 7 yards (T.Harper).,https://pro.nfl.com/api/plays/summaryPlay?gameId=c66df6a7-5f68-11f1-b1d0-bb70a4640075&playId=1172
2026003,1,1201,PASS,(10:55) (Shotgun) J.Flacco pass incomplete short left to T.Brooks.,https://pro.nfl.com/api/plays/summaryPlay?gameId=c66df6a7-5f68-11f1-b1d0-bb70a4640075&playId=1201
2026003,1,1224,RUSH,"(10:48) (Shotgun) J.Flacco Aborted. J.Bayer FUMBLES at DET 27, recovered by CIN-K.Milton at DET 30. K.Milton to DET 24 for 6 yards. FUMBLES, touched at DET 11, RECOVERED by DET-K.Abney at DET 10. K.Abney to DET 13 for 3 yards (J.Rivers).",https://pro.nfl.com/api/plays/summaryPlay?gameId=c66df6a7-5f68-11f1-b1d0-bb70a4640075&playId=1224
2026003,1,1274,TIMEOUT,Timeout at 10:37.,https://pro.nfl.com/api/plays/summaryPlay?gameId=c66df6a7-5f68-11f1-b1d0-bb70a4640075&playId=1274
2026003,1,1262,PENALTY,"(10:37) L.Altmyer pass incomplete short right to T.Gordon [L.Robinson].
PENALTY on DET-M.Frazier, Offensive Holding, 6 yards, enforced at DET 13 - No Play.",https://pro.nfl.com/api/plays/summaryPlay?gameId=c66df6a7-5f68-11f1-b1d0-bb70a4640075&playId=1262
2026003,1,1325,RUSH,"(10:31) L.Altmyer FUMBLES (Aborted) at DET 2, touched at DET 4, RECOVERED by CIN-C.Howell at DET 7.",https://pro.nfl.com/api/plays/summaryPlay?gameId=c66df6a7-5f68-11f1-b1d0-bb70a4640075&playId=1325
2026003,1,1359,RUSH,(10:21) T.Brooks up the middle to DET 4 for 3 yards (A.Hassanein).,https://pro.nfl.com/api/plays/summaryPlay?gameId=c66df6a7-5f68-11f1-b1d0-bb70a4640075&playId=1359
2026003,1,1381,PASS,"(9:40) (Shotgun) J.Flacco pass short right to J.Endries for 4 yards, TOUCHDOWN.",https://pro.nfl.com/api/plays/summaryPlay?gameId=c66df6a7-5f68-11f1-b1d0-bb70a4640075&playId=1381
2026003,1,1407,XP_KICK,"E.McPherson extra point is GOOD, Center-W.Wagner, Holder-R.Rehkow.",https://pro.nfl.com/api/plays/summaryPlay?gameId=c66df6a7-5f68-11f1-b1d0-bb70a4640075&playId=1407
2026003,1,1432,TIMEOUT,Timeout at 09:35.,https://pro.nfl.com/api/plays/summaryPlay?gameId=c66df6a7-5f68-11f1-b1d0-bb70a4640075&playId=1432
2026003,1,1422,KICK_OFF,E.McPherson kicks 65 yards from CIN 35 to DET 0. D.Lovett to DET 27 for 27 yards (J.Giles-Harris).,https://pro.nfl.com/api/plays/summaryPlay?gameId=c66df6a7-5f68-11f1-b1d0-bb70a4640075&playId=1422
2026003,1,1452,RUSH,(9:30) J.Saylors up the middle to DET 36 for 9 yards (C.Johnson).,https://pro.nfl.com/api/plays/summaryPlay?gameId=c66df6a7-5f68-11f1-b1d0-bb70a4640075&playId=1452
2026003,1,1474,RUSH,(8:54) J.Saylors right guard to DET 39 for 3 yards (K.Jenkins).,https://pro.nfl.com/api/plays/summaryPlay?gameId=c66df6a7-5f68-11f1-b1d0-bb70a4640075&playId=1474
2026003,1,1496,PASS,(8:11) J.Dobbs pass incomplete deep left to T.Gordon.,https://pro.nfl.com/api/plays/summaryPlay?gameId=c66df6a7-5f68-11f1-b1d0-bb70a4640075&playId=1496
2026003,1,1519,PASS,(8:05) (Shotgun) J.Dobbs pass short middle to D.Lovett to CIN 46 for 15 yards (D.Ivey).,https://pro.nfl.com/api/plays/summaryPlay?gameId=c66df6a7-5f68-11f1-b1d0-bb70a4640075&playId=1519
2026003,1,1544,RUSH,(7:32) K.Robichaux right tackle to CIN 42 for 4 yards (H.Cross; L.Robinson).,https://pro.nfl.com/api/plays/summaryPlay?gameId=c66df6a7-5f68-11f1-b1d0-bb70a4640075&playId=1544
2026003,1,1566,RUSH,(6:52) (Shotgun) J.Dobbs scrambles right end pushed ob at CIN 33 for 9 yards (C.Johnson).,https://pro.nfl.com/api/plays/summaryPlay?gameId=c66df6a7-5f68-11f1-b1d0-bb70a4640075&playId=1566
2026003,1,1593,PENALTY,"(6:20) J.Saylors right guard to CIN 18 for 15 yards (O.Burks).
PENALTY on DET-C.Mahogany, Offensive Holding, 10 yards, enforced at CIN 33 - No Play.",https://pro.nfl.com/api/plays/summaryPlay?gameId=c66df6a7-5f68-11f1-b1d0-bb70a4640075&playId=1593
2026003,1,1626,PENALTY,"(5:54) (Shotgun) J.Dobbs pass short left to D.Lovett to CIN 35 for 8 yards (O.Burks).
PENALTY on CIN-B.Lux, Illegal Contact, 5 yards, enforced at CIN 43 - No Play.",https://pro.nfl.com/api/plays/summaryPlay?gameId=c66df6a7-5f68-11f1-b1d0-bb70a4640075&playId=1626
2026003,1,1662,RUSH,(5:26) K.Robichaux up the middle to CIN 38 for no gain (K.Jenkins).,https://pro.nfl.com/api/plays/summaryPlay?gameId=c66df6a7-5f68-11f1-b1d0-bb70a4640075&playId=1662
2026003,1,1684,PASS,(4:47) J.Dobbs pass incomplete short right to J.Saylors.,https://pro.nfl.com/api/plays/summaryPlay?gameId=c66df6a7-5f68-11f1-b1d0-bb70a4640075&playId=1684
2026003,1,1707,SACK,(4:42) (Shotgun) J.Dobbs sacked at CIN 43 for -5 yards (K.Jenkins).,https://pro.nfl.com/api/plays/summaryPlay?gameId=c66df6a7-5f68-11f1-b1d0-bb70a4640075&playId=1707
2026003,1,1727,PUNT,"(3:57) J.Fox punts 38 yards to CIN 5, Center-H.Hatten, fair catch by C.Jones.
PENALTY on DET-T.Harper, Face Mask, 15 yards, enforced at CIN 5.",https://pro.nfl.com/api/plays/summaryPlay?gameId=c66df6a7-5f68-11f1-b1d0-bb70a4640075&playId=1727
2026003,1,1747,RUSH,(3:50) T.Brooks right guard to CIN 21 for 1 yard (E.Hunter).,https://pro.nfl.com/api/plays/summaryPlay?gameId=c66df6a7-5f68-11f1-b1d0-bb70a4640075&playId=1747
2026003,1,1781,PASS,(3:10) (Shotgun) J.Johnson pass incomplete short left to T.Brooks.,https://pro.nfl.com/api/plays/summaryPlay?gameId=c66df6a7-5f68-11f1-b1d0-bb70a4640075&playId=1781
2026003,1,1804,PASS,(3:07) (Shotgun) J.Johnson pass incomplete deep left to C.Jones (N.Whiteside).,https://pro.nfl.com/api/plays/summaryPlay?gameId=c66df6a7-5f68-11f1-b1d0-bb70a4640075&playId=1804
2026003,1,1827,PUNT,"(3:02) R.Rehkow punts 56 yards to DET 23, Center-W.Wagner. D.Lovett to DET 36 for 13 yards (W.Wagner; S.Heyward).",https://pro.nfl.com/api/plays/summaryPlay?gameId=c66df6a7-5f68-11f1-b1d0-bb70a4640075&playId=1827
2026003,1,1853,PASS,(2:50) J.Dobbs pass short right to J.Saylors to DET 40 for 4 yards (S.Bozeman; I.Foskey).,https://pro.nfl.com/api/plays/summaryPlay?gameId=c66df6a7-5f68-11f1-b1d0-bb70a4640075&playId=1853
2026003,1,1878,RUSH,(2:13) J.Saylors up the middle to DET 36 for -4 yards (S.Bozeman).,https://pro.nfl.com/api/plays/summaryPlay?gameId=c66df6a7-5f68-11f1-b1d0-bb70a4640075&playId=1878
2026003,1,1912,TIMEOUT,Two-Minute Warning,https://pro.nfl.com/api/plays/summaryPlay?gameId=c66df6a7-5f68-11f1-b1d0-bb70a4640075&playId=1912
2026003,1,1900,PENALTY,"(2:00) (Shotgun) J.Dobbs pass incomplete deep right to L.Jackson.
PENALTY on CIN-P.Jules, Defensive Pass Interference, 15 yards, enforced at DET 36 - No Play.",https://pro.nfl.com/api/plays/summaryPlay?gameId=c66df6a7-5f68-11f1-b1d0-bb70a4640075&playId=1900
2026003,1,1941,PASS,(1:56) (Shotgun) J.Dobbs pass incomplete short right to D.Lovett (B.Lux).,https://pro.nfl.com/api/plays/summaryPlay?gameId=c66df6a7-5f68-11f1-b1d0-bb70a4640075&playId=1941
2026003,1,1964,RUSH,(1:51) J.Saylors right guard to CIN 22 for 27 yards (C.Wright).,https://pro.nfl.com/api/plays/summaryPlay?gameId=c66df6a7-5f68-11f1-b1d0-bb70a4640075&playId=1964
2026003,1,1986,PENALTY,"(1:14) K.Robichaux left guard to CIN 15 for 7 yards (I.Foskey; H.Cross).
PENALTY on DET-M.Frazier, Offensive Holding, 10 yards, enforced at CIN 22 - No Play.",https://pro.nfl.com/api/plays/summaryPlay?gameId=c66df6a7-5f68-11f1-b1d0-bb70a4640075&playId=1986
2026003,1,2019,RUSH,(1:10) (Shotgun) K.Robichaux up the middle to CIN 31 for 1 yard (M.Jackson).,https://pro.nfl.com/api/plays/summaryPlay?gameId=c66df6a7-5f68-11f1-b1d0-bb70a4640075&playId=2019
2026003,1,2053,TIMEOUT,Timeout #1 by CIN at 01:04.,https://pro.nfl.com/api/plays/summaryPlay?gameId=c66df6a7-5f68-11f1-b1d0-bb70a4640075&playId=2053
2026003,1,2041,PASS,(1:04) (Shotgun) J.Dobbs pass incomplete deep left to J.Saylors (S.Bozeman).,https://pro.nfl.com/api/plays/summaryPlay?gameId=c66df6a7-5f68-11f1-b1d0-bb70a4640075&playId=2041
2026003,1,2071,PASS,"(:57) (Shotgun) J.Dobbs pass short right to T.Kennedy to CIN 11 for 20 yards (I.Foskey).
PENALTY on DET-M.Frazier, Offensive Holding, 10 yards, enforced at CIN 26.",https://pro.nfl.com/api/plays/summaryPlay?gameId=c66df6a7-5f68-11f1-b1d0-bb70a4640075&playId=2071
2026003,1,2107,PASS,(:50) (Shotgun) J.Dobbs pass short right to M.Cunningham to CIN 28 for 8 yards (S.Heyward).,https://pro.nfl.com/api/plays/summaryPlay?gameId=c66df6a7-5f68-11f1-b1d0-bb70a4640075&playId=2107
2026003,1,2144,TIMEOUT,Timeout #2 by CIN at 00:43.,https://pro.nfl.com/api/plays/summaryPlay?gameId=c66df6a7-5f68-11f1-b1d0-bb70a4640075&playId=2144
2026003,1,2132,FIELD_GOAL,"(:43) J.Bates 46 yard field goal is GOOD, NULLIFIED by Penalty, Center-H.Hatten, Holder-J.Fox.
PENALTY on CIN-M.Jackson, Illegal Formation, 5 yards, enforced at CIN 28 - No Play.",https://pro.nfl.com/api/plays/summaryPlay?gameId=c66df6a7-5f68-11f1-b1d0-bb70a4640075&playId=2132
2026003,1,2181,TIMEOUT,Timeout #1 by DET at 00:38.,https://pro.nfl.com/api/plays/summaryPlay?gameId=c66df6a7-5f68-11f1-b1d0-bb70a4640075&playId=2181
2026003,1,2169,FIELD_GOAL,"(:38) J.Bates 41 yard field goal is GOOD, Center-H.Hatten, Holder-J.Fox.",https://pro.nfl.com/api/plays/summaryPlay?gameId=c66df6a7-5f68-11f1-b1d0-bb70a4640075&playId=2169
2026003,1,2196,KICK_OFF,J.Bates kicks 60 yards from DET 35 to CIN 5. K.Williams to DET 47 for 48 yards (J.Bates).,https://pro.nfl.com/api/plays/summaryPlay?gameId=c66df6a7-5f68-11f1-b1d0-bb70a4640075&playId=2196
2026003,1,2219,RUSH,(:27) (Shotgun) G.Brightwell left guard to DET 44 for 3 yards (M.Wingo).,https://pro.nfl.com/api/plays/summaryPlay?gameId=c66df6a7-5f68-11f1-b1d0-bb70a4640075&playId=2219
2026003,1,2253,TIMEOUT,Timeout #3 by CIN at 00:23.,https://pro.nfl.com/api/plays/summaryPlay?gameId=c66df6a7-5f68-11f1-b1d0-bb70a4640075&playId=2253
2026003,1,2241,PASS,(:23) (Shotgun) J.Johnson pass incomplete short right to G.Brightwell [S.Gill-Howard]. DET-M.Wingo was injured during the play.,https://pro.nfl.com/api/plays/summaryPlay?gameId=c66df6a7-5f68-11f1-b1d0-bb70a4640075&playId=2241
2026003,1,2286,TIMEOUT,Timeout #2 by DET at 00:16.,https://pro.nfl.com/api/plays/summaryPlay?gameId=c66df6a7-5f68-11f1-b1d0-bb70a4640075&playId=2286
2026003,1,2271,PASS,(:16) (Shotgun) J.Johnson pass incomplete deep right to C.Young (T.Harper).,https://pro.nfl.com/api/plays/summaryPlay?gameId=c66df6a7-5f68-11f1-b1d0-bb70a4640075&playId=2271
2026003,1,2304,PASS,"(:11) (Shotgun) J.Johnson pass incomplete short middle [S.Gill-Howard].
PENALTY on CIN-J.Johnson, Intentional Grounding, 13 yards, enforced at DET 44.",https://pro.nfl.com/api/plays/summaryPlay?gameId=c66df6a7-5f68-11f1-b1d0-bb70a4640075&playId=2304
2026003,1,2338,RUSH,(:07) (Shotgun) J.Saylors right guard to CIN 34 for 9 yards (J.Giles-Harris).,https://pro.nfl.com/api/plays/summaryPlay?gameId=c66df6a7-5f68-11f1-b1d0-bb70a4640075&playId=2338
2026003,1,2372,TIMEOUT,Timeout #3 by DET at 00:01.,https://pro.nfl.com/api/plays/summaryPlay?gameId=c66df6a7-5f68-11f1-b1d0-bb70a4640075&playId=2372
2026003,1,2360,FIELD_GOAL,"(:01) J.Bates 52 yard field goal is GOOD, Center-H.Hatten, Holder-J.Fox.",https://pro.nfl.com/api/plays/summaryPlay?gameId=c66df6a7-5f68-11f1-b1d0-bb70a4640075&playId=2360
2026003,1,2387,END_QUARTER,END QUARTER 2,https://pro.nfl.com/api/plays/summaryPlay?gameId=c66df6a7-5f68-11f1-b1d0-bb70a4640075&playId=2387
2026003,1,2405,KICK_OFF,J.Bates kicks 60 yards from DET 35 to CIN 5. K.Williams to CIN 30 for 25 yards (D.Jackson).,https://pro.nfl.com/api/plays/summaryPlay?gameId=c66df6a7-5f68-11f1-b1d0-bb70a4640075&playId=2405
2026003,1,2428,RUSH,(14:56) K.Milton left tackle to CIN 29 for -1 yards (A.Ogbongbemiga).,https://pro.nfl.com/api/plays/summaryPlay?gameId=c66df6a7-5f68-11f1-b1d0-bb70a4640075&playId=2428
2026003,1,2450,PASS,(14:15) (Shotgun) J.Johnson pass incomplete short left to C.Jones (R.McCreary).,https://pro.nfl.com/api/plays/summaryPlay?gameId=c66df6a7-5f68-11f1-b1d0-bb70a4640075&playId=2450
2026003,1,2473,PASS,(14:12) (Shotgun) J.Johnson pass incomplete short right to T.Hudson [A.Hassanein].,https://pro.nfl.com/api/plays/summaryPlay?gameId=c66df6a7-5f68-11f1-b1d0-bb70a4640075&playId=2473
2026003,1,2496,PUNT,"(14:03) R.Rehkow punts -3 yards to DET 22, Center-W.Wagner. D.Lovett MUFFS catch, and recovers at DET 19. D.Lovett to DET 17 for -54 yards (J.Haynes).
PENALTY on DET-T.Harper, Illegal Block Above the Waist, 7 yards, enforced at DET 14.",https://pro.nfl.com/api/plays/summaryPlay?gameId=c66df6a7-5f68-11f1-b1d0-bb70a4640075&playId=2496
2026003,1,2545,TIMEOUT,Timeout at 13:53.,https://pro.nfl.com/api/plays/summaryPlay?gameId=c66df6a7-5f68-11f1-b1d0-bb70a4640075&playId=2545
2026003,1,2533,RUSH,(13:53) K.Robichaux up the middle to DET 10 for 3 yards (K.Jenkins; J.Giles-Harris).,https://pro.nfl.com/api/plays/summaryPlay?gameId=c66df6a7-5f68-11f1-b1d0-bb70a4640075&playId=2533
2026003,1,2576,PASS,(13:20) (Shotgun) L.Altmyer pass incomplete short left to D.Lovett.,https://pro.nfl.com/api/plays/summaryPlay?gameId=c66df6a7-5f68-11f1-b1d0-bb70a4640075&playId=2576
2026003,1,2599,PASS,(13:16) (Shotgun) L.Altmyer pass incomplete short right to D.Lovett (H.Cross).,https://pro.nfl.com/api/plays/summaryPlay?gameId=c66df6a7-5f68-11f1-b1d0-bb70a4640075&playId=2599
2026003,1,2630,PUNT,"(13:13) J.Fox punts 54 yards to CIN 36, Center-H.Hatten. D.Meyers to CIN 47 for 11 yards (J.Bachie).",https://pro.nfl.com/api/plays/summaryPlay?gameId=c66df6a7-5f68-11f1-b1d0-bb70a4640075&playId=2630
2026003,1,2668,TIMEOUT,Timeout at 13:02.,https://pro.nfl.com/api/plays/summaryPlay?gameId=c66df6a7-5f68-11f1-b1d0-bb70a4640075&playId=2668
2026003,1,2656,RUSH,(13:02) D.Meyers right end ran ob at DET 40 for 13 yards (K.Abney).,https://pro.nfl.com/api/plays/summaryPlay?gameId=c66df6a7-5f68-11f1-b1d0-bb70a4640075&playId=2656
2026003,1,2690,RUSH,(12:25) G.Brightwell right end pushed ob at DET 39 for 1 yard (K.Abney).,https://pro.nfl.com/api/plays/summaryPlay?gameId=c66df6a7-5f68-11f1-b1d0-bb70a4640075&playId=2690
2026003,1,2717,PENALTY,"(11:52) (Shotgun) J.Johnson pass short left to N.Thomas to DET 30 for 9 yards (K.Dorsey).
PENALTY on CIN-G.Brightwell, Illegal Formation, 5 yards, enforced at DET 39 - No Play.",https://pro.nfl.com/api/plays/summaryPlay?gameId=c66df6a7-5f68-11f1-b1d0-bb70a4640075&playId=2717
2026003,1,2765,TIMEOUT,Timeout #1 by CIN at 11:35.,https://pro.nfl.com/api/plays/summaryPlay?gameId=c66df6a7-5f68-11f1-b1d0-bb70a4640075&playId=2765
2026003,1,2753,PASS,(11:35) (Shotgun) J.Johnson pass short middle to N.Thomas to DET 41 for 3 yards (E.Hunter).,https://pro.nfl.com/api/plays/summaryPlay?gameId=c66df6a7-5f68-11f1-b1d0-bb70a4640075&playId=2753
2026003,1,2785,PASS,(10:57) (Shotgun) J.Johnson pass short middle to D.Meyers to DET 28 for 13 yards (K.Dorsey).,https://pro.nfl.com/api/plays/summaryPlay?gameId=c66df6a7-5f68-11f1-b1d0-bb70a4640075&playId=2785
2026003,1,2810,RUSH,(10:14) (Shotgun) K.Milton left end pushed ob at DET 26 for 2 yards (K.Dorsey).,https://pro.nfl.com/api/plays/summaryPlay?gameId=c66df6a7-5f68-11f1-b1d0-bb70a4640075&playId=2810
2026003,1,2837,PENALTY,"(9:37) (Shotgun) PENALTY on CIN-A.Coker, False Start, 5 yards, enforced at DET 26 - No Play.",https://pro.nfl.com/api/plays/summaryPlay?gameId=c66df6a7-5f68-11f1-b1d0-bb70a4640075&playId=2837
2026003,1,2861,RUSH,(9:17) (Shotgun) K.Milton up the middle to DET 27 for 4 yards (E.O'Neill; M.Adams).,https://pro.nfl.com/api/plays/summaryPlay?gameId=c66df6a7-5f68-11f1-b1d0-bb70a4640075&playId=2861
2026003,1,2883,PASS,(8:40) (Shotgun) J.Johnson pass short left to T.Hudson to DET 12 for 15 yards (A.Brown).,https://pro.nfl.com/api/plays/summaryPlay?gameId=c66df6a7-5f68-11f1-b1d0-bb70a4640075&playId=2883
2026003,1,2908,RUSH,(7:58) J.Johnson scrambles left end ran ob at DET 7 for 5 yards (L.Strickland). DET-L.Strickland was injured during the play.,https://pro.nfl.com/api/plays/summaryPlay?gameId=c66df6a7-5f68-11f1-b1d0-bb70a4640075&playId=2908
2026003,1,2935,PASS,(7:44) (Shotgun) J.Johnson pass incomplete short left to N.Thomas.,https://pro.nfl.com/api/plays/summaryPlay?gameId=c66df6a7-5f68-11f1-b1d0-bb70a4640075&playId=2935
2026003,1,2961,SACK,"(7:41) (Shotgun) J.Johnson sacked at DET 16 for -9 yards (A.Hassanein). FUMBLES (A.Hassanein), recovered by CIN-J.Rivers at DET 15.",https://pro.nfl.com/api/plays/summaryPlay?gameId=c66df6a7-5f68-11f1-b1d0-bb70a4640075&playId=2961
2026003,1,2991,FIELD_GOAL,"(6:58) E.McPherson 33 yard field goal is GOOD, Center-W.Wagner, Holder-R.Rehkow.",https://pro.nfl.com/api/plays/summaryPlay?gameId=c66df6a7-5f68-11f1-b1d0-bb70a4640075&playId=2991
2026003,1,3021,TIMEOUT,Timeout at 06:55.,https://pro.nfl.com/api/plays/summaryPlay?gameId=c66df6a7-5f68-11f1-b1d0-bb70a4640075&playId=3021
2026003,1,3011,KICK_OFF,E.McPherson kicks 63 yards from CIN 35 to DET 2. R.Blackshear to DET 26 for 24 yards (T.Hudson).,https://pro.nfl.com/api/plays/summaryPlay?gameId=c66df6a7-5f68-11f1-b1d0-bb70a4640075&playId=3011
2026003,1,3041,PASS,(6:50) L.Altmyer pass short right to Z.Horton to DET 28 for 2 yards (J.Giles-Harris).,https://pro.nfl.com/api/plays/summaryPlay?gameId=c66df6a7-5f68-11f1-b1d0-bb70a4640075&playId=3041
2026003,1,3066,PASS,(6:12) (Shotgun) L.Altmyer pass short left to Z.Horton to DET 31 for 3 yards (P.Jules).,https://pro.nfl.com/api/plays/summaryPlay?gameId=c66df6a7-5f68-11f1-b1d0-bb70a4640075&playId=3066
2026003,1,3091,RUSH,(5:36) (Shotgun) R.Blackshear right guard to CIN 45 for 24 yards (D.Anthony).,https://pro.nfl.com/api/plays/summaryPlay?gameId=c66df6a7-5f68-11f1-b1d0-bb70a4640075&playId=3091
2026003,1,3113,RUSH,(4:56) R.Blackshear up the middle to CIN 44 for 1 yard (S.Heyward; C.Johnson).,https://pro.nfl.com/api/plays/summaryPlay?gameId=c66df6a7-5f68-11f1-b1d0-bb70a4640075&playId=3113
2026003,1,3135,RUSH,(4:21) R.Blackshear left guard to CIN 43 for 1 yard (B.Lux).,https://pro.nfl.com/api/plays/summaryPlay?gameId=c66df6a7-5f68-11f1-b1d0-bb70a4640075&playId=3135
2026003,1,3157,RUSH,"(3:42) (Shotgun) L.Altmyer Aborted. M.Niese FUMBLES at CIN 47, recovered by DET-R.Blackshear at 50.",https://pro.nfl.com/api/plays/summaryPlay?gameId=c66df6a7-5f68-11f1-b1d0-bb70a4640075&playId=3157
2026003,1,3184,PUNT,"(3:04) J.Fox punts 38 yards to CIN 12, Center-H.Hatten, fair catch by D.Meyers.",https://pro.nfl.com/api/plays/summaryPlay?gameId=c66df6a7-5f68-11f1-b1d0-bb70a4640075&playId=3184
2026003,1,3216,TIMEOUT,Timeout at 02:57.,https://pro.nfl.com/api/plays/summaryPlay?gameId=c66df6a7-5f68-11f1-b1d0-bb70a4640075&playId=3216
2026003,1,3204,PASS,(2:57) J.Johnson pass short right to J.Kattus to CIN 16 for 4 yards (K.Abney).,https://pro.nfl.com/api/plays/summaryPlay?gameId=c66df6a7-5f68-11f1-b1d0-bb70a4640075&playId=3204
2026003,1,3236,RUSH,(2:21) (Shotgun) G.Brightwell right tackle to CIN 17 for 1 yard (A.Brown).,https://pro.nfl.com/api/plays/summaryPlay?gameId=c66df6a7-5f68-11f1-b1d0-bb70a4640075&playId=3236
2026003,1,3258,PASS,(1:48) (Shotgun) J.Johnson pass short left to D.Meyers to CIN 29 for 12 yards (K.Abney).,https://pro.nfl.com/api/plays/summaryPlay?gameId=c66df6a7-5f68-11f1-b1d0-bb70a4640075&playId=3258
2026003,1,3283,PASS,(1:13) J.Johnson pass short left to J.Endries to CIN 46 for 17 yards (T.Reeder).,https://pro.nfl.com/api/plays/summaryPlay?gameId=c66df6a7-5f68-11f1-b1d0-bb70a4640075&playId=3283
2026003,1,3308,PASS,(:28) J.Johnson pass short right to K.Milton to DET 47 for 7 yards (A.Ogbongbemiga; K.Abney).,https://pro.nfl.com/api/plays/summaryPlay?gameId=c66df6a7-5f68-11f1-b1d0-bb70a4640075&playId=3308
2026003,1,3333,END_QUARTER,END QUARTER 3,https://pro.nfl.com/api/plays/summaryPlay?gameId=c66df6a7-5f68-11f1-b1d0-bb70a4640075&playId=3333
2026003,1,3353,RUSH,(15:00) K.Milton up the middle to DET 45 for 2 yards (E.Hunter).,https://pro.nfl.com/api/plays/summaryPlay?gameId=c66df6a7-5f68-11f1-b1d0-bb70a4640075&playId=3353
2026003,1,3375,PASS,(14:16) J.Johnson pass short right to J.Endries to DET 41 for 4 yards (A.Brown).,https://pro.nfl.com/api/plays/summaryPlay?gameId=c66df6a7-5f68-11f1-b1d0-bb70a4640075&playId=3375
2026003,1,3400,PASS,(13:33) (Shotgun) J.Johnson pass short middle to D.Meyers to DET 37 for 4 yards (A.Brown).,https://pro.nfl.com/api/plays/summaryPlay?gameId=c66df6a7-5f68-11f1-b1d0-bb70a4640075&playId=3400
2026003,1,3425,RUSH,(12:56) (Shotgun) K.Milton right end to DET 34 for 3 yards (R.McCreary; T.Reeder). DET-A.Brown was injured during the play.,https://pro.nfl.com/api/plays/summaryPlay?gameId=c66df6a7-5f68-11f1-b1d0-bb70a4640075&playId=3425
2026003,1,3462,TIMEOUT,Timeout at 12:39.,https://pro.nfl.com/api/plays/summaryPlay?gameId=c66df6a7-5f68-11f1-b1d0-bb70a4640075&playId=3462
2026003,1,3450,PASS,(12:30) (Shotgun) J.Johnson pass short right to T.Hudson to DET 29 for 5 yards (E.Hunter).,https://pro.nfl.com/api/plays/summaryPlay?gameId=c66df6a7-5f68-11f1-b1d0-bb70a4640075&playId=3450
2026003,1,3482,PASS,"(12:10) (No Huddle, Shotgun) J.Johnson pass incomplete short left to D.Meyers (R.Cooper).
Detroit challenged the incomplete pass ruling, and the play was Upheld. The ruling on the field stands. (Timeout #1.)",https://pro.nfl.com/api/plays/summaryPlay?gameId=c66df6a7-5f68-11f1-b1d0-bb70a4640075&playId=3482
2026003,1,3517,RUSH,(12:04) G.Brightwell right end to DET 24 for 5 yards (R.McCreary). ** Injury Update: DET-A.Brown has returned to the game.,https://pro.nfl.com/api/plays/summaryPlay?gameId=c66df6a7-5f68-11f1-b1d0-bb70a4640075&playId=3517
2026003,1,3590,RUSH,(11:23) (Shotgun) J.Johnson scrambles left end to DET 23 for 1 yard (S.Gill-Howard).,https://pro.nfl.com/api/plays/summaryPlay?gameId=c66df6a7-5f68-11f1-b1d0-bb70a4640075&playId=3590
2026003,1,3612,FIELD_GOAL,"(10:35) E.McPherson 41 yard field goal is GOOD, Center-W.Wagner, Holder-R.Rehkow.",https://pro.nfl.com/api/plays/summaryPlay?gameId=c66df6a7-5f68-11f1-b1d0-bb70a4640075&playId=3612
2026003,1,3642,TIMEOUT,Timeout at 10:31.,https://pro.nfl.com/api/plays/summaryPlay?gameId=c66df6a7-5f68-11f1-b1d0-bb70a4640075&playId=3642
2026003,1,3632,KICK_OFF,E.McPherson kicks 62 yards from CIN 35 to DET 3. K.Robichaux to DET 29 for 26 yards (T.Hudson; L.Anderson).,https://pro.nfl.com/api/plays/summaryPlay?gameId=c66df6a7-5f68-11f1-b1d0-bb70a4640075&playId=3632
2026003,1,3665,PASS,(10:26) (Shotgun) L.Altmyer pass short right to T.Gordon to DET 34 for 5 yards (S.Heyward; J.Kimber).,https://pro.nfl.com/api/plays/summaryPlay?gameId=c66df6a7-5f68-11f1-b1d0-bb70a4640075&playId=3665
2026003,1,3690,PENALTY,"(9:53) (Shotgun) L.Altmyer pass deep left to T.Black pushed ob at CIN 31 for 35 yards (C.Wright).
PENALTY on DET-T.Black, Offensive Pass Interference, 10 yards, enforced at DET 34 - No Play.",https://pro.nfl.com/api/plays/summaryPlay?gameId=c66df6a7-5f68-11f1-b1d0-bb70a4640075&playId=3690
2026003,1,3726,PASS,(9:31) L.Altmyer pass incomplete deep left to T.Black.,https://pro.nfl.com/api/plays/summaryPlay?gameId=c66df6a7-5f68-11f1-b1d0-bb70a4640075&playId=3726
2026003,1,3749,SACK,(9:24) (Shotgun) L.Altmyer sacked at DET 12 for -12 yards (sack split by L.Robinson and A.Powell-Ryland).,https://pro.nfl.com/api/plays/summaryPlay?gameId=c66df6a7-5f68-11f1-b1d0-bb70a4640075&playId=3749
2026003,1,3769,PUNT,"(8:43) J.Fox punts 56 yards to CIN 32, Center-H.Hatten. K.Williams to CIN 39 for 7 yards (A.Brown).
PENALTY on CIN-J.Dingle, Illegal Block Above the Waist, 10 yards, enforced at CIN 39.",https://pro.nfl.com/api/plays/summaryPlay?gameId=c66df6a7-5f68-11f1-b1d0-bb70a4640075&playId=3769
2026003,1,3806,RUSH,(8:32) K.Williams right end to CIN 37 for 8 yards (T.Reeder; R.McCreary).,https://pro.nfl.com/api/plays/summaryPlay?gameId=c66df6a7-5f68-11f1-b1d0-bb70a4640075&playId=3806
2026003,1,3833,RUSH,(7:48) K.Bullock up the middle to CIN 43 for 6 yards (A.Lucas; A.Ogbongbemiga).,https://pro.nfl.com/api/plays/summaryPlay?gameId=c66df6a7-5f68-11f1-b1d0-bb70a4640075&playId=3833
2026003,1,3855,PASS,(7:08) S.Clifford pass incomplete short right.,https://pro.nfl.com/api/plays/summaryPlay?gameId=c66df6a7-5f68-11f1-b1d0-bb70a4640075&playId=3855
2026003,1,3878,PASS,(7:02) (Shotgun) S.Clifford pass short left to G.Brightwell to CIN 45 for 2 yards (A.Ogbongbemiga).,https://pro.nfl.com/api/plays/summaryPlay?gameId=c66df6a7-5f68-11f1-b1d0-bb70a4640075&playId=3878
2026003,1,3903,PASS,(6:22) (Shotgun) S.Clifford pass incomplete deep left to K.Williams.,https://pro.nfl.com/api/plays/summaryPlay?gameId=c66df6a7-5f68-11f1-b1d0-bb70a4640075&playId=3903
2026003,1,3926,PUNT,"(6:15) R.Rehkow punts 55 yards to end zone, Center-W.Wagner, Touchback.",https://pro.nfl.com/api/plays/summaryPlay?gameId=c66df6a7-5f68-11f1-b1d0-bb70a4640075&playId=3926
2026003,1,3944,RUSH,(6:09) K.Robichaux up the middle to DET 24 for 4 yards (J.Giles-Harris).,https://pro.nfl.com/api/plays/summaryPlay?gameId=c66df6a7-5f68-11f1-b1d0-bb70a4640075&playId=3944
2026003,1,3966,RUSH,(5:31) (Shotgun) K.Robichaux left guard to DET 37 for 13 yards (R.Yeast).,https://pro.nfl.com/api/plays/summaryPlay?gameId=c66df6a7-5f68-11f1-b1d0-bb70a4640075&playId=3966
2026003,1,3988,RUSH,(4:58) K.Robichaux left guard to DET 43 for 6 yards (J.Giles-Harris).,https://pro.nfl.com/api/plays/summaryPlay?gameId=c66df6a7-5f68-11f1-b1d0-bb70a4640075&playId=3988
2026003,1,4010,RUSH,(4:25) R.Blackshear left guard to DET 46 for 3 yards (L.Anderson; I.Foskey).,https://pro.nfl.com/api/plays/summaryPlay?gameId=c66df6a7-5f68-11f1-b1d0-bb70a4640075&playId=4010
2026003,1,4032,RUSH,(3:53) L.Altmyer up the middle to DET 47 for 1 yard (R.Yeast; H.Cross).,https://pro.nfl.com/api/plays/summaryPlay?gameId=c66df6a7-5f68-11f1-b1d0-bb70a4640075&playId=4032
2026003,1,4056,RUSH,"(3:29) (No Huddle, Shotgun) L.Altmyer Aborted. M.Niese FUMBLES at DET 43, recovered by DET-L.Altmyer at DET 41. L.Altmyer to DET 45 for 4 yards (J.Giles-Harris).",https://pro.nfl.com/api/plays/summaryPlay?gameId=c66df6a7-5f68-11f1-b1d0-bb70a4640075&playId=4056
2026003,1,4083,PASS,"(3:05) (No Huddle, Shotgun) L.Altmyer pass short left to T.Martin to CIN 41 for 14 yards (C.Wright).",https://pro.nfl.com/api/plays/summaryPlay?gameId=c66df6a7-5f68-11f1-b1d0-bb70a4640075&playId=4083
2026003,1,4108,RUSH,"(2:37) (No Huddle, Shotgun) R.Blackshear up the middle to CIN 37 for 4 yards (L.Anderson).",https://pro.nfl.com/api/plays/summaryPlay?gameId=c66df6a7-5f68-11f1-b1d0-bb70a4640075&playId=4108
2026003,1,4130,PASS,"(2:16) (No Huddle, Shotgun) L.Altmyer pass short right to D.Lovett to CIN 35 for 2 yards (B.Lux).",https://pro.nfl.com/api/plays/summaryPlay?gameId=c66df6a7-5f68-11f1-b1d0-bb70a4640075&playId=4130
2026003,1,4167,TIMEOUT,Two-Minute Warning,https://pro.nfl.com/api/plays/summaryPlay?gameId=c66df6a7-5f68-11f1-b1d0-bb70a4640075&playId=4167
2026003,1,4155,PASS,(2:00) (Shotgun) L.Altmyer pass short middle to D.Lovett to CIN 24 for 11 yards (J.Kimber).,https://pro.nfl.com/api/plays/summaryPlay?gameId=c66df6a7-5f68-11f1-b1d0-bb70a4640075&playId=4155
2026003,1,4187,PASS,"(1:40) (No Huddle, Shotgun) L.Altmyer pass incomplete deep right to D.Lovett. CIN-I.Foskey was injured during the play.",https://pro.nfl.com/api/plays/summaryPlay?gameId=c66df6a7-5f68-11f1-b1d0-bb70a4640075&playId=4187
2026003,1,4225,TIMEOUT,Timeout #2 by CIN at 01:35.,https://pro.nfl.com/api/plays/summaryPlay?gameId=c66df6a7-5f68-11f1-b1d0-bb70a4640075&playId=4225
2026003,1,4210,PASS,"(1:35) (Shotgun) L.Altmyer pass short right to T.Black for 24 yards, TOUCHDOWN [L.Robinson].",https://pro.nfl.com/api/plays/summaryPlay?gameId=c66df6a7-5f68-11f1-b1d0-bb70a4640075&playId=4210
2026003,1,4246,PAT2,TWO-POINT CONVERSION ATTEMPT. L.Altmyer rushes left end. ATTEMPT SUCCEEDS.,https://pro.nfl.com/api/plays/summaryPlay?gameId=c66df6a7-5f68-11f1-b1d0-bb70a4640075&playId=4246
2026003,1,4259,KICK_OFF,J.Bates kicks onside 12 yards from DET 35 to DET 47. N.Thomas (didn't try to advance) to DET 42 for 5 yards.,https://pro.nfl.com/api/plays/summaryPlay?gameId=c66df6a7-5f68-11f1-b1d0-bb70a4640075&playId=4259
2026003,1,4282,RUSH,(1:26) K.Milton left tackle to DET 39 for 3 yards (M.Adams).,https://pro.nfl.com/api/plays/summaryPlay?gameId=c66df6a7-5f68-11f1-b1d0-bb70a4640075&playId=4282
2026003,1,4316,TIMEOUT,Timeout #2 by DET at 01:22.,https://pro.nfl.com/api/plays/summaryPlay?gameId=c66df6a7-5f68-11f1-b1d0-bb70a4640075&playId=4316
2026003,1,4304,RUSH,(1:22) K.Milton up the middle to DET 37 for 2 yards (M.Adams; B.Stille).,https://pro.nfl.com/api/plays/summaryPlay?gameId=c66df6a7-5f68-11f1-b1d0-bb70a4640075&playId=4304
2026003,1,4345,TIMEOUT,Timeout #3 by DET at 01:18.,https://pro.nfl.com/api/plays/summaryPlay?gameId=c66df6a7-5f68-11f1-b1d0-bb70a4640075&playId=4345
2026003,1,4333,RUSH,"(1:18) K.Milton left guard to DET 38 for -1 yards (E.O'Neill, R.McCreary).",https://pro.nfl.com/api/plays/summaryPlay?gameId=c66df6a7-5f68-11f1-b1d0-bb70a4640075&playId=4333
2026003,1,4362,PENALTY,"(:32) (Run formation) PENALTY on CIN, Delay of Game, 5 yards, enforced at DET 38 - No Play.",https://pro.nfl.com/api/plays/summaryPlay?gameId=c66df6a7-5f68-11f1-b1d0-bb70a4640075&playId=4362
2026003,1,4386,PUNT,"(:32) R.Rehkow punts 34 yards to DET 9, Center-W.Wagner, fair catch by D.Lovett. ** Injury Update: CIN-I.Foskey has returned to the game.",https://pro.nfl.com/api/plays/summaryPlay?gameId=c66df6a7-5f68-11f1-b1d0-bb70a4640075&playId=4386
2026003,1,4406,PASS,"(:25) (Shotgun) L.Altmyer pass deep left intended for D.Lovett INTERCEPTED by R.Yeast at DET 36. R.Yeast pushed ob at DET 22 for 14 yards (T.Martin; K.Robichaux).
PENALTY on DET-T.Martin, Face Mask, 11 yards, enforced at DET 22.",https://pro.nfl.com/api/plays/summaryPlay?gameId=c66df6a7-5f68-11f1-b1d0-bb70a4640075&playId=4406
2026003,1,4454,RUSH,(:15) S.Clifford kneels to DET 12 for -1 yards.,https://pro.nfl.com/api/plays/summaryPlay?gameId=c66df6a7-5f68-11f1-b1d0-bb70a4640075&playId=4454
2026003,1,4477,END_GAME,END GAME,https://pro.nfl.com/api/plays/summaryPlay?gameId=c66df6a7-5f68-11f1-b1d0-bb70a4640075&playId=4477
2026004,1,1,GAME_START,GAME,https://pro.nfl.com/api/plays/summaryPlay?gameId=c66dfe7a-5f68-11f1-b1d0-bb70a4640075&playId=1
2026004,1,40,KICK_OFF,"B.Grupe kicks 65 yards from IND 35 to end zone, Touchback to the NE 35.",https://pro.nfl.com/api/plays/summaryPlay?gameId=c66dfe7a-5f68-11f1-b1d0-bb70a4640075&playId=40
2026004,1,57,RUSH,(15:00) J.Miller right tackle to NE 36 for 1 yard (B.Boettcher; M.Blackmon).,https://pro.nfl.com/api/plays/summaryPlay?gameId=c66dfe7a-5f68-11f1-b1d0-bb70a4640075&playId=57
2026004,1,79,PASS,(14:29) T.DeVito pass short right to M.Hollins pushed ob at NE 42 for 6 yards (M.Blackmon).,https://pro.nfl.com/api/plays/summaryPlay?gameId=c66dfe7a-5f68-11f1-b1d0-bb70a4640075&playId=79
2026004,1,109,PENALTY,"(13:58) (Shotgun) T.DeVito pass incomplete short right to K.Williams.
PENALTY on IND-M.Blackmon, Defensive Pass Interference, 9 yards, enforced at NE 42 - No Play.",https://pro.nfl.com/api/plays/summaryPlay?gameId=c66dfe7a-5f68-11f1-b1d0-bb70a4640075&playId=109
2026004,1,143,RUSH,(13:54) J.Miller left guard to IND 43 for 6 yards (C.Taylor-Britt).,https://pro.nfl.com/api/plays/summaryPlay?gameId=c66dfe7a-5f68-11f1-b1d0-bb70a4640075&playId=143
2026004,1,165,RUSH,(13:21) J.Miller left guard to IND 39 for 4 yards (A.Ajiake).,https://pro.nfl.com/api/plays/summaryPlay?gameId=c66dfe7a-5f68-11f1-b1d0-bb70a4640075&playId=165
2026004,1,187,PENALTY,"(12:42) (Shotgun) T.DeVito pass incomplete deep right to M.Hollins.
PENALTY on IND-M.Blackmon, Defensive Pass Interference, 11 yards, enforced at IND 39 - No Play.",https://pro.nfl.com/api/plays/summaryPlay?gameId=c66dfe7a-5f68-11f1-b1d0-bb70a4640075&playId=187
2026004,1,221,RUSH,(12:36) J.Miller left guard to IND 24 for 4 yards (A.Haulcy).,https://pro.nfl.com/api/plays/summaryPlay?gameId=c66dfe7a-5f68-11f1-b1d0-bb70a4640075&playId=221
2026004,1,243,PASS,(12:03) (Shotgun) T.DeVito pass incomplete short left to J.Miller.,https://pro.nfl.com/api/plays/summaryPlay?gameId=c66dfe7a-5f68-11f1-b1d0-bb70a4640075&playId=243
2026004,1,266,PASS,(12:00) (Shotgun) T.DeVito pass short right to E.Chism to IND 21 for 3 yards (A.Ajiake).,https://pro.nfl.com/api/plays/summaryPlay?gameId=c66dfe7a-5f68-11f1-b1d0-bb70a4640075&playId=266
2026004,1,291,FIELD_GOAL,"(11:19) A.Borregales 40 yard field goal is GOOD, Center-N.Lalos, Holder-B.Baringer.",https://pro.nfl.com/api/plays/summaryPlay?gameId=c66dfe7a-5f68-11f1-b1d0-bb70a4640075&playId=291
2026004,1,321,TIMEOUT,Timeout at 11:17.,https://pro.nfl.com/api/plays/summaryPlay?gameId=c66dfe7a-5f68-11f1-b1d0-bb70a4640075&playId=321
2026004,1,311,KICK_OFF,A.Borregales kicks 55 yards from NE 35 to IND 10. C.Owen to IND 38 for 28 yards (H.Haskins; K.Vildor).,https://pro.nfl.com/api/plays/summaryPlay?gameId=c66dfe7a-5f68-11f1-b1d0-bb70a4640075&playId=311
2026004,1,341,PASS,(11:12) A.Richardson pass incomplete short left to W.Mallory.,https://pro.nfl.com/api/plays/summaryPlay?gameId=c66dfe7a-5f68-11f1-b1d0-bb70a4640075&playId=341
2026004,1,364,PASS,(11:08) (Shotgun) A.Richardson pass short right to A.Ogletree to NE 45 for 17 yards (Q.Hutchins; J.Farmer).,https://pro.nfl.com/api/plays/summaryPlay?gameId=c66dfe7a-5f68-11f1-b1d0-bb70a4640075&playId=364
2026004,1,389,RUSH,(10:34) S.McGowan left guard to NE 36 for 9 yards (G.Jacas; K.Britt).,https://pro.nfl.com/api/plays/summaryPlay?gameId=c66dfe7a-5f68-11f1-b1d0-bb70a4640075&playId=389
2026004,1,411,RUSH,(9:57) (Shotgun) S.McGowan up the middle to NE 33 for 3 yards (Q.Hutchins).,https://pro.nfl.com/api/plays/summaryPlay?gameId=c66dfe7a-5f68-11f1-b1d0-bb70a4640075&playId=411
2026004,1,433,PASS,(9:17) (Shotgun) A.Richardson pass short right intended for C.Owen INTERCEPTED by K.Vildor at NE 33. K.Vildor to NE 33 for no gain (C.Owen).,https://pro.nfl.com/api/plays/summaryPlay?gameId=c66dfe7a-5f68-11f1-b1d0-bb70a4640075&playId=433
2026004,1,472,TIMEOUT,Timeout at 09:11.,https://pro.nfl.com/api/plays/summaryPlay?gameId=c66dfe7a-5f68-11f1-b1d0-bb70a4640075&playId=472
2026004,1,460,RUSH,(9:11) L.Larison left tackle to NE 35 for 2 yards (J.Tuimoloau).,https://pro.nfl.com/api/plays/summaryPlay?gameId=c66dfe7a-5f68-11f1-b1d0-bb70a4640075&playId=460
2026004,1,489,PASS,(8:37) (Shotgun) T.DeVito pass incomplete short middle to M.Hollins.,https://pro.nfl.com/api/plays/summaryPlay?gameId=c66dfe7a-5f68-11f1-b1d0-bb70a4640075&playId=489
2026004,1,512,PASS,(8:33) (Shotgun) T.DeVito pass incomplete deep right to M.Hollins.,https://pro.nfl.com/api/plays/summaryPlay?gameId=c66dfe7a-5f68-11f1-b1d0-bb70a4640075&playId=512
2026004,1,535,PUNT,"(8:28) B.Baringer punts 56 yards to IND 9, Center-N.Lalos, fair catch by C.Owen.",https://pro.nfl.com/api/plays/summaryPlay?gameId=c66dfe7a-5f68-11f1-b1d0-bb70a4640075&playId=535
2026004,1,581,TIMEOUT,Timeout at 08:21.,https://pro.nfl.com/api/plays/summaryPlay?gameId=c66dfe7a-5f68-11f1-b1d0-bb70a4640075&playId=581
2026004,1,569,RUSH,(8:21) S.McGowan right tackle to IND 9 for no gain (C.Muma; J.Saunders).,https://pro.nfl.com/api/plays/summaryPlay?gameId=c66dfe7a-5f68-11f1-b1d0-bb70a4640075&playId=569
2026004,1,598,RUSH,(7:45) (Shotgun) A.Richardson scrambles right end pushed ob at IND 16 for 7 yards (G.Jacas).,https://pro.nfl.com/api/plays/summaryPlay?gameId=c66dfe7a-5f68-11f1-b1d0-bb70a4640075&playId=598
2026004,1,625,PASS,(7:09) (Shotgun) A.Richardson pass short left to C.Owen to IND 17 for 1 yard (K.Prunty; C.Canada).,https://pro.nfl.com/api/plays/summaryPlay?gameId=c66dfe7a-5f68-11f1-b1d0-bb70a4640075&playId=625
2026004,1,650,PUNT,"(6:31) R.Sanchez punts 57 yards to NE 26, Center-L.Rhodes. K.Prentice to NE 34 for 8 yards (J.Owens; A.Ajiake).",https://pro.nfl.com/api/plays/summaryPlay?gameId=c66dfe7a-5f68-11f1-b1d0-bb70a4640075&playId=650
2026004,1,688,TIMEOUT,Timeout at 06:19.,https://pro.nfl.com/api/plays/summaryPlay?gameId=c66dfe7a-5f68-11f1-b1d0-bb70a4640075&playId=688
2026004,1,676,PENALTY,"(6:19) T.DeVito pass short right to E.Raridon to IND 42 for 24 yards (J.Owens; M.Blackmon).
PENALTY on NE-C.Lomu, Ineligible Downfield Pass, 5 yards, enforced at NE 34 - No Play.",https://pro.nfl.com/api/plays/summaryPlay?gameId=c66dfe7a-5f68-11f1-b1d0-bb70a4640075&playId=676
2026004,1,719,RUSH,"(5:59) J.Miller right tackle to NE 29 for no gain (J.Carlies, J.Tillery).",https://pro.nfl.com/api/plays/summaryPlay?gameId=c66dfe7a-5f68-11f1-b1d0-bb70a4640075&playId=719
2026004,1,741,PASS,"(5:27) (Shotgun) T.DeVito pass short right to L.Larison to NE 45 for 16 yards (A.Haulcy).
PENALTY on NE-E.Chism, Illegal Block Above the Waist, 10 yards, enforced at NE 42.",https://pro.nfl.com/api/plays/summaryPlay?gameId=c66dfe7a-5f68-11f1-b1d0-bb70a4640075&playId=741
2026004,1,777,PASS,(4:56) (Shotgun) T.DeVito pass deep middle to M.Hollins to 50 for 18 yards (M.Blackmon).,https://pro.nfl.com/api/plays/summaryPlay?gameId=c66dfe7a-5f68-11f1-b1d0-bb70a4640075&playId=777
2026004,1,802,RUSH,(4:19) J.Miller right guard to IND 47 for 3 yards (A.Ajiake; M.Blackmon).,https://pro.nfl.com/api/plays/summaryPlay?gameId=c66dfe7a-5f68-11f1-b1d0-bb70a4640075&playId=802
2026004,1,824,SACK,(3:43) T.DeVito sacked at IND 49 for -2 yards (G.Gumbs). NE-B.Brown was injured during the play.,https://pro.nfl.com/api/plays/summaryPlay?gameId=c66dfe7a-5f68-11f1-b1d0-bb70a4640075&playId=824
2026004,1,844,PASS,(3:06) (Shotgun) T.DeVito pass short right to E.Raridon pushed ob at IND 41 for 8 yards (A.Haulcy).,https://pro.nfl.com/api/plays/summaryPlay?gameId=c66dfe7a-5f68-11f1-b1d0-bb70a4640075&playId=844
2026004,1,877,RUSH,(2:36) (Shotgun) L.Larison right guard to IND 40 for 1 yard (M.Clemons).,https://pro.nfl.com/api/plays/summaryPlay?gameId=c66dfe7a-5f68-11f1-b1d0-bb70a4640075&playId=877
2026004,1,899,RUSH,"(2:02) L.Larison right end to IND 44 for -4 yards (M.Blackmon, B.Boettcher).",https://pro.nfl.com/api/plays/summaryPlay?gameId=c66dfe7a-5f68-11f1-b1d0-bb70a4640075&playId=899
2026004,1,921,PASS,(1:25) (Shotgun) T.DeVito pass short middle to L.Larison to IND 37 for 7 yards (A.Ajiake).,https://pro.nfl.com/api/plays/summaryPlay?gameId=c66dfe7a-5f68-11f1-b1d0-bb70a4640075&playId=921
2026004,1,946,PASS,(:48) (Shotgun) T.DeVito pass incomplete short left to E.Raridon (J.Carlies).,https://pro.nfl.com/api/plays/summaryPlay?gameId=c66dfe7a-5f68-11f1-b1d0-bb70a4640075&playId=946
2026004,1,969,FIELD_GOAL,"(:45) A.Borregales 56 yard field goal is No Good, Wide Left, Center-N.Lalos, Holder-B.Baringer.",https://pro.nfl.com/api/plays/summaryPlay?gameId=c66dfe7a-5f68-11f1-b1d0-bb70a4640075&playId=969
2026004,1,990,PASS,(:41) (Shotgun) A.Richardson pass deep left to N.Westbrook-Ikhine to NE 35 for 19 yards (C.Canada; M.Brown).,https://pro.nfl.com/api/plays/summaryPlay?gameId=c66dfe7a-5f68-11f1-b1d0-bb70a4640075&playId=990
2026004,1,1015,END_QUARTER,END QUARTER 1,https://pro.nfl.com/api/plays/summaryPlay?gameId=c66dfe7a-5f68-11f1-b1d0-bb70a4640075&playId=1015
2026004,1,1035,RUSH,(15:00) (Shotgun) A.Richardson left guard to NE 13 for 22 yards (D.Pettus).,https://pro.nfl.com/api/plays/summaryPlay?gameId=c66dfe7a-5f68-11f1-b1d0-bb70a4640075&playId=1035
2026004,1,1057,RUSH,(14:21) S.McGowan up the middle to NE 7 for 6 yards (L.Taylor).,https://pro.nfl.com/api/plays/summaryPlay?gameId=c66dfe7a-5f68-11f1-b1d0-bb70a4640075&playId=1057
2026004,1,1079,RUSH,(13:42) (Shotgun) A.Richardson left end ran ob at NE 1 for 6 yards (K.Prunty).,https://pro.nfl.com/api/plays/summaryPlay?gameId=c66dfe7a-5f68-11f1-b1d0-bb70a4640075&playId=1079
2026004,1,1101,RUSH,"(13:10) (Shotgun) S.McGowan up the middle to NE 1 for no gain (J.Pharms, J.Saunders). FUMBLES (J.Saunders), RECOVERED by NE-D.Pettus at NE 2.",https://pro.nfl.com/api/plays/summaryPlay?gameId=c66dfe7a-5f68-11f1-b1d0-bb70a4640075&playId=1101
2026004,1,1139,RUSH,(12:45) J.Miller up the middle to NE 2 for no gain (H.Wohler).,https://pro.nfl.com/api/plays/summaryPlay?gameId=c66dfe7a-5f68-11f1-b1d0-bb70a4640075&playId=1139
2026004,1,1161,PASS,(12:15) T.DeVito pass incomplete deep right to E.Raridon.,https://pro.nfl.com/api/plays/summaryPlay?gameId=c66dfe7a-5f68-11f1-b1d0-bb70a4640075&playId=1161
2026004,1,1184,RUSH,(12:09) (Shotgun) L.Larison left guard to NE 3 for 1 yard (A.Adebawore).,https://pro.nfl.com/api/plays/summaryPlay?gameId=c66dfe7a-5f68-11f1-b1d0-bb70a4640075&playId=1184
2026004,1,1206,PUNT,"(11:30) B.Baringer punts 53 yards to IND 44, Center-N.Lalos. C.Owen to NE 29 for 27 yards (K.Minor; M.Brown).",https://pro.nfl.com/api/plays/summaryPlay?gameId=c66dfe7a-5f68-11f1-b1d0-bb70a4640075&playId=1206
2026004,1,1232,RUSH,(11:16) U.Bentley right tackle to NE 31 for -2 yards (K.Britt).,https://pro.nfl.com/api/plays/summaryPlay?gameId=c66dfe7a-5f68-11f1-b1d0-bb70a4640075&playId=1232
2026004,1,1254,RUSH,"(10:39) (Shotgun) A.Richardson scrambles left end to NE 21 for 10 yards (K.Britt). FUMBLES (K.Britt), RECOVERED by NE-I.Iton at NE 18.  The fumble was assisted by replay.",https://pro.nfl.com/api/plays/summaryPlay?gameId=c66dfe7a-5f68-11f1-b1d0-bb70a4640075&playId=1254
2026004,1,1318,TIMEOUT,Timeout at 10:30.,https://pro.nfl.com/api/plays/summaryPlay?gameId=c66dfe7a-5f68-11f1-b1d0-bb70a4640075&playId=1318
2026004,1,1304,RUSH,(10:30) J.Miller left guard to NE 19 for 1 yard (J.Tillery; T.Washington).,https://pro.nfl.com/api/plays/summaryPlay?gameId=c66dfe7a-5f68-11f1-b1d0-bb70a4640075&playId=1304
2026004,1,1335,RUSH,(9:56) J.Miller right tackle to NE 25 for 6 yards (H.Wohler).,https://pro.nfl.com/api/plays/summaryPlay?gameId=c66dfe7a-5f68-11f1-b1d0-bb70a4640075&playId=1335
2026004,1,1357,PASS,"(9:21) (Shotgun) T.DeVito pass short right to L.Larison to NE 27 for 2 yards (J.Jones).
Penalty on NE-K.Williams, Offensive Pass Interference, declined.",https://pro.nfl.com/api/plays/summaryPlay?gameId=c66dfe7a-5f68-11f1-b1d0-bb70a4640075&playId=1357
2026004,1,1393,RUSH,(9:00) J.Miller up the middle to NE 30 for 3 yards (H.Wohler; J.Carlies).,https://pro.nfl.com/api/plays/summaryPlay?gameId=c66dfe7a-5f68-11f1-b1d0-bb70a4640075&playId=1393
2026004,1,1420,PENALTY,"(8:22) T.DeVito pass deep middle to C.Dorner to IND 22 for 48 yards (J.Edwards) [J.Tillery].
PENALTY on NE-J.Hudson, Ineligible Downfield Pass, 5 yards, enforced at NE 30 - No Play.",https://pro.nfl.com/api/plays/summaryPlay?gameId=c66dfe7a-5f68-11f1-b1d0-bb70a4640075&playId=1420
2026004,1,1456,PASS,(7:55) (Shotgun) T.DeVito pass short left to C.Dorner to NE 43 for 18 yards (J.Edwards; B.Boettcher).,https://pro.nfl.com/api/plays/summaryPlay?gameId=c66dfe7a-5f68-11f1-b1d0-bb70a4640075&playId=1456
2026004,1,1481,PASS,(7:16) (Shotgun) T.DeVito pass short right to E.Chism to NE 40 for -3 yards (R.Carter).,https://pro.nfl.com/api/plays/summaryPlay?gameId=c66dfe7a-5f68-11f1-b1d0-bb70a4640075&playId=1481
2026004,1,1506,PASS,(6:41) (Shotgun) T.DeVito pass short right to L.Larison to NE 49 for 9 yards (J.Jones).,https://pro.nfl.com/api/plays/summaryPlay?gameId=c66dfe7a-5f68-11f1-b1d0-bb70a4640075&playId=1506
2026004,1,1531,PASS,(6:00) (Shotgun) T.DeVito pass short right to E.Chism to IND 31 for 20 yards (J.Edwards).,https://pro.nfl.com/api/plays/summaryPlay?gameId=c66dfe7a-5f68-11f1-b1d0-bb70a4640075&playId=1531
2026004,1,1556,RUSH,(5:18) J.Miller left end pushed ob at IND 16 for 15 yards (D.Scott).,https://pro.nfl.com/api/plays/summaryPlay?gameId=c66dfe7a-5f68-11f1-b1d0-bb70a4640075&playId=1556
2026004,1,1583,PASS,(4:50) T.DeVito pass incomplete short right to E.Raridon.,https://pro.nfl.com/api/plays/summaryPlay?gameId=c66dfe7a-5f68-11f1-b1d0-bb70a4640075&playId=1583
2026004,1,1606,RUSH,(4:45) (Shotgun) J.Miller left tackle to IND 12 for 4 yards (D.Nnadi).,https://pro.nfl.com/api/plays/summaryPlay?gameId=c66dfe7a-5f68-11f1-b1d0-bb70a4640075&playId=1606
2026004,1,1628,PASS,"(4:07) (Shotgun) T.DeVito pass short left to K.Williams for 12 yards, TOUCHDOWN.",https://pro.nfl.com/api/plays/summaryPlay?gameId=c66dfe7a-5f68-11f1-b1d0-bb70a4640075&playId=1628
2026004,1,1654,XP_KICK,"A.Borregales extra point is GOOD, Center-N.Lalos, Holder-B.Baringer.",https://pro.nfl.com/api/plays/summaryPlay?gameId=c66dfe7a-5f68-11f1-b1d0-bb70a4640075&playId=1654
2026004,1,1679,TIMEOUT,Timeout at 04:03.,https://pro.nfl.com/api/plays/summaryPlay?gameId=c66dfe7a-5f68-11f1-b1d0-bb70a4640075&playId=1679
2026004,1,1669,KICK_OFF,A.Borregales kicks 60 yards from NE 35 to IND 5. C.Owen to IND 31 for 26 yards (G.Jacas).,https://pro.nfl.com/api/plays/summaryPlay?gameId=c66dfe7a-5f68-11f1-b1d0-bb70a4640075&playId=1669
2026004,1,1702,RUSH,(3:59) U.Bentley right guard to IND 33 for 2 yards (E.Gregory).,https://pro.nfl.com/api/plays/summaryPlay?gameId=c66dfe7a-5f68-11f1-b1d0-bb70a4640075&playId=1702
2026004,1,1724,PASS,(3:22) (Shotgun) A.Richardson pass short middle to D.Montgomery to IND 46 for 13 yards (C.Canada).,https://pro.nfl.com/api/plays/summaryPlay?gameId=c66dfe7a-5f68-11f1-b1d0-bb70a4640075&playId=1724
2026004,1,1749,PASS,(2:44) A.Richardson pass short right to W.Mallory to NE 36 for 18 yards (M.Brown).,https://pro.nfl.com/api/plays/summaryPlay?gameId=c66dfe7a-5f68-11f1-b1d0-bb70a4640075&playId=1749
2026004,1,1774,PASS,(2:02) A.Richardson pass deep right to W.Mallory to NE 17 for 19 yards (D.Pettus; M.Brown).,https://pro.nfl.com/api/plays/summaryPlay?gameId=c66dfe7a-5f68-11f1-b1d0-bb70a4640075&playId=1774
2026004,1,1811,TIMEOUT,Two-Minute Warning,https://pro.nfl.com/api/plays/summaryPlay?gameId=c66dfe7a-5f68-11f1-b1d0-bb70a4640075&playId=1811
2026004,1,1799,RUSH,(1:52) (Shotgun) A.Richardson right end ran ob at NE 10 for 7 yards (C.Muma).,https://pro.nfl.com/api/plays/summaryPlay?gameId=c66dfe7a-5f68-11f1-b1d0-bb70a4640075&playId=1799
2026004,1,1836,PASS,"(1:47) (Shotgun) A.Richardson pass short right to U.Bentley for 10 yards, TOUCHDOWN.
The Replay Official reviewed the runner broke the plane ruling, and the play was REVERSED.
(Shotgun) A.Richardson pass short right to U.Bentley to NE 1 for 9 yards (D.Pettus; C.Canada).  10-second runoff.",https://pro.nfl.com/api/plays/summaryPlay?gameId=c66dfe7a-5f68-11f1-b1d0-bb70a4640075&playId=1836
2026004,1,1892,RUSH,"(1:09) A.Richardson up the middle for 1 yard, TOUCHDOWN.",https://pro.nfl.com/api/plays/summaryPlay?gameId=c66dfe7a-5f68-11f1-b1d0-bb70a4640075&playId=1892
2026004,1,1930,XP_KICK,"B.Grupe extra point is GOOD, Center-L.Rhodes, Holder-R.Sanchez.",https://pro.nfl.com/api/plays/summaryPlay?gameId=c66dfe7a-5f68-11f1-b1d0-bb70a4640075&playId=1930
2026004,1,1945,KICK_OFF,B.Grupe kicks 60 yards from IND 35 to NE 5. C.Canada to NE 32 for 27 yards (D.Montgomery).,https://pro.nfl.com/api/plays/summaryPlay?gameId=c66dfe7a-5f68-11f1-b1d0-bb70a4640075&playId=1945
2026004,1,1968,PASS,(:59) (Shotgun) T.DeVito pass deep left to K.Williams pushed ob at IND 43 for 25 yards (T.Washington) [M.Clemons].,https://pro.nfl.com/api/plays/summaryPlay?gameId=c66dfe7a-5f68-11f1-b1d0-bb70a4640075&playId=1968
2026004,1,1998,PASS,(:51) (Shotgun) T.DeVito pass incomplete deep left to K.Williams.,https://pro.nfl.com/api/plays/summaryPlay?gameId=c66dfe7a-5f68-11f1-b1d0-bb70a4640075&playId=1998
2026004,1,2021,PASS,(:45) (Shotgun) T.DeVito pass incomplete short middle to K.Prentice (R.Carter).,https://pro.nfl.com/api/plays/summaryPlay?gameId=c66dfe7a-5f68-11f1-b1d0-bb70a4640075&playId=2021
2026004,1,2044,PASS,(:41) (Shotgun) T.DeVito pass incomplete short left to T.Palmer.,https://pro.nfl.com/api/plays/summaryPlay?gameId=c66dfe7a-5f68-11f1-b1d0-bb70a4640075&playId=2044
2026004,1,2067,PUNT,"(:37) B.Baringer punts 35 yards to IND 8, Center-N.Lalos, downed by NE-K.Jacobs.",https://pro.nfl.com/api/plays/summaryPlay?gameId=c66dfe7a-5f68-11f1-b1d0-bb70a4640075&playId=2067
2026004,1,2087,PASS,(:28) (Shotgun) A.Richardson pass short right to C.Owen to IND 24 for 16 yards (K.Jacobs; C.Canada).,https://pro.nfl.com/api/plays/summaryPlay?gameId=c66dfe7a-5f68-11f1-b1d0-bb70a4640075&playId=2087
2026004,1,2124,TIMEOUT,Timeout #1 by IND at 00:23.,https://pro.nfl.com/api/plays/summaryPlay?gameId=c66dfe7a-5f68-11f1-b1d0-bb70a4640075&playId=2124
2026004,1,2112,PASS,(:23) (Shotgun) A.Richardson pass short right to E.Pancol to IND 35 for 11 yards (C.Canada).,https://pro.nfl.com/api/plays/summaryPlay?gameId=c66dfe7a-5f68-11f1-b1d0-bb70a4640075&playId=2112
2026004,1,2156,TIMEOUT,Timeout #2 by IND at 00:18.,https://pro.nfl.com/api/plays/summaryPlay?gameId=c66dfe7a-5f68-11f1-b1d0-bb70a4640075&playId=2156
2026004,1,2144,PASS,(:18) (Shotgun) A.Richardson pass short right to W.Mallory pushed ob at 50 for 15 yards (C.Muma).,https://pro.nfl.com/api/plays/summaryPlay?gameId=c66dfe7a-5f68-11f1-b1d0-bb70a4640075&playId=2144
2026004,1,2181,PASS,(:13) (Shotgun) A.Richardson pass incomplete short right to C.Owen.,https://pro.nfl.com/api/plays/summaryPlay?gameId=c66dfe7a-5f68-11f1-b1d0-bb70a4640075&playId=2181
2026004,1,2204,PASS,(:10) (Shotgun) A.Richardson pass short middle to E.Pancol to NE 43 for 7 yards (D.Pettus).,https://pro.nfl.com/api/plays/summaryPlay?gameId=c66dfe7a-5f68-11f1-b1d0-bb70a4640075&playId=2204
2026004,1,2242,TIMEOUT,Timeout #3 by IND at 00:04.,https://pro.nfl.com/api/plays/summaryPlay?gameId=c66dfe7a-5f68-11f1-b1d0-bb70a4640075&playId=2242
2026004,1,2230,FIELD_GOAL,"(:04) B.Grupe 61 yard field goal is No Good, Wide Right, Center-L.Rhodes, Holder-R.Sanchez.",https://pro.nfl.com/api/plays/summaryPlay?gameId=c66dfe7a-5f68-11f1-b1d0-bb70a4640075&playId=2230
2026004,1,2259,END_QUARTER,END QUARTER 2,https://pro.nfl.com/api/plays/summaryPlay?gameId=c66dfe7a-5f68-11f1-b1d0-bb70a4640075&playId=2259
2026004,1,2279,KICK_OFF,"A.Borregales kicks 61 yards from NE 35 to IND 4. S.McGowan to IND 43 for 39 yards (K.Prunty).
PENALTY on IND-W.Weeks, Offensive Holding, 10 yards, enforced at IND 30.",https://pro.nfl.com/api/plays/summaryPlay?gameId=c66dfe7a-5f68-11f1-b1d0-bb70a4640075&playId=2279
2026004,1,2318,PASS,(14:53) R.Leonard pass short right to W.Mallory pushed ob at IND 29 for 9 yards (K.Minor; N.Obiazor) [J.Luketa].,https://pro.nfl.com/api/plays/summaryPlay?gameId=c66dfe7a-5f68-11f1-b1d0-bb70a4640075&playId=2318
2026004,1,2348,RUSH,(14:21) A.Castle right guard to IND 31 for 2 yards (K.Jacobs).,https://pro.nfl.com/api/plays/summaryPlay?gameId=c66dfe7a-5f68-11f1-b1d0-bb70a4640075&playId=2348
2026004,1,2370,PASS,(13:44) (Shotgun) R.Leonard pass deep middle intended for E.Pancol INTERCEPTED by J.Saunders [E.Gregory] at NE 31. J.Saunders to IND 43 for 26 yards (P.Brown).,https://pro.nfl.com/api/plays/summaryPlay?gameId=c66dfe7a-5f68-11f1-b1d0-bb70a4640075&playId=2370
2026004,1,2409,TIMEOUT,Timeout at 13:33.,https://pro.nfl.com/api/plays/summaryPlay?gameId=c66dfe7a-5f68-11f1-b1d0-bb70a4640075&playId=2409
2026004,1,2397,RUSH,(13:33) J.Miller left tackle to IND 38 for 5 yards (D.Nnadi).,https://pro.nfl.com/api/plays/summaryPlay?gameId=c66dfe7a-5f68-11f1-b1d0-bb70a4640075&playId=2397
2026004,1,2426,RUSH,(13:01) J.Miller up the middle to IND 35 for 3 yards (C.Wooden; J.Carlies).,https://pro.nfl.com/api/plays/summaryPlay?gameId=c66dfe7a-5f68-11f1-b1d0-bb70a4640075&playId=2426
2026004,1,2448,RUSH,(12:25) L.Larison right guard to IND 34 for 1 yard (C.Curry; C.Wooden).,https://pro.nfl.com/api/plays/summaryPlay?gameId=c66dfe7a-5f68-11f1-b1d0-bb70a4640075&playId=2448
2026004,1,2488,TIMEOUT,Timeout #1 by NE at 11:42.,https://pro.nfl.com/api/plays/summaryPlay?gameId=c66dfe7a-5f68-11f1-b1d0-bb70a4640075&playId=2488
2026004,1,2470,FIELD_GOAL,"(11:42) A.Borregales 52 yard field goal is GOOD, Center-N.Lalos, Holder-B.Baringer.",https://pro.nfl.com/api/plays/summaryPlay?gameId=c66dfe7a-5f68-11f1-b1d0-bb70a4640075&playId=2470
2026004,1,2509,TIMEOUT,Timeout at 11:38.,https://pro.nfl.com/api/plays/summaryPlay?gameId=c66dfe7a-5f68-11f1-b1d0-bb70a4640075&playId=2509
2026004,1,2499,KICK_OFF,"A.Borregales kicks 60 yards from NE 35 to IND 5. D.Burks to IND 30 for 25 yards (G.Jacas).
PENALTY on IND-J.Thomas, Illegal Block Above the Waist, 10 yards, enforced at IND 30.",https://pro.nfl.com/api/plays/summaryPlay?gameId=c66dfe7a-5f68-11f1-b1d0-bb70a4640075&playId=2499
2026004,1,2540,RUSH,(11:31) A.Castle right tackle to IND 25 for 5 yards (K.Jacobs).,https://pro.nfl.com/api/plays/summaryPlay?gameId=c66dfe7a-5f68-11f1-b1d0-bb70a4640075&playId=2540
2026004,1,2562,RUSH,(10:56) A.Castle right tackle to IND 26 for 1 yard (N.Obiazor).,https://pro.nfl.com/api/plays/summaryPlay?gameId=c66dfe7a-5f68-11f1-b1d0-bb70a4640075&playId=2562
2026004,1,2584,SACK,(10:19) (Shotgun) R.Leonard sacked at IND 14 for -12 yards (J.Farmer).,https://pro.nfl.com/api/plays/summaryPlay?gameId=c66dfe7a-5f68-11f1-b1d0-bb70a4640075&playId=2584
2026004,1,2604,PUNT,"(9:34) R.Sanchez punts 52 yards to NE 34, Center-L.Rhodes. K.Prentice to NE 39 for 5 yards (C.Taylor-Britt).",https://pro.nfl.com/api/plays/summaryPlay?gameId=c66dfe7a-5f68-11f1-b1d0-bb70a4640075&playId=2604
2026004,1,2642,TIMEOUT,Timeout at 09:21.,https://pro.nfl.com/api/plays/summaryPlay?gameId=c66dfe7a-5f68-11f1-b1d0-bb70a4640075&playId=2642
2026004,1,2630,RUSH,(9:21) (Shotgun) H.Haskins right guard to NE 43 for 4 yards (T.Washington; D.Scott).,https://pro.nfl.com/api/plays/summaryPlay?gameId=c66dfe7a-5f68-11f1-b1d0-bb70a4640075&playId=2630
2026004,1,2659,RUSH,(8:45) (Shotgun) H.Haskins left guard to NE 45 for 2 yards (R.Carter).,https://pro.nfl.com/api/plays/summaryPlay?gameId=c66dfe7a-5f68-11f1-b1d0-bb70a4640075&playId=2659
2026004,1,2681,PASS,(8:14) (Shotgun) B.Morton pass short right to K.Prentice to IND 42 for 13 yards (R.Carter).,https://pro.nfl.com/api/plays/summaryPlay?gameId=c66dfe7a-5f68-11f1-b1d0-bb70a4640075&playId=2681
2026004,1,2706,RUSH,(7:40) H.Haskins left tackle to IND 38 for 4 yards (A.Adebawore; C.Curry).,https://pro.nfl.com/api/plays/summaryPlay?gameId=c66dfe7a-5f68-11f1-b1d0-bb70a4640075&playId=2706
2026004,1,2728,RUSH,(7:04) (Shotgun) B.Morton scrambles left guard to IND 37 for 1 yard (G.Gumbs).,https://pro.nfl.com/api/plays/summaryPlay?gameId=c66dfe7a-5f68-11f1-b1d0-bb70a4640075&playId=2728
2026004,1,2750,PASS,(6:29) (Shotgun) B.Morton pass incomplete short left to K.Prentice [C.Curry].,https://pro.nfl.com/api/plays/summaryPlay?gameId=c66dfe7a-5f68-11f1-b1d0-bb70a4640075&playId=2750
2026004,1,2773,FIELD_GOAL,"(6:25) A.Borregales 55 yard field goal is No Good, Wide Left, Center-N.Lalos, Holder-B.Baringer.",https://pro.nfl.com/api/plays/summaryPlay?gameId=c66dfe7a-5f68-11f1-b1d0-bb70a4640075&playId=2773
2026004,1,2806,TIMEOUT,Timeout at 06:20.,https://pro.nfl.com/api/plays/summaryPlay?gameId=c66dfe7a-5f68-11f1-b1d0-bb70a4640075&playId=2806
2026004,1,2794,PASS,(6:20) (Shotgun) R.Leonard pass short left to D.Burks to NE 46 for 9 yards (N.Obiazor; K.Jacobs).,https://pro.nfl.com/api/plays/summaryPlay?gameId=c66dfe7a-5f68-11f1-b1d0-bb70a4640075&playId=2794
2026004,1,2826,RUSH,(5:39) A.Castle left guard to NE 28 for 18 yards (P.Manuma; K.Prunty).,https://pro.nfl.com/api/plays/summaryPlay?gameId=c66dfe7a-5f68-11f1-b1d0-bb70a4640075&playId=2826
2026004,1,2848,RUSH,(4:57) A.Castle up the middle to NE 25 for 3 yards (C.Rogers).,https://pro.nfl.com/api/plays/summaryPlay?gameId=c66dfe7a-5f68-11f1-b1d0-bb70a4640075&playId=2848
2026004,1,2870,PASS,(4:20) (Shotgun) R.Leonard pass incomplete short middle to R.Sharpe.,https://pro.nfl.com/api/plays/summaryPlay?gameId=c66dfe7a-5f68-11f1-b1d0-bb70a4640075&playId=2870
2026004,1,2893,PASS,(4:11) (Shotgun) R.Leonard pass short right to W.Mallory to NE 13 for 12 yards (C.Canada).,https://pro.nfl.com/api/plays/summaryPlay?gameId=c66dfe7a-5f68-11f1-b1d0-bb70a4640075&playId=2893
2026004,1,2918,PASS,(3:30) R.Leonard pass short right to W.Mallory pushed ob at NE 6 for 7 yards (B.Crossley).,https://pro.nfl.com/api/plays/summaryPlay?gameId=c66dfe7a-5f68-11f1-b1d0-bb70a4640075&playId=2918
2026004,1,2948,RUSH,(2:58) R.Williams left guard to NE 5 for 1 yard (B.Swinson).,https://pro.nfl.com/api/plays/summaryPlay?gameId=c66dfe7a-5f68-11f1-b1d0-bb70a4640075&playId=2948
2026004,1,2970,PENALTY,"(2:18) (Shotgun) A.Castle up the middle to NE 3 for 2 yards (M.Dial; L.Taylor).
PENALTY on IND-P.Brown, Illegal Formation, 5 yards, enforced at NE 5 - No Play.",https://pro.nfl.com/api/plays/summaryPlay?gameId=c66dfe7a-5f68-11f1-b1d0-bb70a4640075&playId=2970
2026004,1,3003,RUSH,(1:52) (Shotgun) A.Castle left guard to NE 6 for 4 yards (K.Jacobs; N.Obiazor).,https://pro.nfl.com/api/plays/summaryPlay?gameId=c66dfe7a-5f68-11f1-b1d0-bb70a4640075&playId=3003
2026004,1,3025,PASS,(1:15) (Shotgun) R.Leonard pass incomplete short left to R.Sharpe (B.Swinson).,https://pro.nfl.com/api/plays/summaryPlay?gameId=c66dfe7a-5f68-11f1-b1d0-bb70a4640075&playId=3025
2026004,1,3048,RUSH,(1:10) J.Hasty left tackle to NE 7 for 1 yard (T.Chambers).,https://pro.nfl.com/api/plays/summaryPlay?gameId=c66dfe7a-5f68-11f1-b1d0-bb70a4640075&playId=3048
2026004,1,3070,PASS,(:35) (Shotgun) B.Morton pass incomplete deep left to C.Dorner (J.Jones). IND-J.Jones was injured during the play.,https://pro.nfl.com/api/plays/summaryPlay?gameId=c66dfe7a-5f68-11f1-b1d0-bb70a4640075&playId=3070
2026004,1,3093,PASS,(:30) (Shotgun) B.Morton pass short right to T.Palmer to NE 22 for 15 yards (M.Rodgers).,https://pro.nfl.com/api/plays/summaryPlay?gameId=c66dfe7a-5f68-11f1-b1d0-bb70a4640075&playId=3093
2026004,1,3121,END_QUARTER,END QUARTER 3,https://pro.nfl.com/api/plays/summaryPlay?gameId=c66dfe7a-5f68-11f1-b1d0-bb70a4640075&playId=3121
2026004,1,3141,RUSH,(15:00) J.Hasty left end pushed ob at NE 30 for 8 yards (M.Rodgers).,https://pro.nfl.com/api/plays/summaryPlay?gameId=c66dfe7a-5f68-11f1-b1d0-bb70a4640075&playId=3141
2026004,1,3168,RUSH,(14:35) J.Hasty right tackle to NE 32 for 2 yards (T.Smith; T.Chambers).,https://pro.nfl.com/api/plays/summaryPlay?gameId=c66dfe7a-5f68-11f1-b1d0-bb70a4640075&playId=3168
2026004,1,3190,RUSH,(13:58) (Shotgun) H.Haskins up the middle to NE 36 for 4 yards (C.Ball). NE-A.Rupcich was injured during the play.,https://pro.nfl.com/api/plays/summaryPlay?gameId=c66dfe7a-5f68-11f1-b1d0-bb70a4640075&playId=3190
2026004,1,3227,TIMEOUT,Timeout at 13:46.,https://pro.nfl.com/api/plays/summaryPlay?gameId=c66dfe7a-5f68-11f1-b1d0-bb70a4640075&playId=3227
2026004,1,3215,PASS,(13:39) B.Morton pass incomplete short middle to N.DeGennaro [C.Curry].,https://pro.nfl.com/api/plays/summaryPlay?gameId=c66dfe7a-5f68-11f1-b1d0-bb70a4640075&playId=3215
2026004,1,3245,SACK,(13:35) (Shotgun) B.Morton sacked at NE 26 for -10 yards (C.Curry).,https://pro.nfl.com/api/plays/summaryPlay?gameId=c66dfe7a-5f68-11f1-b1d0-bb70a4640075&playId=3245
2026004,1,3265,PUNT,"(12:56) B.Baringer punts 65 yards to IND 9, Center-N.Lalos. C.Owen pushed ob at IND 21 for 12 yards (C.Canada).",https://pro.nfl.com/api/plays/summaryPlay?gameId=c66dfe7a-5f68-11f1-b1d0-bb70a4640075&playId=3265
2026004,1,3303,TIMEOUT,Timeout at 12:43.,https://pro.nfl.com/api/plays/summaryPlay?gameId=c66dfe7a-5f68-11f1-b1d0-bb70a4640075&playId=3303
2026004,1,3291,RUSH,(12:43) R.Williams right end to IND 24 for 3 yards (K.Harris; K.Jacobs).,https://pro.nfl.com/api/plays/summaryPlay?gameId=c66dfe7a-5f68-11f1-b1d0-bb70a4640075&playId=3291
2026004,1,3325,PASS,(12:05) (Shotgun) R.Leonard pass incomplete short left to R.Sharpe (C.Rogers).,https://pro.nfl.com/api/plays/summaryPlay?gameId=c66dfe7a-5f68-11f1-b1d0-bb70a4640075&playId=3325
2026004,1,3348,PASS,(12:00) (Shotgun) R.Leonard pass incomplete short left to E.Horton (L.Taylor) [J.Pharms].,https://pro.nfl.com/api/plays/summaryPlay?gameId=c66dfe7a-5f68-11f1-b1d0-bb70a4640075&playId=3348
2026004,1,3371,PUNT,"(11:55) R.Sanchez punts 51 yards to NE 25, Center-L.Rhodes. K.Prentice to NE 26 for 1 yard (J.Edwards).",https://pro.nfl.com/api/plays/summaryPlay?gameId=c66dfe7a-5f68-11f1-b1d0-bb70a4640075&playId=3371
2026004,1,3410,RUSH,"(11:45) H.Haskins right guard to NE 39 for 13 yards (D.Scott).
PENALTY on NE-L.Metz, Offensive Holding, 10 yards, enforced at NE 27.",https://pro.nfl.com/api/plays/summaryPlay?gameId=c66dfe7a-5f68-11f1-b1d0-bb70a4640075&playId=3410
2026004,1,3443,PASS,(11:26) (Shotgun) B.Morton pass short right to L.Larison to NE 15 for -2 yards (D.Scott).,https://pro.nfl.com/api/plays/summaryPlay?gameId=c66dfe7a-5f68-11f1-b1d0-bb70a4640075&playId=3443
2026004,1,3472,PASS,(10:53) (Shotgun) B.Morton pass incomplete short right to L.Larison.,https://pro.nfl.com/api/plays/summaryPlay?gameId=c66dfe7a-5f68-11f1-b1d0-bb70a4640075&playId=3472
2026004,1,3495,PASS,(10:47) (Shotgun) B.Morton pass short middle to L.Larison to NE 24 for 9 yards (W.Weeks).,https://pro.nfl.com/api/plays/summaryPlay?gameId=c66dfe7a-5f68-11f1-b1d0-bb70a4640075&playId=3495
2026004,1,3520,PUNT,"(10:10) B.Baringer punts 46 yards to IND 30, Center-N.Lalos. C.Owen to IND 38 for 8 yards (K.Prunty).",https://pro.nfl.com/api/plays/summaryPlay?gameId=c66dfe7a-5f68-11f1-b1d0-bb70a4640075&playId=3520
2026004,1,3558,TIMEOUT,Timeout at 09:58.,https://pro.nfl.com/api/plays/summaryPlay?gameId=c66dfe7a-5f68-11f1-b1d0-bb70a4640075&playId=3558
2026004,1,3546,RUSH,(9:58) (Shotgun) A.Castle up the middle to IND 41 for 3 yards (I.Iton; B.Crossley).,https://pro.nfl.com/api/plays/summaryPlay?gameId=c66dfe7a-5f68-11f1-b1d0-bb70a4640075&playId=3546
2026004,1,3575,PASS,(9:21) (Shotgun) R.Leonard pass short middle to S.Hagans to NE 42 for 17 yards (K.Harris).,https://pro.nfl.com/api/plays/summaryPlay?gameId=c66dfe7a-5f68-11f1-b1d0-bb70a4640075&playId=3575
2026004,1,3600,PASS,(8:44) R.Leonard pass short right to R.Sharpe pushed ob at NE 28 for 14 yards (M.Brown).,https://pro.nfl.com/api/plays/summaryPlay?gameId=c66dfe7a-5f68-11f1-b1d0-bb70a4640075&playId=3600
2026004,1,3630,RUSH,"(8:10) R.Leonard FUMBLES (Aborted) at NE 29, and recovers at NE 29. R.Leonard to NE 27 for 2 yards (B.Swinson).",https://pro.nfl.com/api/plays/summaryPlay?gameId=c66dfe7a-5f68-11f1-b1d0-bb70a4640075&playId=3630
2026004,1,3657,PASS,(7:33) (Shotgun) R.Leonard pass incomplete short right to E.Horton (K.Harris).,https://pro.nfl.com/api/plays/summaryPlay?gameId=c66dfe7a-5f68-11f1-b1d0-bb70a4640075&playId=3657
2026004,1,3692,PASS,(7:30) (Shotgun) R.Leonard pass incomplete short middle to S.Hagans.,https://pro.nfl.com/api/plays/summaryPlay?gameId=c66dfe7a-5f68-11f1-b1d0-bb70a4640075&playId=3692
2026004,1,3715,FIELD_GOAL,"(7:25) S.Shrader 46 yard field goal is GOOD, Center-L.Rhodes, Holder-R.Sanchez.",https://pro.nfl.com/api/plays/summaryPlay?gameId=c66dfe7a-5f68-11f1-b1d0-bb70a4640075&playId=3715
2026004,1,3735,KICK_OFF,S.Shrader kicks 58 yards from IND 35 to NE 7. L.Larison to NE 31 for 24 yards (C.Curry).,https://pro.nfl.com/api/plays/summaryPlay?gameId=c66dfe7a-5f68-11f1-b1d0-bb70a4640075&playId=3735
2026004,1,3761,RUSH,(7:14) (Shotgun) J.Hasty left guard to NE 32 for 1 yard (C.Curry; J.Thomas).,https://pro.nfl.com/api/plays/summaryPlay?gameId=c66dfe7a-5f68-11f1-b1d0-bb70a4640075&playId=3761
2026004,1,3783,RUSH,(6:42) J.Hasty left tackle to NE 31 for -1 yards (T.Chambers).,https://pro.nfl.com/api/plays/summaryPlay?gameId=c66dfe7a-5f68-11f1-b1d0-bb70a4640075&playId=3783
2026004,1,3805,PASS,(6:08) (Shotgun) B.Morton pass short left to M.Van Vooren to NE 35 for 4 yards (T.Chambers).,https://pro.nfl.com/api/plays/summaryPlay?gameId=c66dfe7a-5f68-11f1-b1d0-bb70a4640075&playId=3805
2026004,1,3830,PUNT,"(5:26) B.Baringer punts 54 yards to IND 11, Center-N.Lalos. C.Owen to IND 15 for 4 yards (G.Jacas; R.Wilson).",https://pro.nfl.com/api/plays/summaryPlay?gameId=c66dfe7a-5f68-11f1-b1d0-bb70a4640075&playId=3830
2026004,1,3856,RUSH,(5:13) (Shotgun) A.Castle right guard to IND 21 for 6 yards (N.Obiazor; C.Rogers).,https://pro.nfl.com/api/plays/summaryPlay?gameId=c66dfe7a-5f68-11f1-b1d0-bb70a4640075&playId=3856
2026004,1,3879,PASS,(4:41) (Shotgun) R.Leonard pass short left to R.Sharpe to IND 30 for 9 yards (B.Crossley).,https://pro.nfl.com/api/plays/summaryPlay?gameId=c66dfe7a-5f68-11f1-b1d0-bb70a4640075&playId=3879
2026004,1,3904,RUSH,(4:09) A.Castle left tackle to IND 35 for 5 yards (B.Swinson).,https://pro.nfl.com/api/plays/summaryPlay?gameId=c66dfe7a-5f68-11f1-b1d0-bb70a4640075&playId=3904
2026004,1,3926,RUSH,(3:33) (Shotgun) R.Leonard scrambles right end ran ob at IND 46 for 11 yards (B.Crossley).,https://pro.nfl.com/api/plays/summaryPlay?gameId=c66dfe7a-5f68-11f1-b1d0-bb70a4640075&playId=3926
2026004,1,3950,PASS,(3:26) (Shotgun) R.Leonard pass incomplete deep left to R.Sharpe [C.Rogers].,https://pro.nfl.com/api/plays/summaryPlay?gameId=c66dfe7a-5f68-11f1-b1d0-bb70a4640075&playId=3950
2026004,1,3973,PASS,(3:20) (Shotgun) R.Leonard pass short left to R.Sharpe to 50 for 4 yards (B.Crossley).,https://pro.nfl.com/api/plays/summaryPlay?gameId=c66dfe7a-5f68-11f1-b1d0-bb70a4640075&playId=3973
2026004,1,3998,PENALTY,"(2:37) (Shotgun) R.Leonard pass short right to P.Brown to NE 49 for 1 yard (B.Crossley; K.Harris) [I.Iton].
PENALTY on NE-I.Iton, Illegal Use of Hands, 5 yards, enforced at 50 - No Play.",https://pro.nfl.com/api/plays/summaryPlay?gameId=c66dfe7a-5f68-11f1-b1d0-bb70a4640075&playId=3998
2026004,1,4034,RUSH,(2:29) (Shotgun) R.Williams left tackle to NE 45 for no gain (A.Gainer).,https://pro.nfl.com/api/plays/summaryPlay?gameId=c66dfe7a-5f68-11f1-b1d0-bb70a4640075&playId=4034
2026004,1,4068,TIMEOUT,Two-Minute Warning,https://pro.nfl.com/api/plays/summaryPlay?gameId=c66dfe7a-5f68-11f1-b1d0-bb70a4640075&playId=4068
2026004,1,4056,PASS,(2:00) (Shotgun) R.Leonard pass short left to R.Sharpe to NE 43 for 2 yards (K.Minor).,https://pro.nfl.com/api/plays/summaryPlay?gameId=c66dfe7a-5f68-11f1-b1d0-bb70a4640075&playId=4056
2026004,1,4098,PASS,(1:26) (Shotgun) R.Leonard pass incomplete deep left to E.Horton.,https://pro.nfl.com/api/plays/summaryPlay?gameId=c66dfe7a-5f68-11f1-b1d0-bb70a4640075&playId=4098
2026004,1,4121,FIELD_GOAL,"(1:21) S.Shrader 61 yard field goal is GOOD, Center-L.Rhodes, Holder-R.Sanchez.",https://pro.nfl.com/api/plays/summaryPlay?gameId=c66dfe7a-5f68-11f1-b1d0-bb70a4640075&playId=4121
2026004,1,4141,KICK_OFF,S.Shrader kicks 63 yards from IND 35 to NE 2. N.DeGennaro to NE 27 for 25 yards (J.Thomas).,https://pro.nfl.com/api/plays/summaryPlay?gameId=c66dfe7a-5f68-11f1-b1d0-bb70a4640075&playId=4141
2026004,1,4164,PASS,(1:10) (Shotgun) B.Morton pass short middle to K.Prentice to NE 35 for 8 yards (W.Weeks).,https://pro.nfl.com/api/plays/summaryPlay?gameId=c66dfe7a-5f68-11f1-b1d0-bb70a4640075&playId=4164
2026004,1,4189,PASS,"(:50) (No Huddle, Shotgun) B.Morton pass incomplete short left to L.Larison (C.Curry).",https://pro.nfl.com/api/plays/summaryPlay?gameId=c66dfe7a-5f68-11f1-b1d0-bb70a4640075&playId=4189
2026004,1,4212,PASS,"(:45) (Shotgun) B.Morton pass short left to K.Prentice to IND 46 for 19 yards (M.Rodgers).
PENALTY on IND-M.Rodgers, Unnecessary Roughness, 15 yards, enforced at IND 46.",https://pro.nfl.com/api/plays/summaryPlay?gameId=c66dfe7a-5f68-11f1-b1d0-bb70a4640075&playId=4212
2026004,1,4237,RUSH,"(:39) L.Larison up the middle to IND 34 for -3 yards (C.Curry, J.Thomas).",https://pro.nfl.com/api/plays/summaryPlay?gameId=c66dfe7a-5f68-11f1-b1d0-bb70a4640075&playId=4237
2026004,1,4283,TIMEOUT,Timeout #2 by NE at 00:19.,https://pro.nfl.com/api/plays/summaryPlay?gameId=c66dfe7a-5f68-11f1-b1d0-bb70a4640075&playId=4283
2026004,1,4271,PASS,(:19) (Shotgun) B.Morton pass incomplete short left to T.Palmer (C.Curry).,https://pro.nfl.com/api/plays/summaryPlay?gameId=c66dfe7a-5f68-11f1-b1d0-bb70a4640075&playId=4271
2026004,1,4301,RUSH,(:17) L.Larison left tackle to IND 31 for 3 yards (T.Smith).,https://pro.nfl.com/api/plays/summaryPlay?gameId=c66dfe7a-5f68-11f1-b1d0-bb70a4640075&playId=4301
2026004,1,4340,TIMEOUT,Timeout #1 by IND at 00:13.,https://pro.nfl.com/api/plays/summaryPlay?gameId=c66dfe7a-5f68-11f1-b1d0-bb70a4640075&playId=4340
2026004,1,4328,FIELD_GOAL,"(:13) A.Borregales 49 yard field goal is No Good, Wide Left, Center-N.Lalos, Holder-B.Baringer.",https://pro.nfl.com/api/plays/summaryPlay?gameId=c66dfe7a-5f68-11f1-b1d0-bb70a4640075&playId=4328
2026004,1,4356,PASS,(:10) (Shotgun) R.Leonard pass incomplete short left to P.Brown [B.Swinson].,https://pro.nfl.com/api/plays/summaryPlay?gameId=c66dfe7a-5f68-11f1-b1d0-bb70a4640075&playId=4356
2026004,1,4391,TIMEOUT,Timeout #2 by IND at 00:05.,https://pro.nfl.com/api/plays/summaryPlay?gameId=c66dfe7a-5f68-11f1-b1d0-bb70a4640075&playId=4391
2026004,1,4379,PASS,(:05) (Shotgun) R.Leonard pass short right to E.Horton to IND 45 for 6 yards (N.Obiazor).,https://pro.nfl.com/api/plays/summaryPlay?gameId=c66dfe7a-5f68-11f1-b1d0-bb70a4640075&playId=4379
2026004,1,4423,TIMEOUT,Timeout #3 by IND at 00:01.,https://pro.nfl.com/api/plays/summaryPlay?gameId=c66dfe7a-5f68-11f1-b1d0-bb70a4640075&playId=4423
2026004,1,4411,PASS,(:01) (Shotgun) R.Leonard pass incomplete deep right.,https://pro.nfl.com/api/plays/summaryPlay?gameId=c66dfe7a-5f68-11f1-b1d0-bb70a4640075&playId=4411
2026004,1,4441,END_GAME,END GAME,https://pro.nfl.com/api/plays/summaryPlay?gameId=c66dfe7a-5f68-11f1-b1d0-bb70a4640075&playId=4441
2026005,1,1,GAME_START,GAME,https://pro.nfl.com/api/plays/summaryPlay?gameId=c66e0191-5f68-11f1-b1d0-bb70a4640075&playId=1
2026005,1,40,KICK_OFF,C.Ryland kicks 62 yards from AZ 35 to LV 3. D.Thompkins pushed ob at LV 32 for 29 yards (E.Leota).,https://pro.nfl.com/api/plays/summaryPlay?gameId=c66e0191-5f68-11f1-b1d0-bb70a4640075&playId=40
2026005,1,63,RUSH,(14:53) A.Jeanty left guard to LV 35 for 3 yards (Ma.Wilson; R.Lopez).,https://pro.nfl.com/api/plays/summaryPlay?gameId=c66e0191-5f68-11f1-b1d0-bb70a4640075&playId=63
2026005,1,85,PASS,(14:15) (Shotgun) K.Cousins pass incomplete short right to A.Jeanty (L.Collier).,https://pro.nfl.com/api/plays/summaryPlay?gameId=c66e0191-5f68-11f1-b1d0-bb70a4640075&playId=85
2026005,1,108,PASS,(14:10) (Shotgun) K.Cousins pass short left to J.Bech to LV 45 for 10 yards (W.Johnson).,https://pro.nfl.com/api/plays/summaryPlay?gameId=c66e0191-5f68-11f1-b1d0-bb70a4640075&playId=108
2026005,1,133,PASS,(13:33) K.Cousins pass short right to M.Mayer to AZ 49 for 6 yards (Z.Collins).,https://pro.nfl.com/api/plays/summaryPlay?gameId=c66e0191-5f68-11f1-b1d0-bb70a4640075&playId=133
2026005,1,158,RUSH,"(12:58) A.Jeanty up the middle to AZ 46 for 3 yards (W.Nolen, Ma.Wilson).",https://pro.nfl.com/api/plays/summaryPlay?gameId=c66e0191-5f68-11f1-b1d0-bb70a4640075&playId=158
2026005,1,180,RUSH,(12:22) A.Jeanty left guard to AZ 36 for 10 yards (A.Wingard; D.Taylor-Demerson).,https://pro.nfl.com/api/plays/summaryPlay?gameId=c66e0191-5f68-11f1-b1d0-bb70a4640075&playId=180
2026005,1,202,PASS,(11:41) (Shotgun) K.Cousins pass short left to T.Tucker pushed ob at AZ 20 for 16 yards (W.Johnson).,https://pro.nfl.com/api/plays/summaryPlay?gameId=c66e0191-5f68-11f1-b1d0-bb70a4640075&playId=202
2026005,1,227,RUSH,(11:09) M.Washington left end to AZ 18 for 2 yards (A.Wingard; J.Gibbens).,https://pro.nfl.com/api/plays/summaryPlay?gameId=c66e0191-5f68-11f1-b1d0-bb70a4640075&playId=227
2026005,1,249,PASS,(10:29) K.Cousins pass short right to T.Tucker to AZ 13 for 5 yards (D.Burke).,https://pro.nfl.com/api/plays/summaryPlay?gameId=c66e0191-5f68-11f1-b1d0-bb70a4640075&playId=249
2026005,1,274,PASS,"(9:50) (Shotgun) K.Cousins pass short left to M.Mayer for 13 yards, TOUCHDOWN.",https://pro.nfl.com/api/plays/summaryPlay?gameId=c66e0191-5f68-11f1-b1d0-bb70a4640075&playId=274
2026005,1,295,XP_KICK,"M.Gay extra point is GOOD, Center-A.Ward, Holder-A.Cole.",https://pro.nfl.com/api/plays/summaryPlay?gameId=c66e0191-5f68-11f1-b1d0-bb70a4640075&playId=295
2026005,1,320,TIMEOUT,Timeout at 09:44.,https://pro.nfl.com/api/plays/summaryPlay?gameId=c66e0191-5f68-11f1-b1d0-bb70a4640075&playId=320
2026005,1,310,KICK_OFF,M.Gay kicks 62 yards from LV 35 to AZ 3. I.Smith-Marsette to AZ 27 for 24 yards (B.Jackson; D.Ogunbowale).,https://pro.nfl.com/api/plays/summaryPlay?gameId=c66e0191-5f68-11f1-b1d0-bb70a4640075&playId=310
2026005,1,340,RUSH,(9:37) J.Love left guard to AZ 30 for 3 yards (T.Johnson).,https://pro.nfl.com/api/plays/summaryPlay?gameId=c66e0191-5f68-11f1-b1d0-bb70a4640075&playId=340
2026005,1,362,PASS,(9:06) J.Brissett pass short right to M.Wilson pushed ob at AZ 35 for 5 yards (J.Chinn).,https://pro.nfl.com/api/plays/summaryPlay?gameId=c66e0191-5f68-11f1-b1d0-bb70a4640075&playId=362
2026005,1,387,PENALTY,"(8:36) (Shotgun) J.Brissett pass incomplete deep left to M.Harrison.
PENALTY on LV-T.Johnson, Defensive Pass Interference, 20 yards, enforced at AZ 35 - No Play.",https://pro.nfl.com/api/plays/summaryPlay?gameId=c66e0191-5f68-11f1-b1d0-bb70a4640075&playId=387
2026005,1,421,RUSH,(8:31) J.Love left guard to LV 43 for 2 yards (Q.Walker).,https://pro.nfl.com/api/plays/summaryPlay?gameId=c66e0191-5f68-11f1-b1d0-bb70a4640075&playId=421
2026005,1,443,PENALTY,"(7:55) (Shotgun) PENALTY on AZ-I.Seumalo, False Start, 5 yards, enforced at LV 43 - No Play.",https://pro.nfl.com/api/plays/summaryPlay?gameId=c66e0191-5f68-11f1-b1d0-bb70a4640075&playId=443
2026005,1,467,PASS,(7:46) (Shotgun) J.Brissett pass short right to J.Love to LV 46 for 2 yards (T.Johnson).,https://pro.nfl.com/api/plays/summaryPlay?gameId=c66e0191-5f68-11f1-b1d0-bb70a4640075&playId=467
2026005,1,492,PASS,"(7:18) (No Huddle, Shotgun) J.Brissett pass short right to M.Wilson pushed ob at LV 28 for 18 yards (E.Stokes).",https://pro.nfl.com/api/plays/summaryPlay?gameId=c66e0191-5f68-11f1-b1d0-bb70a4640075&playId=492
2026005,1,517,RUSH,(6:51) T.Allgeier up the middle to LV 21 for 7 yards (N.Dean).,https://pro.nfl.com/api/plays/summaryPlay?gameId=c66e0191-5f68-11f1-b1d0-bb70a4640075&playId=517
2026005,1,539,RUSH,(6:18) T.Allgeier left end pushed ob at LV 14 for 7 yards (J.Chinn).,https://pro.nfl.com/api/plays/summaryPlay?gameId=c66e0191-5f68-11f1-b1d0-bb70a4640075&playId=539
2026005,1,561,RUSH,(5:43) T.Allgeier right guard to LV 14 for no gain (Q.Walker).,https://pro.nfl.com/api/plays/summaryPlay?gameId=c66e0191-5f68-11f1-b1d0-bb70a4640075&playId=561
2026005,1,583,PENALTY,"(5:01) PENALTY on AZ-T.Quitoriano, False Start, 5 yards, enforced at LV 14 - No Play.",https://pro.nfl.com/api/plays/summaryPlay?gameId=c66e0191-5f68-11f1-b1d0-bb70a4640075&playId=583
2026005,1,607,PASS,(4:37) (Shotgun) J.Brissett pass short left to K.Bourne to LV 7 for 12 yards (N.Dean; J.Chinn).,https://pro.nfl.com/api/plays/summaryPlay?gameId=c66e0191-5f68-11f1-b1d0-bb70a4640075&playId=607
2026005,1,632,PASS,"(3:52) J.Brissett pass short right to M.Harrison for 7 yards, TOUCHDOWN.",https://pro.nfl.com/api/plays/summaryPlay?gameId=c66e0191-5f68-11f1-b1d0-bb70a4640075&playId=632
2026005,1,653,XP_KICK,"C.Ryland extra point is GOOD, Center-C.Kreiter, Holder-B.Gillikin.
PENALTY on LV-A.Butler, Defensive Offside, 5 yards, enforced between downs.",https://pro.nfl.com/api/plays/summaryPlay?gameId=c66e0191-5f68-11f1-b1d0-bb70a4640075&playId=653
2026005,1,689,TIMEOUT,Timeout at 03:47.,https://pro.nfl.com/api/plays/summaryPlay?gameId=c66e0191-5f68-11f1-b1d0-bb70a4640075&playId=689
2026005,1,679,KICK_OFF,"C.Ryland kicks 57 yards from AZ 40 to LV 3. M.Washington to LV 30 for 27 yards (E.Leota; W.Williams).
PENALTY on LV-C.Heyward, Offensive Holding, 10 yards, enforced at LV 25.",https://pro.nfl.com/api/plays/summaryPlay?gameId=c66e0191-5f68-11f1-b1d0-bb70a4640075&playId=679
2026005,1,720,RUSH,(3:39) M.Washington up the middle to LV 17 for 2 yards (J.Gibbens).,https://pro.nfl.com/api/plays/summaryPlay?gameId=c66e0191-5f68-11f1-b1d0-bb70a4640075&playId=720
2026005,1,742,PASS,(3:03) (Shotgun) F.Mendoza pass incomplete short right.,https://pro.nfl.com/api/plays/summaryPlay?gameId=c66e0191-5f68-11f1-b1d0-bb70a4640075&playId=742
2026005,1,765,PASS,(2:58) (Shotgun) F.Mendoza pass short right to J.Bech ran ob at LV 26 for 9 yards.,https://pro.nfl.com/api/plays/summaryPlay?gameId=c66e0191-5f68-11f1-b1d0-bb70a4640075&playId=765
2026005,1,790,RUSH,(2:29) M.Washington up the middle to LV 28 for 2 yards (J.Gibbens; R.Lopez).,https://pro.nfl.com/api/plays/summaryPlay?gameId=c66e0191-5f68-11f1-b1d0-bb70a4640075&playId=790
2026005,1,812,PENALTY,"(1:51) F.Mendoza pass short middle to M.Washington to LV 33 for 5 yards (D.Taylor-Demerson).
PENALTY on LV-C.Grant, Offensive Holding, 10 yards, enforced at LV 28 - No Play.",https://pro.nfl.com/api/plays/summaryPlay?gameId=c66e0191-5f68-11f1-b1d0-bb70a4640075&playId=812
2026005,1,848,PASS,(1:29) (Shotgun) F.Mendoza pass incomplete short right to M.Washington (D.Burke) [E.Leota].,https://pro.nfl.com/api/plays/summaryPlay?gameId=c66e0191-5f68-11f1-b1d0-bb70a4640075&playId=848
2026005,1,871,RUSH,(1:24) (Shotgun) D.Laube right guard to LV 26 for 8 yards (L.Collier; C.Simon).,https://pro.nfl.com/api/plays/summaryPlay?gameId=c66e0191-5f68-11f1-b1d0-bb70a4640075&playId=871
2026005,1,893,PUNT,"(:47) A.Cole punts 60 yards to AZ 14, Center-A.Ward. D.Duvernay to AZ 22 for 8 yards (D.Johnson).",https://pro.nfl.com/api/plays/summaryPlay?gameId=c66e0191-5f68-11f1-b1d0-bb70a4640075&playId=893
2026005,1,931,TIMEOUT,Timeout at 00:37.,https://pro.nfl.com/api/plays/summaryPlay?gameId=c66e0191-5f68-11f1-b1d0-bb70a4640075&playId=931
2026005,1,919,RUSH,(:37) J.Love up the middle to AZ 23 for 1 yard (T.Stukes; C.Lindenberg).,https://pro.nfl.com/api/plays/summaryPlay?gameId=c66e0191-5f68-11f1-b1d0-bb70a4640075&playId=919
2026005,1,948,END_QUARTER,END QUARTER 1,https://pro.nfl.com/api/plays/summaryPlay?gameId=c66e0191-5f68-11f1-b1d0-bb70a4640075&playId=948
2026005,1,968,PASS,(15:00) (Shotgun) G.Minshew pass short middle to J.Love to AZ 28 for 5 yards (C.Lindenberg).,https://pro.nfl.com/api/plays/summaryPlay?gameId=c66e0191-5f68-11f1-b1d0-bb70a4640075&playId=968
2026005,1,993,PASS,(14:24) (Shotgun) G.Minshew pass short left to J.Brooks to AZ 37 for 9 yards (H.Masses).,https://pro.nfl.com/api/plays/summaryPlay?gameId=c66e0191-5f68-11f1-b1d0-bb70a4640075&playId=993
2026005,1,1018,RUSH,(13:45) J.Love left guard to AZ 39 for 2 yards (B.Jackson).,https://pro.nfl.com/api/plays/summaryPlay?gameId=c66e0191-5f68-11f1-b1d0-bb70a4640075&playId=1018
2026005,1,1040,RUSH,"(13:09) J.Love right end to AZ 47 for 8 yards (B.Jackson).
PENALTY on LV-T.Eichenberg, Unnecessary Roughness, 15 yards, enforced at AZ 47.",https://pro.nfl.com/api/plays/summaryPlay?gameId=c66e0191-5f68-11f1-b1d0-bb70a4640075&playId=1040
2026005,1,1073,RUSH,(12:32) J.Love up the middle to LV 37 for 1 yard (C.Lindenberg).,https://pro.nfl.com/api/plays/summaryPlay?gameId=c66e0191-5f68-11f1-b1d0-bb70a4640075&playId=1073
2026005,1,1095,PASS,(11:57) (Shotgun) G.Minshew pass short right to J.Brooks pushed ob at LV 28 for 9 yards (J.McCoy).,https://pro.nfl.com/api/plays/summaryPlay?gameId=c66e0191-5f68-11f1-b1d0-bb70a4640075&playId=1095
2026005,1,1120,RUSH,(11:20) T.Allgeier up the middle to LV 23 for 5 yards (H.Masses; C.Lindenberg).,https://pro.nfl.com/api/plays/summaryPlay?gameId=c66e0191-5f68-11f1-b1d0-bb70a4640075&playId=1120
2026005,1,1142,PASS,(10:42) G.Minshew pass short right to J.Brooks to LV 19 for 4 yards (G.Vance).,https://pro.nfl.com/api/plays/summaryPlay?gameId=c66e0191-5f68-11f1-b1d0-bb70a4640075&playId=1142
2026005,1,1179,TIMEOUT,Timeout #1 by LV at 10:00.,https://pro.nfl.com/api/plays/summaryPlay?gameId=c66e0191-5f68-11f1-b1d0-bb70a4640075&playId=1179
2026005,1,1167,RUSH,(10:00) J.Love left end to LV 10 for 9 yards (K.Crawford; T.McCollum).,https://pro.nfl.com/api/plays/summaryPlay?gameId=c66e0191-5f68-11f1-b1d0-bb70a4640075&playId=1167
2026005,1,1196,PASS,"(9:20) G.Minshew pass short right to S.Fehoko for 10 yards, TOUCHDOWN.",https://pro.nfl.com/api/plays/summaryPlay?gameId=c66e0191-5f68-11f1-b1d0-bb70a4640075&playId=1196
2026005,1,1217,XP_KICK,"C.Ryland extra point is GOOD, Center-C.Kreiter, Holder-B.Gillikin.",https://pro.nfl.com/api/plays/summaryPlay?gameId=c66e0191-5f68-11f1-b1d0-bb70a4640075&playId=1217
2026005,1,1242,TIMEOUT,Timeout at 09:16.,https://pro.nfl.com/api/plays/summaryPlay?gameId=c66e0191-5f68-11f1-b1d0-bb70a4640075&playId=1242
2026005,1,1232,KICK_OFF,C.Ryland kicks 65 yards from AZ 35 to LV 0. M.Benson to LV 21 for 21 yards (K.Sharar).,https://pro.nfl.com/api/plays/summaryPlay?gameId=c66e0191-5f68-11f1-b1d0-bb70a4640075&playId=1232
2026005,1,1262,PASS,(9:10) F.Mendoza pass deep middle to M.Benson to LV 40 for 19 yards (K.Crawford).,https://pro.nfl.com/api/plays/summaryPlay?gameId=c66e0191-5f68-11f1-b1d0-bb70a4640075&playId=1262
2026005,1,1287,PENALTY,"(8:40) F.Mendoza pass incomplete short right.
Penalty on LV-J.Powers-Johnson, Tripping, offsetting, enforced at LV 40 - No Play.
Penalty on AZ-D.Burke, Illegal Contact, offsetting.",https://pro.nfl.com/api/plays/summaryPlay?gameId=c66e0191-5f68-11f1-b1d0-bb70a4640075&playId=1287
2026005,1,1321,RUSH,"(8:31) M.Washington right end pushed ob at LV 47 for 7 yards (K.Crawford).
PENALTY on LV-A.Okwuegbunam, Offensive Holding, 10 yards, enforced at LV 42.",https://pro.nfl.com/api/plays/summaryPlay?gameId=c66e0191-5f68-11f1-b1d0-bb70a4640075&playId=1321
2026005,1,1354,RUSH,(8:03) M.Washington up the middle pushed ob at AZ 15 for 53 yards (D.Taylor-Demerson).,https://pro.nfl.com/api/plays/summaryPlay?gameId=c66e0191-5f68-11f1-b1d0-bb70a4640075&playId=1354
2026005,1,1376,PENALTY,"(7:12) (Shotgun) PENALTY on LV, False Start, 5 yards, enforced at AZ 15 - No Play.",https://pro.nfl.com/api/plays/summaryPlay?gameId=c66e0191-5f68-11f1-b1d0-bb70a4640075&playId=1376
2026005,1,1400,PASS,(6:48) (Shotgun) F.Mendoza pass incomplete short left to M.Benson (D.Burke).,https://pro.nfl.com/api/plays/summaryPlay?gameId=c66e0191-5f68-11f1-b1d0-bb70a4640075&playId=1400
2026005,1,1423,RUSH,(6:44) (Shotgun) F.Mendoza scrambles left guard to AZ 13 for 7 yards (K.Crawford).,https://pro.nfl.com/api/plays/summaryPlay?gameId=c66e0191-5f68-11f1-b1d0-bb70a4640075&playId=1423
2026005,1,1445,PASS,(6:02) (Shotgun) F.Mendoza pass short right to M.Benson to AZ 6 for 7 yards (M.Melton).,https://pro.nfl.com/api/plays/summaryPlay?gameId=c66e0191-5f68-11f1-b1d0-bb70a4640075&playId=1445
2026005,1,1470,RUSH,(5:17) M.Washington right guard to AZ 4 for 2 yards (J.Gibbens; C.Simon).,https://pro.nfl.com/api/plays/summaryPlay?gameId=c66e0191-5f68-11f1-b1d0-bb70a4640075&playId=1470
2026005,1,1492,SACK,(4:39) F.Mendoza sacked at AZ 12 for -8 yards (W.Nolen).,https://pro.nfl.com/api/plays/summaryPlay?gameId=c66e0191-5f68-11f1-b1d0-bb70a4640075&playId=1492
2026005,1,1512,PASS,(3:59) (Shotgun) F.Mendoza pass short right to I.Thomas to AZ 6 for 6 yards (S.Murphy-Bunting) [B.Ojulari].,https://pro.nfl.com/api/plays/summaryPlay?gameId=c66e0191-5f68-11f1-b1d0-bb70a4640075&playId=1512
2026005,1,1537,PASS,"(3:16) (Shotgun) F.Mendoza pass short middle to J.Bech for 6 yards, TOUCHDOWN.",https://pro.nfl.com/api/plays/summaryPlay?gameId=c66e0191-5f68-11f1-b1d0-bb70a4640075&playId=1537
2026005,1,1558,XP_KICK,"M.Gay extra point is GOOD, Center-A.Ward, Holder-A.Cole.",https://pro.nfl.com/api/plays/summaryPlay?gameId=c66e0191-5f68-11f1-b1d0-bb70a4640075&playId=1558
2026005,1,1583,TIMEOUT,Timeout at 03:13.,https://pro.nfl.com/api/plays/summaryPlay?gameId=c66e0191-5f68-11f1-b1d0-bb70a4640075&playId=1583
2026005,1,1573,KICK_OFF,M.Gay kicks 61 yards from LV 35 to AZ 4. D.Duvernay to AZ 25 for 21 yards (D.Young).,https://pro.nfl.com/api/plays/summaryPlay?gameId=c66e0191-5f68-11f1-b1d0-bb70a4640075&playId=1573
2026005,1,1603,RUSH,(3:06) J.Love right guard to AZ 27 for 2 yards (G.Vance).,https://pro.nfl.com/api/plays/summaryPlay?gameId=c66e0191-5f68-11f1-b1d0-bb70a4640075&playId=1603
2026005,1,1625,RUSH,(2:31) J.Love left tackle to AZ 41 for 14 yards (J.Harvey; H.Masses).,https://pro.nfl.com/api/plays/summaryPlay?gameId=c66e0191-5f68-11f1-b1d0-bb70a4640075&playId=1625
2026005,1,1659,TIMEOUT,Two-Minute Warning,https://pro.nfl.com/api/plays/summaryPlay?gameId=c66e0191-5f68-11f1-b1d0-bb70a4640075&playId=1659
2026005,1,1647,RUSH,(2:00) (Shotgun) J.Love right guard to LV 43 for 16 yards (G.Vance).,https://pro.nfl.com/api/plays/summaryPlay?gameId=c66e0191-5f68-11f1-b1d0-bb70a4640075&playId=1647
2026005,1,1676,RUSH,(1:31) (Shotgun) J.Love right guard to LV 43 for no gain (P.Johnson).,https://pro.nfl.com/api/plays/summaryPlay?gameId=c66e0191-5f68-11f1-b1d0-bb70a4640075&playId=1676
2026005,1,1698,PASS,"(1:08) (No Huddle, Shotgun) G.Minshew pass short right to T.Quitoriano to LV 39 for 4 yards (T.Eichenberg).",https://pro.nfl.com/api/plays/summaryPlay?gameId=c66e0191-5f68-11f1-b1d0-bb70a4640075&playId=1698
2026005,1,1735,TIMEOUT,Timeout #2 by LV at 01:01.,https://pro.nfl.com/api/plays/summaryPlay?gameId=c66e0191-5f68-11f1-b1d0-bb70a4640075&playId=1735
2026005,1,1723,PASS,"(1:00) (Shotgun) G.Minshew pass short left to J.Brooks to LV 25 for 14 yards (H.Masses, T.Stukes).",https://pro.nfl.com/api/plays/summaryPlay?gameId=c66e0191-5f68-11f1-b1d0-bb70a4640075&playId=1723
2026005,1,1755,PASS,"(:41) (No Huddle, Shotgun) G.Minshew pass short left to J.Brooks to LV 15 for 10 yards (T.Eichenberg).",https://pro.nfl.com/api/plays/summaryPlay?gameId=c66e0191-5f68-11f1-b1d0-bb70a4640075&playId=1755
2026005,1,1792,TIMEOUT,Timeout #1 by AZ at 00:33.,https://pro.nfl.com/api/plays/summaryPlay?gameId=c66e0191-5f68-11f1-b1d0-bb70a4640075&playId=1792
2026005,1,1780,PASS,(:33) (Shotgun) G.Minshew pass short middle to J.Love to LV 8 for 7 yards (T.Eichenberg).,https://pro.nfl.com/api/plays/summaryPlay?gameId=c66e0191-5f68-11f1-b1d0-bb70a4640075&playId=1780
2026005,1,1824,TIMEOUT,Timeout #2 by AZ at 00:27.,https://pro.nfl.com/api/plays/summaryPlay?gameId=c66e0191-5f68-11f1-b1d0-bb70a4640075&playId=1824
2026005,1,1812,RUSH,(:27) Z.Knight right guard to LV 6 for 2 yards (T.Eichenberg).,https://pro.nfl.com/api/plays/summaryPlay?gameId=c66e0191-5f68-11f1-b1d0-bb70a4640075&playId=1812
2026005,1,1853,TIMEOUT,Timeout #3 by AZ at 00:20.,https://pro.nfl.com/api/plays/summaryPlay?gameId=c66e0191-5f68-11f1-b1d0-bb70a4640075&playId=1853
2026005,1,1860,TIMEOUT,Timeout #3 by LV at 00:20.,https://pro.nfl.com/api/plays/summaryPlay?gameId=c66e0191-5f68-11f1-b1d0-bb70a4640075&playId=1860
2026005,1,1841,PASS,"(:20) (Shotgun) G.Minshew pass short right to J.Brooks for 6 yards, TOUCHDOWN.",https://pro.nfl.com/api/plays/summaryPlay?gameId=c66e0191-5f68-11f1-b1d0-bb70a4640075&playId=1841
2026005,1,1876,XP_KICK,"C.Ryland extra point is GOOD, Center-C.Kreiter, Holder-B.Gillikin.",https://pro.nfl.com/api/plays/summaryPlay?gameId=c66e0191-5f68-11f1-b1d0-bb70a4640075&playId=1876
2026005,1,1891,KICK_OFF,"C.Ryland kicks 65 yards from AZ 35 to end zone, Touchback to the LV 35.",https://pro.nfl.com/api/plays/summaryPlay?gameId=c66e0191-5f68-11f1-b1d0-bb70a4640075&playId=1891
2026005,1,1908,RUSH,(:17) F.Mendoza kneels to LV 34 for -1 yards.,https://pro.nfl.com/api/plays/summaryPlay?gameId=c66e0191-5f68-11f1-b1d0-bb70a4640075&playId=1908
2026005,1,1930,END_QUARTER,END QUARTER 2,https://pro.nfl.com/api/plays/summaryPlay?gameId=c66e0191-5f68-11f1-b1d0-bb70a4640075&playId=1930
2026005,1,1960,UNSPECIFIED,** Injury Update: LV-B.Jackson return is Questionable.,https://pro.nfl.com/api/plays/summaryPlay?gameId=c66e0191-5f68-11f1-b1d0-bb70a4640075&playId=1960
2026005,1,1950,KICK_OFF,"K.Matsuzawa kicks 41 yards from LV 35 to AZ 24, short of landing zone.
PENALTY on LV-K.Matsuzawa, Kickoff Short of Landing Zone, placed at AZ 40.",https://pro.nfl.com/api/plays/summaryPlay?gameId=c66e0191-5f68-11f1-b1d0-bb70a4640075&playId=1950
2026005,1,1982,PASS,(15:00) G.Minshew pass short right to R.Fairweather to AZ 43 for 3 yards (G.Vance).,https://pro.nfl.com/api/plays/summaryPlay?gameId=c66e0191-5f68-11f1-b1d0-bb70a4640075&playId=1982
2026005,1,2007,RUSH,(14:16) Z.Knight left guard to LV 45 for 12 yards (T.Stukes).,https://pro.nfl.com/api/plays/summaryPlay?gameId=c66e0191-5f68-11f1-b1d0-bb70a4640075&playId=2007
2026005,1,2034,RUSH,(13:34) Z.Knight right guard to LV 44 for 1 yard (J.Pegues).,https://pro.nfl.com/api/plays/summaryPlay?gameId=c66e0191-5f68-11f1-b1d0-bb70a4640075&playId=2034
2026005,1,2056,PASS,(12:58) G.Minshew pass incomplete deep right to R.Virgil.,https://pro.nfl.com/api/plays/summaryPlay?gameId=c66e0191-5f68-11f1-b1d0-bb70a4640075&playId=2056
2026005,1,2079,PASS,(12:52) (Shotgun) G.Minshew pass short left to I.Smith-Marsette to LV 37 for 7 yards (G.Vance).,https://pro.nfl.com/api/plays/summaryPlay?gameId=c66e0191-5f68-11f1-b1d0-bb70a4640075&playId=2079
2026005,1,2104,PASS,(12:11) (Shotgun) G.Minshew pass short left to S.Fehoko to LV 35 for 2 yards (H.Masses).,https://pro.nfl.com/api/plays/summaryPlay?gameId=c66e0191-5f68-11f1-b1d0-bb70a4640075&playId=2104
2026005,1,2129,PASS,"(11:47) (No Huddle) G.Minshew pass incomplete short right [P.Johnson]. AZ-C.Bisontis was injured during the play. 
PENALTY on AZ-G.Minshew, Intentional Grounding, 10 yards, enforced at LV 35.",https://pro.nfl.com/api/plays/summaryPlay?gameId=c66e0191-5f68-11f1-b1d0-bb70a4640075&playId=2129
2026005,1,2167,TIMEOUT,Timeout at 11:36.,https://pro.nfl.com/api/plays/summaryPlay?gameId=c66e0191-5f68-11f1-b1d0-bb70a4640075&playId=2167
2026005,1,2152,PASS,(11:36) (Shotgun) G.Minshew pass short right to S.Fehoko ran ob at LV 34 for 11 yards.,https://pro.nfl.com/api/plays/summaryPlay?gameId=c66e0191-5f68-11f1-b1d0-bb70a4640075&playId=2152
2026005,1,2199,SACK,(11:17) (Shotgun) G.Minshew sacked at LV 37 for -3 yards (P.Johnson).,https://pro.nfl.com/api/plays/summaryPlay?gameId=c66e0191-5f68-11f1-b1d0-bb70a4640075&playId=2199
2026005,1,2219,FIELD_GOAL,"(10:53) C.Ryland 56 yard field goal is GOOD, Center-C.Kreiter, Holder-B.Gillikin.",https://pro.nfl.com/api/plays/summaryPlay?gameId=c66e0191-5f68-11f1-b1d0-bb70a4640075&playId=2219
2026005,1,2249,TIMEOUT,Timeout at 10:48.,https://pro.nfl.com/api/plays/summaryPlay?gameId=c66e0191-5f68-11f1-b1d0-bb70a4640075&playId=2249
2026005,1,2239,KICK_OFF,"C.Ryland kicks 65 yards from AZ 35 to LV 0. D.Thompkins to LV 29 for 29 yards (E.Jones, E.Leota).",https://pro.nfl.com/api/plays/summaryPlay?gameId=c66e0191-5f68-11f1-b1d0-bb70a4640075&playId=2239
2026005,1,2269,PASS,(10:41) F.Mendoza pass short right to A.Okwuegbunam pushed ob at LV 35 for 6 yards (K.Sharar).,https://pro.nfl.com/api/plays/summaryPlay?gameId=c66e0191-5f68-11f1-b1d0-bb70a4640075&playId=2269
2026005,1,2294,PASS,(10:15) F.Mendoza pass incomplete short left to M.Benson.,https://pro.nfl.com/api/plays/summaryPlay?gameId=c66e0191-5f68-11f1-b1d0-bb70a4640075&playId=2294
2026005,1,2317,PASS,(10:11) (Shotgun) F.Mendoza pass incomplete short right [E.Brown].,https://pro.nfl.com/api/plays/summaryPlay?gameId=c66e0191-5f68-11f1-b1d0-bb70a4640075&playId=2317
2026005,1,2340,PUNT,"(10:02) A.Cole punts 65 yards to end zone, Center-T.Duzansky, Touchback.",https://pro.nfl.com/api/plays/summaryPlay?gameId=c66e0191-5f68-11f1-b1d0-bb70a4640075&playId=2340
2026005,1,2370,TIMEOUT,Timeout at 09:53.,https://pro.nfl.com/api/plays/summaryPlay?gameId=c66e0191-5f68-11f1-b1d0-bb70a4640075&playId=2370
2026005,1,2358,RUSH,(9:53) C.Kiner right tackle to AZ 23 for 3 yards (K.Crawford; G.Vance).,https://pro.nfl.com/api/plays/summaryPlay?gameId=c66e0191-5f68-11f1-b1d0-bb70a4640075&playId=2358
2026005,1,2387,PASS,(9:22) K.Slovis pass short right to H.Wallace to AZ 32 for 9 yards (C.Offord).,https://pro.nfl.com/api/plays/summaryPlay?gameId=c66e0191-5f68-11f1-b1d0-bb70a4640075&playId=2387
2026005,1,2412,RUSH,(8:49) C.Kiner right guard to AZ 35 for 3 yards (D.Johnson).,https://pro.nfl.com/api/plays/summaryPlay?gameId=c66e0191-5f68-11f1-b1d0-bb70a4640075&playId=2412
2026005,1,2434,PASS,(8:13) K.Slovis pass short middle to C.Kiner to AZ 38 for 3 yards (P.Johnson).,https://pro.nfl.com/api/plays/summaryPlay?gameId=c66e0191-5f68-11f1-b1d0-bb70a4640075&playId=2434
2026005,1,2459,PASS,(7:37) (Shotgun) K.Slovis pass deep left to R.Virgil pushed ob at LV 38 for 24 yards (G.Vance).,https://pro.nfl.com/api/plays/summaryPlay?gameId=c66e0191-5f68-11f1-b1d0-bb70a4640075&playId=2459
2026005,1,2489,RUSH,(7:07) C.Kiner left guard to LV 32 for 6 yards (P.Johnson).,https://pro.nfl.com/api/plays/summaryPlay?gameId=c66e0191-5f68-11f1-b1d0-bb70a4640075&playId=2489
2026005,1,2511,PASS,(6:32) K.Slovis pass short middle to J.Geers to LV 26 for 6 yards (S.Olubi).,https://pro.nfl.com/api/plays/summaryPlay?gameId=c66e0191-5f68-11f1-b1d0-bb70a4640075&playId=2511
2026005,1,2548,TIMEOUT,Timeout #1 by AZ at 05:54.,https://pro.nfl.com/api/plays/summaryPlay?gameId=c66e0191-5f68-11f1-b1d0-bb70a4640075&playId=2548
2026005,1,2536,RUSH,(5:54) E.Hull right guard to LV 26 for no gain (C.Slone).,https://pro.nfl.com/api/plays/summaryPlay?gameId=c66e0191-5f68-11f1-b1d0-bb70a4640075&playId=2536
2026005,1,2565,PASS,(5:16) (Shotgun) K.Slovis pass short left to E.Hull to LV 22 for 4 yards (G.Vance; S.Olubi).,https://pro.nfl.com/api/plays/summaryPlay?gameId=c66e0191-5f68-11f1-b1d0-bb70a4640075&playId=2565
2026005,1,2590,PASS,(4:38) (Shotgun) K.Slovis pass incomplete deep right to R.Virgil.,https://pro.nfl.com/api/plays/summaryPlay?gameId=c66e0191-5f68-11f1-b1d0-bb70a4640075&playId=2590
2026005,1,2613,FIELD_GOAL,"(4:33) C.Ryland 40 yard field goal is GOOD, Center-C.Kreiter, Holder-B.Gillikin.",https://pro.nfl.com/api/plays/summaryPlay?gameId=c66e0191-5f68-11f1-b1d0-bb70a4640075&playId=2613
2026005,1,2643,TIMEOUT,Timeout at 04:29.,https://pro.nfl.com/api/plays/summaryPlay?gameId=c66e0191-5f68-11f1-b1d0-bb70a4640075&playId=2643
2026005,1,2650,UNSPECIFIED,** Injury Update: LV-B.Jackson is Out of the game.,https://pro.nfl.com/api/plays/summaryPlay?gameId=c66e0191-5f68-11f1-b1d0-bb70a4640075&playId=2650
2026005,1,2633,KICK_OFF,C.Ryland kicks 65 yards from AZ 35 to LV 0. D.Thompkins pushed ob at LV 33 for 33 yards (E.Jones).,https://pro.nfl.com/api/plays/summaryPlay?gameId=c66e0191-5f68-11f1-b1d0-bb70a4640075&playId=2633
2026005,1,2673,RUSH,(4:20) D.Laube right guard to LV 39 for 6 yards (K.Sharar).,https://pro.nfl.com/api/plays/summaryPlay?gameId=c66e0191-5f68-11f1-b1d0-bb70a4640075&playId=2673
2026005,1,2695,RUSH,(3:45) (Shotgun) D.Laube up the middle to LV 41 for 2 yards (D.Williams).,https://pro.nfl.com/api/plays/summaryPlay?gameId=c66e0191-5f68-11f1-b1d0-bb70a4640075&playId=2695
2026005,1,2717,PASS,(3:08) (Shotgun) F.Mendoza pass short middle to D.Young pushed ob at AZ 49 for 10 yards (S.Thomas).,https://pro.nfl.com/api/plays/summaryPlay?gameId=c66e0191-5f68-11f1-b1d0-bb70a4640075&playId=2717
2026005,1,2742,RUSH,(2:36) D.Laube right guard to LV 49 for -2 yards (Jo.Williams).,https://pro.nfl.com/api/plays/summaryPlay?gameId=c66e0191-5f68-11f1-b1d0-bb70a4640075&playId=2742
2026005,1,2764,PASS,(1:57) F.Mendoza pass short middle to Br.Johnson to AZ 37 for 14 yards (K.Sharar).,https://pro.nfl.com/api/plays/summaryPlay?gameId=c66e0191-5f68-11f1-b1d0-bb70a4640075&playId=2764
2026005,1,2789,PASS,"(1:29) (No Huddle, Shotgun) F.Mendoza pass short middle to D.Laube to AZ 23 for 14 yards (W.Williams, I.Oliver).",https://pro.nfl.com/api/plays/summaryPlay?gameId=c66e0191-5f68-11f1-b1d0-bb70a4640075&playId=2789
2026005,1,2814,PASS,"(1:05) (No Huddle, Shotgun) F.Mendoza pass short middle to D.Thompkins to AZ 17 for 6 yards (O.Pappoe).",https://pro.nfl.com/api/plays/summaryPlay?gameId=c66e0191-5f68-11f1-b1d0-bb70a4640075&playId=2814
2026005,1,2839,RUSH,(:37) D.Laube left guard to AZ 20 for -3 yards (K.Sharar).,https://pro.nfl.com/api/plays/summaryPlay?gameId=c66e0191-5f68-11f1-b1d0-bb70a4640075&playId=2839
2026005,1,2861,END_QUARTER,END QUARTER 3,https://pro.nfl.com/api/plays/summaryPlay?gameId=c66e0191-5f68-11f1-b1d0-bb70a4640075&playId=2861
2026005,1,2881,PASS,(15:00) (Shotgun) F.Mendoza pass incomplete deep right to D.Thompkins.,https://pro.nfl.com/api/plays/summaryPlay?gameId=c66e0191-5f68-11f1-b1d0-bb70a4640075&playId=2881
2026005,1,2904,FIELD_GOAL,"(14:54) K.Matsuzawa 38 yard field goal is No Good, Hit Right Upright, Center-T.Duzansky, Holder-A.Cole.",https://pro.nfl.com/api/plays/summaryPlay?gameId=c66e0191-5f68-11f1-b1d0-bb70a4640075&playId=2904
2026005,1,2925,RUSH,(14:50) C.Kiner right guard to AZ 31 for 3 yards (D.Perkins).,https://pro.nfl.com/api/plays/summaryPlay?gameId=c66e0191-5f68-11f1-b1d0-bb70a4640075&playId=2925
2026005,1,2947,SACK,(14:18) (Shotgun) K.Slovis sacked at AZ 26 for -5 yards (C.Slone).,https://pro.nfl.com/api/plays/summaryPlay?gameId=c66e0191-5f68-11f1-b1d0-bb70a4640075&playId=2947
2026005,1,2967,PASS,"(13:37) (Shotgun) K.Slovis pass short middle to C.Kiner to AZ 36 for 10 yards (S.Olubi, D.Johnson).",https://pro.nfl.com/api/plays/summaryPlay?gameId=c66e0191-5f68-11f1-b1d0-bb70a4640075&playId=2967
2026005,1,2992,PUNT,"(12:45) B.Gillikin punts 53 yards to LV 11, Center-C.Kreiter. D.Thompkins to LV 21 for 10 yards (O.Pappoe).",https://pro.nfl.com/api/plays/summaryPlay?gameId=c66e0191-5f68-11f1-b1d0-bb70a4640075&playId=2992
2026005,1,3030,TIMEOUT,Timeout at 12:33.,https://pro.nfl.com/api/plays/summaryPlay?gameId=c66e0191-5f68-11f1-b1d0-bb70a4640075&playId=3030
2026005,1,3018,RUSH,(12:33) R.Hemby right end pushed ob at LV 18 for -3 yards (E.Jones).,https://pro.nfl.com/api/plays/summaryPlay?gameId=c66e0191-5f68-11f1-b1d0-bb70a4640075&playId=3018
2026005,1,3047,PASS,(12:05) (Shotgun) A.O'Connell pass incomplete short left to P.Dorsett.,https://pro.nfl.com/api/plays/summaryPlay?gameId=c66e0191-5f68-11f1-b1d0-bb70a4640075&playId=3047
2026005,1,3070,PASS,(11:59) (Shotgun) A.O'Connell pass short middle to P.Dorsett to LV 31 for 13 yards (I.Oliver).,https://pro.nfl.com/api/plays/summaryPlay?gameId=c66e0191-5f68-11f1-b1d0-bb70a4640075&playId=3070
2026005,1,3095,PASS,"(11:26) (No Huddle, Shotgun) A.O'Connell pass short right to S.Jackson to 50 for 19 yards (K.King).",https://pro.nfl.com/api/plays/summaryPlay?gameId=c66e0191-5f68-11f1-b1d0-bb70a4640075&playId=3095
2026005,1,3120,PASS,"(10:49) (No Huddle, Shotgun) A.O'Connell pass incomplete short middle to A.Okwuegbunam.",https://pro.nfl.com/api/plays/summaryPlay?gameId=c66e0191-5f68-11f1-b1d0-bb70a4640075&playId=3120
2026005,1,3143,RUSH,(10:44) (Shotgun) R.Hemby right tackle to AZ 42 for 8 yards (E.Jones).,https://pro.nfl.com/api/plays/summaryPlay?gameId=c66e0191-5f68-11f1-b1d0-bb70a4640075&playId=3143
2026005,1,3165,PASS,(10:06) (Shotgun) A.O'Connell pass incomplete deep right to P.Dorsett.,https://pro.nfl.com/api/plays/summaryPlay?gameId=c66e0191-5f68-11f1-b1d0-bb70a4640075&playId=3165
2026005,1,3188,PASS,(10:02) (Shotgun) A.O'Connell pass incomplete deep left to P.Dorsett.,https://pro.nfl.com/api/plays/summaryPlay?gameId=c66e0191-5f68-11f1-b1d0-bb70a4640075&playId=3188
2026005,1,3223,TIMEOUT,Timeout at 09:56.,https://pro.nfl.com/api/plays/summaryPlay?gameId=c66e0191-5f68-11f1-b1d0-bb70a4640075&playId=3223
2026005,1,3211,RUSH,(9:56) E.Hull up the middle to AZ 44 for 2 yards (Bu.Johnson).,https://pro.nfl.com/api/plays/summaryPlay?gameId=c66e0191-5f68-11f1-b1d0-bb70a4640075&playId=3211
2026005,1,3240,RUSH,(9:18) E.Hull left guard to AZ 48 for 4 yards (Bu.Johnson; J.Harvey).,https://pro.nfl.com/api/plays/summaryPlay?gameId=c66e0191-5f68-11f1-b1d0-bb70a4640075&playId=3240
2026005,1,3262,PASS,(8:39) (Shotgun) K.Slovis pass incomplete short right to H.Wallace.,https://pro.nfl.com/api/plays/summaryPlay?gameId=c66e0191-5f68-11f1-b1d0-bb70a4640075&playId=3262
2026005,1,3285,PUNT,"(8:36) B.Gillikin punts 50 yards to LV 2, Center-C.Kreiter, downed by AZ-S.Fehoko.",https://pro.nfl.com/api/plays/summaryPlay?gameId=c66e0191-5f68-11f1-b1d0-bb70a4640075&playId=3285
2026005,1,3317,TIMEOUT,Timeout at 08:25.,https://pro.nfl.com/api/plays/summaryPlay?gameId=c66e0191-5f68-11f1-b1d0-bb70a4640075&playId=3317
2026005,1,3305,PASS,(8:25) A.O'Connell pass incomplete short left to S.Jackson.,https://pro.nfl.com/api/plays/summaryPlay?gameId=c66e0191-5f68-11f1-b1d0-bb70a4640075&playId=3305
2026005,1,3335,RUSH,(8:20) R.Hemby up the middle to LV 4 for 2 yards (O.Pappoe).,https://pro.nfl.com/api/plays/summaryPlay?gameId=c66e0191-5f68-11f1-b1d0-bb70a4640075&playId=3335
2026005,1,3357,PASS,(7:36) (Shotgun) A.O'Connell pass incomplete short middle to P.Dorsett.,https://pro.nfl.com/api/plays/summaryPlay?gameId=c66e0191-5f68-11f1-b1d0-bb70a4640075&playId=3357
2026005,1,3380,PUNT,"(7:33) A.Cole punts 58 yards to AZ 38, Center-T.Duzansky. I.Smith-Marsette to AZ 42 for 4 yards (P.Johnson; T.Duzansky).",https://pro.nfl.com/api/plays/summaryPlay?gameId=c66e0191-5f68-11f1-b1d0-bb70a4640075&playId=3380
2026005,1,3406,PASS,(7:19) K.Slovis pass deep right to R.Virgil ran ob at LV 39 for 19 yards (D.Perkins).,https://pro.nfl.com/api/plays/summaryPlay?gameId=c66e0191-5f68-11f1-b1d0-bb70a4640075&playId=3406
2026005,1,3441,RUSH,(6:50) C.Kiner up the middle to LV 34 for 5 yards (T.Ma'ae; P.Johnson).,https://pro.nfl.com/api/plays/summaryPlay?gameId=c66e0191-5f68-11f1-b1d0-bb70a4640075&playId=3441
2026005,1,3475,TIMEOUT,Timeout #1 by LV at 06:44.,https://pro.nfl.com/api/plays/summaryPlay?gameId=c66e0191-5f68-11f1-b1d0-bb70a4640075&playId=3475
2026005,1,3463,RUSH,(6:44) C.Kiner left tackle to LV 19 for 15 yards (G.Vance).,https://pro.nfl.com/api/plays/summaryPlay?gameId=c66e0191-5f68-11f1-b1d0-bb70a4640075&playId=3463
2026005,1,3504,TIMEOUT,Timeout #2 by LV at 06:38.,https://pro.nfl.com/api/plays/summaryPlay?gameId=c66e0191-5f68-11f1-b1d0-bb70a4640075&playId=3504
2026005,1,3492,RUSH,(6:38) C.Kiner right guard to LV 15 for 4 yards (D.Lafayette).,https://pro.nfl.com/api/plays/summaryPlay?gameId=c66e0191-5f68-11f1-b1d0-bb70a4640075&playId=3492
2026005,1,3533,TIMEOUT,Timeout #3 by LV at 06:33.,https://pro.nfl.com/api/plays/summaryPlay?gameId=c66e0191-5f68-11f1-b1d0-bb70a4640075&playId=3533
2026005,1,3521,RUSH,(6:33) C.Kiner up the middle to LV 13 for 2 yards (X.Sorey; K.Crawford).,https://pro.nfl.com/api/plays/summaryPlay?gameId=c66e0191-5f68-11f1-b1d0-bb70a4640075&playId=3521
2026005,1,3550,RUSH,(5:57) (Shotgun) C.Kiner right guard to LV 10 for 3 yards (X.Sorey; K.Crawford).,https://pro.nfl.com/api/plays/summaryPlay?gameId=c66e0191-5f68-11f1-b1d0-bb70a4640075&playId=3550
2026005,1,3572,PENALTY,"(5:12) (Run formation) PENALTY on AZ-S.Bowman, False Start, 5 yards, enforced at LV 10 - No Play.",https://pro.nfl.com/api/plays/summaryPlay?gameId=c66e0191-5f68-11f1-b1d0-bb70a4640075&playId=3572
2026005,1,3596,FIELD_GOAL,"(5:12) C.Ryland 33 yard field goal is No Good, Wide Right, Center-C.Kreiter, Holder-B.Gillikin.",https://pro.nfl.com/api/plays/summaryPlay?gameId=c66e0191-5f68-11f1-b1d0-bb70a4640075&playId=3596
2026005,1,3617,PASS,(5:08) (Shotgun) A.O'Connell pass deep left to E.Williams pushed ob at AZ 36 for 41 yards (E.Culp) [Jo.Williams].,https://pro.nfl.com/api/plays/summaryPlay?gameId=c66e0191-5f68-11f1-b1d0-bb70a4640075&playId=3617
2026005,1,3642,PASS,"(4:38) (No Huddle, Shotgun) A.O'Connell pass short left to C.Roberts to AZ 24 for 12 yards (B.Ojulari).",https://pro.nfl.com/api/plays/summaryPlay?gameId=c66e0191-5f68-11f1-b1d0-bb70a4640075&playId=3642
2026005,1,3667,PASS,"(4:16) (No Huddle, Shotgun) A.O'Connell pass incomplete short middle to C.Roberts.",https://pro.nfl.com/api/plays/summaryPlay?gameId=c66e0191-5f68-11f1-b1d0-bb70a4640075&playId=3667
2026005,1,3697,PASS,(4:13) (Shotgun) A.O'Connell pass incomplete deep left to E.Williams.,https://pro.nfl.com/api/plays/summaryPlay?gameId=c66e0191-5f68-11f1-b1d0-bb70a4640075&playId=3697
2026005,1,3720,SACK,(4:08) (Shotgun) A.O'Connell sacked at AZ 34 for -10 yards (E.Brown).,https://pro.nfl.com/api/plays/summaryPlay?gameId=c66e0191-5f68-11f1-b1d0-bb70a4640075&playId=3720
2026005,1,3740,PASS,"(3:42) (No Huddle, Shotgun) A.O'Connell pass incomplete deep left to P.Dorsett.",https://pro.nfl.com/api/plays/summaryPlay?gameId=c66e0191-5f68-11f1-b1d0-bb70a4640075&playId=3740
2026005,1,3763,RUSH,(3:36) E.Hull right guard to AZ 36 for 1 yard (B.Cleveland; J.Harvey).,https://pro.nfl.com/api/plays/summaryPlay?gameId=c66e0191-5f68-11f1-b1d0-bb70a4640075&playId=3763
2026005,1,3785,RUSH,(2:51) E.Hull left tackle to AZ 37 for 1 yard (J.Harvey; C.Slone).,https://pro.nfl.com/api/plays/summaryPlay?gameId=c66e0191-5f68-11f1-b1d0-bb70a4640075&playId=3785
2026005,1,3807,RUSH,(2:06) C.Kiner up the middle to LV 48 for 15 yards (G.Vance).,https://pro.nfl.com/api/plays/summaryPlay?gameId=c66e0191-5f68-11f1-b1d0-bb70a4640075&playId=3807
2026005,1,3841,TIMEOUT,Two-Minute Warning,https://pro.nfl.com/api/plays/summaryPlay?gameId=c66e0191-5f68-11f1-b1d0-bb70a4640075&playId=3841
2026005,1,3829,RUSH,(2:00) K.Slovis kneels to LV 49 for -1 yards.,https://pro.nfl.com/api/plays/summaryPlay?gameId=c66e0191-5f68-11f1-b1d0-bb70a4640075&playId=3829
2026005,1,3863,RUSH,(1:18) K.Slovis kneels to 50 for -1 yards.,https://pro.nfl.com/api/plays/summaryPlay?gameId=c66e0191-5f68-11f1-b1d0-bb70a4640075&playId=3863
2026005,1,3885,RUSH,(:38) K.Slovis kneels to AZ 49 for -1 yards.,https://pro.nfl.com/api/plays/summaryPlay?gameId=c66e0191-5f68-11f1-b1d0-bb70a4640075&playId=3885
2026005,1,3907,END_GAME,END GAME,https://pro.nfl.com/api/plays/summaryPlay?gameId=c66e0191-5f68-11f1-b1d0-bb70a4640075&playId=3907
2026006,1,1,GAME_START,GAME,https://pro.nfl.com/api/plays/summaryPlay?gameId=c66e0006-5f68-11f1-b1d0-bb70a4640075&playId=1
2026006,1,39,KICK_OFF,C.Freeman kicks 66 yards from HST 35 to LAC -1. K.Lambert-Smith to LAC 27 for 28 yards (C.Stover).,https://pro.nfl.com/api/plays/summaryPlay?gameId=c66e0006-5f68-11f1-b1d0-bb70a4640075&playId=39
2026006,1,62,RUSH,(14:55) K.Vidal right tackle to LAC 26 for -1 yards (S.Byrd).,https://pro.nfl.com/api/plays/summaryPlay?gameId=c66e0006-5f68-11f1-b1d0-bb70a4640075&playId=62
2026006,1,84,PENALTY,"(14:17) K.Vidal right end to LAC 26 for no gain (S.Byrd, J.Smith).
PENALTY on HST-S.Byrd, Face Mask, 15 yards, enforced at LAC 26 - No Play.",https://pro.nfl.com/api/plays/summaryPlay?gameId=c66e0006-5f68-11f1-b1d0-bb70a4640075&playId=84
2026006,1,117,PASS,(13:52) (Shotgun) T.Lance pass short middle to K.Lambert-Smith to HST 44 for 15 yards (J.Hummel).,https://pro.nfl.com/api/plays/summaryPlay?gameId=c66e0006-5f68-11f1-b1d0-bb70a4640075&playId=117
2026006,1,142,RUSH,(13:19) K.Vidal right tackle to HST 39 for 5 yards (M.Mapu; K.McDonald).,https://pro.nfl.com/api/plays/summaryPlay?gameId=c66e0006-5f68-11f1-b1d0-bb70a4640075&playId=142
2026006,1,164,RUSH,"(12:38) K.Vidal right end to HST 38 for 1 yard (J.Smith, S.Byrd).",https://pro.nfl.com/api/plays/summaryPlay?gameId=c66e0006-5f68-11f1-b1d0-bb70a4640075&playId=164
2026006,1,186,PASS,(11:55) (Shotgun) T.Lance pass short left to K.Lambert-Smith to HST 26 for 12 yards (T.Smith).,https://pro.nfl.com/api/plays/summaryPlay?gameId=c66e0006-5f68-11f1-b1d0-bb70a4640075&playId=186
2026006,1,211,PASS,(11:20) T.Lance pass short right to O.Gadsden to HST 19 for 7 yards (A.Huzzie).,https://pro.nfl.com/api/plays/summaryPlay?gameId=c66e0006-5f68-11f1-b1d0-bb70a4640075&playId=211
2026006,1,236,RUSH,(10:40) K.Vidal left guard to HST 15 for 4 yards (W.Woodaz).,https://pro.nfl.com/api/plays/summaryPlay?gameId=c66e0006-5f68-11f1-b1d0-bb70a4640075&playId=236
2026006,1,258,PASS,(10:00) (Shotgun) T.Lance pass incomplete short right to K.Vidal.,https://pro.nfl.com/api/plays/summaryPlay?gameId=c66e0006-5f68-11f1-b1d0-bb70a4640075&playId=258
2026006,1,281,PASS,(9:54) (Shotgun) T.Lance pass incomplete short left to K.Lambert-Smith.,https://pro.nfl.com/api/plays/summaryPlay?gameId=c66e0006-5f68-11f1-b1d0-bb70a4640075&playId=281
2026006,1,304,PASS,(9:49) (Shotgun) T.Lance pass incomplete short right to O.Gadsden.,https://pro.nfl.com/api/plays/summaryPlay?gameId=c66e0006-5f68-11f1-b1d0-bb70a4640075&playId=304
2026006,1,327,FIELD_GOAL,"(9:41) C.Dicker 34 yard field goal is GOOD, Center-P.Bowden, Holder-J.Scott.",https://pro.nfl.com/api/plays/summaryPlay?gameId=c66e0006-5f68-11f1-b1d0-bb70a4640075&playId=327
2026006,1,357,TIMEOUT,Timeout at 09:37.,https://pro.nfl.com/api/plays/summaryPlay?gameId=c66e0006-5f68-11f1-b1d0-bb70a4640075&playId=357
2026006,1,347,KICK_OFF,C.Dicker kicks 66 yards from LAC 35 to HST -1. X.Hutchinson pushed ob at HST 25 for 26 yards (N.Reed).,https://pro.nfl.com/api/plays/summaryPlay?gameId=c66e0006-5f68-11f1-b1d0-bb70a4640075&playId=347
2026006,1,382,RUSH,(9:29) X.Hutchinson right end to HST 33 for 8 yards (N.Reed).,https://pro.nfl.com/api/plays/summaryPlay?gameId=c66e0006-5f68-11f1-b1d0-bb70a4640075&playId=382
2026006,1,404,PASS,(8:54) (Shotgun) D.Mills pass deep middle to M.Klein to LAC 36 for 31 yards (R.Mickens).,https://pro.nfl.com/api/plays/summaryPlay?gameId=c66e0006-5f68-11f1-b1d0-bb70a4640075&playId=404
2026006,1,429,RUSH,(8:12) N.Whittington right end to LAC 31 for 5 yards (N.Reed; D.Phillips).,https://pro.nfl.com/api/plays/summaryPlay?gameId=c66e0006-5f68-11f1-b1d0-bb70a4640075&playId=429
2026006,1,451,PASS,(7:28) (Shotgun) D.Mills pass incomplete short middle to X.Hutchinson.,https://pro.nfl.com/api/plays/summaryPlay?gameId=c66e0006-5f68-11f1-b1d0-bb70a4640075&playId=451
2026006,1,474,PASS,(7:24) (Shotgun) D.Mills pass short right to J.Watson to LAC 27 for 4 yards (D.Leonard).,https://pro.nfl.com/api/plays/summaryPlay?gameId=c66e0006-5f68-11f1-b1d0-bb70a4640075&playId=474
2026006,1,511,TIMEOUT,Timeout #1 by LAC at 06:43.,https://pro.nfl.com/api/plays/summaryPlay?gameId=c66e0006-5f68-11f1-b1d0-bb70a4640075&playId=511
2026006,1,499,PENALTY,"(6:43) D.Mills pass incomplete deep right to M.Klein.
PENALTY on LAC-G.Smith, Defensive Pass Interference, 9 yards, enforced at LAC 27 - No Play.",https://pro.nfl.com/api/plays/summaryPlay?gameId=c66e0006-5f68-11f1-b1d0-bb70a4640075&playId=499
2026006,1,540,PASS,(6:38) (Shotgun) D.Mills pass incomplete deep left to J.Wayne (G.Smith) [N.Tucker].,https://pro.nfl.com/api/plays/summaryPlay?gameId=c66e0006-5f68-11f1-b1d0-bb70a4640075&playId=540
2026006,1,563,RUSH,(6:32) N.Whittington left tackle to LAC 16 for 2 yards (N.Tucker).,https://pro.nfl.com/api/plays/summaryPlay?gameId=c66e0006-5f68-11f1-b1d0-bb70a4640075&playId=563
2026006,1,585,PASS,(5:49) (Shotgun) D.Mills pass short right to J.Wayne to LAC 7 for 9 yards (N.Reed).,https://pro.nfl.com/api/plays/summaryPlay?gameId=c66e0006-5f68-11f1-b1d0-bb70a4640075&playId=585
2026006,1,610,SACK,(5:09) D.Mills sacked ob at LAC 8 for -1 yards (J.Carter).,https://pro.nfl.com/api/plays/summaryPlay?gameId=c66e0006-5f68-11f1-b1d0-bb70a4640075&playId=610
2026006,1,637,RUSH,(4:35) N.Whittington left tackle to LAC 5 for 3 yards (G.Randolph; G.Smith).,https://pro.nfl.com/api/plays/summaryPlay?gameId=c66e0006-5f68-11f1-b1d0-bb70a4640075&playId=637
2026006,1,667,PASS,"(3:56) (Shotgun) D.Mills pass short right to J.Wayne for 5 yards, TOUCHDOWN.",https://pro.nfl.com/api/plays/summaryPlay?gameId=c66e0006-5f68-11f1-b1d0-bb70a4640075&playId=667
2026006,1,693,XP_KICK,"C.Freeman extra point is GOOD, Center-A.Brinkman, Holder-K.Kroeger.",https://pro.nfl.com/api/plays/summaryPlay?gameId=c66e0006-5f68-11f1-b1d0-bb70a4640075&playId=693
2026006,1,718,TIMEOUT,Timeout at 03:51.,https://pro.nfl.com/api/plays/summaryPlay?gameId=c66e0006-5f68-11f1-b1d0-bb70a4640075&playId=718
2026006,1,708,KICK_OFF,C.Freeman kicks 58 yards from HST 35 to LAC 7. J.Patterson to LAC 22 for 15 yards (A.Fisher).,https://pro.nfl.com/api/plays/summaryPlay?gameId=c66e0006-5f68-11f1-b1d0-bb70a4640075&playId=708
2026006,1,738,PASS,(3:45) (Shotgun) T.Lance pass short middle to K.Lambert-Smith to LAC 38 for 16 yards (C.Wright).,https://pro.nfl.com/api/plays/summaryPlay?gameId=c66e0006-5f68-11f1-b1d0-bb70a4640075&playId=738
2026006,1,763,RUSH,(3:13) K.Vidal right end to LAC 37 for -1 yards (J.Hummel).,https://pro.nfl.com/api/plays/summaryPlay?gameId=c66e0006-5f68-11f1-b1d0-bb70a4640075&playId=763
2026006,1,785,SACK,(2:33) (Shotgun) T.Lance sacked ob at LAC 35 for -2 yards (D.Robinson).,https://pro.nfl.com/api/plays/summaryPlay?gameId=c66e0006-5f68-11f1-b1d0-bb70a4640075&playId=785
2026006,1,805,PASS,(1:56) (Shotgun) T.Lance pass incomplete deep middle to B.Thompson (J.Reed).,https://pro.nfl.com/api/plays/summaryPlay?gameId=c66e0006-5f68-11f1-b1d0-bb70a4640075&playId=805
2026006,1,828,PUNT,"(1:49) J.Scott punts 56 yards to HST 9, Center-P.Bowden. L.Bond to HST 27 for 18 yards (K.Kennard).
PENALTY on HST-M.Mapu, Offensive Holding, 5 yards, enforced at HST 10.",https://pro.nfl.com/api/plays/summaryPlay?gameId=c66e0006-5f68-11f1-b1d0-bb70a4640075&playId=828
2026006,1,877,TIMEOUT,Timeout at 01:35.,https://pro.nfl.com/api/plays/summaryPlay?gameId=c66e0006-5f68-11f1-b1d0-bb70a4640075&playId=877
2026006,1,865,RUSH,(1:35) (Shotgun) J.Pitsenberger right guard to HST 8 for 3 yards (M.Wax).,https://pro.nfl.com/api/plays/summaryPlay?gameId=c66e0006-5f68-11f1-b1d0-bb70a4640075&playId=865
2026006,1,894,PASS,(:52) (Shotgun) G.Mertz pass short left to J.Wayne to HST 11 for 3 yards (J.Colson).,https://pro.nfl.com/api/plays/summaryPlay?gameId=c66e0006-5f68-11f1-b1d0-bb70a4640075&playId=894
2026006,1,919,PASS,(:13) (Shotgun) G.Mertz pass incomplete deep right to L.Bond (A.Smith).,https://pro.nfl.com/api/plays/summaryPlay?gameId=c66e0006-5f68-11f1-b1d0-bb70a4640075&playId=919
2026006,1,942,PUNT,"(:08) K.Kroeger punts 46 yards to LAC 43, Center-A.Brinkman. D.Davis ran ob at HST 35 for 22 yards (J.Smith).
PENALTY on LAC-R.Mickens, Offensive Holding, 10 yards, enforced at LAC 43.",https://pro.nfl.com/api/plays/summaryPlay?gameId=c66e0006-5f68-11f1-b1d0-bb70a4640075&playId=942
2026006,1,984,END_QUARTER,END QUARTER 1,https://pro.nfl.com/api/plays/summaryPlay?gameId=c66e0006-5f68-11f1-b1d0-bb70a4640075&playId=984
2026006,1,1004,PASS,(15:00) T.Lance pass short right to O.Gadsden pushed ob at LAC 47 for 14 yards (M.Mapu).,https://pro.nfl.com/api/plays/summaryPlay?gameId=c66e0006-5f68-11f1-b1d0-bb70a4640075&playId=1004
2026006,1,1029,PASS,(14:26) T.Lance pass short middle to B.Thompson to HST 39 for 14 yards (J.Reed).,https://pro.nfl.com/api/plays/summaryPlay?gameId=c66e0006-5f68-11f1-b1d0-bb70a4640075&playId=1029
2026006,1,1054,RUSH,(13:52) J.Patterson right tackle to HST 33 for 6 yards (W.Woodaz).,https://pro.nfl.com/api/plays/summaryPlay?gameId=c66e0006-5f68-11f1-b1d0-bb70a4640075&playId=1054
2026006,1,1076,RUSH,(13:13) T.Lance scrambles left end to HST 25 for 8 yards (J.Hummel).,https://pro.nfl.com/api/plays/summaryPlay?gameId=c66e0006-5f68-11f1-b1d0-bb70a4640075&playId=1076
2026006,1,1098,RUSH,(12:30) J.Patterson left end pushed ob at HST 16 for 9 yards (S.Hall).,https://pro.nfl.com/api/plays/summaryPlay?gameId=c66e0006-5f68-11f1-b1d0-bb70a4640075&playId=1098
2026006,1,1132,RUSH,(11:55) J.Patterson left tackle to HST 13 for 3 yards (J.Reed; K.Hamilton).,https://pro.nfl.com/api/plays/summaryPlay?gameId=c66e0006-5f68-11f1-b1d0-bb70a4640075&playId=1132
2026006,1,1154,RUSH,(11:15) A.Johnson right tackle to HST 7 for 6 yards (S.Byrd).,https://pro.nfl.com/api/plays/summaryPlay?gameId=c66e0006-5f68-11f1-b1d0-bb70a4640075&playId=1154
2026006,1,1176,RUSH,"(10:37) A.Johnson right tackle for 7 yards, TOUCHDOWN.",https://pro.nfl.com/api/plays/summaryPlay?gameId=c66e0006-5f68-11f1-b1d0-bb70a4640075&playId=1176
2026006,1,1199,XP_KICK,"C.Dicker extra point is GOOD, Center-P.Bowden, Holder-J.Scott.",https://pro.nfl.com/api/plays/summaryPlay?gameId=c66e0006-5f68-11f1-b1d0-bb70a4640075&playId=1199
2026006,1,1224,TIMEOUT,Timeout at 10:32.,https://pro.nfl.com/api/plays/summaryPlay?gameId=c66e0006-5f68-11f1-b1d0-bb70a4640075&playId=1224
2026006,1,1214,KICK_OFF,C.Dicker kicks 64 yards from LAC 35 to HST 1. T.Saunders to HST 35 for 34 yards (R.Mickens).,https://pro.nfl.com/api/plays/summaryPlay?gameId=c66e0006-5f68-11f1-b1d0-bb70a4640075&playId=1214
2026006,1,1244,PASS,(10:25) (Shotgun) G.Mertz pass short left to J.Watson to HST 42 for 7 yards (M.Wax; T.Webb).,https://pro.nfl.com/api/plays/summaryPlay?gameId=c66e0006-5f68-11f1-b1d0-bb70a4640075&playId=1244
2026006,1,1269,RUSH,(9:43) N.Whittington up the middle to HST 48 for 6 yards (R.Mickens).,https://pro.nfl.com/api/plays/summaryPlay?gameId=c66e0006-5f68-11f1-b1d0-bb70a4640075&playId=1269
2026006,1,1291,RUSH,(9:05) N.Whittington right guard to LAC 41 for 11 yards (J.Colson; R.Mickens).,https://pro.nfl.com/api/plays/summaryPlay?gameId=c66e0006-5f68-11f1-b1d0-bb70a4640075&playId=1291
2026006,1,1313,PASS,(8:24) G.Mertz pass short middle to J.Kelly to LAC 24 for 17 yards (R.Mickens).,https://pro.nfl.com/api/plays/summaryPlay?gameId=c66e0006-5f68-11f1-b1d0-bb70a4640075&playId=1313
2026006,1,1338,RUSH,(7:44) N.Whittington up the middle to LAC 16 for 8 yards (K.Williamson).,https://pro.nfl.com/api/plays/summaryPlay?gameId=c66e0006-5f68-11f1-b1d0-bb70a4640075&playId=1338
2026006,1,1360,RUSH,(7:06) J.Pitsenberger up the middle to LAC 15 for 1 yard (T.Edwards).,https://pro.nfl.com/api/plays/summaryPlay?gameId=c66e0006-5f68-11f1-b1d0-bb70a4640075&playId=1360
2026006,1,1382,RUSH,(6:31) N.Whittington right guard to LAC 15 for no gain (J.Guillory; G.Randolph).,https://pro.nfl.com/api/plays/summaryPlay?gameId=c66e0006-5f68-11f1-b1d0-bb70a4640075&playId=1382
2026006,1,1404,RUSH,(5:49) G.Mertz up the middle to LAC 15 for no gain (T.Edwards; J.Colson).,https://pro.nfl.com/api/plays/summaryPlay?gameId=c66e0006-5f68-11f1-b1d0-bb70a4640075&playId=1404
2026006,1,1438,TIMEOUT,Timeout at 05:43.,https://pro.nfl.com/api/plays/summaryPlay?gameId=c66e0006-5f68-11f1-b1d0-bb70a4640075&playId=1438
2026006,1,1426,RUSH,(5:43) (Shotgun) J.Patterson up the middle to LAC 15 for no gain (J.Reed; J.Hummel).,https://pro.nfl.com/api/plays/summaryPlay?gameId=c66e0006-5f68-11f1-b1d0-bb70a4640075&playId=1426
2026006,1,1455,PASS,(5:04) (Shotgun) T.Lance pass incomplete short left to B.Thompson (K.Ramsey).,https://pro.nfl.com/api/plays/summaryPlay?gameId=c66e0006-5f68-11f1-b1d0-bb70a4640075&playId=1455
2026006,1,1478,PASS,(4:59) (Shotgun) T.Lance pass incomplete deep right to K.Lambert-Smith.,https://pro.nfl.com/api/plays/summaryPlay?gameId=c66e0006-5f68-11f1-b1d0-bb70a4640075&playId=1478
2026006,1,1501,PUNT,"(4:51) J.Scott punts 49 yards to HST 36, Center-P.Bowden. L.Bond to HST 36 for no gain (L.Barton).",https://pro.nfl.com/api/plays/summaryPlay?gameId=c66e0006-5f68-11f1-b1d0-bb70a4640075&playId=1501
2026006,1,1539,TIMEOUT,Timeout at 04:39.,https://pro.nfl.com/api/plays/summaryPlay?gameId=c66e0006-5f68-11f1-b1d0-bb70a4640075&playId=1539
2026006,1,1527,RUSH,(4:39) J.Pitsenberger right tackle to HST 37 for 1 yard (T.Edwards).,https://pro.nfl.com/api/plays/summaryPlay?gameId=c66e0006-5f68-11f1-b1d0-bb70a4640075&playId=1527
2026006,1,1561,PASS,(4:04) G.Mertz pass incomplete short right to J.Wayne.,https://pro.nfl.com/api/plays/summaryPlay?gameId=c66e0006-5f68-11f1-b1d0-bb70a4640075&playId=1561
2026006,1,1584,PASS,(3:58) (Shotgun) G.Mertz pass incomplete deep right to C.Stover (R.Mickens) [M.Wax].,https://pro.nfl.com/api/plays/summaryPlay?gameId=c66e0006-5f68-11f1-b1d0-bb70a4640075&playId=1584
2026006,1,1607,PUNT,"(3:48) K.Kroeger punts 52 yards to LAC 11, Center-A.Brinkman. B.Thompson pushed ob at LAC 23 for 12 yards (F.Moreau).",https://pro.nfl.com/api/plays/summaryPlay?gameId=c66e0006-5f68-11f1-b1d0-bb70a4640075&playId=1607
2026006,1,1662,TIMEOUT,Timeout at 03:36.,https://pro.nfl.com/api/plays/summaryPlay?gameId=c66e0006-5f68-11f1-b1d0-bb70a4640075&playId=1662
2026006,1,1650,PENALTY,"(3:36) J.Patterson left end to LAC 27 for 4 yards (A.Gaye; A.Fisher).
PENALTY on HST-A.Gaye, Defensive Offside, 5 yards, enforced at LAC 23 - No Play.",https://pro.nfl.com/api/plays/summaryPlay?gameId=c66e0006-5f68-11f1-b1d0-bb70a4640075&playId=1650
2026006,1,1690,PASS,(3:11) T.Lance pass short left to K.Lambert-Smith to LAC 43 for 15 yards (J.Smith; A.Fisher).,https://pro.nfl.com/api/plays/summaryPlay?gameId=c66e0006-5f68-11f1-b1d0-bb70a4640075&playId=1690
2026006,1,1715,PENALTY,"(2:23) (Shotgun) T.Lance pass incomplete deep left to S.Matlock.
PENALTY on HST-A.Gaye, Neutral Zone Infraction, 5 yards, enforced at LAC 43 - No Play.",https://pro.nfl.com/api/plays/summaryPlay?gameId=c66e0006-5f68-11f1-b1d0-bb70a4640075&playId=1715
2026006,1,1738,RUSH,(2:17) (Shotgun) J.Patterson left end pushed ob at HST 45 for 7 yards (K.Merriweather).,https://pro.nfl.com/api/plays/summaryPlay?gameId=c66e0006-5f68-11f1-b1d0-bb70a4640075&playId=1738
2026006,1,1789,TIMEOUT,Two-Minute Warning,https://pro.nfl.com/api/plays/summaryPlay?gameId=c66e0006-5f68-11f1-b1d0-bb70a4640075&playId=1789
2026006,1,1777,PENALTY,"(2:00) (Shotgun) J.Patterson right guard to HST 43 for 2 yards (K.Merriweather).
PENALTY on LAC-T.Penning, Offensive Holding, 10 yards, enforced at HST 45 - No Play.",https://pro.nfl.com/api/plays/summaryPlay?gameId=c66e0006-5f68-11f1-b1d0-bb70a4640075&playId=1777
2026006,1,1817,PASS,(1:55) (Shotgun) T.Lance pass incomplete short right to B.Thompson (A.Huzzie).,https://pro.nfl.com/api/plays/summaryPlay?gameId=c66e0006-5f68-11f1-b1d0-bb70a4640075&playId=1817
2026006,1,1840,PASS,(1:52) (Shotgun) T.Lance pass deep right to B.Thompson to HST 39 for 16 yards (J.Ingram).,https://pro.nfl.com/api/plays/summaryPlay?gameId=c66e0006-5f68-11f1-b1d0-bb70a4640075&playId=1840
2026006,1,1865,PASS,(1:09) (Shotgun) T.Lance pass short left to J.Patterson to HST 24 for 15 yards (J.Hill).,https://pro.nfl.com/api/plays/summaryPlay?gameId=c66e0006-5f68-11f1-b1d0-bb70a4640075&playId=1865
2026006,1,1902,TIMEOUT,Timeout #1 by HST at 00:59.,https://pro.nfl.com/api/plays/summaryPlay?gameId=c66e0006-5f68-11f1-b1d0-bb70a4640075&playId=1902
2026006,1,1890,PASS,(:59) (Shotgun) T.Lance pass short right intended for B.Thompson INTERCEPTED by K.Ramsey at HST 12. K.Ramsey ran ob at LAC 48 for 40 yards (T.Lance).,https://pro.nfl.com/api/plays/summaryPlay?gameId=c66e0006-5f68-11f1-b1d0-bb70a4640075&playId=1890
2026006,1,1929,PASS,(:51) (Shotgun) G.Mertz pass short left to N.Whittington to HST 48 for -4 yards (E.Johnson).,https://pro.nfl.com/api/plays/summaryPlay?gameId=c66e0006-5f68-11f1-b1d0-bb70a4640075&playId=1929
2026006,1,1954,RUSH,(:28) (Shotgun) G.Mertz scrambles up the middle to LAC 46 for 6 yards (E.Johnson).,https://pro.nfl.com/api/plays/summaryPlay?gameId=c66e0006-5f68-11f1-b1d0-bb70a4640075&playId=1954
2026006,1,1988,TIMEOUT,Timeout #2 by HST at 00:21.,https://pro.nfl.com/api/plays/summaryPlay?gameId=c66e0006-5f68-11f1-b1d0-bb70a4640075&playId=1988
2026006,1,1976,PENALTY,"(:21) (Shotgun) PENALTY on HST-B.Fisher, False Start, 6 yards, enforced at LAC 46 - No Play.",https://pro.nfl.com/api/plays/summaryPlay?gameId=c66e0006-5f68-11f1-b1d0-bb70a4640075&playId=1976
2026006,1,2007,RUSH,(:21) (Shotgun) G.Mertz scrambles right end to LAC 43 for 9 yards (M.Wax). HST-G.Mertz was injured during the play.,https://pro.nfl.com/api/plays/summaryPlay?gameId=c66e0006-5f68-11f1-b1d0-bb70a4640075&playId=2007
2026006,1,2044,TIMEOUT,Timeout #3 by HST at 00:02.,https://pro.nfl.com/api/plays/summaryPlay?gameId=c66e0006-5f68-11f1-b1d0-bb70a4640075&playId=2044
2026006,1,2032,FIELD_GOAL,"(:02) C.Freeman 61 yard field goal is No Good, Wide Right, Center-A.Brinkman, Holder-K.Kroeger.",https://pro.nfl.com/api/plays/summaryPlay?gameId=c66e0006-5f68-11f1-b1d0-bb70a4640075&playId=2032
2026006,1,2061,END_QUARTER,END QUARTER 2,https://pro.nfl.com/api/plays/summaryPlay?gameId=c66e0006-5f68-11f1-b1d0-bb70a4640075&playId=2061
2026006,1,2081,KICK_OFF,"C.Dicker kicks 61 yards from LAC 35 to HST 4. J.Jackson to HST 31 for 27 yards (A.Smith; L.Barton).
PENALTY on HST-D.Robinson, Offensive Holding, 10 yards, enforced at HST 31.",https://pro.nfl.com/api/plays/summaryPlay?gameId=c66e0006-5f68-11f1-b1d0-bb70a4640075&playId=2081
2026006,1,2115,RUSH,(14:54) N.Whittington left tackle to HST 22 for 1 yard (A.Carter; J.Guillory).,https://pro.nfl.com/api/plays/summaryPlay?gameId=c66e0006-5f68-11f1-b1d0-bb70a4640075&playId=2115
2026006,1,2137,RUSH,(14:14) N.Whittington left tackle to HST 25 for 3 yards (T.Edwards; G.Smith).,https://pro.nfl.com/api/plays/summaryPlay?gameId=c66e0006-5f68-11f1-b1d0-bb70a4640075&playId=2137
2026006,1,2159,PASS,(13:30) (Shotgun) D.Mills pass short middle to J.Kelly to HST 32 for 7 yards (J.Colson).,https://pro.nfl.com/api/plays/summaryPlay?gameId=c66e0006-5f68-11f1-b1d0-bb70a4640075&playId=2159
2026006,1,2184,PASS,(12:47) (Shotgun) D.Mills pass incomplete short right.,https://pro.nfl.com/api/plays/summaryPlay?gameId=c66e0006-5f68-11f1-b1d0-bb70a4640075&playId=2184
2026006,1,2207,RUSH,(12:41) N.Whittington up the middle to HST 28 for -4 yards (K.Williamson).,https://pro.nfl.com/api/plays/summaryPlay?gameId=c66e0006-5f68-11f1-b1d0-bb70a4640075&playId=2207
2026006,1,2229,PASS,(12:01) (Shotgun) D.Mills pass short middle to L.Bond to HST 39 for 11 yards (E.Johnson).,https://pro.nfl.com/api/plays/summaryPlay?gameId=c66e0006-5f68-11f1-b1d0-bb70a4640075&playId=2229
2026006,1,2263,PUNT,"(11:15) K.Kroeger punts 46 yards to LAC 15, Center-A.Brinkman. L.Grimm pushed ob at LAC 21 for 6 yards (K.Ramsey; A.Fisher).",https://pro.nfl.com/api/plays/summaryPlay?gameId=c66e0006-5f68-11f1-b1d0-bb70a4640075&playId=2263
2026006,1,2301,TIMEOUT,Timeout at 11:05.,https://pro.nfl.com/api/plays/summaryPlay?gameId=c66e0006-5f68-11f1-b1d0-bb70a4640075&playId=2301
2026006,1,2289,RUSH,"(11:05) A.Johnson left tackle to LAC 19 for -2 yards (A.Huzzie, K.McDonald).",https://pro.nfl.com/api/plays/summaryPlay?gameId=c66e0006-5f68-11f1-b1d0-bb70a4640075&playId=2289
2026006,1,2318,PASS,(10:27) (Shotgun) T.Lance pass short middle to L.Grimm to LAC 26 for 7 yards (A.Fisher).,https://pro.nfl.com/api/plays/summaryPlay?gameId=c66e0006-5f68-11f1-b1d0-bb70a4640075&playId=2318
2026006,1,2343,RUSH,(9:46) (Shotgun) T.Lance scrambles left end ran ob at LAC 41 for 15 yards (J.Reed).,https://pro.nfl.com/api/plays/summaryPlay?gameId=c66e0006-5f68-11f1-b1d0-bb70a4640075&playId=2343
2026006,1,2370,PASS,(9:11) T.Lance pass short left to J.Pascuzzi to HST 45 for 14 yards (J.Ingram; S.Hall).,https://pro.nfl.com/api/plays/summaryPlay?gameId=c66e0006-5f68-11f1-b1d0-bb70a4640075&playId=2370
2026006,1,2395,PASS,(8:32) T.Lance pass short right to J.Pascuzzi to HST 26 for 19 yards (T.Smith). HST-J.Ingram was injured during the play.,https://pro.nfl.com/api/plays/summaryPlay?gameId=c66e0006-5f68-11f1-b1d0-bb70a4640075&playId=2395
2026006,1,2420,PENALTY,"(7:49) A.Johnson left guard to HST 27 for -1 yards (A.Fisher).
PENALTY on LAC, Illegal Formation, 5 yards, enforced at HST 26 - No Play.",https://pro.nfl.com/api/plays/summaryPlay?gameId=c66e0006-5f68-11f1-b1d0-bb70a4640075&playId=2420
2026006,1,2453,SACK,(7:22) (Shotgun) T.Lance sacked at HST 38 for -7 yards (N.Jones).,https://pro.nfl.com/api/plays/summaryPlay?gameId=c66e0006-5f68-11f1-b1d0-bb70a4640075&playId=2453
2026006,1,2476,RUSH,(6:36) (Shotgun) A.Johnson up the middle to HST 34 for 4 yards (J.Hill; N.Jones).,https://pro.nfl.com/api/plays/summaryPlay?gameId=c66e0006-5f68-11f1-b1d0-bb70a4640075&playId=2476
2026006,1,2498,RUSH,(5:57) (Shotgun) T.Lance scrambles right end pushed ob at HST 30 for 4 yards (S.Byrd).,https://pro.nfl.com/api/plays/summaryPlay?gameId=c66e0006-5f68-11f1-b1d0-bb70a4640075&playId=2498
2026006,1,2525,FIELD_GOAL,"(5:21) C.Dicker 48 yard field goal is GOOD, Center-P.Bowden, Holder-J.Scott.",https://pro.nfl.com/api/plays/summaryPlay?gameId=c66e0006-5f68-11f1-b1d0-bb70a4640075&playId=2525
2026006,1,2555,TIMEOUT,Timeout at 05:16.,https://pro.nfl.com/api/plays/summaryPlay?gameId=c66e0006-5f68-11f1-b1d0-bb70a4640075&playId=2555
2026006,1,2545,KICK_OFF,"C.Dicker kicks 62 yards from LAC 35 to HST 3. N.Whittington to HST 29 for 26 yards (N.Avinger).
PENALTY on HST-A.Fisher, Offensive Holding, 10 yards, enforced at HST 26.",https://pro.nfl.com/api/plays/summaryPlay?gameId=c66e0006-5f68-11f1-b1d0-bb70a4640075&playId=2545
2026006,1,2586,PASS,(5:09) D.Mills pass incomplete short left to L.Bond (M.Wax).,https://pro.nfl.com/api/plays/summaryPlay?gameId=c66e0006-5f68-11f1-b1d0-bb70a4640075&playId=2586
2026006,1,2609,PASS,(5:04) (Shotgun) D.Mills pass short right to L.Bond to HST 21 for 5 yards (R.Shelley).,https://pro.nfl.com/api/plays/summaryPlay?gameId=c66e0006-5f68-11f1-b1d0-bb70a4640075&playId=2609
2026006,1,2634,PASS,(4:23) (Shotgun) D.Mills pass short right to J.Kelly to HST 25 for 4 yards (J.Colson).,https://pro.nfl.com/api/plays/summaryPlay?gameId=c66e0006-5f68-11f1-b1d0-bb70a4640075&playId=2634
2026006,1,2659,PUNT,"(3:39) K.Kroeger punts 60 yards to LAC 15, Center-A.Brinkman. D.Ross MUFFS catch, and recovers at LAC 10. D.Ross pushed ob at LAC 19 for 9 yards (N.Whittington).",https://pro.nfl.com/api/plays/summaryPlay?gameId=c66e0006-5f68-11f1-b1d0-bb70a4640075&playId=2659
2026006,1,2702,TIMEOUT,Timeout at 03:22.,https://pro.nfl.com/api/plays/summaryPlay?gameId=c66e0006-5f68-11f1-b1d0-bb70a4640075&playId=2702
2026006,1,2690,PASS,(3:22) D.Uiagalelei pass incomplete deep right to J.Jackson.,https://pro.nfl.com/api/plays/summaryPlay?gameId=c66e0006-5f68-11f1-b1d0-bb70a4640075&playId=2690
2026006,1,2763,RUSH,(3:15) A.Johnson right tackle to LAC 20 for 1 yard (A.Fisher).,https://pro.nfl.com/api/plays/summaryPlay?gameId=c66e0006-5f68-11f1-b1d0-bb70a4640075&playId=2763
2026006,1,2786,PENALTY,"(2:36) (Shotgun) D.Uiagalelei pass incomplete deep left to D.Campbell.
PENALTY on HST-B.Codrington, Illegal Contact, 5 yards, enforced at LAC 20 - No Play.",https://pro.nfl.com/api/plays/summaryPlay?gameId=c66e0006-5f68-11f1-b1d0-bb70a4640075&playId=2786
2026006,1,2820,RUSH,"(2:31) G.Desrosiers right end to LAC 37 for 12 yards (J.Reed).
PENALTY on LAC-D.Campbell, Offensive Holding, 10 yards, enforced at LAC 26.",https://pro.nfl.com/api/plays/summaryPlay?gameId=c66e0006-5f68-11f1-b1d0-bb70a4640075&playId=2820
2026006,1,2853,RUSH,(2:04) G.Desrosiers right tackle to LAC 19 for 3 yards (D.Horton).,https://pro.nfl.com/api/plays/summaryPlay?gameId=c66e0006-5f68-11f1-b1d0-bb70a4640075&playId=2853
2026006,1,2875,PENALTY,"(1:18) (Shotgun) PENALTY on LAC, Delay of Game, 5 yards, enforced at LAC 19 - No Play.",https://pro.nfl.com/api/plays/summaryPlay?gameId=c66e0006-5f68-11f1-b1d0-bb70a4640075&playId=2875
2026006,1,2899,PASS,(:59) (Shotgun) D.Uiagalelei pass short left to A.Johnson to LAC 27 for 13 yards (S.Hall; M.Mapu).,https://pro.nfl.com/api/plays/summaryPlay?gameId=c66e0006-5f68-11f1-b1d0-bb70a4640075&playId=2899
2026006,1,2924,PASS,(:16) (Shotgun) D.Uiagalelei pass short right to D.Ross to LAC 38 for 11 yards (T.Smith).,https://pro.nfl.com/api/plays/summaryPlay?gameId=c66e0006-5f68-11f1-b1d0-bb70a4640075&playId=2924
2026006,1,2949,END_QUARTER,END QUARTER 3,https://pro.nfl.com/api/plays/summaryPlay?gameId=c66e0006-5f68-11f1-b1d0-bb70a4640075&playId=2949
2026006,1,2969,PASS,(15:00) D.Uiagalelei pass incomplete deep middle to J.Jackson (T.Smith).,https://pro.nfl.com/api/plays/summaryPlay?gameId=c66e0006-5f68-11f1-b1d0-bb70a4640075&playId=2969
2026006,1,2992,PASS,(14:55) D.Uiagalelei pass short right to J.Pascuzzi pushed ob at LAC 44 for 6 yards (S.Hall).,https://pro.nfl.com/api/plays/summaryPlay?gameId=c66e0006-5f68-11f1-b1d0-bb70a4640075&playId=2992
2026006,1,3022,PASS,"(14:20) (Shotgun) D.Uiagalelei pass short left to A.Johnson to HST 1 for 55 yards (B.Codrington).
PENALTY on HST-S.Byrd, Roughing the Passer, 0 yards, enforced at HST 1.",https://pro.nfl.com/api/plays/summaryPlay?gameId=c66e0006-5f68-11f1-b1d0-bb70a4640075&playId=3022
2026006,1,3058,RUSH,"(13:46) (Shotgun) A.Johnson left guard for 1 yard, TOUCHDOWN.",https://pro.nfl.com/api/plays/summaryPlay?gameId=c66e0006-5f68-11f1-b1d0-bb70a4640075&playId=3058
2026006,1,3081,PAT2,TWO-POINT CONVERSION ATTEMPT. A.Johnson rushes left end. ATTEMPT SUCCEEDS.,https://pro.nfl.com/api/plays/summaryPlay?gameId=c66e0006-5f68-11f1-b1d0-bb70a4640075&playId=3081
2026006,1,3104,TIMEOUT,Timeout at 13:43.,https://pro.nfl.com/api/plays/summaryPlay?gameId=c66e0006-5f68-11f1-b1d0-bb70a4640075&playId=3104
2026006,1,3094,KICK_OFF,"C.Dicker kicks 63 yards from LAC 35 to HST 2. T.Saunders to HST 30 for 28 yards (E.Johnson).
PENALTY on HST-J.Kelly, Offensive Holding, 10 yards, enforced at HST 30.",https://pro.nfl.com/api/plays/summaryPlay?gameId=c66e0006-5f68-11f1-b1d0-bb70a4640075&playId=3094
2026006,1,3135,RUSH,(13:37) O.Wright up the middle to HST 26 for 6 yards (D.Grant).,https://pro.nfl.com/api/plays/summaryPlay?gameId=c66e0006-5f68-11f1-b1d0-bb70a4640075&playId=3135
2026006,1,3157,SACK,"(12:54) D.Mills sacked at HST 20 for -6 yards. FUMBLES, touched at HST 20, RECOVERED by LAC-L.Barton at HST 26. L.Barton to HST 21 for 5 yards (C.Stover).",https://pro.nfl.com/api/plays/summaryPlay?gameId=c66e0006-5f68-11f1-b1d0-bb70a4640075&playId=3157
2026006,1,3186,RUSH,(12:42) G.Desrosiers left guard to HST 14 for 7 yards (K.Merriweather).,https://pro.nfl.com/api/plays/summaryPlay?gameId=c66e0006-5f68-11f1-b1d0-bb70a4640075&playId=3186
2026006,1,3208,RUSH,(12:05) (Shotgun) G.Desrosiers right end pushed ob at HST 5 for 9 yards (S.Hall).,https://pro.nfl.com/api/plays/summaryPlay?gameId=c66e0006-5f68-11f1-b1d0-bb70a4640075&playId=3208
2026006,1,3240,RUSH,(11:32) G.Desrosiers left guard to HST 2 for 3 yards (A.Fisher).,https://pro.nfl.com/api/plays/summaryPlay?gameId=c66e0006-5f68-11f1-b1d0-bb70a4640075&playId=3240
2026006,1,3271,RUSH,(10:53) (Shotgun) G.Desrosiers right guard to HST 3 for -1 yards (A.Fisher).,https://pro.nfl.com/api/plays/summaryPlay?gameId=c66e0006-5f68-11f1-b1d0-bb70a4640075&playId=3271
2026006,1,3293,PASS,"(10:13) D.Uiagalelei pass short left to D.Ross for 3 yards, TOUCHDOWN.",https://pro.nfl.com/api/plays/summaryPlay?gameId=c66e0006-5f68-11f1-b1d0-bb70a4640075&playId=3293
2026006,1,3319,XP_KICK,"C.Dicker extra point is No Good, Wide Left, Center-P.Bowden, Holder-J.Scott.",https://pro.nfl.com/api/plays/summaryPlay?gameId=c66e0006-5f68-11f1-b1d0-bb70a4640075&playId=3319
2026006,1,3344,TIMEOUT,Timeout at 10:08.,https://pro.nfl.com/api/plays/summaryPlay?gameId=c66e0006-5f68-11f1-b1d0-bb70a4640075&playId=3344
2026006,1,3334,KICK_OFF,C.Dicker kicks 59 yards from LAC 35 to HST 6. N.Whittington to HST 30 for 24 yards (M.Purchase).,https://pro.nfl.com/api/plays/summaryPlay?gameId=c66e0006-5f68-11f1-b1d0-bb70a4640075&playId=3334
2026006,1,3364,RUSH,(10:02) (Shotgun) J.Pitsenberger up the middle to HST 36 for 6 yards (N.Avinger).,https://pro.nfl.com/api/plays/summaryPlay?gameId=c66e0006-5f68-11f1-b1d0-bb70a4640075&playId=3364
2026006,1,3386,RUSH,(9:24) J.Pitsenberger right guard to LAC 48 for 16 yards (E.Johnson; M.Purchase).,https://pro.nfl.com/api/plays/summaryPlay?gameId=c66e0006-5f68-11f1-b1d0-bb70a4640075&playId=3386
2026006,1,3408,PASS,(8:42) D.Mills pass incomplete short left to J.Pitsenberger.,https://pro.nfl.com/api/plays/summaryPlay?gameId=c66e0006-5f68-11f1-b1d0-bb70a4640075&playId=3408
2026006,1,3431,RUSH,(8:36) J.Pitsenberger left end to LAC 45 for 3 yards (T.Webb; I.Waxter).,https://pro.nfl.com/api/plays/summaryPlay?gameId=c66e0006-5f68-11f1-b1d0-bb70a4640075&playId=3431
2026006,1,3453,PASS,(7:51) (Shotgun) D.Mills pass short left to T.Saunders ran ob at LAC 39 for 6 yards.,https://pro.nfl.com/api/plays/summaryPlay?gameId=c66e0006-5f68-11f1-b1d0-bb70a4640075&playId=3453
2026006,1,3483,RUSH,(7:23) J.Pitsenberger up the middle to LAC 39 for no gain (A.Smith; E.Johnson).,https://pro.nfl.com/api/plays/summaryPlay?gameId=c66e0006-5f68-11f1-b1d0-bb70a4640075&playId=3483
2026006,1,3517,TIMEOUT,Timeout at 07:19.,https://pro.nfl.com/api/plays/summaryPlay?gameId=c66e0006-5f68-11f1-b1d0-bb70a4640075&playId=3517
2026006,1,3505,RUSH,(7:19) G.Desrosiers right tackle to LAC 45 for 6 yards (K.Hamilton; M.Mapu).,https://pro.nfl.com/api/plays/summaryPlay?gameId=c66e0006-5f68-11f1-b1d0-bb70a4640075&playId=3505
2026006,1,3534,RUSH,(6:43) G.Desrosiers left end to LAC 42 for -3 yards (A.Gaye).,https://pro.nfl.com/api/plays/summaryPlay?gameId=c66e0006-5f68-11f1-b1d0-bb70a4640075&playId=3534
2026006,1,3561,PASS,(6:01) (Shotgun) D.Uiagalelei pass incomplete short right to J.Jackson.,https://pro.nfl.com/api/plays/summaryPlay?gameId=c66e0006-5f68-11f1-b1d0-bb70a4640075&playId=3561
2026006,1,3584,PUNT,"(5:57) J.Scott punts 43 yards to HST 15, Center-P.Bowden. T.Saunders to HST 15 for no gain (G.Desrosiers).",https://pro.nfl.com/api/plays/summaryPlay?gameId=c66e0006-5f68-11f1-b1d0-bb70a4640075&playId=3584
2026006,1,3622,TIMEOUT,Timeout at 05:48.,https://pro.nfl.com/api/plays/summaryPlay?gameId=c66e0006-5f68-11f1-b1d0-bb70a4640075&playId=3622
2026006,1,3610,RUSH,(5:48) J.Pitsenberger left guard to HST 13 for -2 yards (J.Carter).,https://pro.nfl.com/api/plays/summaryPlay?gameId=c66e0006-5f68-11f1-b1d0-bb70a4640075&playId=3610
2026006,1,3639,RUSH,(5:10) T.Saunders right end to HST 22 for 9 yards (D.Grant; E.Rogers).,https://pro.nfl.com/api/plays/summaryPlay?gameId=c66e0006-5f68-11f1-b1d0-bb70a4640075&playId=3639
2026006,1,3661,PASS,(4:32) (Shotgun) D.Mills pass incomplete short left to T.Saunders (A.Carter).,https://pro.nfl.com/api/plays/summaryPlay?gameId=c66e0006-5f68-11f1-b1d0-bb70a4640075&playId=3661
2026006,1,3684,PUNT,"(4:27) K.Kroeger punts 51 yards to LAC 27, Center-A.Brinkman. D.Ross to LAC 31 for 4 yards (D.Sobkowicz).",https://pro.nfl.com/api/plays/summaryPlay?gameId=c66e0006-5f68-11f1-b1d0-bb70a4640075&playId=3684
2026006,1,3711,RUSH,(4:17) G.Desrosiers left tackle to LAC 32 for 1 yard (K.Hamilton; S.Byrd).,https://pro.nfl.com/api/plays/summaryPlay?gameId=c66e0006-5f68-11f1-b1d0-bb70a4640075&playId=3711
2026006,1,3733,RUSH,(3:36) G.Desrosiers right guard to LAC 33 for 1 yard (K.Ossai; K.Hamilton).,https://pro.nfl.com/api/plays/summaryPlay?gameId=c66e0006-5f68-11f1-b1d0-bb70a4640075&playId=3733
2026006,1,3768,TIMEOUT,Timeout #1 by LAC at 02:50.,https://pro.nfl.com/api/plays/summaryPlay?gameId=c66e0006-5f68-11f1-b1d0-bb70a4640075&playId=3768
2026006,1,3756,PASS,"(2:50) (Shotgun) D.Uiagalelei pass short right to D.Campbell to HST 35 for 32 yards (B.Codrington). FUMBLES (B.Codrington), RECOVERED by HST-A.Huzzie at HST 27. A.Huzzie to HST 32 for 5 yards (D.Campbell).",https://pro.nfl.com/api/plays/summaryPlay?gameId=c66e0006-5f68-11f1-b1d0-bb70a4640075&playId=3756
2026006,1,3804,RUSH,(2:31) (Shotgun) J.Pitsenberger up the middle to HST 37 for 5 yards (D.Grant).,https://pro.nfl.com/api/plays/summaryPlay?gameId=c66e0006-5f68-11f1-b1d0-bb70a4640075&playId=3804
2026006,1,3838,TIMEOUT,Two-Minute Warning,https://pro.nfl.com/api/plays/summaryPlay?gameId=c66e0006-5f68-11f1-b1d0-bb70a4640075&playId=3838
2026006,1,3826,RUSH,(2:00) N.Whittington right guard to HST 40 for 3 yards (A.Smith; K.Kennard).,https://pro.nfl.com/api/plays/summaryPlay?gameId=c66e0006-5f68-11f1-b1d0-bb70a4640075&playId=3826
2026006,1,3855,RUSH,(1:20) N.Whittington right guard to HST 42 for 2 yards (T.Webb).,https://pro.nfl.com/api/plays/summaryPlay?gameId=c66e0006-5f68-11f1-b1d0-bb70a4640075&playId=3855
2026006,1,3877,RUSH,(:37) N.Whittington left end to HST 42 for no gain (E.Rogers).,https://pro.nfl.com/api/plays/summaryPlay?gameId=c66e0006-5f68-11f1-b1d0-bb70a4640075&playId=3877
2026006,1,3899,END_GAME,END GAME,https://pro.nfl.com/api/plays/summaryPlay?gameId=c66e0006-5f68-11f1-b1d0-bb70a4640075&playId=3899
2026007,1,1,GAME_START,GAME,https://pro.nfl.com/api/plays/summaryPlay?gameId=c66e0345-5f68-11f1-b1d0-bb70a4640075&playId=1
2026007,1,42,KICK_OFF,J.Slye kicks 58 yards from TEN 35 to SF 7. S.McCormick to SF 34 for 27 yards (M.Kinsey; Ja.Williams).,https://pro.nfl.com/api/plays/summaryPlay?gameId=c66e0345-5f68-11f1-b1d0-bb70a4640075&playId=42
2026007,1,65,PASS,(14:55) (Shotgun) K.Rourke pass short left to D.Stribling to SF 40 for 6 yards (A.Taylor).,https://pro.nfl.com/api/plays/summaryPlay?gameId=c66e0345-5f68-11f1-b1d0-bb70a4640075&playId=65
2026007,1,90,RUSH,(14:29) K.Rourke scrambles right end to SF 45 for 5 yards (K.Faulk).,https://pro.nfl.com/api/plays/summaryPlay?gameId=c66e0345-5f68-11f1-b1d0-bb70a4640075&playId=90
2026007,1,121,RUSH,(13:54) P.Taylor left end to SF 41 for -4 yards (C.Barton).,https://pro.nfl.com/api/plays/summaryPlay?gameId=c66e0345-5f68-11f1-b1d0-bb70a4640075&playId=121
2026007,1,143,PASS,(13:19) (Shotgun) K.Rourke pass short right to M.Turner to TEN 49 for 10 yards (C.Flott).,https://pro.nfl.com/api/plays/summaryPlay?gameId=c66e0345-5f68-11f1-b1d0-bb70a4640075&playId=143
2026007,1,168,PASS,(12:41) (Shotgun) K.Rourke pass incomplete short left to D.Stribling.,https://pro.nfl.com/api/plays/summaryPlay?gameId=c66e0345-5f68-11f1-b1d0-bb70a4640075&playId=168
2026007,1,191,RUSH,"(12:38) (Shotgun) K.Rourke scrambles up the middle to TEN 43 for 6 yards (C.Gray).
PENALTY on TEN-A.Taylor, Defensive Holding, 5 yards, enforced at TEN 43.",https://pro.nfl.com/api/plays/summaryPlay?gameId=c66e0345-5f68-11f1-b1d0-bb70a4640075&playId=191
2026007,1,224,PASS,(12:11) (Shotgun) K.Rourke pass short middle to D.Stribling to TEN 43 for -5 yards (O.Oladejo).,https://pro.nfl.com/api/plays/summaryPlay?gameId=c66e0345-5f68-11f1-b1d0-bb70a4640075&playId=224
2026007,1,248,RUSH,(11:32) S.McCormick up the middle to TEN 39 for 4 yards (C.Barton).,https://pro.nfl.com/api/plays/summaryPlay?gameId=c66e0345-5f68-11f1-b1d0-bb70a4640075&playId=248
2026007,1,278,PENALTY,"(10:50) (Shotgun) K.Rourke pass deep left to J.Watkins to TEN 18 for 21 yards (A.Taylor; K.Winston).
PENALTY on SF-R.Jones, Offensive Holding, 10 yards, enforced at TEN 39 - No Play.",https://pro.nfl.com/api/plays/summaryPlay?gameId=c66e0345-5f68-11f1-b1d0-bb70a4640075&playId=278
2026007,1,314,PASS,(10:32) (Shotgun) K.Rourke pass short right to P.Taylor pushed ob at TEN 42 for 7 yards (C.Gray; A.Hooker).,https://pro.nfl.com/api/plays/summaryPlay?gameId=c66e0345-5f68-11f1-b1d0-bb70a4640075&playId=314
2026007,1,344,PUNT,"(9:59) C.Waitman punts 37 yards to TEN 5, Center-J.Weeks, fair catch by C.Dike.",https://pro.nfl.com/api/plays/summaryPlay?gameId=c66e0345-5f68-11f1-b1d0-bb70a4640075&playId=344
2026007,1,376,TIMEOUT,Timeout at 09:52.,https://pro.nfl.com/api/plays/summaryPlay?gameId=c66e0345-5f68-11f1-b1d0-bb70a4640075&playId=376
2026007,1,364,RUSH,"(9:52) T.Pollard up the middle to TEN 17 for 12 yards (S.Valdez).
PENALTY on SF-R.Height, Illegal Use of Hands, 5 yards, enforced at TEN 17.",https://pro.nfl.com/api/plays/summaryPlay?gameId=c66e0345-5f68-11f1-b1d0-bb70a4640075&playId=364
2026007,1,404,RUSH,(9:27) C.Ward scrambles right end to TEN 24 for 2 yards (J.Dugger).,https://pro.nfl.com/api/plays/summaryPlay?gameId=c66e0345-5f68-11f1-b1d0-bb70a4640075&playId=404
2026007,1,426,RUSH,(8:46) (Shotgun) T.Pollard up the middle to TEN 29 for 5 yards (N.Martin).,https://pro.nfl.com/api/plays/summaryPlay?gameId=c66e0345-5f68-11f1-b1d0-bb70a4640075&playId=426
2026007,1,448,PASS,(8:07) (Shotgun) C.Ward pass short right to C.Ridley pushed ob at TEN 47 for 18 yards (G.Wallow).,https://pro.nfl.com/api/plays/summaryPlay?gameId=c66e0345-5f68-11f1-b1d0-bb70a4640075&playId=448
2026007,1,478,RUSH,(7:34) T.Pollard up the middle to TEN 47 for no gain (G.Halton; R.Height).,https://pro.nfl.com/api/plays/summaryPlay?gameId=c66e0345-5f68-11f1-b1d0-bb70a4640075&playId=478
2026007,1,500,PASS,(6:57) (Shotgun) C.Ward pass incomplete short left to W.Robinson.,https://pro.nfl.com/api/plays/summaryPlay?gameId=c66e0345-5f68-11f1-b1d0-bb70a4640075&playId=500
2026007,1,523,PASS,(6:55) (Shotgun) C.Ward pass short right to G.Helm to SF 37 for 16 yards (M.Sigle).,https://pro.nfl.com/api/plays/summaryPlay?gameId=c66e0345-5f68-11f1-b1d0-bb70a4640075&playId=523
2026007,1,548,RUSH,(6:15) T.Spears up the middle to SF 12 for 25 yards (A.Davis).,https://pro.nfl.com/api/plays/summaryPlay?gameId=c66e0345-5f68-11f1-b1d0-bb70a4640075&playId=548
2026007,1,570,RUSH,(5:30) (Shotgun) T.Spears up the middle to SF 5 for 7 yards (J.Thompson; A.Davis).,https://pro.nfl.com/api/plays/summaryPlay?gameId=c66e0345-5f68-11f1-b1d0-bb70a4640075&playId=570
2026007,1,592,PASS,(4:49) (Shotgun) C.Ward pass incomplete short right to C.Tate (E.Prysock).,https://pro.nfl.com/api/plays/summaryPlay?gameId=c66e0345-5f68-11f1-b1d0-bb70a4640075&playId=592
2026007,1,615,RUSH,"(4:46) T.Pollard up the middle for 5 yards, TOUCHDOWN.",https://pro.nfl.com/api/plays/summaryPlay?gameId=c66e0345-5f68-11f1-b1d0-bb70a4640075&playId=615
2026007,1,633,XP_KICK,"J.Slye extra point is GOOD, Center-M.Cox, Holder-T.Townsend.",https://pro.nfl.com/api/plays/summaryPlay?gameId=c66e0345-5f68-11f1-b1d0-bb70a4640075&playId=633
2026007,1,658,TIMEOUT,Timeout at 04:42.,https://pro.nfl.com/api/plays/summaryPlay?gameId=c66e0345-5f68-11f1-b1d0-bb70a4640075&playId=658
2026007,1,648,KICK_OFF,"J.Slye kicks 60 yards from TEN 35 to SF 5, out of bounds.
PENALTY on TEN-J.Slye, Kickoff Out of Bounds, placed at SF 40.",https://pro.nfl.com/api/plays/summaryPlay?gameId=c66e0345-5f68-11f1-b1d0-bb70a4640075&playId=648
2026007,1,682,PASS,(4:42) K.Rourke pass short right to D.Stribling to 50 for 10 yards (C.Flott).,https://pro.nfl.com/api/plays/summaryPlay?gameId=c66e0345-5f68-11f1-b1d0-bb70a4640075&playId=682
2026007,1,707,RUSH,(4:12) P.Taylor right tackle to SF 48 for -2 yards (M.Herring).,https://pro.nfl.com/api/plays/summaryPlay?gameId=c66e0345-5f68-11f1-b1d0-bb70a4640075&playId=707
2026007,1,729,PASS,(3:32) (Shotgun) K.Rourke pass short right to P.Taylor pushed ob at TEN 46 for 6 yards (C.Gray).,https://pro.nfl.com/api/plays/summaryPlay?gameId=c66e0345-5f68-11f1-b1d0-bb70a4640075&playId=729
2026007,1,759,PASS,(2:55) (Shotgun) K.Rourke pass short left to D.Stribling to TEN 41 for 5 yards (M.Harris).,https://pro.nfl.com/api/plays/summaryPlay?gameId=c66e0345-5f68-11f1-b1d0-bb70a4640075&playId=759
2026007,1,784,PENALTY,"(2:22) (Run formation) PENALTY on SF-B.Parker, False Start, 4 yards, enforced at TEN 41 - No Play.",https://pro.nfl.com/api/plays/summaryPlay?gameId=c66e0345-5f68-11f1-b1d0-bb70a4640075&playId=784
2026007,1,808,PUNT,"(2:13) C.Waitman punts 37 yards to TEN 8, Center-J.Weeks, fair catch by K.Osborn.",https://pro.nfl.com/api/plays/summaryPlay?gameId=c66e0345-5f68-11f1-b1d0-bb70a4640075&playId=808
2026007,1,840,TIMEOUT,Timeout at 02:06.,https://pro.nfl.com/api/plays/summaryPlay?gameId=c66e0345-5f68-11f1-b1d0-bb70a4640075&playId=840
2026007,1,847,UNSPECIFIED,** Injury Update: SF-J.Jones return is Questionable.,https://pro.nfl.com/api/plays/summaryPlay?gameId=c66e0345-5f68-11f1-b1d0-bb70a4640075&playId=847
2026007,1,828,RUSH,(2:06) T.Spears right tackle to TEN 12 for 4 yards (J.Dugger).,https://pro.nfl.com/api/plays/summaryPlay?gameId=c66e0345-5f68-11f1-b1d0-bb70a4640075&playId=828
2026007,1,862,PASS,(1:30) (Shotgun) C.Ward pass short left to W.Robinson pushed ob at TEN 19 for 7 yards (J.Robinson).,https://pro.nfl.com/api/plays/summaryPlay?gameId=c66e0345-5f68-11f1-b1d0-bb70a4640075&playId=862
2026007,1,887,PASS,"(1:00) C.Ward pass incomplete short right [T.Leo].
PENALTY on TEN-C.Ward, Intentional Grounding, 16 yards, enforced at TEN 19.",https://pro.nfl.com/api/plays/summaryPlay?gameId=c66e0345-5f68-11f1-b1d0-bb70a4640075&playId=887
2026007,1,921,PASS,(:52) (Shotgun) C.Ward pass short middle to W.Robinson to TEN 15 for 12 yards (J.Robinson).,https://pro.nfl.com/api/plays/summaryPlay?gameId=c66e0345-5f68-11f1-b1d0-bb70a4640075&playId=921
2026007,1,946,PASS,(:12) (Shotgun) C.Ward pass short left to T.Spears to TEN 19 for 4 yards (G.Wallow).,https://pro.nfl.com/api/plays/summaryPlay?gameId=c66e0345-5f68-11f1-b1d0-bb70a4640075&playId=946
2026007,1,971,END_QUARTER,END QUARTER 1,https://pro.nfl.com/api/plays/summaryPlay?gameId=c66e0345-5f68-11f1-b1d0-bb70a4640075&playId=971
2026007,1,991,PUNT,"(15:00) T.Townsend punts 54 yards to SF 27, Center-M.Cox, fair catch by J.Watkins.
PENALTY on TEN-B.Oliver, Player Out of Bounds on Kick, 5 yards, enforced at SF 27.",https://pro.nfl.com/api/plays/summaryPlay?gameId=c66e0345-5f68-11f1-b1d0-bb70a4640075&playId=991
2026007,1,1035,TIMEOUT,Timeout at 14:54.,https://pro.nfl.com/api/plays/summaryPlay?gameId=c66e0345-5f68-11f1-b1d0-bb70a4640075&playId=1035
2026007,1,1023,RUSH,(14:54) P.Taylor right tackle to SF 33 for 1 yard (K.Faulk).,https://pro.nfl.com/api/plays/summaryPlay?gameId=c66e0345-5f68-11f1-b1d0-bb70a4640075&playId=1023
2026007,1,1052,PASS,(14:09) (Shotgun) K.Rourke pass short right to D.Stribling to SF 37 for 4 yards (C.Flott).,https://pro.nfl.com/api/plays/summaryPlay?gameId=c66e0345-5f68-11f1-b1d0-bb70a4640075&playId=1052
2026007,1,1077,PASS,(13:32) (Shotgun) K.Rourke pass deep right to D.Stribling to TEN 31 for 32 yards (C.Flott).,https://pro.nfl.com/api/plays/summaryPlay?gameId=c66e0345-5f68-11f1-b1d0-bb70a4640075&playId=1077
2026007,1,1102,PASS,(13:04) K.Rourke pass incomplete short middle to B.Willis [S.Thomas].,https://pro.nfl.com/api/plays/summaryPlay?gameId=c66e0345-5f68-11f1-b1d0-bb70a4640075&playId=1102
2026007,1,1125,RUSH,"(12:58) (Shotgun) P.Taylor right end to TEN 32 for -1 yards (K.Winston, J.Holmes).",https://pro.nfl.com/api/plays/summaryPlay?gameId=c66e0345-5f68-11f1-b1d0-bb70a4640075&playId=1125
2026007,1,1147,PASS,(12:15) (Shotgun) K.Rourke pass short right to M.Turner to TEN 19 for 13 yards (A.Hooker).,https://pro.nfl.com/api/plays/summaryPlay?gameId=c66e0345-5f68-11f1-b1d0-bb70a4640075&playId=1147
2026007,1,1172,RUSH,(11:36) S.McCormick right tackle to TEN 17 for 2 yards (O.Oladejo; E.Brown).,https://pro.nfl.com/api/plays/summaryPlay?gameId=c66e0345-5f68-11f1-b1d0-bb70a4640075&playId=1172
2026007,1,1194,PASS,(11:03) (Shotgun) K.Rourke pass short left to J.Watkins to TEN 15 for 2 yards (Ja.Williams).,https://pro.nfl.com/api/plays/summaryPlay?gameId=c66e0345-5f68-11f1-b1d0-bb70a4640075&playId=1194
2026007,1,1219,PASS,"(10:21) (Shotgun) K.Rourke pass short right to D.Stribling to TEN 4 for 11 yards (M.Harris; C.Flott).
Tennessee challenged the runner was inbounds ruling, and the play was Upheld. The ruling on the field stands. (Timeout #1.)",https://pro.nfl.com/api/plays/summaryPlay?gameId=c66e0345-5f68-11f1-b1d0-bb70a4640075&playId=1219
2026007,1,1298,UNSPECIFIED,** Injury Update: SF-J.Jones is Out of the game.,https://pro.nfl.com/api/plays/summaryPlay?gameId=c66e0345-5f68-11f1-b1d0-bb70a4640075&playId=1298
2026007,1,1244,RUSH,(9:58) (Shotgun) K.Rourke up the middle to TEN 1 for 3 yards (A.Hooker; C.Barton).,https://pro.nfl.com/api/plays/summaryPlay?gameId=c66e0345-5f68-11f1-b1d0-bb70a4640075&playId=1244
2026007,1,1313,PENALTY,"(9:12) PENALTY on SF, Delay of Game, 4 yards, enforced at TEN 1 - No Play.",https://pro.nfl.com/api/plays/summaryPlay?gameId=c66e0345-5f68-11f1-b1d0-bb70a4640075&playId=1313
2026007,1,1337,PENALTY,"(8:51) (Shotgun) K.Rourke pass short right to P.Taylor for 5 yards, TOUCHDOWN NULLIFIED by Penalty [J.Johnson].
PENALTY on TEN-C.Flott, Defensive Pass Interference, 4 yards, enforced at TEN 5 - No Play.
Penalty on TEN-C.Gray, Defensive Holding, declined.
The Replay Official reviewed the pass completion ruling, and the play was REVERSED.
(Shotgun) K.Rourke pass incomplete short right to P.Taylor (C.Flott) [J.Johnson].
PENALTY on TEN-C.Flott, Defensive Pass Interference, 4 yards, enforced at TEN 5 - No Play.
Penalty on TEN-C.Gray, Defensive Holding, declined.",https://pro.nfl.com/api/plays/summaryPlay?gameId=c66e0345-5f68-11f1-b1d0-bb70a4640075&playId=1337
2026007,1,1370,RUSH,"(8:44) P.Taylor up the middle for 1 yard, TOUCHDOWN.",https://pro.nfl.com/api/plays/summaryPlay?gameId=c66e0345-5f68-11f1-b1d0-bb70a4640075&playId=1370
2026007,1,1388,XP_KICK,"E.Pineiro extra point is GOOD, Center-J.Weeks, Holder-C.Waitman.",https://pro.nfl.com/api/plays/summaryPlay?gameId=c66e0345-5f68-11f1-b1d0-bb70a4640075&playId=1388
2026007,1,1413,TIMEOUT,Timeout at 08:38.,https://pro.nfl.com/api/plays/summaryPlay?gameId=c66e0345-5f68-11f1-b1d0-bb70a4640075&playId=1413
2026007,1,1403,KICK_OFF,"E.Pineiro kicks 65 yards from SF 35 to end zone, Touchback to the TEN 35.",https://pro.nfl.com/api/plays/summaryPlay?gameId=c66e0345-5f68-11f1-b1d0-bb70a4640075&playId=1403
2026007,1,1428,PASS,(8:38) (Shotgun) C.Ward pass incomplete short right to C.Tate.,https://pro.nfl.com/api/plays/summaryPlay?gameId=c66e0345-5f68-11f1-b1d0-bb70a4640075&playId=1428
2026007,1,1451,PASS,(8:34) (Shotgun) C.Ward pass incomplete short middle to W.Robinson.,https://pro.nfl.com/api/plays/summaryPlay?gameId=c66e0345-5f68-11f1-b1d0-bb70a4640075&playId=1451
2026007,1,1474,PENALTY,"(8:32) (Shotgun) C.Ward sacked at TEN 21 for -14 yards (G.Halton).
PENALTY on SF-J.Robinson, Defensive Holding, 5 yards, enforced at TEN 35 - No Play.",https://pro.nfl.com/api/plays/summaryPlay?gameId=c66e0345-5f68-11f1-b1d0-bb70a4640075&playId=1474
2026007,1,1505,RUSH,(8:20) (Shotgun) T.Spears left guard to TEN 39 for -1 yards (G.Halton).,https://pro.nfl.com/api/plays/summaryPlay?gameId=c66e0345-5f68-11f1-b1d0-bb70a4640075&playId=1505
2026007,1,1527,PASS,(7:57) C.Ward pass incomplete short left to E.Ayomanor.,https://pro.nfl.com/api/plays/summaryPlay?gameId=c66e0345-5f68-11f1-b1d0-bb70a4640075&playId=1527
2026007,1,1562,UNSPECIFIED,** Injury Update: SF-K.Rourke return is Questionable.,https://pro.nfl.com/api/plays/summaryPlay?gameId=c66e0345-5f68-11f1-b1d0-bb70a4640075&playId=1562
2026007,1,1550,PASS,(7:54) (Shotgun) C.Ward pass incomplete short middle to C.Tate (A.Davis).,https://pro.nfl.com/api/plays/summaryPlay?gameId=c66e0345-5f68-11f1-b1d0-bb70a4640075&playId=1550
2026007,1,1578,PUNT,"(7:49) T.Townsend punts 40 yards to SF 21, Center-M.Cox. J.Watkins to SF 25 for 4 yards (K.Osborn; E.Hallett).",https://pro.nfl.com/api/plays/summaryPlay?gameId=c66e0345-5f68-11f1-b1d0-bb70a4640075&playId=1578
2026007,1,1621,TIMEOUT,Timeout at 07:38.,https://pro.nfl.com/api/plays/summaryPlay?gameId=c66e0345-5f68-11f1-b1d0-bb70a4640075&playId=1621
2026007,1,1609,RUSH,(7:38) S.McCormick up the middle to SF 32 for 7 yards (O.Oladejo; N.Johnson).,https://pro.nfl.com/api/plays/summaryPlay?gameId=c66e0345-5f68-11f1-b1d0-bb70a4640075&playId=1609
2026007,1,1643,RUSH,(7:12) S.McCormick right tackle to SF 34 for 2 yards (O.Oladejo; A.Hill).,https://pro.nfl.com/api/plays/summaryPlay?gameId=c66e0345-5f68-11f1-b1d0-bb70a4640075&playId=1643
2026007,1,1665,RUSH,(6:37) S.McCormick up the middle to SF 36 for 2 yards (J.Reed).,https://pro.nfl.com/api/plays/summaryPlay?gameId=c66e0345-5f68-11f1-b1d0-bb70a4640075&playId=1665
2026007,1,1687,PASS,(5:59) A.Martinez pass short middle to J.Watkins to SF 49 for 13 yards (J.Reed; Ja.Williams).,https://pro.nfl.com/api/plays/summaryPlay?gameId=c66e0345-5f68-11f1-b1d0-bb70a4640075&playId=1687
2026007,1,1712,RUSH,(5:22) K.Herbert up the middle to TEN 49 for 2 yards (T.Horne; K.Faulk).,https://pro.nfl.com/api/plays/summaryPlay?gameId=c66e0345-5f68-11f1-b1d0-bb70a4640075&playId=1712
2026007,1,1734,RUSH,(4:43) (Shotgun) S.McCormick left tackle to TEN 44 for 5 yards (J.Reed).,https://pro.nfl.com/api/plays/summaryPlay?gameId=c66e0345-5f68-11f1-b1d0-bb70a4640075&playId=1734
2026007,1,1756,PASS,"(4:03) (Shotgun) D.Nugent to TEN 44 for no gain. FUMBLES, recovered by SF-A.Martinez at TEN 44. A.Martinez pass incomplete short left to J.Watkins [K.Faulk].",https://pro.nfl.com/api/plays/summaryPlay?gameId=c66e0345-5f68-11f1-b1d0-bb70a4640075&playId=1756
2026007,1,1788,PASS,(3:58) (Shotgun) A.Martinez pass incomplete short right to M.Turner.,https://pro.nfl.com/api/plays/summaryPlay?gameId=c66e0345-5f68-11f1-b1d0-bb70a4640075&playId=1788
2026007,1,1811,RUSH,(3:55) N.Singleton up the middle to SF 48 for 8 yards (M.Sigle; N.Martin).,https://pro.nfl.com/api/plays/summaryPlay?gameId=c66e0345-5f68-11f1-b1d0-bb70a4640075&playId=1811
2026007,1,1833,RUSH,(3:23) N.Singleton right guard to SF 42 for 6 yards (N.Martin; T.Bethune).,https://pro.nfl.com/api/plays/summaryPlay?gameId=c66e0345-5f68-11f1-b1d0-bb70a4640075&playId=1833
2026007,1,1855,PASS,(2:39) M.Trubisky pass deep left to C.Dike ran ob at SF 25 for 17 yards.,https://pro.nfl.com/api/plays/summaryPlay?gameId=c66e0345-5f68-11f1-b1d0-bb70a4640075&playId=1855
2026007,1,1885,RUSH,(2:06) N.Singleton up the middle to SF 22 for 3 yards (Q.Bell; O.Okoronkwo).,https://pro.nfl.com/api/plays/summaryPlay?gameId=c66e0345-5f68-11f1-b1d0-bb70a4640075&playId=1885
2026007,1,1919,TIMEOUT,Two-Minute Warning,https://pro.nfl.com/api/plays/summaryPlay?gameId=c66e0345-5f68-11f1-b1d0-bb70a4640075&playId=1919
2026007,1,1907,RUSH,(2:00) (Shotgun) N.Singleton left guard to SF 21 for 1 yard (G.Halton).,https://pro.nfl.com/api/plays/summaryPlay?gameId=c66e0345-5f68-11f1-b1d0-bb70a4640075&playId=1907
2026007,1,1936,PASS,"(1:28) (No Huddle, Shotgun) M.Trubisky pass incomplete short right to E.Ayomanor.",https://pro.nfl.com/api/plays/summaryPlay?gameId=c66e0345-5f68-11f1-b1d0-bb70a4640075&playId=1936
2026007,1,1959,FIELD_GOAL,"(1:25) J.Slye 39 yard field goal is GOOD, Center-M.Cox, Holder-T.Townsend.",https://pro.nfl.com/api/plays/summaryPlay?gameId=c66e0345-5f68-11f1-b1d0-bb70a4640075&playId=1959
2026007,1,1979,KICK_OFF,J.Slye kicks 63 yards from TEN 35 to SF 2. W.Pauling to SF 30 for 28 yards (J.Kanak).,https://pro.nfl.com/api/plays/summaryPlay?gameId=c66e0345-5f68-11f1-b1d0-bb70a4640075&playId=1979
2026007,1,2002,PASS,(1:15) (Shotgun) A.Martinez pass incomplete short left to B.Willis.,https://pro.nfl.com/api/plays/summaryPlay?gameId=c66e0345-5f68-11f1-b1d0-bb70a4640075&playId=2002
2026007,1,2032,PASS,(1:10) (Shotgun) A.Martinez pass incomplete deep left to M.Turner.,https://pro.nfl.com/api/plays/summaryPlay?gameId=c66e0345-5f68-11f1-b1d0-bb70a4640075&playId=2032
2026007,1,2055,PASS,(1:06) (Shotgun) A.Martinez pass deep middle to T.Irwin to SF 48 for 18 yards (Ja.Williams).,https://pro.nfl.com/api/plays/summaryPlay?gameId=c66e0345-5f68-11f1-b1d0-bb70a4640075&playId=2055
2026007,1,2080,RUSH,"(:48) (No Huddle, Shotgun) A.Martinez scrambles left end ran ob at TEN 42 for 10 yards (N.Johnson).",https://pro.nfl.com/api/plays/summaryPlay?gameId=c66e0345-5f68-11f1-b1d0-bb70a4640075&playId=2080
2026007,1,2102,PASS,(:42) (Shotgun) A.Martinez pass short right to J.Watkins pushed ob at TEN 33 for 9 yards (M.Robinson).,https://pro.nfl.com/api/plays/summaryPlay?gameId=c66e0345-5f68-11f1-b1d0-bb70a4640075&playId=2102
2026007,1,2132,PASS,(:37) (Shotgun) A.Martinez pass incomplete short right to S.McCormick.,https://pro.nfl.com/api/plays/summaryPlay?gameId=c66e0345-5f68-11f1-b1d0-bb70a4640075&playId=2132
2026007,1,2155,RUSH,(:34) (Shotgun) S.McCormick up the middle to TEN 29 for 4 yards (J.Harrell).,https://pro.nfl.com/api/plays/summaryPlay?gameId=c66e0345-5f68-11f1-b1d0-bb70a4640075&playId=2155
2026007,1,2189,TIMEOUT,Timeout #1 by SF at 00:30.,https://pro.nfl.com/api/plays/summaryPlay?gameId=c66e0345-5f68-11f1-b1d0-bb70a4640075&playId=2189
2026007,1,2177,PASS,(:30) (Shotgun) A.Martinez pass incomplete short middle to K.Hodge (M.Herring).,https://pro.nfl.com/api/plays/summaryPlay?gameId=c66e0345-5f68-11f1-b1d0-bb70a4640075&playId=2177
2026007,1,2207,PASS,(:27) (Shotgun) A.Martinez pass incomplete deep middle to J.Deguara.,https://pro.nfl.com/api/plays/summaryPlay?gameId=c66e0345-5f68-11f1-b1d0-bb70a4640075&playId=2207
2026007,1,2230,SACK,(:24) (Shotgun) A.Martinez sacked ob at TEN 43 for -14 yards (J.Holmes).,https://pro.nfl.com/api/plays/summaryPlay?gameId=c66e0345-5f68-11f1-b1d0-bb70a4640075&playId=2230
2026007,1,2250,FIELD_GOAL,"(:18) E.Pineiro 61 yard field goal is No Good, Short, Center-J.Weeks, Holder-C.Waitman.",https://pro.nfl.com/api/plays/summaryPlay?gameId=c66e0345-5f68-11f1-b1d0-bb70a4640075&playId=2250
2026007,1,2318,PASS,(:13) (Shotgun) M.Trubisky pass short right to X.Restrepo to SF 43 for 6 yards (J.Stroman).,https://pro.nfl.com/api/plays/summaryPlay?gameId=c66e0345-5f68-11f1-b1d0-bb70a4640075&playId=2318
2026007,1,2363,TIMEOUT,Timeout #2 by TEN at 00:09.,https://pro.nfl.com/api/plays/summaryPlay?gameId=c66e0345-5f68-11f1-b1d0-bb70a4640075&playId=2363
2026007,1,2351,RUSH,(:09) (Shotgun) M.Carter up the middle to SF 37 for 6 yards (X.Thomas; T.Bethune).,https://pro.nfl.com/api/plays/summaryPlay?gameId=c66e0345-5f68-11f1-b1d0-bb70a4640075&playId=2351
2026007,1,2392,TIMEOUT,Timeout #3 by TEN at 00:02.,https://pro.nfl.com/api/plays/summaryPlay?gameId=c66e0345-5f68-11f1-b1d0-bb70a4640075&playId=2392
2026007,1,2380,FIELD_GOAL,"(:02) J.Slye 55 yard field goal is GOOD, Center-M.Cox, Holder-T.Townsend.",https://pro.nfl.com/api/plays/summaryPlay?gameId=c66e0345-5f68-11f1-b1d0-bb70a4640075&playId=2380
2026007,1,2407,END_QUARTER,END QUARTER 2,https://pro.nfl.com/api/plays/summaryPlay?gameId=c66e0345-5f68-11f1-b1d0-bb70a4640075&playId=2407
2026007,1,2438,UNSPECIFIED,** Injury Update: SF-K.Rourke is Out of the game.,https://pro.nfl.com/api/plays/summaryPlay?gameId=c66e0345-5f68-11f1-b1d0-bb70a4640075&playId=2438
2026007,1,2425,KICK_OFF,"E.Pineiro kicks 65 yards from SF 35 to TEN 0. C.Jackson to TEN 28 for 28 yards (S.Valdez; K.Herbert).
PENALTY on TEN-D.Mausi, Offensive Holding, 10 yards, enforced at TEN 23.
Penalty on TEN-M.Kinsey, Offensive Holding, declined.",https://pro.nfl.com/api/plays/summaryPlay?gameId=c66e0345-5f68-11f1-b1d0-bb70a4640075&playId=2425
2026007,1,2464,RUSH,(14:55) (Shotgun) W.Levis up the middle to TEN 21 for 8 yards (S.Valdez).,https://pro.nfl.com/api/plays/summaryPlay?gameId=c66e0345-5f68-11f1-b1d0-bb70a4640075&playId=2464
2026007,1,2486,RUSH,(14:18) N.Singleton up the middle to TEN 29 for 8 yards (N.Martin).,https://pro.nfl.com/api/plays/summaryPlay?gameId=c66e0345-5f68-11f1-b1d0-bb70a4640075&playId=2486
2026007,1,2508,RUSH,(13:37) (Shotgun) W.Levis right guard to TEN 35 for 6 yards (T.Bethune; N.Martin).,https://pro.nfl.com/api/plays/summaryPlay?gameId=c66e0345-5f68-11f1-b1d0-bb70a4640075&playId=2508
2026007,1,2530,RUSH,(12:57) N.Singleton right end to TEN 32 for -3 yards (S.Valdez).,https://pro.nfl.com/api/plays/summaryPlay?gameId=c66e0345-5f68-11f1-b1d0-bb70a4640075&playId=2530
2026007,1,2552,PASS,(12:14) (Shotgun) W.Levis pass incomplete deep left to E.Ayomanor (D.Luter).,https://pro.nfl.com/api/plays/summaryPlay?gameId=c66e0345-5f68-11f1-b1d0-bb70a4640075&playId=2552
2026007,1,2575,PUNT,"(12:08) T.Townsend punts 58 yards to SF 10, Center-M.Cox. W.Pauling to SF 15 for 5 yards (D.Hampton).",https://pro.nfl.com/api/plays/summaryPlay?gameId=c66e0345-5f68-11f1-b1d0-bb70a4640075&playId=2575
2026007,1,2613,TIMEOUT,Timeout at 11:56.,https://pro.nfl.com/api/plays/summaryPlay?gameId=c66e0345-5f68-11f1-b1d0-bb70a4640075&playId=2613
2026007,1,2601,RUSH,(11:56) S.McCormick up the middle to SF 18 for 3 yards (M.Herring; J.Reed).,https://pro.nfl.com/api/plays/summaryPlay?gameId=c66e0345-5f68-11f1-b1d0-bb70a4640075&playId=2601
2026007,1,2630,PASS,(11:19) A.Martinez pass incomplete deep left to M.Turner.,https://pro.nfl.com/api/plays/summaryPlay?gameId=c66e0345-5f68-11f1-b1d0-bb70a4640075&playId=2630
2026007,1,2653,PASS,(11:14) (Shotgun) A.Martinez pass incomplete short left to J.Watkins [O.Oladejo].,https://pro.nfl.com/api/plays/summaryPlay?gameId=c66e0345-5f68-11f1-b1d0-bb70a4640075&playId=2653
2026007,1,2676,PUNT,"(11:10) C.Waitman punts 55 yards to TEN 27, Center-J.Weeks. C.Jackson MUFFS catch, and recovers at TEN 24.",https://pro.nfl.com/api/plays/summaryPlay?gameId=c66e0345-5f68-11f1-b1d0-bb70a4640075&playId=2676
2026007,1,2718,TIMEOUT,Timeout at 11:01.,https://pro.nfl.com/api/plays/summaryPlay?gameId=c66e0345-5f68-11f1-b1d0-bb70a4640075&playId=2718
2026007,1,2706,RUSH,(11:01) N.Singleton left guard to TEN 24 for no gain (J.Thompson; D.Luter).,https://pro.nfl.com/api/plays/summaryPlay?gameId=c66e0345-5f68-11f1-b1d0-bb70a4640075&playId=2706
2026007,1,2735,PASS,"(10:34) (No Huddle, Shotgun) W.Levis pass incomplete deep middle to X.Restrepo.",https://pro.nfl.com/api/plays/summaryPlay?gameId=c66e0345-5f68-11f1-b1d0-bb70a4640075&playId=2735
2026007,1,2767,SACK,(10:33) (Shotgun) W.Levis sacked at TEN 16 for -8 yards (O.Okoronkwo).,https://pro.nfl.com/api/plays/summaryPlay?gameId=c66e0345-5f68-11f1-b1d0-bb70a4640075&playId=2767
2026007,1,2787,PUNT,"(9:50) T.Townsend punts 45 yards to SF 39, Center-M.Cox. W.Pauling to SF 45 for 6 yards (T.Jones).",https://pro.nfl.com/api/plays/summaryPlay?gameId=c66e0345-5f68-11f1-b1d0-bb70a4640075&playId=2787
2026007,1,2825,TIMEOUT,Timeout at 09:38.,https://pro.nfl.com/api/plays/summaryPlay?gameId=c66e0345-5f68-11f1-b1d0-bb70a4640075&playId=2825
2026007,1,2813,PASS,(9:38) A.Martinez pass incomplete deep left to J.Watkins.,https://pro.nfl.com/api/plays/summaryPlay?gameId=c66e0345-5f68-11f1-b1d0-bb70a4640075&playId=2813
2026007,1,2843,RUSH,(9:34) (Shotgun) S.McCormick up the middle to SF 47 for 2 yards (J.Harrell).,https://pro.nfl.com/api/plays/summaryPlay?gameId=c66e0345-5f68-11f1-b1d0-bb70a4640075&playId=2843
2026007,1,2865,PASS,(8:49) (Shotgun) A.Martinez pass short middle to K.Hodge to TEN 38 for 15 yards (K.Brooks).,https://pro.nfl.com/api/plays/summaryPlay?gameId=c66e0345-5f68-11f1-b1d0-bb70a4640075&playId=2865
2026007,1,2890,RUSH,(8:12) (Shotgun) S.McCormick right tackle to TEN 31 for 7 yards (Ja.Williams; J.Reed).,https://pro.nfl.com/api/plays/summaryPlay?gameId=c66e0345-5f68-11f1-b1d0-bb70a4640075&playId=2890
2026007,1,2912,RUSH,(7:38) K.Herbert up the middle to TEN 29 for 2 yards (K.Brooks; N.Johnson).,https://pro.nfl.com/api/plays/summaryPlay?gameId=c66e0345-5f68-11f1-b1d0-bb70a4640075&playId=2912
2026007,1,2934,PENALTY,"(6:56) A.Martinez pass short right to S.McCormick to TEN 27 for 2 yards (Ja.Williams).
PENALTY on SF-I.Alarcon, Ineligible Downfield Pass, 5 yards, enforced at TEN 29 - No Play.",https://pro.nfl.com/api/plays/summaryPlay?gameId=c66e0345-5f68-11f1-b1d0-bb70a4640075&playId=2934
2026007,1,2970,PASS,(6:26) (Shotgun) A.Martinez pass incomplete deep left to M.Turner.,https://pro.nfl.com/api/plays/summaryPlay?gameId=c66e0345-5f68-11f1-b1d0-bb70a4640075&playId=2970
2026007,1,2993,FIELD_GOAL,"(6:22) E.Pineiro 52 yard field goal is GOOD, Center-J.Weeks, Holder-C.Waitman.",https://pro.nfl.com/api/plays/summaryPlay?gameId=c66e0345-5f68-11f1-b1d0-bb70a4640075&playId=2993
2026007,1,3023,TIMEOUT,Timeout at 06:18.,https://pro.nfl.com/api/plays/summaryPlay?gameId=c66e0345-5f68-11f1-b1d0-bb70a4640075&playId=3023
2026007,1,3013,KICK_OFF,E.Pineiro kicks 65 yards from SF 35 to TEN 0. M.Carter to TEN 30 for 30 yards (K.Herbert).,https://pro.nfl.com/api/plays/summaryPlay?gameId=c66e0345-5f68-11f1-b1d0-bb70a4640075&playId=3013
2026007,1,3043,SACK,(6:10) W.Levis sacked at TEN 20 for -10 yards (T.Bethune).,https://pro.nfl.com/api/plays/summaryPlay?gameId=c66e0345-5f68-11f1-b1d0-bb70a4640075&playId=3043
2026007,1,3063,PASS,"(5:28) (Shotgun) W.Levis pass short right to D.Martin-Robinson to TEN 37 for 17 yards (N.Martin).
PENALTY on SF-N.Martin, Unnecessary Roughness, 15 yards, enforced at TEN 37.",https://pro.nfl.com/api/plays/summaryPlay?gameId=c66e0345-5f68-11f1-b1d0-bb70a4640075&playId=3063
2026007,1,3099,RUSH,(5:06) N.Singleton left end to SF 40 for 8 yards (S.Valdez).,https://pro.nfl.com/api/plays/summaryPlay?gameId=c66e0345-5f68-11f1-b1d0-bb70a4640075&playId=3099
2026007,1,3121,RUSH,(4:25) J.Chestnut right guard to SF 37 for 3 yards (T.Bethune).,https://pro.nfl.com/api/plays/summaryPlay?gameId=c66e0345-5f68-11f1-b1d0-bb70a4640075&playId=3121
2026007,1,3143,PASS,(3:48) W.Levis pass incomplete deep middle to B.Oliver [Q.Bell].,https://pro.nfl.com/api/plays/summaryPlay?gameId=c66e0345-5f68-11f1-b1d0-bb70a4640075&playId=3143
2026007,1,3166,PASS,(3:40) (Shotgun) W.Levis pass incomplete short left.,https://pro.nfl.com/api/plays/summaryPlay?gameId=c66e0345-5f68-11f1-b1d0-bb70a4640075&playId=3166
2026007,1,3189,RUSH,(3:36) (Shotgun) W.Levis up the middle to SF 35 for 2 yards (N.Martin; T.Bethune).,https://pro.nfl.com/api/plays/summaryPlay?gameId=c66e0345-5f68-11f1-b1d0-bb70a4640075&playId=3189
2026007,1,3211,FIELD_GOAL,"(2:52) J.Slye 53 yard field goal is GOOD, Center-M.Cox, Holder-T.Townsend.",https://pro.nfl.com/api/plays/summaryPlay?gameId=c66e0345-5f68-11f1-b1d0-bb70a4640075&playId=3211
2026007,1,3231,KICK_OFF,J.Slye kicks 63 yards from TEN 35 to SF 2. W.Pauling to SF 26 for 24 yards (J.Chestnut).,https://pro.nfl.com/api/plays/summaryPlay?gameId=c66e0345-5f68-11f1-b1d0-bb70a4640075&playId=3231
2026007,1,3254,RUSH,(2:42) K.Herbert right guard to SF 34 for 8 yards (B.Fitzgerald; D.Canteen).,https://pro.nfl.com/api/plays/summaryPlay?gameId=c66e0345-5f68-11f1-b1d0-bb70a4640075&playId=3254
2026007,1,3276,RUSH,(2:09) K.Herbert up the middle to SF 41 for 7 yards (D.Mausi; B.Fitzgerald).,https://pro.nfl.com/api/plays/summaryPlay?gameId=c66e0345-5f68-11f1-b1d0-bb70a4640075&playId=3276
2026007,1,3298,SACK,(1:35) A.Martinez sacked at SF 33 for -8 yards (sack split by T.Horne and M.Powell).,https://pro.nfl.com/api/plays/summaryPlay?gameId=c66e0345-5f68-11f1-b1d0-bb70a4640075&playId=3298
2026007,1,3318,PASS,(:53) (Shotgun) A.Martinez pass short left to J.Watkins to SF 40 for 7 yards (K.Saunders; A.Hill). TEN-J.Harrell was injured during the play.,https://pro.nfl.com/api/plays/summaryPlay?gameId=c66e0345-5f68-11f1-b1d0-bb70a4640075&playId=3318
2026007,1,3346,PASS,(:23) (Shotgun) A.Martinez pass short left to K.Herbert pushed ob at TEN 41 for 19 yards (N.Johnson).,https://pro.nfl.com/api/plays/summaryPlay?gameId=c66e0345-5f68-11f1-b1d0-bb70a4640075&playId=3346
2026007,1,3376,END_QUARTER,END QUARTER 3,https://pro.nfl.com/api/plays/summaryPlay?gameId=c66e0345-5f68-11f1-b1d0-bb70a4640075&playId=3376
2026007,1,3396,PASS,(15:00) (Shotgun) A.Martinez pass short middle to J.Watkins to TEN 21 for 20 yards (D.Canteen; N.Johnson).,https://pro.nfl.com/api/plays/summaryPlay?gameId=c66e0345-5f68-11f1-b1d0-bb70a4640075&playId=3396
2026007,1,3421,PASS,(14:22) A.Martinez pass short right to J.Watkins to TEN 13 for 8 yards (M.Robinson).,https://pro.nfl.com/api/plays/summaryPlay?gameId=c66e0345-5f68-11f1-b1d0-bb70a4640075&playId=3421
2026007,1,3451,RUSH,(13:39) Z.White right guard to TEN 14 for -1 yards (O.Oladejo).,https://pro.nfl.com/api/plays/summaryPlay?gameId=c66e0345-5f68-11f1-b1d0-bb70a4640075&playId=3451
2026007,1,3473,RUSH,(13:00) (Shotgun) K.Herbert up the middle to TEN 13 for 1 yard (J.Holmes; K.Saunders).,https://pro.nfl.com/api/plays/summaryPlay?gameId=c66e0345-5f68-11f1-b1d0-bb70a4640075&playId=3473
2026007,1,3495,PASS,(12:16) (Shotgun) A.Martinez pass incomplete short right to J.Watkins.,https://pro.nfl.com/api/plays/summaryPlay?gameId=c66e0345-5f68-11f1-b1d0-bb70a4640075&playId=3495
2026007,1,3541,TIMEOUT,Timeout at 12:11.,https://pro.nfl.com/api/plays/summaryPlay?gameId=c66e0345-5f68-11f1-b1d0-bb70a4640075&playId=3541
2026007,1,3529,RUSH,(12:11) M.Carter up the middle to TEN 17 for 4 yards (T.Leo).,https://pro.nfl.com/api/plays/summaryPlay?gameId=c66e0345-5f68-11f1-b1d0-bb70a4640075&playId=3529
2026007,1,3558,RUSH,(11:36) (Shotgun) W.Levis scrambles left end ran ob at TEN 23 for 6 yards (E.Prysock).,https://pro.nfl.com/api/plays/summaryPlay?gameId=c66e0345-5f68-11f1-b1d0-bb70a4640075&playId=3558
2026007,1,3585,PASS,(11:04) (Shotgun) W.Levis pass short left to M.Carter to TEN 36 for 13 yards (L.Worth).,https://pro.nfl.com/api/plays/summaryPlay?gameId=c66e0345-5f68-11f1-b1d0-bb70a4640075&playId=3585
2026007,1,3610,PASS,(10:25) (Shotgun) W.Levis pass incomplete deep right to H.Beatty (E.Apple).,https://pro.nfl.com/api/plays/summaryPlay?gameId=c66e0345-5f68-11f1-b1d0-bb70a4640075&playId=3610
2026007,1,3633,SACK,(10:20) (Shotgun) W.Levis sacked at TEN 27 for -9 yards (sack split by J.Thompson and L.Worth).,https://pro.nfl.com/api/plays/summaryPlay?gameId=c66e0345-5f68-11f1-b1d0-bb70a4640075&playId=3633
2026007,1,3653,PASS,(9:36) (Shotgun) W.Levis pass short left to B.Oliver to TEN 39 for 12 yards (J.Graham).,https://pro.nfl.com/api/plays/summaryPlay?gameId=c66e0345-5f68-11f1-b1d0-bb70a4640075&playId=3653
2026007,1,3678,PUNT,"(8:55) T.Townsend punts 47 yards to SF 14, Center-M.Cox. W.Pauling to SF 17 for 3 yards (L.McCutcheon; E.Hallett).",https://pro.nfl.com/api/plays/summaryPlay?gameId=c66e0345-5f68-11f1-b1d0-bb70a4640075&playId=3678
2026007,1,3716,TIMEOUT,Timeout at 08:45.,https://pro.nfl.com/api/plays/summaryPlay?gameId=c66e0345-5f68-11f1-b1d0-bb70a4640075&playId=3716
2026007,1,3704,PASS,"(8:45) (Shotgun) A.Martinez pass short right to W.Pauling to SF 19 for 2 yards (D.Canteen).
PENALTY on TEN-J.Reed, Face Mask, 15 yards, enforced at SF 19.",https://pro.nfl.com/api/plays/summaryPlay?gameId=c66e0345-5f68-11f1-b1d0-bb70a4640075&playId=3704
2026007,1,3747,PASS,(8:24) (Shotgun) A.Martinez pass short middle to W.Grimes to SF 41 for 7 yards (D.Hampton).,https://pro.nfl.com/api/plays/summaryPlay?gameId=c66e0345-5f68-11f1-b1d0-bb70a4640075&playId=3747
2026007,1,3772,RUSH,(7:42) Z.White left guard to SF 43 for 2 yards (M.Powell; M.Goodrich).,https://pro.nfl.com/api/plays/summaryPlay?gameId=c66e0345-5f68-11f1-b1d0-bb70a4640075&playId=3772
2026007,1,3799,RUSH,(7:06) K.Herbert up the middle to SF 41 for -2 yards (K.Saunders).,https://pro.nfl.com/api/plays/summaryPlay?gameId=c66e0345-5f68-11f1-b1d0-bb70a4640075&playId=3799
2026007,1,3821,PUNT,"(6:22) C.Waitman punts 43 yards to TEN 16, Center-J.Weeks, fair catch by H.Beatty.
PENALTY on TEN-K.Osborn, Offensive Holding, 8 yards, enforced at TEN 16.",https://pro.nfl.com/api/plays/summaryPlay?gameId=c66e0345-5f68-11f1-b1d0-bb70a4640075&playId=3821
2026007,1,3864,TIMEOUT,Timeout at 06:14.,https://pro.nfl.com/api/plays/summaryPlay?gameId=c66e0345-5f68-11f1-b1d0-bb70a4640075&playId=3864
2026007,1,3852,PENALTY,"(6:14) PENALTY on TEN-D.Moss, False Start, 4 yards, enforced at TEN 8 - No Play.",https://pro.nfl.com/api/plays/summaryPlay?gameId=c66e0345-5f68-11f1-b1d0-bb70a4640075&playId=3852
2026007,1,3883,RUSH,(6:14) J.Chestnut left guard to TEN 10 for 6 yards (G.Halton; N.Martin).,https://pro.nfl.com/api/plays/summaryPlay?gameId=c66e0345-5f68-11f1-b1d0-bb70a4640075&playId=3883
2026007,1,3905,RUSH,(5:38) (Shotgun) J.Chestnut left guard to TEN 44 for 34 yards (J.Stroman).,https://pro.nfl.com/api/plays/summaryPlay?gameId=c66e0345-5f68-11f1-b1d0-bb70a4640075&playId=3905
2026007,1,3927,RUSH,(4:54) (Shotgun) J.Chestnut up the middle to TEN 47 for 3 yards (L.Worth).,https://pro.nfl.com/api/plays/summaryPlay?gameId=c66e0345-5f68-11f1-b1d0-bb70a4640075&playId=3927
2026007,1,3949,RUSH,(4:17) (Shotgun) J.Chestnut up the middle to TEN 48 for 1 yard (B.Eason; Q.Bell).,https://pro.nfl.com/api/plays/summaryPlay?gameId=c66e0345-5f68-11f1-b1d0-bb70a4640075&playId=3949
2026007,1,3971,PASS,(3:35) (Shotgun) H.Hooker pass short right to X.Restrepo pushed ob at SF 42 for 10 yards (E.Apple).,https://pro.nfl.com/api/plays/summaryPlay?gameId=c66e0345-5f68-11f1-b1d0-bb70a4640075&playId=3971
2026007,1,4001,RUSH,"(3:30) H.Hooker FUMBLES (Aborted) at SF 44, and recovers at SF 45. H.Hooker to SF 46 for -1 yards. FUMBLES, touched at SF 44, and recovers at SF 47.",https://pro.nfl.com/api/plays/summaryPlay?gameId=c66e0345-5f68-11f1-b1d0-bb70a4640075&playId=4001
2026007,1,4028,PASS,(2:46) (Shotgun) H.Hooker pass short left to C.Jackson to SF 40 for 7 yards (E.Prysock).,https://pro.nfl.com/api/plays/summaryPlay?gameId=c66e0345-5f68-11f1-b1d0-bb70a4640075&playId=4028
2026007,1,4069,TIMEOUT,Timeout #1 by SF at 02:32.,https://pro.nfl.com/api/plays/summaryPlay?gameId=c66e0345-5f68-11f1-b1d0-bb70a4640075&playId=4069
2026007,1,4057,PASS,(2:32) (Shotgun) H.Hooker pass incomplete short left to X.Restrepo.,https://pro.nfl.com/api/plays/summaryPlay?gameId=c66e0345-5f68-11f1-b1d0-bb70a4640075&playId=4057
2026007,1,4095,FIELD_GOAL,"(2:28) J.Slye 58 yard field goal is GOOD, Center-M.Cox, Holder-T.Townsend.",https://pro.nfl.com/api/plays/summaryPlay?gameId=c66e0345-5f68-11f1-b1d0-bb70a4640075&playId=4095
2026007,1,4115,KICK_OFF,J.Slye kicks 54 yards from TEN 35 to SF 11. W.Pauling to SF 28 for 17 yards (D.Mausi).,https://pro.nfl.com/api/plays/summaryPlay?gameId=c66e0345-5f68-11f1-b1d0-bb70a4640075&playId=4115
2026007,1,4160,RUSH,(2:19) (Shotgun) A.Martinez scrambles right end ran ob at SF 36 for 8 yards (J.McMurray).,https://pro.nfl.com/api/plays/summaryPlay?gameId=c66e0345-5f68-11f1-b1d0-bb70a4640075&playId=4160
2026007,1,4187,PASS,(2:10) (Shotgun) A.Martinez pass short right to J.Deguara to SF 37 for 1 yard (S.Brown).,https://pro.nfl.com/api/plays/summaryPlay?gameId=c66e0345-5f68-11f1-b1d0-bb70a4640075&playId=4187
2026007,1,4224,TIMEOUT,Two-Minute Warning,https://pro.nfl.com/api/plays/summaryPlay?gameId=c66e0345-5f68-11f1-b1d0-bb70a4640075&playId=4224
2026007,1,4212,PASS,(2:00) (Shotgun) A.Martinez pass short right to J.Deguara pushed ob at SF 48 for 11 yards (D.Canteen).,https://pro.nfl.com/api/plays/summaryPlay?gameId=c66e0345-5f68-11f1-b1d0-bb70a4640075&playId=4212
2026007,1,4249,PASS,(1:54) (Shotgun) A.Martinez pass incomplete short left to J.Deguara.,https://pro.nfl.com/api/plays/summaryPlay?gameId=c66e0345-5f68-11f1-b1d0-bb70a4640075&playId=4249
2026007,1,4272,PASS,(1:48) (Shotgun) A.Martinez pass short left to W.Pauling to SF 48 for no gain (T.Jones).,https://pro.nfl.com/api/plays/summaryPlay?gameId=c66e0345-5f68-11f1-b1d0-bb70a4640075&playId=4272
2026007,1,4297,PASS,"(1:29) (No Huddle, Shotgun) A.Martinez pass short right to W.Pauling to TEN 46 for 6 yards (J.McMurray; M.Powell).",https://pro.nfl.com/api/plays/summaryPlay?gameId=c66e0345-5f68-11f1-b1d0-bb70a4640075&playId=4297
2026007,1,4338,TIMEOUT,Timeout #2 by SF at 01:23.,https://pro.nfl.com/api/plays/summaryPlay?gameId=c66e0345-5f68-11f1-b1d0-bb70a4640075&playId=4338
2026007,1,4326,PASS,(1:23) (Shotgun) A.Martinez pass short middle to T.Irwin to TEN 39 for 7 yards (D.Canteen).,https://pro.nfl.com/api/plays/summaryPlay?gameId=c66e0345-5f68-11f1-b1d0-bb70a4640075&playId=4326
2026007,1,4358,PASS,"(1:07) (No Huddle, Shotgun) A.Martinez pass short right to K.Herbert to TEN 23 for 16 yards (M.Powell).",https://pro.nfl.com/api/plays/summaryPlay?gameId=c66e0345-5f68-11f1-b1d0-bb70a4640075&playId=4358
2026007,1,4383,PASS,(:52) (No Huddle) A.Martinez spiked the ball to stop the clock.,https://pro.nfl.com/api/plays/summaryPlay?gameId=c66e0345-5f68-11f1-b1d0-bb70a4640075&playId=4383
2026007,1,4406,FIELD_GOAL,"(:51) E.Pineiro 41 yard field goal is GOOD, Center-J.Weeks, Holder-C.Waitman.",https://pro.nfl.com/api/plays/summaryPlay?gameId=c66e0345-5f68-11f1-b1d0-bb70a4640075&playId=4406
2026007,1,4439,TIMEOUT,Timeout #1 by TEN at 00:48.,https://pro.nfl.com/api/plays/summaryPlay?gameId=c66e0345-5f68-11f1-b1d0-bb70a4640075&playId=4439
2026007,1,4426,KICK_OFF,"E.Pineiro kicks onside 14 yards from SF 35 to SF 49, impetus ends at SF 49, out of bounds.",https://pro.nfl.com/api/plays/summaryPlay?gameId=c66e0345-5f68-11f1-b1d0-bb70a4640075&playId=4426
2026007,1,4455,RUSH,(:47) H.Hooker kneels to 50 for -1 yards.,https://pro.nfl.com/api/plays/summaryPlay?gameId=c66e0345-5f68-11f1-b1d0-bb70a4640075&playId=4455
2026007,1,4477,RUSH,(:20) H.Hooker kneels to TEN 49 for -1 yards.,https://pro.nfl.com/api/plays/summaryPlay?gameId=c66e0345-5f68-11f1-b1d0-bb70a4640075&playId=4477
2026007,1,4499,END_GAME,END GAME,https://pro.nfl.com/api/plays/summaryPlay?gameId=c66e0345-5f68-11f1-b1d0-bb70a4640075&playId=4499
